timestamp,open,high,low,close,volume,atr_14
2026-01-05 09:30:00,20250.0,20253.5,20244.25,20248.0,28109,9.25
2026-01-05 09:35:00,20248.0,20255.0,20247.0,20251.25,31152,9.160714285714286
2026-01-05 09:40:00,20251.25,20253.0,20248.0,20250.5,26009,8.863520408163266
2026-01-05 09:45:00,20250.5,20251.75,20239.25,20249.5,29899,9.123268950437318
2026-01-05 09:50:00,20249.5,20251.75,20245.75,20246.75,23845,8.900178311120367
2026-01-05 09:55:00,20246.75,20249.0,20240.0,20246.5,28993,8.907308431754627
2026-01-05 10:00:00,20246.5,20247.75,20244.5,20245.5,15797,8.503214972343583
2026-01-05 10:05:00,20245.5,20251.0,20244.75,20246.5,15275,8.342271045747614
2026-01-05 10:10:00,20246.5,20249.75,20245.0,20246.75,16847,8.085680256765642
2026-01-05 10:15:00,20246.75,20249.0,20245.5,20248.5,13113,7.758131666996667
2026-01-05 10:20:00,20248.5,20252.5,20246.0,20251.75,18610,7.668265119354048
2026-01-05 10:25:00,20251.75,20252.0,20247.75,20250.25,10155,7.424103325114474
2026-01-05 10:30:00,20250.25,20252.25,20248.0,20251.0,12281,7.1973816590348685
2026-01-05 10:35:00,20251.0,20253.5,20245.5,20247.25,13210,7.254711540532377
2026-01-05 10:40:00,20247.25,20248.75,20243.75,20246.0,15783,7.093660716208636
2026-01-05 10:45:00,20246.0,20247.0,20243.75,20246.5,14580,6.819113522193733
2026-01-05 10:50:00,20246.5,20246.75,20239.75,20240.75,17463,6.832033984894181
2026-01-05 10:55:00,20240.75,20242.0,20238.0,20239.0,15050,6.629745843116026
2026-01-05 11:00:00,20239.0,20245.0,20238.5,20243.0,18274,6.620478282893453
2026-01-05 11:05:00,20243.0,20247.0,20240.75,20243.0,17586,6.594015548401064
2026-01-05 11:10:00,20243.0,20245.0,20240.25,20241.75,16026,6.462300152086702
2026-01-05 11:15:00,20241.75,20244.0,20237.5,20240.25,16537,6.464992998366224
2026-01-05 11:20:00,20240.25,20241.25,20235.25,20236.5,15395,6.431779212768637
2026-01-05 11:25:00,20236.5,20243.25,20234.75,20235.75,18058,6.579509268999448
2026-01-05 11:30:00,20235.75,20236.5,20234.0,20234.5,5485,6.288115749785202
2026-01-05 11:35:00,20234.5,20235.5,20232.5,20232.75,5006,6.05325033908626
2026-01-05 11:40:00,20232.75,20234.25,20232.0,20232.75,6332,5.781589600580099
2026-01-05 11:45:00,20232.75,20233.0,20231.75,20232.25,6163,5.457904629110092
2026-01-05 11:50:00,20232.25,20234.25,20231.25,20234.0,5983,5.2823400127450855
2026-01-05 11:55:00,20234.0,20234.25,20231.25,20232.0,6495,5.119315726120437
2026-01-05 12:00:00,20232.0,20233.25,20231.5,20232.5,6136,4.878650317111834
2026-01-05 12:05:00,20232.5,20235.0,20231.5,20231.75,5829,4.780175294460989
2026-01-05 12:10:00,20231.75,20233.5,20229.75,20232.0,6304,4.7065913448566326
2026-01-05 12:15:00,20232.0,20233.5,20230.0,20231.75,6187,4.620406248795445
2026-01-05 12:20:00,20231.75,20233.75,20229.0,20231.0,6741,4.629662945310056
2026-01-05 12:25:00,20231.0,20231.75,20229.5,20230.25,7409,4.459687020645052
2026-01-05 12:30:00,20230.25,20232.0,20229.5,20231.25,6384,4.319709376313263
2026-01-05 12:35:00,20231.25,20233.75,20231.0,20233.5,5495,4.207587278005173
2026-01-05 12:40:00,20233.5,20234.5,20231.0,20232.0,6118,4.157045329576232
2026-01-05 12:45:00,20232.0,20232.25,20229.0,20231.0,7687,4.092256377463644
2026-01-05 12:50:00,20231.0,20232.5,20227.5,20229.0,4928,4.157095207644812
2026-01-05 12:55:00,20229.0,20229.75,20228.0,20229.0,4342,3.985159835670183
2026-01-05 13:00:00,20229.0,20229.75,20227.25,20228.25,7540,3.87907699026517
2026-01-05 13:05:00,20228.25,20231.0,20226.25,20228.25,5034,3.9412857766748006
2026-01-05 13:10:00,20228.25,20231.0,20228.0,20230.25,4514,3.8740510783408864
2026-01-05 13:15:00,20230.25,20231.25,20229.75,20231.0,4977,3.7044760013165376
2026-01-05 13:20:00,20231.0,20232.5,20230.0,20231.75,5462,3.6184420012224994
2026-01-05 13:25:00,20231.75,20232.75,20228.25,20230.75,7154,3.681410429706607
2026-01-05 13:30:00,20230.75,20232.0,20225.25,20226.0,15564,3.900595399013278
2026-01-05 13:35:00,20226.0,20232.75,20225.5,20228.0,11746,4.139838584798044
2026-01-05 13:40:00,20228.0,20233.5,20226.0,20226.75,10701,4.379850114455326
2026-01-05 13:45:00,20226.75,20227.0,20220.0,20224.0,12600,4.5670036777085175
2026-01-05 13:50:00,20224.0,20227.75,20222.75,20226.75,11299,4.597931986443623
2026-01-05 13:55:00,20226.75,20227.0,20223.0,20224.5,12995,4.555222558840507
2026-01-05 14:00:00,20224.5,20230.75,20224.0,20228.25,13560,4.711992376066185
2026-01-05 14:05:00,20228.25,20229.25,20225.25,20226.0,12302,4.661135777775743
2026-01-05 14:10:00,20226.0,20231.0,20225.25,20226.75,12591,4.738911793648905
2026-01-05 14:15:00,20226.75,20230.25,20225.75,20229.25,13587,4.7218466655311255
2026-01-05 14:20:00,20229.25,20232.25,20228.0,20230.75,16666,4.688143332278902
2026-01-05 14:25:00,20230.75,20232.25,20227.25,20228.5,12613,4.710418808544695
2026-01-05 14:30:00,20228.5,20229.25,20225.0,20226.75,13431,4.677531750791503
2026-01-05 14:35:00,20226.75,20233.25,20226.0,20232.5,11544,4.8612794828778245
2026-01-05 14:40:00,20232.5,20234.5,20231.75,20234.25,12840,4.710473805529408
2026-01-05 14:45:00,20234.25,20235.75,20231.25,20233.0,14841,4.695439962277307
2026-01-05 14:50:00,20233.0,20237.25,20231.0,20232.25,10030,4.806479964971785
2026-01-05 14:55:00,20232.25,20235.0,20230.5,20233.25,13043,4.784588538902371
2026-01-05 15:00:00,20233.25,20236.75,20228.5,20233.75,14409,5.032117928980774
2026-01-05 15:05:00,20233.75,20234.0,20227.0,20228.0,14126,5.1726809340535755
2026-01-05 15:10:00,20228.0,20228.75,20224.0,20225.0,13580,5.142489438764034
2026-01-05 15:15:00,20225.0,20225.5,20220.5,20222.0,9465,5.13231162170946
2026-01-05 15:20:00,20222.0,20223.0,20215.5,20216.5,14875,5.301432220158785
2026-01-05 15:25:00,20216.5,20220.5,20215.5,20218.5,13818,5.2799013472903
2026-01-05 15:30:00,20218.5,20224.75,20218.0,20224.0,35755,5.384908393912421
2026-01-05 15:35:00,20224.0,20225.5,20216.5,20219.5,31914,5.643129222918677
2026-01-05 15:40:00,20219.5,20220.25,20209.5,20212.5,34363,6.007905706995915
2026-01-05 15:45:00,20212.5,20213.75,20208.5,20208.5,33322,5.9537695850676355
2026-01-05 15:50:00,20208.5,20209.25,20199.0,20205.0,29732,6.260643186134232
2026-01-05 15:55:00,20205.0,20211.5,20203.0,20208.25,25902,6.420597244267501
2026-01-06 09:30:00,20208.25,20210.75,20202.0,20207.75,32887,6.586983155391251
2026-01-06 09:35:00,20207.75,20209.25,20195.75,20204.75,30791,7.080770072863305
2026-01-06 09:40:00,20204.75,20206.25,20200.0,20205.25,32815,7.021429353373069
2026-01-06 09:45:00,20205.25,20214.75,20203.5,20213.0,31129,7.3234701138464215
2026-01-06 09:50:00,20213.0,20214.5,20205.0,20207.25,29681,7.478936534285963
2026-01-06 09:55:00,20207.25,20214.25,20202.25,20209.75,37145,7.801869638979823
2026-01-06 10:00:00,20209.75,20213.25,20204.25,20212.25,13324,7.887450379052693
2026-01-06 10:05:00,20212.25,20213.75,20207.75,20209.0,15201,7.752632494834644
2026-01-06 10:10:00,20209.0,20210.25,20204.75,20206.5,11156,7.5917301737750265
2026-01-06 10:15:00,20206.5,20210.0,20204.5,20206.75,15952,7.44232087564824
2026-01-06 10:20:00,20206.75,20208.75,20199.25,20202.5,12255,7.58929795595908
2026-01-06 10:25:00,20202.5,20202.75,20198.0,20198.75,16372,7.386490959104861
2026-01-06 10:30:00,20198.75,20198.75,20190.75,20192.25,14757,7.430313033454514
2026-01-06 10:35:00,20192.25,20196.0,20191.5,20192.75,15572,7.221004959636335
2026-01-06 10:40:00,20192.75,20198.0,20188.5,20195.0,16301,7.383790319662311
2026-01-06 10:45:00,20195.0,20197.5,20190.0,20195.25,14288,7.392091011115003
2026-01-06 10:50:00,20195.25,20198.5,20188.5,20194.75,17577,7.578370224606789
2026-01-06 10:55:00,20194.75,20199.0,20191.25,20191.75,20520,7.590629494277733
2026-01-06 11:00:00,20191.75,20193.25,20182.75,20186.5,14686,7.798441673257895
2026-01-06 11:05:00,20186.5,20190.75,20184.25,20190.0,13837,7.70569583945376
2026-01-06 11:10:00,20190.0,20190.25,20184.25,20184.5,12296,7.583860422349921
2026-01-06 11:15:00,20184.5,20184.75,20178.5,20179.75,15069,7.488584677896355
2026-01-06 11:20:00,20179.75,20186.0,20179.25,20180.0,18210,7.435828629475187
2026-01-06 11:25:00,20180.0,20183.0,20178.75,20179.5,17674,7.208269441655531
2026-01-06 11:30:00,20179.5,20179.5,20175.5,20176.25,7159,6.979107338680136
2026-01-06 11:35:00,20176.25,20177.5,20175.25,20175.5,7576,6.641313957345841
2026-01-06 11:40:00,20175.5,20177.0,20174.75,20175.5,5487,6.327648674678281
2026-01-06 11:45:00,20175.5,20175.75,20173.0,20174.0,5337,6.072102340772689
2026-01-06 11:50:00,20174.0,20174.0,20171.0,20171.25,6754,5.852666459288926
2026-01-06 11:55:00,20171.25,20172.5,20171.0,20171.25,6288,5.54176171219686
2026-01-06 12:00:00,20171.25,20171.5,20167.25,20168.75,6385,5.449493018468513
2026-01-06 12:05:00,20168.75,20168.75,20165.0,20166.0,6358,5.328100660006477
2026-01-06 12:10:00,20166.0,20166.5,20162.75,20163.0,5626,5.215379184291729
2026-01-06 12:15:00,20163.0,20163.25,20159.5,20159.75,4771,5.110709242556606
2026-01-06 12:20:00,20159.75,20161.5,20159.5,20160.0,4165,4.888515725231135
2026-01-06 12:25:00,20160.0,20160.25,20159.25,20159.25,6819,4.610764602000339
2026-01-06 12:30:00,20159.25,20161.25,20158.5,20160.5,5977,4.4778528447146
2026-01-06 12:35:00,20160.5,20161.5,20159.0,20159.75,7985,4.336577641520701
2026-01-06 12:40:00,20159.75,20160.0,20157.75,20159.75,5816,4.187536381412079
2026-01-06 12:45:00,20159.75,20160.5,20158.25,20159.5,5742,4.049140925596931
2026-01-06 12:50:00,20159.5,20159.5,20155.75,20156.75,6739,4.027773716625722
2026-01-06 12:55:00,20156.75,20158.0,20155.0,20155.25,4905,3.9543613082953137
2026-01-06 13:00:00,20155.25,20156.25,20154.25,20155.75,5666,3.8147640719885056
2026-01-06 13:05:00,20155.75,20160.0,20154.75,20155.75,6632,3.9172809239893267
2026-01-06 13:10:00,20155.75,20156.75,20155.0,20155.0,6289,3.762475143704375
2026-01-06 13:15:00,20155.0,20155.75,20153.75,20154.25,6742,3.636584062011205
2026-01-06 13:20:00,20154.25,20155.25,20151.5,20152.25,6285,3.644685200438976
2026-01-06 13:25:00,20152.25,20153.5,20150.5,20153.25,5077,3.598636257550478
2026-01-06 13:30:00,20153.25,20155.5,20148.0,20151.0,15779,3.877305096296872
2026-01-06 13:35:00,20151.0,20151.0,20145.25,20147.0,14280,4.011069017989953
2026-01-06 13:40:00,20147.0,20148.0,20144.5,20146.25,12810,3.9745640881335276
2026-01-06 13:45:00,20146.25,20147.0,20143.0,20145.5,12561,3.9763809389811327
2026-01-06 13:50:00,20145.5,20147.75,20143.25,20144.25,14916,4.013782300482481
2026-01-06 13:55:00,20144.25,20149.75,20142.5,20148.75,15310,4.2449407075908745
2026-01-06 14:00:00,20148.75,20153.0,20146.5,20150.25,11940,4.406016371334384
2026-01-06 14:05:00,20150.25,20150.25,20147.5,20148.75,15788,4.287729487667642
2026-01-06 14:10:00,20148.75,20153.5,20148.0,20148.75,14617,4.374320238548525
2026-01-06 14:15:00,20148.75,20152.5,20147.0,20151.0,11780,4.454725935795059
2026-01-06 14:20:00,20151.0,20152.0,20146.0,20150.5,10934,4.565102654666841
2026-01-06 14:25:00,20150.5,20153.5,20149.75,20153.0,11290,4.506881036476353
2026-01-06 14:30:00,20153.0,20153.25,20150.0,20151.5,14972,4.4171038195851855
2026-01-06 14:35:00,20151.5,20153.75,20146.25,20146.5,12997,4.637310689614815
2026-01-06 14:40:00,20146.5,20149.25,20142.25,20146.0,13661,4.806074211785186
2026-01-06 14:45:00,20146.0,20147.75,20144.75,20145.0,15420,4.677068910943387
2026-01-06 14:50:00,20145.0,20150.75,20144.5,20149.25,13345,4.789421131590288
2026-01-06 14:55:00,20149.25,20152.5,20146.75,20151.25,13903,4.858033907905267
2026-01-06 15:00:00,20151.25,20157.25,20150.0,20152.25,15016,5.028888628769177
2026-01-06 15:05:00,20152.25,20153.5,20147.25,20152.75,13390,5.116110869571379
2026-01-06 15:10:00,20152.75,20156.5,20151.5,20153.25,12078,5.1078172360305665
2026-01-06 15:15:00,20153.25,20157.75,20152.5,20154.5,12702,5.117973147742669
2026-01-06 15:20:00,20154.5,20155.5,20151.5,20154.5,13528,5.038117922903907
2026-01-06 15:25:00,20154.5,20158.75,20154.25,20158.0,13597,4.99968092841077
2026-01-06 15:30:00,20158.0,20162.25,20157.5,20159.25,28137,4.98184657638143
2026-01-06 15:35:00,20159.25,20163.75,20157.0,20157.25,26115,5.108143249497042
2026-01-06 15:40:00,20157.25,20164.75,20155.25,20160.75,31206,5.421847303104396
2026-01-06 15:45:00,20160.75,20161.75,20156.0,20159.25,29568,5.445286781454082
2026-01-06 15:50:00,20159.25,20164.0,20156.25,20159.5,34161,5.6099091542073625
2026-01-06 15:55:00,20159.5,20162.5,20154.25,20161.5,33747,5.798487071763979
2026-01-07 09:30:00,20161.5,20169.25,20161.25,20165.75,32681,5.955737995209409
2026-01-07 09:35:00,20165.75,20175.25,20164.0,20172.0,32491,6.333899566980166
2026-01-07 09:40:00,20172.0,20174.75,20165.75,20171.75,32784,6.524335312195868
2026-01-07 09:45:00,20171.75,20176.25,20166.25,20171.5,23564,6.77259707561045
2026-01-07 09:50:00,20171.5,20174.5,20165.25,20174.25,29721,6.9495544273525605
2026-01-07 09:55:00,20174.25,20181.75,20171.75,20179.75,24034,7.167443396827378
2026-01-07 10:00:00,20179.75,20186.25,20178.5,20182.5,14625,7.20905458276828
2026-01-07 10:05:00,20182.5,20184.25,20178.75,20181.5,14515,7.086979255427689
2026-01-07 10:10:00,20181.5,20183.5,20178.25,20179.75,14609,6.955766451468569
2026-01-07 10:15:00,20179.75,20184.5,20179.0,20182.75,14732,6.851783133506529
2026-01-07 10:20:00,20182.75,20183.0,20179.25,20180.25,15418,6.63022719539892
2026-01-07 10:25:00,20180.25,20187.0,20178.25,20185.5,14340,6.781639538584711
2026-01-07 10:30:00,20185.5,20186.75,20180.5,20184.5,15331,6.74366528582866
2026-01-07 10:35:00,20184.5,20186.25,20180.25,20181.0,12684,6.6905463368408995
2026-01-07 10:40:00,20181.0,20185.0,20179.0,20179.5,15409,6.641221598495122
2026-01-07 10:45:00,20179.5,20183.75,20176.75,20181.25,13804,6.6668486271740415
2026-01-07 10:50:00,20181.25,20183.0,20180.5,20182.25,14527,6.369216582375896
2026-01-07 10:55:00,20182.25,20185.75,20182.0,20183.25,13469,6.182129683634761
2026-01-07 11:00:00,20183.25,20186.0,20181.5,20185.25,13649,6.061977563375136
2026-01-07 11:05:00,20185.25,20186.5,20180.25,20181.0,14634,6.075407737419769
2026-01-07 11:10:00,20181.0,20185.75,20176.25,20182.5,12939,6.3200214704612145
2026-01-07 11:15:00,20182.5,20185.75,20181.75,20184.75,12449,6.154305651142557
2026-01-07 11:20:00,20184.75,20190.75,20183.25,20188.5,14708,6.250426676060946
2026-01-07 11:25:00,20188.5,20192.5,20188.5,20189.75,11763,6.0896819134851645
2026-01-07 11:30:00,20189.75,20190.0,20188.0,20189.0,5991,5.797561776807654
2026-01-07 11:35:00,20189.0,20189.75,20186.5,20186.75,5986,5.61559307846425
2026-01-07 11:40:00,20186.75,20189.75,20186.75,20189.5,6196,5.428765001431089
2026-01-07 11:45:00,20189.5,20189.5,20187.0,20188.5,5796,5.219567501328869
2026-01-07 11:50:00,20188.5,20189.25,20186.25,20189.0,6127,5.061026965519664
2026-01-07 11:55:00,20189.0,20189.5,20187.0,20188.5,5994,4.878096467982545
2026-01-07 12:00:00,20188.5,20190.0,20188.5,20189.0,5831,4.636803863126649
2026-01-07 12:05:00,20189.0,20191.5,20188.0,20190.5,6081,4.555603587189031
2026-01-07 12:10:00,20190.5,20192.75,20189.75,20192.25,6829,4.444489045246958
2026-01-07 12:15:00,20192.25,20192.75,20191.25,20192.25,5882,4.234168399157889
2026-01-07 12:20:00,20192.25,20193.5,20191.5,20192.0,5874,4.074584942075183
2026-01-07 12:25:00,20192.0,20193.0,20189.0,20191.25,4631,4.06925744621267
2026-01-07 12:30:00,20191.25,20192.0,20189.0,20190.0,5127,3.9928819143403365
2026-01-07 12:35:00,20190.0,20191.5,20189.0,20190.75,5974,3.886247491887455
2026-01-07 12:40:00,20190.75,20192.25,20189.75,20190.5,7552,3.787229813895494
2026-01-07 12:45:00,20190.5,20193.75,20190.25,20193.75,6291,3.7667133986172447
2026-01-07 12:50:00,20193.75,20196.0,20193.5,20195.75,4746,3.6762338701445842
2026-01-07 12:55:00,20195.75,20199.5,20195.5,20198.75,5855,3.699360022277114
2026-01-07 13:00:00,20198.75,20201.25,20198.75,20200.25,5072,3.61369144925732
2026-01-07 13:05:00,20200.25,20201.0,20198.75,20200.5,7547,3.5162849171675115
2026-01-07 13:10:00,20200.5,20200.75,20198.5,20198.5,6531,3.4258359945126893
2026-01-07 13:15:00,20198.5,20199.25,20197.25,20197.5,5891,3.3239905663332117
2026-01-07 13:20:00,20197.5,20199.75,20197.25,20199.0,5770,3.265134097309411
2026-01-07 13:25:00,20199.0,20200.5,20198.5,20200.25,7186,3.1747673760730244
2026-01-07 13:30:00,20200.25,20203.75,20198.0,20203.25,15912,3.35871256349638
2026-01-07 13:35:00,20203.25,20205.75,20202.25,20203.75,13850,3.368804523246639
2026-01-07 13:40:00,20203.75,20206.25,20201.25,20202.5,16104,3.485318485871879
2026-01-07 13:45:00,20202.5,20204.75,20200.75,20202.75,14416,3.522081451166745
2026-01-07 13:50:00,20202.75,20205.75,20200.0,20202.25,12464,3.6812184903691203
2026-01-07 13:55:00,20202.25,20203.75,20197.0,20202.75,13603,3.900417169628469
2026-01-07 14:00:00,20202.75,20204.0,20199.25,20200.5,13594,3.9611016575121503
2026-01-07 14:05:00,20200.5,20202.5,20198.5,20201.75,12369,3.9638801105469965
2026-01-07 14:10:00,20201.75,20202.5,20198.25,20201.0,14184,3.9843172455079254
2026-01-07 14:15:00,20201.0,20204.0,20199.5,20200.75,12878,4.021151727971645
2026-01-07 14:20:00,20200.75,20202.75,20200.25,20200.5,14058,3.9124980331165276
2026-01-07 14:25:00,20200.5,20204.75,20199.0,20201.25,9329,4.043748173608204
2026-01-07 14:30:00,20201.25,20202.25,20199.25,20201.25,11766,3.96919473263619
2026-01-07 14:35:00,20201.25,20202.75,20199.25,20200.0,12692,3.9356808231621763
2026-01-07 14:40:00,20200.0,20204.0,20197.75,20201.0,16375,4.100989335793449
2026-01-07 14:45:00,20201.0,20203.0,20199.75,20201.0,13674,4.040204383236774
2026-01-07 14:50:00,20201.0,20204.5,20200.25,20201.0,14953,4.055189784434147
2026-01-07 14:55:00,20201.0,20201.5,20196.0,20199.0,11377,4.158390514117423
2026-01-07 15:00:00,20199.0,20200.25,20196.0,20198.0,14113,4.164934048823322
2026-01-07 15:05:00,20198.0,20201.0,20197.25,20199.25,15555,4.135295902478799
2026-01-07 15:10:00,20199.25,20202.25,20197.0,20201.0,14143,4.214917623730313
2026-01-07 15:15:00,20201.0,20203.0,20200.5,20202.0,12477,4.092423507749577
2026-01-07 15:20:00,20202.0,20205.75,20199.5,20199.75,14023,4.246536114338893
2026-01-07 15:25:00,20199.75,20206.5,20198.25,20204.75,11931,4.532497820457543
2026-01-07 15:30:00,20204.75,20211.5,20201.0,20205.75,29668,4.958747976139147
2026-01-07 15:35:00,20205.75,20213.75,20205.0,20207.75,31754,5.229551692129208
2026-01-07 15:40:00,20207.75,20210.75,20207.0,20208.0,29250,5.123869428405694
2026-01-07 15:45:00,20208.0,20214.5,20204.0,20210.25,27642,5.507878754948145
2026-01-07 15:50:00,20210.25,20215.5,20206.25,20211.25,32207,5.775173129594706
2026-01-07 15:55:00,20211.25,20218.75,20209.25,20213.5,29826,6.041232191766514
2026-01-08 09:30:00,20213.5,20214.5,20209.25,20211.75,25574,5.984715606640334
2026-01-08 09:35:00,20211.75,20226.5,20210.25,20224.5,29236,6.717950206166025
2026-01-08 09:40:00,20224.5,20233.5,20219.5,20227.75,30568,7.238096620011309
2026-01-08 09:45:00,20227.75,20235.25,20225.25,20232.25,27889,7.4353754328676445
2026-01-08 09:50:00,20232.25,20234.75,20225.0,20229.5,30441,7.600705759091384
2026-01-08 09:55:00,20229.5,20237.25,20227.75,20236.0,34440,7.736369633442
2026-01-08 10:00:00,20236.0,20237.0,20233.5,20235.75,17701,7.433771802481857
2026-01-08 10:05:00,20235.75,20236.5,20231.25,20233.5,16963,7.277788102304582
2026-01-08 10:10:00,20233.5,20237.75,20232.5,20234.5,14441,7.132946094997112
2026-01-08 10:15:00,20234.5,20237.25,20230.75,20233.25,14443,7.087735659640176
2026-01-08 10:20:00,20233.25,20233.75,20230.5,20231.75,14413,6.813611683951591
2026-01-08 10:25:00,20231.75,20233.25,20228.25,20230.5,18657,6.684067992240763
2026-01-08 10:30:00,20230.5,20232.5,20228.0,20228.25,15373,6.528063135652137
2026-01-08 10:35:00,20228.25,20229.0,20221.75,20222.75,16920,6.579630054534128
2026-01-08 10:40:00,20222.75,20223.75,20214.25,20216.5,15565,6.788227907781691
2026-01-08 10:45:00,20216.5,20218.0,20214.5,20215.75,13505,6.553354485797285
2026-01-08 10:50:00,20215.75,20217.0,20212.25,20215.75,14992,6.424543451097479
2026-01-08 10:55:00,20215.75,20218.75,20212.5,20212.75,18228,6.412076061733374
2026-01-08 11:00:00,20212.75,20214.25,20207.25,20211.25,12661,6.454070628752419
2026-01-08 11:05:00,20211.25,20216.5,20210.5,20214.75,15929,6.421637012412961
2026-01-08 11:10:00,20214.75,20217.0,20212.0,20216.75,16052,6.3200915115263205
2026-01-08 11:15:00,20216.75,20217.25,20213.75,20216.0,18458,6.118656403560155
2026-01-08 11:20:00,20216.0,20221.5,20215.0,20216.75,15653,6.145895231877287
2026-01-08 11:25:00,20216.75,20216.75,20211.25,20215.25,13035,6.099759858171767
2026-01-08 11:30:00,20215.25,20216.0,20211.25,20212.25,5917,6.003348439730927
2026-01-08 11:35:00,20212.25,20213.25,20211.5,20212.0,5535,5.699537836893004
2026-01-08 11:40:00,20212.0,20213.25,20211.25,20212.75,6738,5.43528513425779
2026-01-08 11:45:00,20212.75,20213.5,20210.5,20213.0,6251,5.2613361960965195
2026-01-08 11:50:00,20213.0,20213.75,20211.0,20213.25,5127,5.081955039232482
2026-01-08 11:55:00,20213.25,20214.0,20208.75,20209.25,6607,5.093958250715876
2026-01-08 12:00:00,20209.25,20210.5,20207.75,20208.75,5722,4.926532661379028
2026-01-08 12:05:00,20208.75,20211.75,20207.75,20210.75,6068,4.860351756994811
2026-01-08 12:10:00,20210.75,20211.75,20210.0,20210.5,6985,4.638183774352325
2026-01-08 12:15:00,20210.5,20211.5,20209.25,20210.25,7266,4.467599219041444
2026-01-08 12:20:00,20210.25,20212.0,20208.0,20209.75,6362,4.4341992748241985
2026-01-08 12:25:00,20209.75,20210.0,20208.0,20208.75,5479,4.260327898051042
2026-01-08 12:30:00,20208.75,20209.5,20207.0,20207.25,6480,4.134590191047396
2026-01-08 12:35:00,20207.25,20208.0,20205.25,20206.25,5197,4.035690891686868
2026-01-08 12:40:00,20206.25,20209.0,20205.0,20205.5,7360,4.033141542280664
2026-01-08 12:45:00,20205.5,20207.0,20205.0,20206.0,7151,3.887917146403473
2026-01-08 12:50:00,20206.0,20207.0,20205.0,20206.25,5819,3.753065921660368
2026-01-08 12:55:00,20206.25,20208.0,20204.25,20204.75,5855,3.752846927256056
2026-01-08 13:00:00,20204.75,20207.5,20204.5,20205.0,6074,3.6990721467377665
2026-01-08 13:05:00,20205.0,20205.5,20202.5,20202.75,5460,3.6491384219707834
2026-01-08 13:10:00,20202.75,20204.25,20201.75,20202.25,6138,3.5670571061157275
2026-01-08 13:15:00,20202.25,20203.0,20201.25,20202.75,4979,3.437267312821747
2026-01-08 13:20:00,20202.75,20204.25,20201.75,20203.0,7064,3.3703196476201938
2026-01-08 13:25:00,20203.0,20206.75,20202.75,20204.25,5671,3.4152968156473227
2026-01-08 13:30:00,20204.25,20204.75,20196.25,20197.25,13320,3.7784899002439425
2026-01-08 13:35:00,20197.25,20201.25,20195.0,20198.25,13925,3.955026335940804
2026-01-08 13:40:00,20198.25,20200.0,20197.75,20198.25,11800,3.833238740516461
2026-01-08 13:45:00,20198.25,20199.25,20195.25,20197.0,15499,3.8451502590509996
2026-01-08 13:50:00,20197.0,20199.5,20193.0,20195.0,13912,4.0347823834045
2026-01-08 13:55:00,20195.0,20197.75,20194.5,20196.5,13186,3.9787264988756075
2026-01-08 14:00:00,20196.5,20200.0,20194.0,20199.25,12287,4.12310317752735
2026-01-08 14:05:00,20199.25,20200.75,20196.25,20197.25,13544,4.150024379132539
2026-01-08 14:10:00,20197.25,20200.5,20197.25,20198.0,11140,4.085736923480215
2026-01-08 14:15:00,20198.0,20200.75,20195.25,20199.0,10731,4.1867557146602
2026-01-08 14:20:00,20199.0,20202.75,20197.25,20200.25,12822,4.280558877898757
2026-01-08 14:25:00,20200.25,20201.5,20198.0,20199.25,18994,4.22480467233456
2026-01-08 14:30:00,20199.25,20202.75,20196.25,20202.25,14573,4.387318624310663
2026-01-08 14:35:00,20202.25,20205.25,20201.75,20203.25,14142,4.323938722574187
2026-01-08 14:40:00,20203.25,20205.25,20198.75,20198.75,14815,4.479371670961745
2026-01-08 14:45:00,20198.75,20203.0,20195.25,20202.75,16159,4.712987980178764
2026-01-08 14:50:00,20202.75,20208.5,20201.0,20207.25,10320,4.912060267308853
2026-01-08 14:55:00,20207.25,20211.0,20205.0,20207.75,12646,4.989770248215364
2026-01-08 15:00:00,20207.75,20208.25,20204.5,20204.75,10661,4.901215230485696
2026-01-08 15:05:00,20204.75,20211.0,20203.0,20208.5,12606,5.122556999736718
2026-01-08 15:10:00,20208.5,20210.25,20204.75,20204.75,12392,5.149517214041238
2026-01-08 15:15:00,20204.75,20209.25,20204.5,20209.25,14754,5.120980270181151
2026-01-08 15:20:00,20209.25,20212.5,20208.0,20210.25,12015,5.076624536596783
2026-01-08 15:25:00,20210.25,20213.25,20208.0,20213.0,14055,5.089008498268441
2026-01-08 15:30:00,20213.0,20217.5,20211.25,20214.0,27830,5.171936462677838
2026-01-08 15:35:00,20214.0,20217.0,20209.25,20214.25,32177,5.35608385820085
2026-01-08 15:40:00,20214.25,20222.0,20213.75,20214.75,27859,5.562792154043646
2026-01-08 15:45:00,20214.75,20216.75,20207.25,20215.25,22278,5.844021285897672
2026-01-08 15:50:00,20215.25,20217.5,20207.25,20208.5,34201,6.158734051190695
2026-01-08 15:55:00,20208.5,20217.0,20203.5,20207.25,26957,6.683110190391361
2026-01-09 09:30:00,20207.25,20216.0,20207.0,20213.0,25409,6.848602319649121
2026-01-09 09:35:00,20213.0,20217.25,20205.75,20206.25,30363,7.180845011102755
2026-01-09 09:40:00,20206.25,20208.5,20201.75,20205.25,28240,7.150070367452558
2026-01-09 09:45:00,20205.25,20207.25,20194.75,20203.0,34680,7.532208198348803
2026-01-09 09:50:00,20203.0,20203.75,20198.75,20199.75,27792,7.351336184181031
2026-01-09 09:55:00,20199.75,20202.75,20194.25,20198.0,30967,7.433383599596672
2026-01-09 10:00:00,20198.0,20201.75,20196.0,20199.75,14105,7.3131419139111955
2026-01-09 10:05:00,20199.75,20201.25,20196.5,20198.25,18362,7.130060348631825
2026-01-09 10:10:00,20198.25,20201.25,20191.5,20195.75,14871,7.317198895158123
2026-01-09 10:15:00,20195.75,20197.25,20192.25,20194.0,18624,7.151684688361114
2026-01-09 10:20:00,20194.0,20196.25,20192.0,20195.0,14582,6.944421496335321
2026-01-09 10:25:00,20195.0,20196.75,20191.75,20195.25,17783,6.805534246597083
2026-01-09 10:30:00,20195.25,20199.5,20193.25,20197.25,18704,6.765853228983006
2026-01-09 10:35:00,20197.25,20198.75,20194.5,20196.5,17751,6.586149426912791
2026-01-09 10:40:00,20196.5,20198.5,20193.25,20193.75,15096,6.490710182133307
2026-01-09 10:45:00,20193.75,20197.25,20190.0,20190.5,13420,6.544945169123785
2026-01-09 10:50:00,20190.5,20194.75,20190.25,20194.5,15802,6.398877657043515
2026-01-09 10:55:00,20194.5,20197.75,20190.25,20191.25,15952,6.477529252968979
2026-01-09 11:00:00,20191.25,20195.25,20189.0,20190.5,13842,6.461277163471195
2026-01-09 11:05:00,20190.5,20191.75,20189.25,20190.0,15602,6.178328794651824
2026-01-09 11:10:00,20190.0,20191.75,20183.5,20187.0,17853,6.326305309319551
2026-01-09 11:15:00,20187.0,20189.5,20183.5,20187.75,16026,6.302997787225298
2026-01-09 11:20:00,20187.75,20190.5,20186.0,20186.75,15096,6.174212230994919
2026-01-09 11:25:00,20186.75,20193.25,20186.75,20192.5,18692,6.197482785923854
2026-01-09 11:30:00,20192.5,20194.75,20191.75,20193.5,6131,5.969091158357864
2026-01-09 11:35:00,20193.5,20195.75,20192.75,20194.25,5227,5.75701321847516
2026-01-09 11:40:00,20194.25,20194.25,20190.75,20191.0,5993,5.595797988584078
2026-01-09 11:45:00,20191.0,20191.5,20188.0,20190.25,5823,5.446098132256644
2026-01-09 11:50:00,20190.25,20191.75,20189.0,20189.75,5889,5.253519694238312
2026-01-09 11:55:00,20189.75,20190.75,20187.5,20189.0,4822,5.110411144649861
2026-01-09 12:00:00,20189.0,20190.0,20185.5,20186.5,6454,5.066810348603442
2026-01-09 12:05:00,20186.5,20186.5,20183.0,20184.75,5736,4.954895323703196
2026-01-09 12:10:00,20184.75,20185.25,20183.5,20184.0,6322,4.7259742291529685
2026-01-09 12:15:00,20184.0,20186.25,20182.75,20186.0,5592,4.6384046413563285
2026-01-09 12:20:00,20186.0,20186.75,20183.5,20184.0,5104,4.539232881259448
2026-01-09 12:25:00,20184.0,20186.5,20183.75,20184.75,4824,4.411430532598058
2026-01-09 12:30:00,20184.75,20186.25,20184.25,20186.25,5610,4.239185494555341
2026-01-09 12:35:00,20186.25,20186.25,20184.5,20185.25,5298,4.061386530658531
2026-01-09 12:40:00,20185.25,20188.25,20184.75,20187.25,6887,4.02128749275435
2026-01-09 12:45:00,20187.25,20189.75,20186.25,20187.5,7000,3.9840526718433256
2026-01-09 12:50:00,20187.5,20188.0,20182.75,20183.25,4611,4.074477480997373
2026-01-09 12:55:00,20183.25,20183.5,20182.0,20182.5,7199,3.8905862323547042
2026-01-09 13:00:00,20182.5,20184.75,20182.0,20184.25,5873,3.8091157871865113
2026-01-09 13:05:00,20184.25,20184.25,20181.25,20182.75,6190,3.751321802387475
2026-01-09 13:10:00,20182.75,20183.75,20180.75,20181.0,7124,3.6976559593597984
2026-01-09 13:15:00,20181.0,20181.5,20178.5,20180.0,5437,3.6478233908340987
2026-01-09 13:20:00,20180.0,20183.0,20179.5,20182.25,6284,3.6372645772030916
2026-01-09 13:25:00,20182.25,20184.0,20181.0,20183.25,7154,3.5917456788314426
2026-01-09 13:30:00,20183.25,20185.75,20179.5,20181.5,13104,3.78162098748634
2026-01-09 13:35:00,20181.5,20183.0,20176.75,20179.0,13715,3.9579337740944585
2026-01-09 13:40:00,20179.0,20180.0,20173.0,20179.5,9318,4.175224218801997
2026-01-09 13:45:00,20179.5,20182.75,20178.75,20181.5,10391,4.162708203173283
2026-01-09 13:50:00,20181.5,20182.25,20177.5,20178.25,13505,4.204657617232334
2026-01-09 13:55:00,20178.25,20179.25,20175.75,20177.0,13230,4.154324930287167
2026-01-09 14:00:00,20177.0,20178.75,20173.75,20174.25,15206,4.214730292409512
2026-01-09 14:05:00,20174.25,20176.5,20172.25,20174.75,13794,4.2172495572374045
2026-01-09 14:10:00,20174.75,20177.75,20172.75,20175.5,11581,4.273160303149019
2026-01-09 14:15:00,20175.5,20177.5,20170.75,20173.0,16540,4.45007742435266
2026-01-09 14:20:00,20173.0,20174.5,20170.75,20173.75,16410,4.400071894041756
2026-01-09 14:25:00,20173.75,20178.75,20173.25,20174.25,13296,4.4786381873244885
2026-01-09 14:30:00,20174.25,20176.75,20172.25,20175.5,16317,4.480164031087025
2026-01-09 14:35:00,20175.5,20176.75,20171.75,20175.25,11847,4.517295171723665
2026-01-09 14:40:00,20175.25,20175.5,20169.75,20173.0,11959,4.605345516600546
2026-01-09 14:45:00,20173.0,20175.25,20170.0,20171.75,12580,4.651392265414793
2026-01-09 14:50:00,20171.75,20174.75,20171.0,20173.75,14374,4.587007103599451
2026-01-09 14:55:00,20173.75,20174.25,20168.5,20170.5,12677,4.670078024770919
2026-01-09 15:00:00,20170.5,20173.0,20166.0,20170.25,12352,4.836501023001568
2026-01-09 15:05:00,20170.25,20170.5,20167.0,20169.0,11660,4.741036664215742
2026-01-09 15:10:00,20169.0,20174.25,20167.75,20173.5,12041,4.866676902486047
2026-01-09 15:15:00,20173.5,20177.0,20170.5,20173.5,10903,4.983342838022758
2026-01-09 15:20:00,20173.5,20177.25,20171.75,20175.5,12160,5.020246921021133
2026-01-09 15:25:00,20175.5,20176.25,20172.25,20172.5,12932,4.947372140948195
2026-01-09 15:30:00,20172.5,20180.25,20169.25,20176.25,33991,5.3797027023090385
2026-01-09 15:35:00,20176.25,20182.25,20173.25,20177.75,28315,5.638295366429821
2026-01-09 15:40:00,20177.75,20179.0,20170.5,20178.75,32671,5.842702840256262
2026-01-09 15:45:00,20178.75,20185.25,20173.75,20177.5,29239,6.246795494523671
2026-01-09 15:50:00,20177.5,20182.5,20176.0,20180.0,32175,6.264881530629124
2026-01-09 15:55:00,20180.0,20182.5,20176.0,20181.0,27196,6.2816757070127585
2026-01-12 09:30:00,20181.0,20186.75,20177.75,20181.5,23731,6.475841727940418
2026-01-12 09:35:00,20181.5,20187.0,20180.0,20181.5,26716,6.513281604516103
2026-01-12 09:40:00,20181.5,20183.5,20169.25,20173.25,23720,7.065904347050667
2026-01-12 09:45:00,20173.25,20179.5,20166.0,20168.75,27230,7.525482607975619
2026-01-12 09:50:00,20168.75,20170.75,20161.5,20163.0,28443,7.648662421691647
2026-01-12 09:55:00,20163.0,20165.75,20156.25,20161.75,30305,7.780900820142244
2026-01-12 10:00:00,20161.75,20165.5,20160.75,20164.25,19575,7.5644079044177985
2026-01-12 10:05:00,20164.25,20169.25,20163.25,20166.25,12227,7.45266448267367
2026-01-12 10:10:00,20166.25,20166.75,20160.25,20161.0,13781,7.384617019625551
2026-01-12 10:15:00,20161.0,20165.25,20152.5,20155.0,11183,7.7678586610808695
2026-01-12 10:20:00,20155.0,20157.5,20153.75,20156.0,15824,7.480868756717951
2026-01-12 10:25:00,20156.0,20158.75,20153.5,20158.5,15269,7.321520988380954
2026-01-12 10:30:00,20158.5,20163.75,20158.25,20163.75,13594,7.191412346353744
2026-01-12 10:35:00,20163.75,20168.75,20163.5,20167.25,16271,7.052740035899905
2026-01-12 10:40:00,20167.25,20170.25,20163.75,20168.25,10650,7.013258604764198
2026-01-12 10:45:00,20168.25,20171.75,20167.25,20168.75,15978,6.833740132995327
2026-01-12 10:50:00,20168.75,20170.75,20166.25,20167.5,15257,6.667044409209947
2026-01-12 10:55:00,20167.5,20169.5,20164.0,20169.25,11979,6.5836840942663795
2026-01-12 11:00:00,20169.25,20175.75,20169.0,20172.5,17769,6.5955638018187805
2026-01-12 11:05:00,20172.5,20174.75,20170.75,20173.0,10647,6.410166387403153
2026-01-12 11:10:00,20173.0,20173.5,20169.75,20171.75,13403,6.220154502588643
2026-01-12 11:15:00,20171.75,20172.5,20166.75,20169.75,12747,6.186572038118025
2026-01-12 11:20:00,20169.75,20175.25,20167.75,20168.5,15993,6.280388321109595
2026-01-12 11:25:00,20168.5,20168.75,20162.75,20165.0,17388,6.260360583887482
2026-01-12 11:30:00,20165.0,20166.75,20164.5,20165.0,5313,5.973906256466948
2026-01-12 11:35:00,20165.0,20165.75,20164.0,20165.0,6387,5.672198666719309
2026-01-12 11:40:00,20165.0,20166.0,20164.25,20164.75,5858,5.392041619096501
2026-01-12 11:45:00,20164.75,20165.0,20162.0,20162.75,6916,5.2211815034467515
2026-01-12 11:50:00,20162.75,20163.75,20162.0,20163.25,5212,4.973239967486269
2026-01-12 11:55:00,20163.25,20166.0,20161.5,20161.75,5235,4.939437112665821
2026-01-12 12:00:00,20161.75,20162.75,20159.75,20160.25,6970,4.800905890332548
2026-01-12 12:05:00,20160.25,20161.0,20159.5,20160.5,5621,4.565126898165937
2026-01-12 12:10:00,20160.5,20161.5,20157.25,20157.75,5787,4.542617834011228
2026-01-12 12:15:00,20157.75,20158.75,20156.5,20156.75,5930,4.37885941729614
2026-01-12 12:20:00,20156.75,20160.25,20156.5,20159.0,6165,4.333940887489273
2026-01-12 12:25:00,20159.0,20160.0,20158.0,20158.75,6812,4.1672308240971825
2026-01-12 12:30:00,20158.75,20158.75,20154.75,20155.75,6570,4.155285765233098
2026-01-12 12:35:00,20155.75,20158.0,20153.75,20154.25,5059,4.162051067716448
2026-01-12 12:40:00,20154.25,20156.0,20152.75,20153.0,5793,4.096904562879559
2026-01-12 12:45:00,20153.0,20153.75,20151.25,20152.0,7370,3.982839951245305
2026-01-12 12:50:00,20152.0,20154.0,20151.5,20153.75,4155,3.8769228118706405
2026-01-12 12:55:00,20153.75,20154.5,20152.75,20153.25,6802,3.7249997538798807
2026-01-12 13:00:00,20153.25,20154.75,20151.5,20152.0,5029,3.691071200031318
2026-01-12 13:05:00,20152.0,20152.5,20149.0,20150.75,5888,3.6774232571719385
2026-01-12 13:10:00,20150.75,20150.75,20149.25,20149.75,5695,3.5218930245168
2026-01-12 13:15:00,20149.75,20151.0,20148.5,20149.0,5835,3.448900665622743
2026-01-12 13:20:00,20149.0,20149.0,20146.0,20146.25,5925,3.416836332363976
2026-01-12 13:25:00,20146.25,20148.25,20145.75,20146.0,7360,3.351348022909406
2026-01-12 13:30:00,20146.0,20147.75,20143.25,20146.5,16185,3.4333945927015916
2026-01-12 13:35:00,20146.5,20148.75,20144.25,20145.25,11838,3.5095806932229063
2026-01-12 13:40:00,20145.25,20149.0,20141.5,20147.0,18121,3.7946106437069846
2026-01-12 13:45:00,20147.0,20147.75,20141.25,20144.0,9534,3.9878527405850575
2026-01-12 13:50:00,20144.0,20147.25,20141.5,20143.0,13466,4.11372040197184
2026-01-12 13:55:00,20143.0,20144.0,20141.0,20142.0,14764,4.034168944688137
2026-01-12 14:00:00,20142.0,20143.75,20137.5,20141.5,16502,4.192442591496127
2026-01-12 14:05:00,20141.5,20144.25,20138.5,20139.75,12454,4.303696692103547
2026-01-12 14:10:00,20139.75,20143.25,20139.0,20142.25,13979,4.299861214096151
2026-01-12 14:15:00,20142.25,20145.25,20139.5,20141.25,12838,4.403442555946427
2026-01-12 14:20:00,20141.25,20142.0,20136.25,20139.25,14987,4.499625230521682
2026-01-12 14:25:00,20139.25,20141.25,20137.0,20139.75,12129,4.48179485691299
2026-01-12 14:30:00,20139.75,20142.0,20138.5,20141.75,12349,4.411666652847777
2026-01-12 14:35:00,20141.75,20146.0,20137.25,20141.25,14359,4.721547606215793
2026-01-12 14:40:00,20141.25,20144.75,20137.5,20142.0,12413,4.902151348628951
2026-01-12 14:45:00,20142.0,20143.5,20138.5,20140.5,13393,4.909140538012598
2026-01-12 14:50:00,20140.5,20141.0,20138.0,20139.0,14295,4.772773356725984
2026-01-12 14:55:00,20139.0,20139.25,20133.75,20136.0,14044,4.8247181169598425
2026-01-12 15:00:00,20136.0,20138.0,20132.25,20134.75,16703,4.890809680034139
2026-01-12 15:05:00,20134.75,20135.5,20132.25,20134.75,13685,4.773608988603129
2026-01-12 15:10:00,20134.75,20135.5,20130.75,20131.0,10291,4.771922632274335
2026-01-12 15:15:00,20131.0,20133.75,20129.0,20132.0,13203,4.770356729969026
2026-01-12 15:20:00,20132.0,20135.75,20131.0,20134.5,16441,4.768902677828382
2026-01-12 15:25:00,20134.5,20136.5,20132.5,20133.25,11211,4.7139810579834975
2026-01-12 15:30:00,20133.25,20137.5,20127.5,20129.5,36358,5.091553839556105
2026-01-12 15:35:00,20129.5,20130.0,20120.0,20120.25,28668,5.442157136730669
2026-01-12 15:40:00,20120.25,20125.25,20116.75,20123.5,27435,5.66057448410705
2026-01-12 15:45:00,20123.5,20127.0,20116.75,20123.25,25696,5.988390592385118
2026-01-12 15:50:00,20123.25,20124.25,20118.0,20121.75,29389,6.007076978643323
2026-01-12 15:55:00,20121.75,20126.25,20118.75,20120.25,30376,6.113714337311658
2026-01-13 09:30:00,20120.25,20126.75,20112.75,20118.5,26663,6.677020456075111
2026-01-13 09:35:00,20118.5,20120.75,20114.25,20118.25,30166,6.664376137784032
2026-01-13 09:40:00,20118.25,20126.0,20117.5,20124.5,33636,6.795492127942316
2026-01-13 09:45:00,20124.5,20133.75,20121.75,20132.25,31804,7.16724269023215
2026-01-13 09:50:00,20132.25,20132.5,20123.0,20128.25,31622,7.333868212358426
2026-01-13 09:55:00,20128.25,20134.5,20124.5,20128.75,24781,7.524306197189967
2026-01-13 10:00:00,20128.75,20133.5,20127.75,20131.25,15283,7.397570040247826
2026-01-13 10:05:00,20131.25,20135.75,20127.75,20133.25,13982,7.440600751658696
2026-01-13 10:10:00,20133.25,20133.5,20123.5,20130.0,15302,7.623414983683075
2026-01-13 10:15:00,20130.0,20131.75,20128.0,20128.5,13859,7.34674248484857
2026-01-13 10:20:00,20128.5,20129.0,20124.75,20127.0,15489,7.125546593073673
2026-01-13 10:25:00,20127.0,20131.0,20124.75,20127.0,14551,7.0630075507112675
2026-01-13 10:30:00,20127.0,20131.5,20124.75,20130.0,12055,7.0406498685176055
2026-01-13 10:35:00,20130.0,20130.5,20126.25,20128.75,11735,6.841317735052063
2026-01-13 10:40:00,20128.75,20131.25,20124.75,20125.5,13771,6.816937896834059
2026-01-13 10:45:00,20125.5,20128.75,20123.75,20127.0,14017,6.6871566184887685
2026-01-13 10:50:00,20127.0,20130.75,20126.75,20129.25,13364,6.495216860025285
2026-01-13 10:55:00,20129.25,20130.25,20123.25,20127.5,13374,6.531272798594908
2026-01-13 11:00:00,20127.5,20136.25,20126.75,20132.75,16770,6.743324741552415
2026-01-13 11:05:00,20132.75,20135.5,20131.25,20133.25,17211,6.5652301171558145
2026-01-13 11:10:00,20133.25,20134.25,20124.5,20126.5,16683,6.792713680216114
2026-01-13 11:15:00,20126.5,20130.0,20125.75,20126.5,13138,6.611091274486392
2026-01-13 11:20:00,20126.5,20130.75,20123.25,20128.25,17168,6.674584754880221
2026-01-13 11:25:00,20128.25,20130.0,20125.25,20128.5,19141,6.537114415245919
2026-01-13 11:30:00,20128.5,20130.25,20127.75,20129.0,5378,6.248749099871211
2026-01-13 11:35:00,20129.0,20129.25,20127.0,20127.75,4379,5.963124164166125
2026-01-13 11:40:00,20127.75,20129.75,20126.75,20127.5,6009,5.751472438154259
2026-01-13 11:45:00,20127.5,20127.75,20126.0,20127.0,5854,5.465652978286098
2026-01-13 11:50:00,20127.0,20127.0,20125.5,20126.25,5700,5.182392051265662
2026-01-13 11:55:00,20126.25,20129.0,20126.0,20127.5,6247,5.026506904746687
2026-01-13 12:00:00,20127.5,20128.75,20123.0,20123.25,6277,5.078184982979066
2026-01-13 12:05:00,20123.25,20127.5,20122.75,20123.75,5533,5.054743198480562
2026-01-13 12:10:00,20123.75,20124.5,20121.5,20124.0,6879,4.907975827160522
2026-01-13 12:15:00,20124.0,20124.75,20122.75,20124.25,5851,4.700263268077628
2026-01-13 12:20:00,20124.25,20125.25,20122.75,20123.5,6676,4.543101606072084
2026-01-13 12:25:00,20123.5,20124.25,20120.75,20121.25,5665,4.468594348495507
2026-01-13 12:30:00,20121.25,20122.75,20120.25,20121.75,7091,4.327980466460113
2026-01-13 12:35:00,20121.75,20122.5,20119.5,20120.25,5961,4.233124718855819
2026-01-13 12:40:00,20120.25,20122.0,20119.25,20121.0,5573,4.127187238937546
2026-01-13 12:45:00,20121.0,20123.75,20120.5,20122.25,6424,4.064531007584865
2026-01-13 12:50:00,20122.25,20125.0,20122.25,20123.25,5871,3.9706359356145176
2026-01-13 12:55:00,20123.25,20123.25,20120.5,20120.75,5412,3.883447654499195
2026-01-13 13:00:00,20120.75,20122.5,20119.75,20120.0,4593,3.802487107749253
2026-01-13 13:05:00,20120.0,20121.25,20117.75,20119.5,6317,3.7808808857671634
2026-01-13 13:10:00,20119.5,20119.75,20115.75,20117.75,5150,3.7965322510695088
2026-01-13 13:15:00,20117.75,20119.0,20115.25,20116.75,6972,3.7932085188502582
2026-01-13 13:20:00,20116.75,20119.0,20116.0,20118.25,7188,3.7365507675038114
2026-01-13 13:25:00,20118.25,20121.25,20118.0,20119.75,7241,3.7017971412535395
2026-01-13 13:30:00,20119.75,20122.0,20116.75,20119.5,15112,3.8123830597354296
2026-01-13 13:35:00,20119.5,20122.0,20117.0,20119.25,15527,3.897212841182899
2026-01-13 13:40:00,20119.25,20119.5,20114.0,20117.75,13072,4.011697638241263
2026-01-13 13:45:00,20117.75,20121.0,20116.0,20119.25,13671,4.082290664081173
2026-01-13 13:50:00,20119.25,20120.0,20113.0,20114.75,15123,4.290698473789661
2026-01-13 13:55:00,20114.75,20118.0,20113.75,20115.5,12147,4.287791439947542
2026-01-13 14:00:00,20115.5,20119.0,20115.0,20117.75,12109,4.267234908522718
2026-01-13 14:05:00,20117.75,20119.0,20114.5,20116.5,12393,4.283860986485381
2026-01-13 14:10:00,20116.5,20117.25,20113.0,20113.75,13958,4.281442344593568
2026-01-13 14:15:00,20113.75,20116.25,20109.75,20111.5,11463,4.439910748551171
2026-01-13 14:20:00,20111.5,20113.25,20109.0,20113.0,13618,4.4263456950832305
2026-01-13 14:25:00,20113.0,20114.75,20110.25,20110.75,11660,4.431606716863
2026-01-13 14:30:00,20110.75,20114.5,20108.0,20108.25,16578,4.579349094229928
2026-01-13 14:35:00,20108.25,20109.0,20101.75,20104.75,12103,4.770109873213505
2026-01-13 14:40:00,20104.75,20105.25,20100.0,20101.75,15912,4.80438773941254
2026-01-13 14:45:00,20101.75,20103.75,20099.25,20103.25,11411,4.7826457580259305
2026-01-13 14:50:00,20103.25,20104.25,20100.75,20103.75,12308,4.691028203881221
2026-01-13 14:55:00,20103.75,20104.75,20098.5,20101.25,12342,4.8023833321754195
2026-01-13 15:00:00,20101.25,20107.25,20097.0,20106.25,10773,5.191498808448603
2026-01-13 15:05:00,20106.25,20109.5,20103.75,20105.75,11033,5.231391750702275
2026-01-13 15:10:00,20105.75,20106.75,20100.5,20106.0,14816,5.304149482794969
2026-01-13 15:15:00,20106.0,20111.25,20103.5,20105.25,16030,5.478853091166758
2026-01-13 15:20:00,20105.25,20108.25,20102.75,20107.5,15603,5.480363584654847
2026-01-13 15:25:00,20107.5,20111.0,20107.0,20108.25,10356,5.374623328608072
2026-01-13 15:30:00,20108.25,20112.5,20103.75,20106.0,29288,5.615721662278924
2026-01-13 15:35:00,20106.0,20111.5,20101.75,20110.25,31651,5.911027257830429
2026-01-13 15:40:00,20110.25,20114.25,20106.75,20109.0,32351,6.024525310842541
2026-01-13 15:45:00,20109.0,20111.0,20103.25,20105.25,31898,6.147773502925217
2026-01-13 15:50:00,20105.25,20105.25,20100.0,20102.0,35516,6.083646824144845
2026-01-13 15:55:00,20102.0,20103.0,20099.5,20103.0,27208,5.899100622420213
2026-01-14 09:30:00,20103.0,20104.75,20090.75,20094.75,31007,6.477736292247341
2026-01-14 09:35:00,20094.75,20103.25,20087.5,20099.75,20935,7.140040842801103
2026-01-14 09:40:00,20099.75,20105.5,20099.0,20104.0,30925,7.094323639743881
2026-01-14 09:45:00,20104.0,20109.25,20098.75,20103.25,24624,7.337586236905032
2026-01-14 09:50:00,20103.25,20105.5,20093.5,20096.25,25247,7.670615791411816
2026-01-14 09:55:00,20096.25,20103.0,20091.0,20102.5,36016,7.979857520596686
2026-01-14 10:00:00,20102.5,20105.25,20098.5,20100.75,11340,7.892010554839779
2026-01-14 10:05:00,20100.75,20107.0,20100.5,20103.75,16697,7.792581229494081
2026-01-14 10:10:00,20103.75,20108.0,20101.25,20106.0,13497,7.7181111416730745
2026-01-14 10:15:00,20106.0,20108.25,20104.75,20107.25,14880,7.416817488696426
2026-01-14 10:20:00,20107.25,20111.5,20106.5,20109.75,14270,7.244187668075253
2026-01-14 10:25:00,20109.75,20111.5,20104.25,20105.5,13481,7.244602834641306
2026-01-14 10:30:00,20105.5,20109.25,20104.25,20107.0,14566,7.084274060738355
2026-01-14 10:35:00,20107.0,20108.5,20103.0,20103.0,13265,6.971111627828473
2026-01-14 10:40:00,20103.0,20107.75,20100.25,20103.0,15577,7.008889368697868
2026-01-14 10:45:00,20103.0,20103.75,20100.25,20103.25,16371,6.758254413790877
2026-01-14 10:50:00,20103.25,20103.75,20100.0,20100.25,15817,6.5433790985201
2026-01-14 10:55:00,20100.25,20100.75,20093.0,20094.5,13923,6.629566305768665
2026-01-14 11:00:00,20094.5,20097.5,20089.75,20091.75,13348,6.709597283928047
2026-01-14 11:05:00,20091.75,20094.25,20089.0,20092.0,14994,6.605340335076043
2026-01-14 11:10:00,20092.0,20093.25,20087.0,20092.0,14925,6.579958882570612
2026-01-14 11:15:00,20092.0,20093.5,20087.0,20087.75,13347,6.574247533815568
2026-01-14 11:20:00,20087.75,20088.0,20083.75,20084.5,16987,6.408229852828742
2026-01-14 11:25:00,20084.5,20087.0,20082.0,20086.0,14477,6.307642006198118
2026-01-14 11:30:00,20086.0,20087.0,20084.75,20085.75,6748,6.017810434326824
2026-01-14 11:35:00,20085.75,20087.5,20084.5,20085.0,6085,5.802252546160623
2026-01-14 11:40:00,20085.0,20087.75,20083.25,20086.25,6037,5.70923450714915
2026-01-14 11:45:00,20086.25,20087.75,20083.25,20084.75,5337,5.622860613781353
2026-01-14 11:50:00,20084.75,20085.0,20082.0,20084.5,5900,5.435513427082685
2026-01-14 11:55:00,20084.5,20084.75,20081.5,20082.5,5374,5.279405325148208
2026-01-14 12:00:00,20082.5,20084.5,20081.0,20082.0,5452,5.152304944780479
2026-01-14 12:05:00,20082.0,20082.25,20078.75,20081.0,5478,5.0342831630104445
2026-01-14 12:10:00,20081.0,20081.25,20078.5,20079.25,7115,4.87112007993827
2026-01-14 12:15:00,20079.25,20080.5,20078.75,20079.0,5397,4.648182931371251
2026-01-14 12:20:00,20079.0,20079.75,20075.75,20077.25,6584,4.601884150559019
2026-01-14 12:25:00,20077.25,20078.25,20076.25,20076.5,7119,4.416035282661946
2026-01-14 12:30:00,20076.5,20079.25,20076.25,20077.75,6556,4.3148899053289504
2026-01-14 12:35:00,20077.75,20078.5,20075.75,20077.0,6345,4.203112054948311
2026-01-14 12:40:00,20077.0,20078.0,20076.5,20077.75,5844,4.010032622452003
2026-01-14 12:45:00,20077.75,20078.75,20075.25,20075.25,6919,3.973601720848288
2026-01-14 12:50:00,20075.25,20077.25,20073.5,20074.25,5522,3.957630169359125
2026-01-14 12:55:00,20074.25,20075.0,20073.0,20074.25,6127,3.8177994429763302
2026-01-14 13:00:00,20074.25,20075.25,20072.0,20072.75,6426,3.7772423399065924
2026-01-14 13:05:00,20072.75,20073.5,20071.5,20072.25,7310,3.650296458484693
2026-01-14 13:10:00,20072.25,20073.25,20070.5,20071.25,4955,3.5859895685929293
2026-01-14 13:15:00,20071.25,20073.0,20067.5,20069.75,6773,3.72270459940772
2026-01-14 13:20:00,20069.75,20070.75,20068.5,20069.5,5370,3.6175114137357403
2026-01-14 13:25:00,20069.5,20070.75,20068.5,20070.0,6428,3.51983202704033
2026-01-14 13:30:00,20070.0,20072.75,20068.0,20070.75,16435,3.607701167966021
2026-01-14 13:35:00,20070.75,20073.5,20065.75,20071.0,12855,3.903579655968448
2026-01-14 13:40:00,20071.0,20072.5,20068.75,20069.25,13863,3.8926096805421304
2026-01-14 13:45:00,20069.25,20074.25,20069.25,20072.0,13185,3.9717089890748354
2026-01-14 13:50:00,20072.0,20076.5,20070.5,20074.75,13090,4.116586918426633
2026-01-14 13:55:00,20074.75,20077.75,20073.75,20074.75,15897,4.10825928139616
2026-01-14 14:00:00,20074.75,20077.5,20071.5,20071.5,15113,4.2433836184392915
2026-01-14 14:05:00,20071.5,20077.25,20070.25,20072.25,11261,4.440284788550771
2026-01-14 14:10:00,20072.25,20073.0,20067.5,20068.75,10309,4.515978732225716
2026-01-14 14:15:00,20068.75,20073.75,20066.5,20072.75,12867,4.711265965638166
2026-01-14 14:20:00,20072.75,20075.5,20066.75,20067.25,13860,4.999746968092583
2026-01-14 14:25:00,20067.25,20069.0,20064.75,20068.0,10856,4.946193613228828
2026-01-14 14:30:00,20068.0,20073.5,20067.5,20070.25,13707,5.021465497998197
2026-01-14 14:35:00,20070.25,20072.25,20067.25,20069.0,11051,5.019932248141183
2026-01-14 14:40:00,20069.0,20073.0,20068.5,20069.5,14700,4.982794230416813
2026-01-14 14:45:00,20069.5,20075.0,20068.75,20071.5,13510,5.073308928244184
2026-01-14 14:50:00,20071.5,20075.75,20068.25,20069.5,15240,5.246644004798171
2026-01-14 14:55:00,20069.5,20071.5,20067.25,20069.75,15590,5.175455147312587
2026-01-14 15:00:00,20069.75,20071.25,20065.5,20066.5,12940,5.2164940653616885
2026-01-14 15:05:00,20066.5,20068.5,20061.75,20064.0,12110,5.326030203550139
2026-01-14 15:10:00,20064.0,20066.75,20061.0,20063.5,15167,5.356313760439415
2026-01-14 15:15:00,20063.5,20066.0,20059.0,20059.25,13244,5.473719920408028
2026-01-14 15:20:00,20059.25,20060.75,20055.5,20055.75,12484,5.457739926093169
2026-01-14 15:25:00,20055.75,20058.75,20054.75,20055.75,16570,5.353615645657943
2026-01-14 15:30:00,20055.75,20060.75,20053.75,20054.0,34281,5.471214528110947
2026-01-14 15:35:00,20054.0,20056.5,20048.0,20052.25,26895,5.687556347531594
2026-01-14 15:40:00,20052.25,20053.0,20047.75,20049.25,34135,5.656302322707909
2026-01-14 15:45:00,20049.25,20056.25,20049.25,20053.75,24229,5.752280728228772
2026-01-14 15:50:00,20053.75,20058.25,20051.0,20057.25,37508,5.859260676212431
2026-01-14 15:55:00,20057.25,20061.5,20056.75,20059.75,30821,5.780027770768686
2026-01-15 09:30:00,20059.75,20065.25,20058.0,20064.0,32065,5.885025787142352
2026-01-15 09:35:00,20064.0,20070.75,20063.25,20069.0,28212,6.000381088060755
2026-01-15 09:40:00,20069.0,20071.75,20061.5,20065.75,25442,6.303925296056415
2026-01-15 09:45:00,20065.75,20070.75,20063.0,20068.25,26895,6.4072163463381
2026-01-15 09:50:00,20068.25,20078.25,20068.25,20076.0,28072,6.663843750171093
2026-01-15 09:55:00,20076.0,20083.0,20072.75,20081.75,34911,6.919997768016015
2026-01-15 10:00:00,20081.75,20084.0,20081.0,20083.25,11709,6.639997927443442
2026-01-15 10:05:00,20083.25,20086.75,20082.0,20085.75,17691,6.504998075483197
2026-01-15 10:10:00,20085.75,20088.0,20082.5,20086.25,14406,6.43321249866297
2026-01-15 10:15:00,20086.25,20088.5,20084.5,20087.25,15740,6.259411605901329
2026-01-15 10:20:00,20087.25,20088.0,20083.25,20083.75,12399,6.151596491194092
2026-01-15 10:25:00,20083.75,20085.75,20080.0,20082.5,16835,6.122911027537372
2026-01-15 10:30:00,20082.5,20084.0,20078.75,20082.0,16339,6.060560239856131
2026-01-15 10:35:00,20082.0,20083.0,20079.5,20082.5,14953,5.877663079866408
2026-01-15 10:40:00,20082.5,20083.75,20079.5,20081.25,14064,5.761401431304522
2026-01-15 10:45:00,20081.25,20083.5,20079.5,20080.25,17102,5.6355870433541995
2026-01-15 10:50:00,20080.25,20080.75,20073.5,20073.75,16332,5.750902254543185
2026-01-15 10:55:00,20073.75,20075.75,20069.75,20073.0,12477,5.768694950647244
2026-01-15 11:00:00,20073.0,20074.75,20069.75,20072.25,13490,5.713788168458154
2026-01-15 11:05:00,20072.25,20077.0,20068.0,20075.75,17929,5.948517584996857
2026-01-15 11:10:00,20075.75,20081.0,20075.25,20079.5,15466,5.934337757497081
2026-01-15 11:15:00,20079.5,20082.75,20074.75,20080.0,15884,6.081885060533004
2026-01-15 11:20:00,20080.0,20082.0,20078.0,20079.5,15123,5.933178984780647
2026-01-15 11:25:00,20079.5,20082.25,20076.75,20080.5,20639,5.902237628724887
2026-01-15 11:30:00,20080.5,20081.25,20079.0,20080.5,4722,5.641363512387395
2026-01-15 11:35:00,20080.5,20082.75,20078.25,20079.0,4789,5.559837547216866
2026-01-15 11:40:00,20079.0,20079.75,20075.0,20075.75,5284,5.501992008129948
2026-01-15 11:45:00,20075.75,20077.25,20075.25,20077.0,5802,5.251849721834952
2026-01-15 11:50:00,20077.0,20077.75,20074.75,20075.0,4957,5.091003313132456
2026-01-15 11:55:00,20075.0,20075.75,20071.25,20071.5,7234,5.048788790765852
2026-01-15 12:00:00,20071.5,20073.75,20070.5,20072.25,7283,4.92030387713972
2026-01-15 12:05:00,20072.25,20073.0,20071.75,20071.75,6745,4.658139314486883
2026-01-15 12:10:00,20071.75,20073.0,20071.5,20072.5,6725,4.432557934880677
2026-01-15 12:15:00,20072.5,20074.5,20072.25,20073.25,5957,4.276660939532057
2026-01-15 12:20:00,20073.25,20076.0,20073.25,20075.0,7001,4.167613729565482
2026-01-15 12:25:00,20075.0,20077.5,20074.75,20077.25,6008,4.06635560602509
2026-01-15 12:30:00,20077.25,20078.75,20076.0,20078.5,5780,3.972330205594727
2026-01-15 12:35:00,20078.5,20079.0,20077.0,20078.75,7261,3.831449476623675
2026-01-15 12:40:00,20078.75,20081.75,20076.5,20080.25,4363,3.9327745140076984
2026-01-15 12:45:00,20080.25,20081.5,20076.5,20080.0,6351,4.009004905864291
2026-01-15 12:50:00,20080.0,20080.5,20077.5,20079.5,5600,3.936933126873985
2026-01-15 12:55:00,20079.5,20080.25,20075.0,20079.5,6824,4.0307236178115575
2026-01-15 13:00:00,20079.5,20080.75,20078.75,20079.75,7081,3.885671930825018
2026-01-15 13:05:00,20079.75,20081.75,20078.25,20081.25,5953,3.858123935766088
2026-01-15 13:10:00,20081.25,20082.0,20079.0,20081.75,5783,3.7968293689256534
2026-01-15 13:15:00,20081.75,20083.25,20081.0,20082.25,5961,3.6863415568595355
2026-01-15 13:20:00,20082.25,20084.5,20081.5,20082.5,5071,3.6373171599409972
2026-01-15 13:25:00,20082.5,20084.5,20081.25,20083.5,6142,3.6096516485166403
2026-01-15 13:30:00,20083.5,20083.5,20073.25,20078.5,10514,4.083962245051166
2026-01-15 13:35:00,20078.5,20081.0,20077.25,20078.5,14111,4.060107798976083
2026-01-15 13:40:00,20078.5,20081.75,20078.5,20079.5,11777,4.002242956192077
2026-01-15 13:45:00,20079.5,20079.75,20076.25,20078.5,12476,3.966368459321215
2026-01-15 13:50:00,20078.5,20083.75,20078.0,20082.0,15318,4.093770712226843
2026-01-15 13:55:00,20082.0,20085.5,20081.0,20084.25,10893,4.122787089924926
2026-01-15 14:00:00,20084.25,20086.5,20082.5,20084.75,11179,4.1140165835017175
2026-01-15 14:05:00,20084.75,20085.75,20081.75,20083.25,12393,4.1058725418230235
2026-01-15 14:10:00,20083.25,20087.0,20080.25,20083.0,12521,4.294738788835665
2026-01-15 14:15:00,20083.0,20088.0,20081.0,20086.75,13709,4.48797173249026
2026-01-15 14:20:00,20086.75,20088.5,20084.25,20085.25,14708,4.470973751598099
2026-01-15 14:25:00,20085.25,20087.5,20084.0,20085.5,14392,4.401618483626806
2026-01-15 14:30:00,20085.5,20087.5,20084.5,20085.5,15728,4.301502877653463
2026-01-15 14:35:00,20085.5,20092.5,20085.0,20090.0,13911,4.529966957821073
2026-01-15 14:40:00,20090.0,20091.25,20084.5,20085.75,13036,4.6885407465481395
2026-01-15 14:45:00,20085.75,20086.25,20080.0,20080.0,15517,4.80007355036613
2026-01-15 14:50:00,20080.0,20085.0,20078.0,20079.0,9854,4.957211153911406
2026-01-15 14:55:00,20079.0,20079.25,20075.5,20076.0,13078,4.870981785774878
2026-01-15 15:00:00,20076.0,20077.5,20073.75,20075.75,13886,4.79091165821953
2026-01-15 15:05:00,20075.75,20081.0,20075.5,20076.75,15065,4.841560825489564
2026-01-15 15:10:00,20076.75,20078.5,20073.25,20074.0,15266,4.87073505224031
2026-01-15 15:15:00,20074.0,20075.5,20072.0,20072.25,16276,4.772825405651716
2026-01-15 15:20:00,20072.25,20074.5,20070.25,20073.0,13253,4.7354807338194504
2026-01-15 15:25:00,20073.0,20080.0,20071.75,20074.5,14876,4.986517824260918
2026-01-15 15:30:00,20074.5,20076.75,20066.25,20070.0,24309,5.380337979670853
2026-01-15 15:35:00,20070.0,20072.0,20062.25,20068.75,25068,5.692456695408649
2026-01-15 15:40:00,20068.75,20070.75,20063.5,20069.5,24485,5.803709788593746
2026-01-15 15:45:00,20069.5,20075.25,20065.5,20071.75,33238,6.08558766083705
2026-01-15 15:50:00,20071.75,20074.25,20070.0,20072.75,29161,5.954474256491547
2026-01-15 15:55:00,20072.75,20085.75,20070.0,20076.0,34773,6.654154666742151
2026-01-16 09:30:00,20076.0,20079.0,20072.0,20076.75,30006,6.678857904831998
2026-01-16 09:35:00,20076.75,20081.25,20071.5,20074.5,31974,6.898225197343998
2026-01-16 09:40:00,20074.5,20077.0,20070.75,20073.0,26954,6.851923397533713
2026-01-16 09:45:00,20073.0,20078.75,20069.5,20076.0,36260,7.023214583424162
2026-01-16 09:50:00,20076.0,20079.0,20067.5,20070.25,24289,7.342984970322436
2026-01-16 09:55:00,20070.25,20071.25,20060.0,20063.25,28493,7.622057472442263
2026-01-16 10:00:00,20063.25,20064.0,20057.75,20060.0,15446,7.524053367267816
2026-01-16 10:05:00,20060.0,20062.0,20055.25,20058.75,15248,7.4687638410344
2026-01-16 10:10:00,20058.75,20062.5,20057.0,20059.0,14353,7.328137852389086
2026-01-16 10:15:00,20059.0,20059.75,20054.75,20059.5,10521,7.1618422915041515
2026-01-16 10:20:00,20059.5,20060.75,20056.0,20057.0,16162,6.989567842110998
2026-01-16 10:25:00,20057.0,20061.5,20052.5,20060.5,16647,7.13317013910307
2026-01-16 10:30:00,20060.5,20067.25,20058.75,20064.75,12926,7.230800843452851
2026-01-16 10:35:00,20064.75,20066.5,20061.75,20064.5,16737,7.053600783206219
2026-01-16 10:40:00,20064.5,20064.75,20061.0,20063.5,15725,6.81762929869149
2026-01-16 10:45:00,20063.5,20071.25,20061.5,20067.0,13628,7.027084348784955
2026-01-16 10:50:00,20067.0,20070.25,20064.25,20064.75,15137,6.953721181014601
2026-01-16 10:55:00,20064.75,20068.75,20062.75,20067.25,18333,6.885598239513559
2026-01-16 11:00:00,20067.25,20070.75,20066.25,20069.5,15281,6.715198365262591
2026-01-16 11:05:00,20069.5,20074.5,20067.0,20074.25,13185,6.771255624886692
2026-01-16 11:10:00,20074.25,20075.75,20069.75,20071.75,11865,6.716165937394786
2026-01-16 11:15:00,20071.75,20073.75,20066.25,20069.0,15830,6.77215408472373
2026-01-16 11:20:00,20069.0,20076.5,20067.0,20072.5,16460,6.967000221529178
2026-01-16 11:25:00,20072.5,20072.75,20068.75,20069.25,13432,6.755071634277094
2026-01-16 11:30:00,20069.25,20070.25,20067.75,20068.25,6976,6.451137946114445
2026-01-16 11:35:00,20068.25,20069.75,20067.5,20069.0,5809,6.151056664249127
2026-01-16 11:40:00,20069.0,20071.25,20068.25,20069.75,6713,5.925981188231333
2026-01-16 11:45:00,20069.75,20070.5,20067.0,20069.0,5099,5.752696817643381
2026-01-16 11:50:00,20069.0,20070.25,20067.25,20067.75,6664,5.55607561638314
2026-01-16 11:55:00,20067.75,20068.5,20067.0,20067.0,6138,5.26635592949863
2026-01-16 12:00:00,20067.0,20067.25,20064.0,20065.5,5673,5.1223305059630135
2026-01-16 12:05:00,20065.5,20066.75,20063.75,20066.5,4880,4.970735469822799
2026-01-16 12:10:00,20066.5,20067.0,20065.25,20065.5,6156,4.740682936264028
2026-01-16 12:15:00,20065.5,20066.0,20063.0,20065.25,4288,4.616348440816598
2026-01-16 12:20:00,20065.25,20065.75,20061.75,20062.0,4842,4.572323552186841
2026-01-16 12:25:00,20062.0,20063.5,20060.75,20061.25,5096,4.442157584173495
2026-01-16 12:30:00,20061.25,20063.75,20060.5,20061.25,6391,4.3570034710182455
2026-01-16 12:35:00,20061.25,20062.0,20059.25,20060.0,5109,4.242217508802656
2026-01-16 12:40:00,20060.0,20061.0,20058.25,20060.5,5483,4.135630543888181
2026-01-16 12:45:00,20060.5,20061.5,20060.0,20061.25,5338,3.9473712193247392
2026-01-16 12:50:00,20061.25,20062.25,20058.75,20061.0,6770,3.9154161322301153
2026-01-16 12:55:00,20061.0,20062.0,20060.5,20061.75,5424,3.742886408499393
2026-01-16 13:00:00,20061.75,20062.0,20059.25,20060.0,5576,3.6719659507494367
2026-01-16 13:05:00,20060.0,20062.75,20058.75,20061.25,5625,3.695396954267334
2026-01-16 13:10:00,20061.25,20062.75,20059.5,20060.75,6465,3.663582886105382
2026-01-16 13:15:00,20060.75,20061.75,20060.25,20061.0,5930,3.509041251383569
2026-01-16 13:20:00,20061.0,20061.25,20059.5,20060.75,5863,3.383395447713314
2026-01-16 13:25:00,20060.75,20063.25,20060.5,20063.0,7290,3.338152915733792
2026-01-16 13:30:00,20063.0,20066.0,20061.5,20064.0,10098,3.4211419931813785
2026-01-16 13:35:00,20064.0,20069.25,20062.75,20067.5,14263,3.6410604222398515
2026-01-16 13:40:00,20067.5,20068.25,20065.75,20066.0,16337,3.5595561063655765
2026-01-16 13:45:00,20066.0,20068.75,20065.0,20066.75,13829,3.573159241625178
2026-01-16 13:50:00,20066.75,20069.0,20064.5,20065.0,10576,3.6393621529376654
2026-01-16 13:55:00,20065.0,20066.75,20062.0,20062.25,12415,3.7186934277278323
2026-01-16 14:00:00,20062.25,20063.25,20057.75,20059.5,10400,3.8459296114615587
2026-01-16 14:05:00,20059.5,20062.75,20057.75,20058.5,15007,3.928363210642876
2026-01-16 14:10:00,20058.5,20062.25,20055.5,20061.75,18581,4.129908695596956
2026-01-16 14:15:00,20061.75,20065.25,20061.25,20062.5,11749,4.1206295030543165
2026-01-16 14:20:00,20062.5,20067.5,20062.5,20065.0,10074,4.183441681407579
2026-01-16 14:25:00,20065.0,20067.25,20059.0,20061.75,11727,4.473910132735609
2026-01-16 14:30:00,20061.75,20066.0,20061.5,20064.5,9425,4.475773694683066
2026-01-16 14:35:00,20064.5,20068.25,20062.0,20065.75,12799,4.602504145062847
2026-01-16 14:40:00,20065.75,20067.5,20058.75,20060.25,13325,4.898753848986929
2026-01-16 14:45:00,20060.25,20063.0,20059.0,20060.25,15775,4.834557145487863
2026-01-16 14:50:00,20060.25,20063.75,20059.0,20060.75,12041,4.828517349381587
2026-01-16 14:55:00,20060.75,20063.75,20057.5,20060.0,14842,4.930051824425759
2026-01-16 15:00:00,20060.0,20061.5,20058.5,20058.5,10256,4.7921909798239195
2026-01-16 15:05:00,20058.5,20059.5,20055.5,20058.5,13227,4.735605909836496
2026-01-16 15:10:00,20058.5,20063.75,20058.0,20061.0,14842,4.808062630562461
2026-01-16 15:15:00,20061.0,20067.5,20060.75,20067.25,13258,4.946772442665143
2026-01-16 15:20:00,20067.25,20068.5,20060.75,20062.5,14543,5.147002982474776
2026-01-16 15:25:00,20062.5,20064.75,20062.0,20063.25,14021,4.975788483726578
2026-01-16 15:30:00,20063.25,20068.5,20058.25,20059.25,28563,5.3525178777461075
2026-01-16 15:35:00,20059.25,20063.5,20056.75,20060.25,28924,5.452338029335671
2026-01-16 15:40:00,20060.25,20064.75,20055.5,20059.25,28868,5.723599598668837
2026-01-16 15:45:00,20059.25,20066.5,20058.75,20063.75,32370,5.868342484478206
2026-01-16 15:50:00,20063.75,20065.75,20058.0,20059.5,32152,6.002746592729763
2026-01-16 15:55:00,20059.5,20065.5,20056.25,20062.25,34663,6.234693264677637
2026-01-19 09:30:00,20062.25,20064.0,20055.0,20056.5,34256,6.43221517434352
2026-01-19 09:35:00,20056.5,20065.75,20047.75,20058.5,26295,7.258485519033269
2026-01-19 09:40:00,20058.5,20065.75,20057.75,20062.0,32817,7.311450839102322
2026-01-19 09:45:00,20062.0,20066.75,20057.75,20065.75,27192,7.4320614934521565
2026-01-19 09:50:00,20065.75,20068.5,20061.5,20067.0,30220,7.4011999582055745
2026-01-19 09:55:00,20067.0,20070.75,20065.25,20065.25,30685,7.265399961190891
2026-01-19 10:00:00,20065.25,20066.5,20062.5,20063.75,15342,7.032157106820113
2026-01-19 10:05:00,20063.75,20070.5,20063.0,20067.25,17349,7.065574456332962
2026-01-19 10:10:00,20067.25,20071.5,20062.75,20067.25,15582,7.185890566594894
2026-01-19 10:15:00,20067.25,20069.75,20062.5,20064.75,14632,7.190469811838117
2026-01-19 10:20:00,20064.75,20066.75,20062.25,20064.0,15003,6.998293396706823
2026-01-19 10:25:00,20064.0,20066.0,20062.5,20064.5,16962,6.74841529694205
2026-01-19 10:30:00,20064.5,20068.75,20063.5,20067.25,18237,6.641385632874761
2026-01-19 10:35:00,20067.25,20068.0,20064.25,20065.25,17422,6.434858087669421
2026-01-19 10:40:00,20065.25,20067.25,20062.0,20066.0,17939,6.350225367121606
2026-01-19 10:45:00,20066.0,20070.25,20064.75,20067.25,16068,6.289494983755778
2026-01-19 10:50:00,20067.25,20071.75,20066.25,20071.75,16668,6.233102484916079
2026-01-19 10:55:00,20071.75,20072.25,20064.5,20067.25,15196,6.341452307422074
2026-01-19 11:00:00,20067.25,20067.5,20064.75,20065.0,13940,6.084919999749069
2026-01-19 11:05:00,20065.0,20069.0,20063.25,20066.0,13936,6.060997142624135
2026-01-19 11:10:00,20066.0,20073.0,20062.75,20069.25,15277,6.360211632436696
2026-01-19 11:15:00,20069.25,20070.75,20064.5,20064.75,15815,6.352339372976933
2026-01-19 11:20:00,20064.75,20069.5,20063.75,20064.75,16502,6.309315132050009
2026-01-19 11:25:00,20064.75,20065.5,20058.5,20059.75,15486,6.3586497654750085
2026-01-19 11:30:00,20059.75,20061.75,20058.0,20058.75,5771,6.172317639369651
2026-01-19 11:35:00,20058.75,20061.25,20058.5,20059.25,7780,5.9278663794146755
2026-01-19 11:40:00,20059.25,20060.5,20058.5,20059.75,5660,5.64730449517077
2026-01-19 11:45:00,20059.75,20060.75,20058.75,20059.75,5146,5.386782745515716
2026-01-19 11:50:00,20059.75,20061.5,20058.75,20060.25,6844,5.198441120836022
2026-01-19 11:55:00,20060.25,20062.5,20057.25,20059.25,6247,5.202123897919163
2026-01-19 12:00:00,20059.25,20060.75,20057.75,20060.25,4740,5.04482933378208
2026-01-19 12:05:00,20060.25,20061.5,20058.0,20060.75,5329,4.934484381369074
2026-01-19 12:10:00,20060.75,20061.25,20059.5,20059.75,6080,4.707021211271283
2026-01-19 12:15:00,20059.75,20063.25,20059.0,20062.75,7028,4.67437683903762
2026-01-19 12:20:00,20062.75,20064.5,20060.75,20061.75,6360,4.608349921963505
2026-01-19 12:25:00,20061.75,20063.75,20060.5,20063.0,6614,4.51132492753754
2026-01-19 12:30:00,20063.0,20063.0,20061.25,20061.75,7434,4.31408743271343
2026-01-19 12:35:00,20061.75,20064.5,20061.75,20063.0,5715,4.202366901805328
2026-01-19 12:40:00,20063.0,20064.5,20062.5,20064.5,5850,4.045054980247805
2026-01-19 12:45:00,20064.5,20067.0,20063.5,20066.0,5507,4.006122481658677
2026-01-19 12:50:00,20066.0,20066.5,20061.25,20061.5,6714,4.094970875825915
2026-01-19 12:55:00,20061.5,20063.25,20059.5,20060.5,7400,4.070330098981207
2026-01-19 13:00:00,20060.5,20061.75,20060.25,20061.25,4956,3.8867350919111208
2026-01-19 13:05:00,20061.25,20062.0,20059.75,20061.25,4805,3.769825442488898
2026-01-19 13:10:00,20061.25,20061.75,20059.0,20059.5,5683,3.6969807680254054
2026-01-19 13:15:00,20059.5,20060.5,20059.0,20059.75,6345,3.540053570309305
2026-01-19 13:20:00,20059.75,20061.5,20059.0,20061.25,5838,3.465764029572926
2026-01-19 13:25:00,20061.25,20064.5,20059.75,20061.75,6340,3.557495170317717
2026-01-19 13:30:00,20061.75,20064.5,20059.0,20063.0,12468,3.696245515295023
2026-01-19 13:35:00,20063.0,20069.25,20061.0,20068.25,13195,4.02151369277395
2026-01-19 13:40:00,20068.25,20071.5,20066.25,20071.25,12724,4.1092627147186676
2026-01-19 13:45:00,20071.25,20072.5,20067.25,20071.5,9050,4.19074394938162
2026-01-19 13:50:00,20071.5,20075.0,20070.25,20074.5,13170,4.230690810140076
2026-01-19 13:55:00,20074.5,20075.5,20070.0,20073.0,14043,4.321355752272928
2026-01-19 14:00:00,20073.0,20075.75,20070.25,20072.75,14856,4.405544627110577
2026-01-19 14:05:00,20072.75,20078.0,20072.25,20076.75,13564,4.501577153745536
2026-01-19 14:10:00,20076.75,20082.0,20076.0,20078.0,13901,4.608607357049427
2026-01-19 14:15:00,20078.0,20081.25,20076.25,20080.0,17065,4.636563974403039
2026-01-19 14:20:00,20080.0,20085.5,20078.0,20083.25,14896,4.8410951190885365
2026-01-19 14:25:00,20083.25,20085.0,20082.0,20084.5,15357,4.709588324867927
2026-01-19 14:30:00,20084.5,20090.0,20084.0,20088.75,14881,4.801760587377362
2026-01-19 14:35:00,20088.75,20092.5,20087.0,20088.5,13584,4.851634831136122
2026-01-19 14:40:00,20088.5,20092.25,20087.5,20089.25,14725,4.844375200340686
2026-01-19 14:45:00,20089.25,20090.5,20083.0,20089.5,10574,5.034062686030636
2026-01-19 14:50:00,20089.5,20093.5,20086.5,20090.25,14893,5.174486779885591
2026-01-19 14:55:00,20090.25,20090.5,20087.0,20089.75,13052,5.054880581322334
2026-01-19 15:00:00,20089.75,20091.75,20087.5,20088.0,12083,4.997389111227882
2026-01-19 15:05:00,20088.0,20092.0,20084.25,20090.0,9727,5.194004174711605
2026-01-19 15:10:00,20090.0,20092.5,20089.25,20091.5,10673,5.055146733660775
2026-01-19 15:15:00,20091.5,20094.0,20087.0,20089.0,10909,5.194064824113577
2026-01-19 15:20:00,20089.0,20093.0,20088.0,20091.5,12311,5.180203050962607
2026-01-19 15:25:00,20091.5,20096.75,20088.0,20094.75,13852,5.435188547322421
2026-01-19 15:30:00,20094.75,20104.25,20093.25,20104.0,33391,5.832675079656534
2026-01-19 15:35:00,20104.0,20107.75,20099.25,20101.75,29513,6.0231982882524955
2026-01-19 15:40:00,20101.75,20104.75,20097.5,20097.75,28629,6.110826981948746
2026-01-19 15:45:00,20097.75,20099.25,20091.0,20092.5,32523,6.263625054666693
2026-01-19 15:50:00,20092.5,20096.25,20087.5,20091.0,35633,6.441223265047643
2026-01-19 15:55:00,20091.0,20099.0,20090.25,20098.5,30357,6.606135888972812
2026-01-20 09:30:00,20098.5,20102.25,20095.0,20097.5,22695,6.652126182617611
2026-01-20 09:35:00,20097.5,20103.5,20095.75,20100.5,26369,6.730545741002068
2026-01-20 09:40:00,20100.5,20104.0,20097.75,20101.25,27571,6.696221045216206
2026-01-20 09:45:00,20101.25,20106.0,20096.75,20099.25,25600,6.878633827700763
2026-01-20 09:50:00,20099.25,20101.75,20093.0,20093.25,28754,7.012302840007852
2026-01-20 09:55:00,20093.25,20101.75,20092.25,20096.25,22530,7.189995494293005
2026-01-20 10:00:00,20096.25,20096.75,20090.75,20093.0,15050,7.10499581612922
2026-01-20 10:05:00,20093.0,20095.5,20091.75,20094.5,13050,6.865353257834276
2026-01-20 10:10:00,20094.5,20099.0,20094.25,20097.5,18273,6.7142565965604
2026-01-20 10:15:00,20097.5,20098.5,20092.25,20098.0,15467,6.6810954110918
2026-01-20 10:20:00,20098.0,20100.75,20094.5,20094.75,13252,6.650302881728099
2026-01-20 10:25:00,20094.75,20096.25,20092.5,20095.75,14829,6.443138390176093
2026-01-20 10:30:00,20095.75,20097.5,20094.25,20097.0,17156,6.215057076592085
2026-01-20 10:35:00,20097.0,20098.0,20094.75,20096.25,12734,6.003267285406936
2026-01-20 10:40:00,20096.25,20098.25,20092.75,20095.75,15477,5.9673196221635845
2026-01-20 10:45:00,20095.75,20096.25,20089.25,20090.0,16269,6.0410825062947575
2026-01-20 10:50:00,20090.0,20094.5,20088.25,20089.25,14159,6.05600518441656
2026-01-20 10:55:00,20089.25,20092.75,20087.0,20092.25,17649,6.034147671243948
2026-01-20 11:00:00,20092.25,20093.25,20087.0,20087.5,14152,6.049565694726524
2026-01-20 11:05:00,20087.5,20093.5,20086.0,20091.25,12321,6.1531681451032005
2026-01-20 11:10:00,20091.25,20098.0,20091.0,20096.5,12679,6.213656134738686
2026-01-20 11:15:00,20096.5,20098.0,20092.5,20094.25,15291,6.162680696543067
2026-01-20 11:20:00,20094.25,20097.75,20091.75,20092.0,14798,6.151060646789991
2026-01-20 11:25:00,20092.0,20092.75,20089.0,20090.25,13864,5.979556314876421
2026-01-20 11:30:00,20090.25,20091.5,20087.25,20088.0,6505,5.856016578099534
2026-01-20 11:35:00,20088.0,20089.75,20085.0,20086.25,6878,5.777015393949568
2026-01-20 11:40:00,20086.25,20090.25,20085.25,20086.5,5993,5.721514294381741
2026-01-20 11:45:00,20086.5,20088.25,20085.5,20087.5,7388,5.509263273354474
2026-01-20 11:50:00,20087.5,20087.75,20084.25,20085.5,4763,5.365744468114869
2026-01-20 11:55:00,20085.5,20088.0,20085.25,20086.75,5669,5.178905577535235
2026-01-20 12:00:00,20086.75,20087.0,20084.25,20084.75,7510,5.005412321997004
2026-01-20 12:05:00,20084.75,20085.0,20082.25,20083.0,5190,4.8443114418543605
2026-01-20 12:10:00,20083.0,20083.0,20079.75,20080.25,4482,4.730432053150477
2026-01-20 12:15:00,20080.25,20082.25,20078.5,20079.75,7299,4.660401192211158
2026-01-20 12:20:00,20079.75,20082.5,20079.5,20082.5,6527,4.541801107053219
2026-01-20 12:25:00,20082.5,20085.0,20080.25,20080.25,5820,4.556672456549418
2026-01-20 12:30:00,20080.25,20082.25,20080.0,20081.25,5758,4.39191013822446
2026-01-20 12:35:00,20081.25,20081.75,20079.75,20081.0,5902,4.221059414065571
2026-01-20 12:40:00,20081.0,20083.5,20079.25,20081.0,5734,4.223126598775173
2026-01-20 12:45:00,20081.0,20084.5,20080.75,20082.25,6061,4.189331841719804
2026-01-20 12:50:00,20082.25,20083.0,20081.25,20081.75,6137,4.015093853025533
2026-01-20 12:55:00,20081.75,20084.75,20081.75,20083.5,4837,3.9425871492379954
2026-01-20 13:00:00,20083.5,20083.75,20080.25,20080.25,5225,3.9109737814352816
2026-01-20 13:05:00,20080.25,20082.0,20078.75,20080.25,6428,3.8637613684756187
2026-01-20 13:10:00,20080.25,20080.5,20077.25,20078.0,5505,3.8199212707273604
2026-01-20 13:15:00,20078.0,20078.75,20076.0,20077.75,7062,3.7434983228182634
2026-01-20 13:20:00,20077.75,20080.25,20077.5,20079.0,7555,3.6725341569026737
2026-01-20 13:25:00,20079.0,20080.25,20077.0,20078.5,5739,3.64235314569534
2026-01-20 13:30:00,20078.5,20082.5,20077.75,20079.5,11238,3.7214707781456733
2026-01-20 13:35:00,20079.5,20083.0,20077.25,20079.25,12958,3.8663657225638395
2026-01-20 13:40:00,20079.25,20083.75,20079.25,20083.25,16569,3.91162531380928
2026-01-20 13:45:00,20083.25,20085.25,20076.5,20078.25,11628,4.257223505680045
2026-01-20 13:50:00,20078.25,20081.25,20077.25,20079.0,11789,4.238850398131471
2026-01-20 13:55:00,20079.0,20081.5,20076.25,20076.75,13790,4.3110753696935085
2026-01-20 14:00:00,20076.75,20079.0,20074.75,20078.0,9733,4.30671284328683
2026-01-20 14:05:00,20078.0,20078.5,20074.25,20076.25,14205,4.3026619259092
2026-01-20 14:10:00,20076.25,20079.5,20074.0,20078.5,13852,4.3881860740585426
2026-01-20 14:15:00,20078.5,20080.25,20074.25,20077.25,12353,4.5033156401972185
2026-01-20 14:20:00,20077.25,20079.25,20073.75,20074.75,13893,4.574507380183132
2026-01-20 14:25:00,20074.75,20077.5,20073.0,20074.25,14733,4.569185424455765
2026-01-20 14:30:00,20074.25,20076.75,20073.25,20075.25,14127,4.492815036994639
2026-01-20 14:35:00,20075.25,20077.5,20072.75,20077.0,14039,4.5111853914950215
2026-01-20 14:40:00,20077.0,20079.75,20072.5,20074.25,11137,4.706815006388235
2026-01-20 14:45:00,20074.25,20075.5,20071.0,20071.75,14012,4.692042505931932
2026-01-20 14:50:00,20071.75,20073.25,20069.5,20070.25,13309,4.624753755508223
2026-01-20 14:55:00,20070.25,20070.5,20065.25,20066.5,12981,4.669414201543351
2026-01-20 15:00:00,20066.5,20067.0,20063.5,20064.5,16861,4.585884615718825
2026-01-20 15:05:00,20064.5,20067.0,20061.5,20066.25,12292,4.651178571738909
2026-01-20 15:10:00,20066.25,20067.0,20063.0,20064.0,13619,4.604665816614702
2026-01-20 15:15:00,20064.0,20068.5,20063.75,20066.75,12165,4.615046829713652
2026-01-20 15:20:00,20066.75,20073.25,20065.75,20072.5,11971,4.821114913305534
2026-01-20 15:25:00,20072.5,20073.5,20069.0,20069.25,14456,4.79817813378371
2026-01-20 15:30:00,20069.25,20069.75,20064.75,20068.0,33286,4.812593981370588
2026-01-20 15:35:00,20068.0,20069.75,20064.25,20067.25,30479,4.86169441127269
2026-01-20 15:40:00,20067.25,20075.0,20064.25,20068.5,26846,5.282287667610355
2026-01-20 15:45:00,20068.5,20072.75,20063.5,20065.5,31824,5.565695691352472
2026-01-20 15:50:00,20065.5,20069.5,20061.75,20065.5,36549,5.721717427684439
2026-01-20 15:55:00,20065.5,20067.5,20063.75,20066.25,30986,5.580880468564122
2026-01-21 09:30:00,20066.25,20069.5,20059.25,20067.0,33614,5.914389006523828
2026-01-21 09:35:00,20067.0,20071.25,20062.0,20068.25,30476,6.152646934629269
2026-01-21 09:40:00,20068.25,20074.25,20066.0,20068.0,24728,6.302457867870036
2026-01-21 09:45:00,20068.0,20069.75,20056.0,20057.0,28972,6.834425163022176
2026-01-21 09:50:00,20057.0,20063.25,20056.5,20057.25,24837,6.828394794234877
2026-01-21 09:55:00,20057.25,20060.25,20056.0,20059.0,32624,6.644223737503815
2026-01-21 10:00:00,20059.0,20064.75,20057.5,20062.5,14183,6.687493470539257
2026-01-21 10:05:00,20062.5,20062.75,20053.5,20055.25,17392,6.8705296512150245
2026-01-21 10:10:00,20055.25,20057.75,20053.0,20055.75,16881,6.719063247556809
2026-01-21 10:15:00,20055.75,20060.5,20054.5,20057.25,11742,6.667701587017038
2026-01-21 10:20:00,20057.25,20058.0,20053.0,20053.25,12501,6.548580045087249
2026-01-21 10:25:00,20053.25,20055.25,20048.5,20053.0,14571,6.562967184723874
2026-01-21 10:30:00,20053.0,20056.75,20050.25,20053.5,16940,6.558469528672169
2026-01-21 10:35:00,20053.5,20053.75,20047.0,20050.25,18961,6.572150276624156
2026-01-21 10:40:00,20050.25,20057.5,20049.5,20057.5,17003,6.6741395425795735
2026-01-21 10:45:00,20057.5,20058.0,20047.75,20051.75,19358,6.929558146681033
2026-01-21 10:50:00,20051.75,20058.5,20050.75,20051.75,17922,6.988161136203817
2026-01-21 10:55:00,20051.75,20053.75,20049.25,20049.5,15248,6.810435340760687
2026-01-21 11:00:00,20049.5,20050.75,20045.75,20049.25,18606,6.681118530706352
2026-01-21 11:05:00,20049.25,20054.0,20048.75,20052.75,12015,6.578895778513042
2026-01-21 11:10:00,20052.75,20055.75,20051.5,20054.0,18372,6.412546080047825
2026-01-21 11:15:00,20054.0,20055.5,20051.5,20055.25,16035,6.240221360044409
2026-01-21 11:20:00,20055.25,20058.75,20050.25,20053.25,13319,6.401634120041237
2026-01-21 11:25:00,20053.25,20058.75,20052.75,20057.75,14448,6.372945968609721
2026-01-21 11:30:00,20057.75,20058.75,20056.5,20058.0,6435,6.078449827994741
2026-01-21 11:35:00,20058.0,20059.25,20057.0,20058.25,6890,5.8049891259951165
2026-01-21 11:40:00,20058.25,20058.5,20056.0,20057.25,6342,5.568918474138323
2026-01-21 11:45:00,20057.25,20058.0,20056.25,20056.75,5667,5.296138583128443
2026-01-21 11:50:00,20056.75,20058.5,20056.25,20057.5,6811,5.078557255762126
2026-01-21 11:55:00,20057.5,20058.25,20056.25,20057.75,5706,4.858660308921975
2026-01-21 12:00:00,20057.75,20059.25,20056.5,20057.5,4843,4.708041715427548
2026-01-21 12:05:00,20057.5,20060.25,20057.0,20059.5,6515,4.6038958786112945
2026-01-21 12:10:00,20059.5,20060.75,20058.0,20059.25,5983,4.471474744424773
2026-01-21 12:15:00,20059.25,20060.0,20056.0,20057.5,5623,4.437797976965861
2026-01-21 12:20:00,20057.5,20058.75,20057.5,20058.25,5551,4.2100981214683
2026-01-21 12:25:00,20058.25,20061.0,20055.5,20059.75,5412,4.30223396993485
2026-01-21 12:30:00,20059.75,20060.0,20056.25,20057.5,6723,4.262788686368075
2026-01-21 12:35:00,20057.5,20059.5,20056.25,20056.75,6076,4.1904466373417835
2026-01-21 12:40:00,20056.75,20059.0,20056.75,20057.75,6402,4.051843306103085
2026-01-21 12:45:00,20057.75,20059.5,20057.0,20058.0,5001,3.9409973556671503
2026-01-21 12:50:00,20058.0,20060.25,20056.0,20059.25,4850,3.963068973119497
2026-01-21 12:55:00,20059.25,20059.75,20056.5,20058.25,6244,3.9121354750395327
2026-01-21 13:00:00,20058.25,20060.0,20057.5,20060.0,5026,3.8112686553938517
2026-01-21 13:05:00,20060.0,20060.25,20057.0,20059.0,5980,3.771178037151434
2026-01-21 13:10:00,20059.0,20060.0,20056.0,20056.5,4953,3.7875224630691884
2026-01-21 13:15:00,20056.5,20058.75,20055.25,20057.25,5652,3.7669851442785323
2026-01-21 13:20:00,20057.25,20059.25,20056.75,20057.0,5687,3.676486205401494
2026-01-21 13:25:00,20057.0,20057.25,20055.0,20056.5,5441,3.5745943335871018
2026-01-21 13:30:00,20056.5,20058.25,20055.75,20057.5,12076,3.497837595473737
2026-01-21 13:35:00,20057.5,20063.0,20056.75,20058.5,13039,3.69442062436847
2026-01-21 13:40:00,20058.5,20060.0,20054.5,20057.5,15092,3.823390579770722
2026-01-21 13:45:00,20057.5,20060.0,20053.0,20054.25,12774,4.050291252644242
2026-01-21 13:50:00,20054.25,20057.75,20053.25,20056.0,12566,4.082413306026797
2026-01-21 13:55:00,20056.0,20057.25,20053.0,20053.5,14610,4.09438378416774
2026-01-21 14:00:00,20053.5,20058.0,20052.25,20056.25,15179,4.212642085298616
2026-01-21 14:05:00,20056.25,20057.0,20050.25,20054.75,14647,4.3938819363487145
2026-01-21 14:10:00,20054.75,20055.75,20048.5,20049.5,14614,4.597890369466663
2026-01-21 14:15:00,20049.5,20053.0,20047.75,20049.25,14468,4.644469628790473
2026-01-21 14:20:00,20049.25,20049.75,20044.75,20046.75,12418,4.669864655305439
2026-01-21 14:25:00,20046.75,20047.5,20042.0,20042.75,10465,4.729160037069336
2026-01-21 14:30:00,20042.75,20043.5,20041.5,20041.5,15625,4.534220034421527
2026-01-21 14:35:00,20041.5,20042.5,20037.75,20041.0,16867,4.5496328891057045
2026-01-21 14:40:00,20041.0,20042.5,20037.0,20041.5,12644,4.617516254169583
2026-01-21 14:45:00,20041.5,20044.75,20039.5,20040.5,12891,4.662693664586042
2026-01-21 14:50:00,20040.5,20044.75,20038.25,20041.25,13228,4.793929831401325
2026-01-21 14:55:00,20041.25,20046.25,20040.5,20042.75,18267,4.862220557729802
2026-01-21 15:00:00,20042.75,20047.0,20042.75,20047.0,13959,4.818490517891959
2026-01-21 15:05:00,20047.0,20052.25,20046.25,20051.5,14441,4.902884052328249
2026-01-21 15:10:00,20051.5,20054.0,20050.5,20053.0,13201,4.802678048590517
2026-01-21 15:15:00,20053.0,20057.0,20052.0,20054.75,11544,4.816772473691194
2026-01-21 15:20:00,20054.75,20058.0,20051.25,20055.25,15336,4.954860154141823
2026-01-21 15:25:00,20055.25,20056.75,20053.25,20054.0,14249,4.850941571703121
2026-01-21 15:30:00,20054.0,20062.5,20051.75,20060.0,36067,5.27230288801004
2026-01-21 15:35:00,20060.0,20067.5,20058.25,20065.5,27275,5.556424110295038
2026-01-21 15:40:00,20065.5,20067.0,20058.0,20063.5,29009,5.802393816702535
2026-01-21 15:45:00,20063.5,20069.25,20062.0,20065.75,29844,5.90579425836664
2026-01-21 15:50:00,20065.75,20070.25,20063.25,20067.5,30970,5.983951811340452
2026-01-21 15:55:00,20067.5,20074.0,20065.5,20069.25,28040,6.163669539101848
2026-01-22 09:30:00,20069.25,20078.25,20055.75,20057.75,36684,7.330550286308859
2026-01-22 09:35:00,20057.75,20059.0,20052.75,20055.75,28100,7.253368123001083
2026-01-22 09:40:00,20055.75,20060.75,20051.5,20058.25,31626,7.395984685643863
2026-01-22 09:45:00,20058.25,20061.25,20047.25,20054.75,25617,7.86770006524073
2026-01-22 09:50:00,20054.75,20054.75,20045.5,20049.5,28509,7.966435774866392
2026-01-22 09:55:00,20049.5,20056.0,20044.75,20053.0,26750,8.20097607666165
2026-01-22 10:00:00,20053.0,20060.25,20052.5,20059.5,15808,8.168763499757247
2026-01-22 10:05:00,20059.5,20064.75,20057.5,20058.75,13696,8.103137535488873
2026-01-22 10:10:00,20058.75,20063.25,20056.25,20060.75,12296,8.024341997239668
2026-01-22 10:15:00,20060.75,20064.0,20059.5,20062.0,16021,7.7726032831511205
2026-01-22 10:20:00,20062.0,20068.75,20061.25,20068.75,14861,7.753131620068897
2026-01-22 10:25:00,20068.75,20071.25,20065.5,20069.75,12358,7.610050790063976
2026-01-22 10:30:00,20069.75,20072.0,20067.0,20070.0,17410,7.4236185907736925
2026-01-22 10:35:00,20070.0,20072.75,20069.25,20071.5,12598,7.143360120004143
2026-01-22 10:40:00,20071.5,20073.5,20068.5,20069.0,16819,6.9902629685752755
2026-01-22 10:45:00,20069.0,20069.25,20064.25,20068.0,11631,6.848101327962755
2026-01-22 10:50:00,20068.0,20071.25,20066.0,20069.25,16789,6.733951233108273
2026-01-22 10:55:00,20069.25,20072.75,20066.5,20072.5,13226,6.699383287886254
2026-01-22 11:00:00,20072.5,20074.75,20070.0,20074.25,13957,6.560141624465807
2026-01-22 11:05:00,20074.25,20079.25,20073.5,20079.0,13646,6.502274365575392
2026-01-22 11:10:00,20079.0,20080.25,20076.5,20077.0,16598,6.305683339462865
2026-01-22 11:15:00,20077.0,20079.25,20075.0,20076.75,11440,6.158848815215518
2026-01-22 11:20:00,20076.75,20079.0,20072.5,20073.5,14706,6.183216756985838
2026-01-22 11:25:00,20073.5,20074.0,20068.25,20072.5,13588,6.152272702915421
2026-01-22 11:30:00,20072.5,20073.0,20069.75,20070.25,5583,5.944967509850033
2026-01-22 11:35:00,20070.25,20071.25,20069.25,20070.75,6794,5.663184116289317
2026-01-22 11:40:00,20070.75,20071.5,20069.75,20070.25,6907,5.383670965125795
2026-01-22 11:45:00,20070.25,20070.75,20068.75,20069.25,6202,5.141980181902524
2026-01-22 11:50:00,20069.25,20071.0,20068.75,20069.75,6202,4.935410168909487
2026-01-22 11:55:00,20069.75,20070.5,20068.5,20070.25,6040,4.725738013987382
2026-01-22 12:00:00,20070.25,20073.0,20069.75,20070.25,6407,4.620328155845425
2026-01-22 12:05:00,20070.25,20073.75,20069.75,20072.5,5454,4.576019001856467
2026-01-22 12:10:00,20072.5,20077.0,20070.75,20073.5,5690,4.6955890731524335
2026-01-22 12:15:00,20073.5,20074.75,20072.0,20072.25,5037,4.556618425070116
2026-01-22 12:20:00,20072.25,20074.75,20072.25,20072.75,5868,4.4097171089936795
2026-01-22 12:25:00,20072.75,20073.5,20071.5,20073.0,5790,4.237594458351275
2026-01-22 12:30:00,20073.0,20074.5,20071.75,20074.25,7636,4.131337711326184
2026-01-22 12:35:00,20074.25,20075.25,20072.0,20073.5,5160,4.068385017660028
2026-01-22 12:40:00,20073.5,20074.5,20072.75,20072.75,7254,3.9027860878271694
2026-01-22 12:45:00,20072.75,20073.0,20070.5,20072.25,7636,3.8025870815538
2026-01-22 12:50:00,20072.25,20073.25,20070.0,20071.75,7726,3.763116575728529
2026-01-22 12:55:00,20071.75,20073.25,20070.75,20072.5,4998,3.672893963176491
2026-01-22 13:00:00,20072.5,20073.5,20070.0,20070.25,5215,3.6605443943781704
2026-01-22 13:05:00,20070.25,20072.5,20070.0,20070.5,4976,3.577648366208301
2026-01-22 13:10:00,20070.5,20071.5,20069.5,20071.0,5355,3.4649591971934224
2026-01-22 13:15:00,20071.0,20073.0,20070.0,20072.25,5337,3.431747825965321
2026-01-22 13:20:00,20072.25,20074.5,20072.0,20072.5,6797,3.365194409824941
2026-01-22 13:25:00,20072.5,20075.5,20072.25,20075.0,4911,3.3569662376945884
2026-01-22 13:30:00,20075.0,20076.0,20071.0,20075.0,14121,3.4743257921449753
2026-01-22 13:35:00,20075.0,20077.0,20072.5,20072.75,13260,3.5475882355631914
2026-01-22 13:40:00,20072.75,20074.0,20066.25,20067.5,13502,3.847760504451535
2026-01-22 13:45:00,20067.5,20068.5,20064.5,20067.25,12193,3.858634754133568
2026-01-22 13:50:00,20067.25,20070.5,20064.75,20069.25,16776,3.993732271695456
2026-01-22 13:55:00,20069.25,20072.25,20067.25,20072.0,14815,4.065608538002923
2026-01-22 14:00:00,20072.0,20075.5,20069.25,20074.5,15846,4.221636499574143
2026-01-22 14:05:00,20074.5,20079.0,20073.0,20078.25,11759,4.3486624638902756
2026-01-22 14:10:00,20078.25,20082.5,20077.0,20080.25,12733,4.430900859326685
2026-01-22 14:15:00,20080.25,20083.0,20078.0,20078.75,16741,4.4715507979462075
2026-01-22 14:20:00,20078.75,20080.25,20075.5,20079.5,15677,4.4914400266643355
2026-01-22 14:25:00,20079.5,20080.25,20077.25,20079.0,13160,4.384908596188311
2026-01-22 14:30:00,20079.0,20084.75,20076.75,20082.25,8759,4.6431294107462895
2026-01-22 14:35:00,20082.25,20085.5,20079.25,20084.75,16583,4.757905881407269
2026-01-22 14:40:00,20084.75,20090.0,20080.5,20085.75,11927,5.096626889878179
2026-01-22 14:45:00,20085.75,20088.0,20082.75,20087.75,15551,5.107582112029737
2026-01-22 14:50:00,20087.75,20090.0,20085.0,20086.25,13971,5.099897675456185
2026-01-22 14:55:00,20086.25,20090.75,20083.0,20088.75,15480,5.289190698637886
2026-01-22 15:00:00,20088.75,20095.25,20088.5,20093.25,9263,5.393534220163751
2026-01-22 15:05:00,20093.25,20095.25,20090.75,20092.5,12580,5.329710347294911
2026-01-22 15:10:00,20092.5,20098.5,20091.25,20091.5,14500,5.466873893916704
2026-01-22 15:15:00,20091.5,20095.5,20088.5,20092.5,11034,5.576382901494083
2026-01-22 15:20:00,20092.5,20092.5,20087.0,20091.25,14248,5.5709269799587915
2026-01-22 15:25:00,20091.25,20096.0,20090.0,20093.25,16857,5.601575052818879
2026-01-22 15:30:00,20093.25,20095.5,20088.5,20093.75,28150,5.701462549046101
2026-01-22 15:35:00,20093.75,20093.75,20087.5,20088.0,31332,5.740643795542808
2026-01-22 15:40:00,20088.0,20091.0,20080.5,20083.5,28566,6.080597810146894
2026-01-22 15:45:00,20083.5,20089.5,20081.5,20083.5,28698,6.217697966564972
2026-01-22 15:50:00,20083.5,20088.5,20080.0,20086.0,27394,6.38071954038176
2026-01-22 15:55:00,20086.0,20092.0,20085.0,20089.0,27949,6.42495385892592
2026-01-23 09:30:00,20089.0,20098.25,20084.25,20097.75,31785,6.966028583288354
2026-01-23 09:35:00,20097.75,20106.0,20095.5,20104.0,32817,7.218455113053472
2026-01-23 09:40:00,20104.0,20105.5,20089.75,20095.5,29488,7.827851176406796
2026-01-23 09:45:00,20095.5,20096.75,20090.75,20095.5,29134,7.697290378092025
2026-01-23 09:50:00,20095.5,20097.5,20090.75,20094.0,30894,7.62962677965688
2026-01-23 09:55:00,20094.0,20100.25,20092.0,20097.5,33833,7.673939152538532
2026-01-23 10:00:00,20097.5,20103.5,20096.5,20103.5,14461,7.625800641642923
2026-01-23 10:05:00,20103.5,20103.75,20099.25,20100.5,12680,7.402529167239857
2026-01-23 10:10:00,20100.5,20103.25,20099.25,20102.25,15647,7.159491369579867
2026-01-23 10:15:00,20102.25,20107.25,20102.0,20104.25,13457,7.023099128895591
2026-01-23 10:20:00,20104.25,20111.0,20104.25,20110.75,16225,7.003592048260192
2026-01-23 10:25:00,20110.75,20118.0,20109.0,20109.75,12195,7.146192616241606
2026-01-23 10:30:00,20109.75,20115.25,20105.5,20107.0,15086,7.332178857938635
2026-01-23 10:35:00,20107.0,20112.0,20105.0,20110.75,12470,7.3084517966573035
2026-01-23 10:40:00,20110.75,20114.75,20108.25,20108.5,13079,7.250705239753211
2026-01-23 10:45:00,20108.5,20109.75,20103.5,20104.25,13002,7.179226294056553
2026-01-23 10:50:00,20104.25,20105.75,20096.5,20102.5,15013,7.327138701623943
2026-01-23 10:55:00,20102.5,20107.25,20099.5,20102.75,18763,7.357343080079376
2026-01-23 11:00:00,20102.75,20105.75,20100.75,20103.25,11713,7.188961431502277
2026-01-23 11:05:00,20103.25,20107.5,20102.25,20105.25,10883,7.050464186394972
2026-01-23 11:10:00,20105.25,20106.0,20102.0,20103.5,17640,6.83257388736676
2026-01-23 11:15:00,20103.5,20107.75,20101.75,20102.0,14543,6.7731043239834205
2026-01-23 11:20:00,20102.0,20106.25,20098.25,20101.5,16576,6.860739729413176
2026-01-23 11:25:00,20101.5,20103.25,20098.5,20100.0,16160,6.709972605883664
2026-01-23 11:30:00,20100.0,20101.75,20099.5,20101.75,6338,6.391403134034831
2026-01-23 11:35:00,20101.75,20103.5,20101.0,20103.0,6119,6.1134457673180576
2026-01-23 11:40:00,20103.0,20105.0,20102.25,20104.5,4232,5.873199641081054
2026-01-23 11:45:00,20104.5,20104.75,20102.25,20104.0,6441,5.6322568095752645
2026-01-23 11:50:00,20104.0,20105.75,20102.5,20104.75,7105,5.462095608891317
2026-01-23 11:55:00,20104.75,20105.25,20102.0,20103.0,7394,5.304088779684794
2026-01-23 12:00:00,20103.0,20103.0,20100.75,20101.75,6469,5.0859395811358805
2026-01-23 12:05:00,20101.75,20102.5,20101.0,20101.5,5780,4.829801039626174
2026-01-23 12:10:00,20101.5,20103.75,20100.75,20102.75,6912,4.699100965367162
2026-01-23 12:15:00,20102.75,20105.0,20101.5,20103.75,6548,4.613450896412365
2026-01-23 12:20:00,20103.75,20105.0,20102.0,20103.5,7391,4.498204403811482
2026-01-23 12:25:00,20103.5,20103.75,20101.25,20102.75,5865,4.3554755178249485
2026-01-23 12:30:00,20102.75,20106.0,20102.75,20105.0,5860,4.276512980837452
2026-01-23 12:35:00,20105.0,20106.5,20103.25,20104.5,5474,4.203190625063348
2026-01-23 12:40:00,20104.5,20107.75,20103.0,20107.5,6435,4.242248437558823
2026-01-23 12:45:00,20107.5,20109.75,20106.75,20108.5,6773,4.153516406304622
2026-01-23 12:50:00,20108.5,20110.0,20107.5,20108.75,6769,4.035408091568577
2026-01-23 12:55:00,20108.75,20110.0,20107.75,20108.75,6182,3.9078789421708215
2026-01-23 13:00:00,20108.75,20109.25,20107.5,20109.25,5391,3.753744732015763
2026-01-23 13:05:00,20109.25,20111.0,20108.25,20109.75,6258,3.682048679728923
2026-01-23 13:10:00,20109.75,20114.0,20109.0,20113.5,5892,3.7761880597482858
2026-01-23 13:15:00,20113.5,20114.25,20112.0,20113.0,4915,3.6671746269091225
2026-01-23 13:20:00,20113.0,20113.5,20111.5,20112.25,6068,3.5480907249870426
2026-01-23 13:25:00,20112.25,20114.25,20111.75,20112.25,5454,3.4732271017736824
2026-01-23 13:30:00,20112.25,20114.0,20107.0,20111.0,14595,3.725139451646991
2026-01-23 13:35:00,20111.0,20113.0,20108.0,20111.5,15608,3.8162009193864916
2026-01-23 13:40:00,20111.5,20118.5,20109.75,20117.0,12959,4.1686151394303135
2026-01-23 13:45:00,20117.0,20119.0,20115.75,20118.0,14431,4.102999772328149
2026-01-23 13:50:00,20118.0,20121.75,20117.25,20118.5,12387,4.131356931447566
2026-01-23 13:55:00,20118.5,20123.5,20117.5,20119.5,14746,4.264831436344169
2026-01-23 14:00:00,20119.5,20125.5,20118.5,20123.5,12368,4.460200619462443
2026-01-23 14:05:00,20123.5,20125.0,20121.0,20121.25,14713,4.427329146643697
2026-01-23 14:10:00,20121.25,20122.75,20114.0,20119.5,11502,4.736091350454862
2026-01-23 14:15:00,20119.5,20121.0,20114.0,20114.5,14511,4.897799111136657
2026-01-23 14:20:00,20114.5,20121.5,20112.75,20120.5,13895,5.172956317484039
2026-01-23 14:25:00,20120.5,20121.75,20117.75,20119.0,16473,5.089173723378036
2026-01-23 14:30:00,20119.0,20120.75,20117.75,20118.75,14616,4.939947028851034
2026-01-23 14:35:00,20118.75,20121.5,20116.25,20121.5,15954,4.9620936696473885
2026-01-23 14:40:00,20121.5,20124.5,20119.25,20122.5,15449,4.982658407529718
2026-01-23 14:45:00,20122.5,20125.25,20121.75,20124.75,15781,4.87675423556331
2026-01-23 14:50:00,20124.75,20129.0,20123.0,20126.5,13820,4.956986075880217
2026-01-23 14:55:00,20126.5,20129.0,20118.5,20121.5,15040,5.352915641888774
2026-01-23 15:00:00,20121.5,20126.5,20121.0,20124.25,12569,5.363421667468147
2026-01-23 15:05:00,20124.25,20124.5,20120.75,20121.25,13867,5.248177262648994
2026-01-23 15:10:00,20121.25,20124.5,20121.0,20123.0,15494,5.123307458174066
2026-01-23 15:15:00,20123.0,20125.0,20122.75,20124.0,12252,4.918071211161633
2026-01-23 15:20:00,20124.0,20127.75,20122.75,20127.0,13335,4.923923267507231
2026-01-23 15:25:00,20127.0,20129.5,20124.0,20127.25,15776,4.9650716055424295
2026-01-23 15:30:00,20127.25,20128.75,20121.25,20122.75,32108,5.146137919432256
2026-01-23 15:35:00,20122.75,20128.5,20121.75,20127.25,29219,5.260699496615666
2026-01-23 15:40:00,20127.25,20130.75,20120.25,20123.25,31066,5.634935246857404
2026-01-23 15:45:00,20123.25,20127.75,20119.0,20125.75,23810,5.857439872081875
2026-01-23 15:50:00,20125.75,20133.75,20123.75,20133.25,28553,6.153337024076028
2026-01-23 15:55:00,20133.25,20138.25,20127.75,20131.5,34267,6.46381295092774
2026-01-26 09:30:00,20131.5,20136.5,20125.75,20128.25,29289,6.769969168718616
2026-01-26 09:35:00,20128.25,20132.25,20125.75,20131.25,32968,6.750685656667287
2026-01-26 09:40:00,20131.25,20135.5,20128.25,20130.25,32320,6.786350966905339
2026-01-26 09:45:00,20130.25,20133.25,20126.5,20127.25,26039,6.783754469269243
2026-01-26 09:50:00,20127.25,20130.25,20124.0,20125.5,26560,6.745629150035725
2026-01-26 09:55:00,20125.5,20131.0,20125.5,20130.75,34342,6.656655639318888
2026-01-26 10:00:00,20130.75,20132.75,20127.0,20129.75,15314,6.591894522224682
2026-01-26 10:05:00,20129.75,20130.25,20123.75,20126.5,19048,6.5853306277800625
2026-01-26 10:10:00,20126.5,20127.5,20124.25,20124.75,14218,6.347092725795772
2026-01-26 10:15:00,20124.75,20126.5,20120.75,20123.75,14166,6.304443245381789
2026-01-26 10:20:00,20123.75,20126.0,20117.25,20122.5,16748,6.479125870711661
2026-01-26 10:25:00,20122.5,20123.25,20117.5,20119.75,14258,6.427045451375114
2026-01-26 10:30:00,20119.75,20120.25,20112.75,20113.0,11805,6.5036850619911775
2026-01-26 10:35:00,20113.0,20115.75,20106.0,20112.75,11854,6.735564700420379
2026-01-26 10:40:00,20112.75,20113.5,20106.25,20107.75,14149,6.77231007896178
2026-01-26 10:45:00,20107.75,20110.25,20105.25,20107.5,14529,6.645716501893082
2026-01-26 10:50:00,20107.5,20107.75,20102.0,20103.5,14448,6.5817367517578615
2026-01-26 10:55:00,20103.5,20107.25,20102.75,20105.5,19212,6.4330412694894425
2026-01-26 11:00:00,20105.5,20107.75,20104.0,20107.0,17006,6.241395464525912
2026-01-26 11:05:00,20107.0,20112.5,20106.0,20111.5,12365,6.259867217059775
2026-01-26 11:10:00,20111.5,20114.5,20110.25,20113.75,14594,6.116305272984078
2026-01-26 11:15:00,20113.75,20118.0,20111.75,20114.75,16595,6.125854896342358
2026-01-26 11:20:00,20114.75,20117.25,20111.0,20116.75,16677,6.134722403746475
2026-01-26 11:25:00,20116.75,20121.5,20115.75,20117.0,15249,6.107242232050298
2026-01-26 11:30:00,20117.0,20119.75,20115.75,20119.25,5552,5.956724929760991
2026-01-26 11:35:00,20119.25,20121.0,20116.75,20119.0,6138,5.834816006206635
2026-01-26 11:40:00,20119.0,20121.0,20118.25,20120.5,5607,5.614472005763304
2026-01-26 11:45:00,20120.5,20121.5,20119.5,20120.0,6984,5.356295433923068
2026-01-26 11:50:00,20120.0,20121.25,20118.75,20120.5,7776,5.152274331499992
2026-01-26 11:55:00,20120.5,20122.25,20117.0,20118.25,5373,5.15925473639285
2026-01-26 12:00:00,20118.25,20120.0,20115.5,20119.5,5824,5.112165112364789
2026-01-26 12:05:00,20119.5,20120.75,20118.5,20118.75,6300,4.907724747195875
2026-01-26 12:10:00,20118.75,20119.25,20116.0,20116.75,6543,4.789315836681884
2026-01-26 12:15:00,20116.75,20119.25,20116.25,20117.75,6454,4.661507562633179
2026-01-26 12:20:00,20117.75,20118.75,20116.0,20117.5,5301,4.52497130815938
2026-01-26 12:25:00,20117.5,20118.5,20116.75,20118.0,5929,4.3267590718622815
2026-01-26 12:30:00,20118.0,20118.75,20116.0,20118.25,6301,4.214133423872118
2026-01-26 12:35:00,20118.25,20119.5,20116.25,20117.5,5277,4.145266750738395
2026-01-26 12:40:00,20117.5,20118.0,20116.0,20117.25,5877,3.9920334113999387
2026-01-26 12:45:00,20117.25,20118.5,20116.5,20118.0,6831,3.8497453105856576
2026-01-26 12:50:00,20118.0,20120.0,20117.75,20118.75,5707,3.7354777884009676
2026-01-26 12:55:00,20118.75,20120.25,20117.0,20118.25,6327,3.7008008035151843
2026-01-26 13:00:00,20118.25,20119.0,20117.25,20118.25,5293,3.5614578889783854
2026-01-26 13:05:00,20118.25,20119.5,20117.0,20117.75,6651,3.485639468337072
2026-01-26 13:10:00,20117.75,20118.5,20116.0,20117.5,5258,3.4152366491701383
2026-01-26 13:15:00,20117.5,20120.5,20115.75,20116.75,4868,3.5105768885151285
2026-01-26 13:20:00,20116.75,20119.25,20116.5,20118.0,5920,3.4562499679069054
2026-01-26 13:25:00,20118.0,20119.5,20117.25,20118.5,5763,3.370089255913555
2026-01-26 13:30:00,20118.5,20122.0,20113.5,20115.5,14492,3.7365114519197298
2026-01-26 13:35:00,20115.5,20121.5,20115.5,20120.25,15488,3.8981892053540346
2026-01-26 13:40:00,20120.25,20122.75,20118.0,20118.0,13687,3.9590328335430325
2026-01-26 13:45:00,20118.0,20119.5,20116.25,20117.0,12687,3.908387631147102
2026-01-26 13:50:00,20117.0,20121.75,20115.75,20117.75,14142,4.057788514636595
2026-01-26 13:55:00,20117.75,20120.75,20115.25,20115.5,11798,4.160803620733981
2026-01-26 14:00:00,20115.5,20116.0,20109.0,20110.0,10639,4.363603362110125
2026-01-26 14:05:00,20110.0,20112.5,20107.75,20108.5,14673,4.3912031219594025
2026-01-26 14:10:00,20108.5,20115.0,20108.5,20112.25,13442,4.541831470390874
2026-01-26 14:15:00,20112.25,20116.75,20110.5,20113.75,12652,4.663843508220097
2026-01-26 14:20:00,20113.75,20118.0,20112.25,20116.25,12796,4.741426114775805
2026-01-26 14:25:00,20116.25,20125.0,20115.0,20122.5,13605,5.117038535148962
2026-01-26 14:30:00,20122.5,20124.75,20119.75,20120.25,11292,5.1086786397811785
2026-01-26 14:35:00,20120.25,20121.75,20117.25,20119.5,12017,5.065201594082523
2026-01-26 14:40:00,20119.5,20121.75,20118.5,20121.25,10241,4.935544337362343
2026-01-26 14:45:00,20121.25,20125.25,20119.0,20123.0,13258,5.029434027550747
2026-01-26 14:50:00,20123.0,20130.0,20122.75,20127.25,12542,5.188045882725694
2026-01-26 14:55:00,20127.25,20131.5,20126.25,20129.5,13438,5.192471176816716
2026-01-26 15:00:00,20129.5,20134.25,20128.0,20132.25,9761,5.268008949901237
2026-01-26 15:05:00,20132.25,20135.25,20128.75,20133.5,12204,5.3560083106225775
2026-01-26 15:10:00,20133.5,20136.25,20132.0,20136.0,11056,5.277007717006679
2026-01-26 15:15:00,20136.0,20137.75,20133.0,20134.25,15215,5.239364308649059
2026-01-26 15:20:00,20134.25,20137.25,20131.75,20136.75,17455,5.257981143745556
2026-01-26 15:25:00,20136.75,20139.75,20135.75,20139.25,15894,5.168125347763731
2026-01-26 15:30:00,20139.25,20141.25,20138.25,20138.25,31312,5.013259251494893
2026-01-26 15:35:00,20138.25,20142.0,20133.25,20135.5,30596,5.280169304959544
2026-01-26 15:40:00,20135.5,20140.0,20131.5,20135.0,27604,5.510157211748147
2026-01-26 15:45:00,20135.0,20142.25,20132.25,20140.5,34016,5.830860268051851
2026-01-26 15:50:00,20140.5,20141.25,20129.75,20137.5,28985,6.235798820333862
2026-01-26 15:55:00,20137.5,20141.75,20134.0,20139.75,26788,6.343956047452872
2026-01-27 09:30:00,20139.75,20142.75,20129.25,20135.0,26005,6.855102044063382
2026-01-27 09:35:00,20135.0,20140.25,20127.0,20134.0,25965,7.311880469487426
2026-01-27 09:40:00,20134.0,20139.25,20131.0,20139.0,29490,7.378889007381182
2026-01-27 09:45:00,20139.0,20148.5,20138.75,20146.25,23506,7.548254078282526
2026-01-27 09:50:00,20146.25,20148.0,20138.75,20144.0,34882,7.669807358405203
2026-01-27 09:55:00,20144.0,20144.5,20138.5,20144.25,36632,7.550535404233403
2026-01-27 10:00:00,20144.25,20147.25,20140.0,20143.75,14810,7.529068589645304
2026-01-27 10:05:00,20143.75,20144.0,20136.5,20136.75,18694,7.526992261813496
2026-01-27 10:10:00,20136.75,20140.0,20136.0,20138.75,13295,7.275064243112532
2026-01-27 10:15:00,20138.75,20150.5,20138.5,20141.0,12622,7.61255965431878
2026-01-27 10:20:00,20141.0,20143.5,20137.25,20139.25,13784,7.515233964724581
2026-01-27 10:25:00,20139.25,20145.5,20138.25,20145.5,12892,7.496288681529968
2026-01-27 10:30:00,20145.5,20150.0,20144.5,20148.75,14980,7.353696632849257
2026-01-27 10:35:00,20148.75,20149.5,20140.5,20144.25,15054,7.471289730502882
2026-01-27 10:40:00,20144.25,20148.0,20142.25,20143.75,15731,7.34834046403839
2026-01-27 10:45:00,20143.75,20149.5,20143.5,20149.5,14636,7.252030430892791
2026-01-27 10:50:00,20149.5,20150.75,20144.5,20150.5,13700,7.180456828686164
2026-01-27 10:55:00,20150.5,20152.5,20143.25,20151.5,16284,7.328281340922866
2026-01-27 11:00:00,20151.5,20155.0,20146.75,20149.25,11957,7.3941183879998045
2026-01-27 11:05:00,20149.25,20150.75,20141.5,20145.5,18475,7.526681360285533
2026-01-27 11:10:00,20145.5,20151.0,20144.5,20148.75,12801,7.453346977407995
2026-01-27 11:15:00,20148.75,20151.0,20145.25,20150.0,15327,7.331679336164567
2026-01-27 11:20:00,20150.0,20151.0,20146.5,20147.0,16961,7.1294165264385265
2026-01-27 11:25:00,20147.0,20148.25,20143.25,20144.25,11408,6.9773153459786315
2026-01-27 11:30:00,20144.25,20145.5,20143.25,20144.25,7150,6.639649964123015
2026-01-27 11:35:00,20144.25,20145.0,20142.0,20143.0,6035,6.3796749666856565
2026-01-27 11:40:00,20143.0,20143.75,20142.0,20143.75,7208,6.048983897636681
2026-01-27 11:45:00,20143.75,20144.5,20142.75,20144.0,5771,5.741913619234062
2026-01-27 11:50:00,20144.0,20144.5,20142.0,20143.5,7243,5.510348360717344
2026-01-27 11:55:00,20143.5,20144.75,20142.75,20144.75,6799,5.259609192094676
2026-01-27 12:00:00,20144.75,20147.0,20142.0,20144.75,6122,5.241065678373628
2026-01-27 12:05:00,20144.75,20146.25,20144.25,20145.0,6051,5.009560987061227
2026-01-27 12:10:00,20145.0,20148.25,20143.0,20144.25,6618,5.02673520227114
2026-01-27 12:15:00,20144.25,20147.0,20143.0,20146.0,5666,4.953396973537487
2026-01-27 12:20:00,20146.0,20146.25,20144.0,20144.0,6688,4.760297189713381
2026-01-27 12:25:00,20144.0,20144.5,20142.5,20143.75,5635,4.563133104733854
2026-01-27 12:30:00,20143.75,20147.25,20142.25,20145.75,5272,4.59433788296715
2026-01-27 12:35:00,20145.75,20148.25,20145.0,20148.0,7538,4.498313748469497
2026-01-27 12:40:00,20148.0,20148.75,20146.75,20147.0,5463,4.3198627664359615
2026-01-27 12:45:00,20147.0,20147.75,20146.5,20147.0,5915,4.100586854547679
2026-01-27 12:50:00,20147.0,20150.75,20147.0,20150.0,6139,4.075544936365702
2026-01-27 12:55:00,20150.0,20150.5,20146.5,20148.0,6578,4.070148869482438
2026-01-27 13:00:00,20148.0,20148.25,20145.75,20147.5,6626,3.9579953788051205
2026-01-27 13:05:00,20147.5,20149.0,20146.0,20147.25,5737,3.889567137461898
2026-01-27 13:10:00,20147.25,20150.0,20147.25,20149.0,5985,3.808169484786048
2026-01-27 13:15:00,20149.0,20152.0,20147.75,20148.25,6320,3.8397288073013303
2026-01-27 13:20:00,20148.25,20149.25,20147.25,20149.25,6205,3.7083196067798068
2026-01-27 13:25:00,20149.25,20150.75,20148.0,20150.0,6635,3.639868206295535
2026-01-27 13:30:00,20150.0,20152.25,20146.75,20150.0,14417,3.772734762988711
2026-01-27 13:35:00,20150.0,20152.25,20143.75,20146.25,13747,4.110396565632374
2026-01-27 13:40:00,20146.25,20147.0,20142.25,20146.0,11440,4.156082525230062
2026-01-27 13:45:00,20146.0,20149.75,20145.5,20147.25,13662,4.162790916285058
2026-01-27 13:50:00,20147.25,20151.25,20146.25,20149.5,16597,4.2225915651218395
2026-01-27 13:55:00,20149.5,20154.0,20149.25,20152.0,10930,4.260263596184565
2026-01-27 14:00:00,20152.0,20156.0,20152.0,20153.5,14393,4.241673339314239
2026-01-27 14:05:00,20153.5,20154.25,20150.75,20152.25,12789,4.188696672220365
2026-01-27 14:10:00,20152.25,20155.25,20150.75,20152.5,16943,4.2109326242046246
2026-01-27 14:15:00,20152.5,20152.5,20148.5,20148.75,14845,4.195866008190008
2026-01-27 14:20:00,20148.75,20153.75,20147.25,20150.75,13606,4.360447007605008
2026-01-27 14:25:00,20150.75,20152.75,20142.75,20147.5,15496,4.763272221347508
2026-01-27 14:30:00,20147.5,20151.25,20145.25,20147.75,13766,4.851609919822686
2026-01-27 14:35:00,20147.75,20148.75,20144.5,20147.5,12022,4.808637782692495
2026-01-27 14:40:00,20147.5,20148.0,20143.25,20144.25,12141,4.804449369643031
2026-01-27 14:45:00,20144.25,20148.75,20143.25,20146.5,15710,4.854131557525672
2026-01-27 14:50:00,20146.5,20147.5,20143.75,20145.5,12827,4.77526501770241
2026-01-27 14:55:00,20145.5,20148.0,20142.75,20146.75,12561,4.8091746592950955
2026-01-27 15:00:00,20146.75,20148.75,20143.25,20146.75,9839,4.858519326488303
2026-01-27 15:05:00,20146.75,20151.0,20145.0,20147.75,12859,4.940053660310568
2026-01-27 15:10:00,20147.75,20149.0,20145.25,20147.75,10026,4.855049827431242
2026-01-27 15:15:00,20147.75,20150.75,20147.75,20149.75,13858,4.722546268329011
2026-01-27 15:20:00,20149.75,20156.0,20147.5,20155.25,13311,4.9923643920197955
2026-01-27 15:25:00,20155.25,20159.0,20153.75,20158.5,14224,5.010766935446953
2026-01-27 15:30:00,20158.5,20165.75,20158.25,20161.0,28321,5.1885692972007424
2026-01-27 15:35:00,20161.0,20165.5,20157.75,20163.25,27336,5.371528633114975
2026-01-27 15:40:00,20163.25,20171.25,20162.0,20169.0,25640,5.648562302178191
2026-01-27 15:45:00,20169.0,20173.5,20166.75,20170.75,28043,5.727236423451177
2026-01-27 15:50:00,20170.75,20178.25,20170.5,20173.25,29934,5.871719536061807
2026-01-27 15:55:00,20173.25,20178.5,20169.0,20175.25,24035,6.130882426343107
2026-01-28 09:30:00,20175.25,20180.5,20172.75,20178.75,23830,6.246533681604315
2026-01-28 09:35:00,20178.75,20181.75,20170.25,20176.75,31702,6.621781275775435
2026-01-28 09:40:00,20176.75,20179.5,20169.25,20175.5,29408,6.880939756077189
2026-01-28 09:45:00,20175.5,20183.75,20170.25,20177.5,31405,7.353729773500247
2026-01-28 09:50:00,20177.5,20180.5,20172.0,20175.75,28642,7.435606218250229
2026-01-28 09:55:00,20175.75,20179.25,20173.75,20176.25,28261,7.2973486312323566
2026-01-28 10:00:00,20176.25,20179.25,20174.5,20175.5,18052,7.115395157572903
2026-01-28 10:05:00,20175.5,20179.25,20174.0,20174.5,16075,6.9821526463176955
2026-01-28 10:10:00,20174.5,20179.0,20173.25,20176.5,15710,6.894141743009289
2026-01-28 10:15:00,20176.5,20183.5,20175.25,20177.5,13667,6.990988761365768
2026-01-28 10:20:00,20177.5,20179.5,20172.75,20173.0,16730,6.973775278411071
2026-01-28 10:25:00,20173.0,20173.5,20169.25,20171.5,15121,6.779219901381709
2026-01-28 10:30:00,20171.5,20172.5,20169.0,20171.0,13096,6.544989908425873
2026-01-28 10:35:00,20171.0,20175.0,20169.75,20170.25,11164,6.452490629252597
2026-01-28 10:40:00,20170.25,20174.25,20169.0,20169.25,13397,6.36659844144884
2026-01-28 10:45:00,20169.25,20172.0,20167.0,20168.75,15893,6.268984267059637
2026-01-28 10:50:00,20168.75,20172.25,20167.25,20170.75,15686,6.178342533698235
2026-01-28 10:55:00,20170.75,20177.25,20169.5,20176.75,10021,6.290603781291218
2026-01-28 11:00:00,20176.75,20181.75,20173.25,20179.5,13149,6.448417796913274
2026-01-28 11:05:00,20179.5,20182.5,20171.25,20174.0,14226,6.791387954276612
2026-01-28 11:10:00,20174.0,20179.0,20173.25,20178.75,17125,6.717003100399711
2026-01-28 11:15:00,20178.75,20180.5,20176.25,20179.5,14249,6.540788593228303
2026-01-28 11:20:00,20179.5,20183.0,20174.0,20175.5,14770,6.716446550854853
2026-01-28 11:25:00,20175.5,20176.75,20173.25,20174.0,15033,6.486700368650935
2026-01-28 11:30:00,20174.0,20175.25,20173.0,20173.75,6270,6.184078913747297
2026-01-28 11:35:00,20173.75,20175.0,20172.5,20173.5,5967,5.9209304199082045
2026-01-28 11:40:00,20173.5,20177.25,20173.25,20175.75,5553,5.783721104200476
2026-01-28 11:45:00,20175.75,20176.25,20174.75,20174.75,5923,5.477741025329013
2026-01-28 11:50:00,20174.75,20176.25,20173.25,20175.75,6467,5.3007595235197975
2026-01-28 11:55:00,20175.75,20176.5,20174.0,20176.5,5264,5.1007052718398125
2026-01-28 12:00:00,20176.5,20177.25,20175.5,20177.0,7174,4.861369180994112
2026-01-28 12:05:00,20177.0,20178.5,20175.75,20178.25,5478,4.710557096637389
2026-01-28 12:10:00,20178.25,20179.25,20177.5,20178.75,4866,4.499088732591861
2026-01-28 12:15:00,20178.75,20179.75,20176.5,20177.5,4787,4.409868108835299
2026-01-28 12:20:00,20177.5,20178.25,20176.25,20176.75,7108,4.237734672489921
2026-01-28 12:25:00,20176.75,20179.25,20176.5,20178.75,5895,4.131467910169213
2026-01-28 12:30:00,20178.75,20179.0,20176.75,20177.75,6291,3.997077345157126
2026-01-28 12:35:00,20177.75,20178.5,20176.75,20177.5,6778,3.8365718205030457
2026-01-28 12:40:00,20177.5,20178.0,20175.25,20175.75,5842,3.758959547609971
2026-01-28 12:45:00,20175.75,20176.75,20174.0,20174.5,5510,3.6868910084949733
2026-01-28 12:50:00,20174.5,20175.75,20173.5,20174.25,5201,3.584255936459618
2026-01-28 12:55:00,20174.25,20175.0,20172.75,20173.25,5777,3.488951940998217
2026-01-28 13:00:00,20173.25,20173.25,20171.25,20171.75,4827,3.3825982309269156
2026-01-28 13:05:00,20171.75,20173.0,20170.25,20170.25,5570,3.3374126430035647
2026-01-28 13:10:00,20170.25,20171.75,20169.0,20169.0,5719,3.295454597074739
2026-01-28 13:15:00,20169.0,20171.5,20168.25,20171.5,6158,3.2922078401408292
2026-01-28 13:20:00,20171.5,20171.5,20169.0,20170.0,5761,3.235621565845056
2026-01-28 13:25:00,20170.0,20171.0,20167.75,20169.0,6233,3.2366485968561234
2026-01-28 13:30:00,20169.0,20174.25,20167.5,20170.0,13651,3.487602268509258
2026-01-28 13:35:00,20170.0,20173.0,20168.75,20168.75,13663,3.542059249330025
2026-01-28 13:40:00,20168.75,20173.75,20168.5,20171.25,13340,3.6640550172350235
2026-01-28 13:45:00,20171.25,20171.75,20167.5,20170.25,16757,3.7059082302896647
2026-01-28 13:50:00,20170.25,20171.75,20165.25,20168.0,12867,3.905486213840403
2026-01-28 13:55:00,20168.0,20169.5,20163.0,20163.5,12764,4.090808627137517
2026-01-28 14:00:00,20163.5,20163.5,20158.0,20158.25,12068,4.191465153770552
2026-01-28 14:05:00,20158.25,20162.75,20157.5,20161.75,13658,4.267074785644084
2026-01-28 14:10:00,20161.75,20163.75,20159.75,20162.75,11278,4.247998015240936
2026-01-28 14:15:00,20162.75,20164.75,20161.75,20163.25,14587,4.158855299866583
2026-01-28 14:20:00,20163.25,20164.0,20158.75,20160.25,11625,4.236794207018971
2026-01-28 14:25:00,20160.25,20164.25,20159.25,20161.25,13820,4.2913089065176155
2026-01-28 14:30:00,20161.25,20165.0,20161.0,20164.0,17714,4.270501127480643
2026-01-28 14:35:00,20164.0,20165.25,20161.0,20162.5,12297,4.269036761232026
2026-01-28 14:40:00,20162.5,20163.75,20158.75,20160.25,13154,4.321248421144023
2026-01-28 14:45:00,20160.25,20165.5,20158.25,20162.75,12479,4.530444962490879
2026-01-28 14:50:00,20162.75,20163.75,20158.5,20159.75,14563,4.581841750884388
2026-01-28 14:55:00,20159.75,20161.0,20156.25,20157.75,12665,4.593853054392646
2026-01-28 15:00:00,20157.75,20161.5,20156.0,20157.5,13652,4.658577836221744
2026-01-28 15:05:00,20157.5,20157.75,20154.0,20154.25,13215,4.593679419348763
2026-01-28 15:10:00,20154.25,20159.0,20152.75,20158.75,13083,4.711988032252423
2026-01-28 15:15:00,20158.75,20165.5,20158.25,20164.25,12659,4.89327460137725
2026-01-28 15:20:00,20164.25,20167.0,20161.25,20161.75,14950,4.954469272707446
2026-01-28 15:25:00,20161.75,20162.5,20156.5,20159.25,14555,5.029150038942629
2026-01-28 15:30:00,20159.25,20163.75,20155.0,20162.5,33284,5.294925036161013
2026-01-28 15:35:00,20162.5,20163.75,20156.25,20156.5,34951,5.452430390720941
2026-01-28 15:40:00,20156.5,20162.0,20156.0,20160.5,26780,5.491542505669445
2026-01-28 15:45:00,20160.5,20162.0,20156.0,20157.5,31400,5.527860898121628
2026-01-28 15:50:00,20157.5,20161.75,20156.25,20159.25,28999,5.5258708339700835
2026-01-28 15:55:00,20159.25,20165.5,20158.75,20164.25,31350,5.6133086315436485
2026-01-29 09:30:00,20164.25,20168.75,20161.75,20167.75,27948,5.712358015004817
2026-01-29 09:35:00,20167.75,20169.25,20161.25,20165.25,33677,5.875761013933044
2026-01-29 09:40:00,20165.25,20175.25,20158.25,20162.0,37858,6.670349512937826
2026-01-29 09:45:00,20162.0,20164.75,20157.75,20159.5,29446,6.693895976299411
2026-01-29 09:50:00,20159.5,20169.5,20151.0,20164.75,30483,7.537189120849453
2026-01-29 09:55:00,20164.75,20174.0,20161.25,20172.75,33167,7.909532755074492
2026-01-29 10:00:00,20172.75,20175.25,20169.0,20170.75,15161,7.7909947011406
2026-01-29 10:05:00,20170.75,20175.0,20167.75,20171.75,17291,7.7523522224876995
2026-01-29 10:10:00,20171.75,20176.25,20168.0,20171.25,17487,7.787898492310007
2026-01-29 10:15:00,20171.25,20177.75,20171.0,20176.75,18075,7.713762885716435
2026-01-29 10:20:00,20176.75,20181.75,20176.0,20179.5,12385,7.573494108165262
2026-01-29 10:25:00,20179.5,20180.5,20174.75,20177.0,17548,7.443244529010601
2026-01-29 10:30:00,20177.0,20181.5,20175.75,20177.25,17607,7.322298491224129
2026-01-29 10:35:00,20177.25,20181.75,20176.25,20179.75,13695,7.192134313279549
2026-01-29 10:40:00,20179.75,20182.0,20174.5,20179.5,15552,7.214124719473867
2026-01-29 10:45:00,20179.5,20185.0,20177.5,20182.25,13789,7.234544382368591
2026-01-29 10:50:00,20182.25,20182.5,20178.5,20181.0,11524,7.003505497913691
2026-01-29 10:55:00,20181.0,20184.75,20178.5,20182.25,17516,6.949683676634142
2026-01-29 11:00:00,20182.25,20187.25,20179.75,20187.0,15064,6.988991985445989
2026-01-29 11:05:00,20187.0,20187.75,20183.5,20186.5,14962,6.793349700771276
2026-01-29 11:10:00,20186.5,20192.25,20186.5,20187.0,14715,6.718824722144756
2026-01-29 11:15:00,20187.0,20189.0,20184.0,20186.25,14240,6.5960515277058445
2026-01-29 11:20:00,20186.25,20188.25,20183.5,20187.5,14692,6.464190704298285
2026-01-29 11:25:00,20187.5,20191.25,20185.25,20190.75,15945,6.431034225419836
2026-01-29 11:30:00,20190.75,20191.0,20186.75,20188.25,5631,6.275246066461277
2026-01-29 11:35:00,20188.25,20189.75,20187.5,20187.75,6131,5.9877284902854715
2026-01-29 11:40:00,20187.75,20188.75,20185.5,20186.5,5367,5.79217645526508
2026-01-29 11:45:00,20186.5,20188.0,20185.25,20186.25,4675,5.5748781370318605
2026-01-29 11:50:00,20186.25,20187.5,20184.0,20187.0,5160,5.4266725558152995
2026-01-29 11:55:00,20187.0,20187.5,20184.5,20185.25,5671,5.253338801828493
2026-01-29 12:00:00,20185.25,20187.5,20184.25,20186.0,4588,5.110243173126458
2026-01-29 12:05:00,20186.0,20187.0,20184.5,20187.0,5969,4.923797232188854
2026-01-29 12:10:00,20187.0,20187.25,20184.25,20185.5,6234,4.786383144175365
2026-01-29 12:15:00,20185.5,20188.0,20184.5,20186.5,7966,4.694498633877124
2026-01-29 12:20:00,20186.5,20189.0,20185.0,20188.75,6927,4.644891588600187
2026-01-29 12:25:00,20188.75,20189.5,20185.25,20187.5,5000,4.616685046557317
2026-01-29 12:30:00,20187.5,20189.75,20186.75,20188.5,5700,4.501207543231795
2026-01-29 12:35:00,20188.5,20189.25,20186.5,20186.75,7495,4.376121290143809
2026-01-29 12:40:00,20186.75,20190.5,20186.5,20189.5,5574,4.349255483704965
2026-01-29 12:45:00,20189.5,20189.75,20187.75,20188.75,4687,4.181451520583183
2026-01-29 12:50:00,20188.75,20191.0,20187.25,20190.0,5406,4.150633554827241
2026-01-29 12:55:00,20190.0,20193.25,20189.75,20192.0,3989,4.104159729482438
2026-01-29 13:00:00,20192.0,20195.25,20191.75,20194.25,5310,4.061005463090836
2026-01-29 13:05:00,20194.25,20195.0,20192.75,20194.0,5189,3.931647930012919
2026-01-29 13:10:00,20194.0,20196.25,20192.0,20194.75,5608,3.954387363583425
2026-01-29 13:15:00,20194.75,20196.25,20194.0,20195.75,4734,3.8326454090417514
2026-01-29 13:20:00,20195.75,20196.25,20194.75,20195.0,6825,3.6660278798244836
2026-01-29 13:25:00,20195.0,20198.75,20194.5,20198.5,6307,3.7077401741227347
2026-01-29 13:30:00,20198.5,20202.0,20197.25,20199.5,13310,3.7821873045425396
2026-01-29 13:35:00,20199.5,20204.5,20199.0,20203.25,14865,3.90488821136093
2026-01-29 13:40:00,20203.25,20207.5,20202.25,20204.0,10685,4.000967624835149
2026-01-29 13:45:00,20204.0,20210.0,20204.0,20208.75,16477,4.143755651632639
2026-01-29 13:50:00,20208.75,20215.5,20208.0,20214.25,15608,4.383487390801736
2026-01-29 13:55:00,20214.25,20218.25,20213.5,20218.0,13418,4.409666862887327
2026-01-29 14:00:00,20218.0,20220.0,20213.75,20214.0,14225,4.541119229823946
2026-01-29 14:05:00,20214.0,20216.0,20210.0,20216.0,14501,4.645324999122236
2026-01-29 14:10:00,20216.0,20219.5,20213.75,20214.5,13970,4.724230356327791
2026-01-29 14:15:00,20214.5,20217.5,20211.0,20213.75,13710,4.85107104516152
2026-01-29 14:20:00,20213.75,20215.5,20212.0,20212.75,13571,4.754565970507126
2026-01-29 14:25:00,20212.75,20212.75,20208.5,20209.75,13930,4.718525544042332
2026-01-29 14:30:00,20209.75,20214.5,20207.75,20211.5,14726,4.863630862325022
2026-01-29 14:35:00,20211.5,20218.5,20211.5,20216.5,13906,5.016228657873235
2026-01-29 14:40:00,20216.5,20218.25,20214.0,20217.0,14203,4.961498039453718
2026-01-29 14:45:00,20217.0,20223.0,20215.75,20220.5,11891,5.124962465207025
2026-01-29 14:50:00,20220.5,20221.25,20218.0,20218.0,16473,4.991036574835094
2026-01-29 14:55:00,20218.0,20218.25,20214.5,20215.0,13173,4.902391105204017
2026-01-29 15:00:00,20215.0,20217.0,20213.5,20215.75,12213,4.802220311975159
2026-01-29 15:05:00,20215.75,20219.0,20215.0,20217.25,14736,4.74491886111979
2026-01-29 15:10:00,20217.25,20220.75,20214.5,20220.5,15860,4.85242465675409
2026-01-29 15:15:00,20220.5,20222.5,20215.75,20220.5,10812,4.987965752700227
2026-01-29 15:20:00,20220.5,20221.5,20216.25,20219.0,14015,5.00668248465021
2026-01-29 15:25:00,20219.0,20219.5,20215.75,20217.0,12204,4.9169194500323385
2026-01-29 15:30:00,20217.0,20220.0,20205.0,20207.0,28646,5.637139489315743
2026-01-29 15:35:00,20207.0,20212.5,20201.75,20203.25,32545,6.002343811507476
2026-01-29 15:40:00,20203.25,20208.75,20196.75,20204.5,28231,6.4307478249712275
2026-01-29 15:45:00,20204.5,20207.75,20202.25,20207.25,25911,6.364265837473283
2026-01-29 15:50:00,20207.25,20212.5,20202.75,20210.5,29882,6.606103991939477
2026-01-29 15:55:00,20210.5,20214.75,20204.5,20212.75,29934,6.866382278229515
2026-01-30 09:30:00,20212.75,20216.25,20209.5,20211.5,32129,6.858069258355978
2026-01-30 09:35:00,20211.5,20216.75,20204.75,20211.25,27423,7.225350025616265
2026-01-30 09:40:00,20211.25,20212.75,20201.0,20205.25,27516,7.548539309500818
2026-01-30 09:45:00,20205.25,20214.0,20200.0,20213.0,31024,8.00935793025076
2026-01-30 09:50:00,20213.0,20218.75,20205.25,20211.5,25604,8.401546649518563
2026-01-30 09:55:00,20211.5,20222.0,20209.5,20220.25,25888,8.694293317410095
2026-01-30 10:00:00,20220.25,20225.0,20217.5,20222.5,15227,8.608986651880803
2026-01-30 10:05:00,20222.5,20226.25,20222.25,20223.75,16378,8.279773319603605
2026-01-30 10:10:00,20223.75,20226.0,20219.5,20223.25,15607,8.152646653917632
2026-01-30 10:15:00,20223.25,20228.0,20220.5,20222.0,14857,8.106029035780658
2026-01-30 10:20:00,20222.0,20228.0,20220.5,20225.5,16227,8.062741247510612
2026-01-30 10:25:00,20225.5,20227.0,20223.0,20226.0,15223,7.7725454441169965
2026-01-30 10:30:00,20226.0,20230.5,20224.5,20230.0,12125,7.645935055251497
2026-01-30 10:35:00,20230.0,20231.5,20228.0,20230.75,15293,7.349796837019248
2026-01-30 10:40:00,20230.75,20231.5,20228.5,20230.25,13560,7.039097062946445
2026-01-30 10:45:00,20230.25,20236.0,20229.0,20235.25,13804,7.036304415593128
2026-01-30 10:50:00,20235.25,20237.5,20233.0,20233.75,14229,6.855139814479333
2026-01-30 10:55:00,20233.75,20234.5,20227.75,20233.25,15572,6.84762982773081
2026-01-30 11:00:00,20233.25,20238.25,20233.0,20236.75,17583,6.733513411464323
2026-01-30 11:05:00,20236.75,20242.25,20236.5,20240.0,11519,6.663262453502586
2026-01-30 11:10:00,20240.0,20242.5,20237.75,20240.75,15131,6.526600849680973
2026-01-30 11:15:00,20240.75,20242.0,20236.5,20241.0,15945,6.453272217560904
2026-01-30 11:20:00,20241.0,20245.25,20239.75,20242.75,12480,6.385181344877982
2026-01-30 11:25:00,20242.75,20244.25,20239.25,20244.25,15254,6.286239820243841
2026-01-30 11:30:00,20244.25,20246.5,20244.0,20245.0,5724,6.015794118797853
2026-01-30 11:35:00,20245.0,20246.0,20242.5,20245.75,6214,5.836094538883721
2026-01-30 11:40:00,20245.75,20247.0,20244.25,20246.75,6278,5.61565921467774
2026-01-30 11:45:00,20246.75,20250.5,20245.75,20249.75,4995,5.553826413629331
2026-01-30 11:50:00,20249.75,20250.0,20248.25,20248.5,6467,5.282124526941521
2026-01-30 11:55:00,20248.5,20250.0,20247.75,20248.25,5905,5.065544203588555
2026-01-30 12:00:00,20248.25,20250.75,20248.0,20249.5,5634,4.900148189046515
2026-01-30 12:05:00,20249.5,20251.0,20247.75,20248.0,6723,4.782280461257478
2026-01-30 12:10:00,20248.0,20249.25,20247.0,20249.25,4806,4.601403285453372
2026-01-30 12:15:00,20249.25,20250.75,20247.0,20249.25,7466,4.540588765063847
2026-01-30 12:20:00,20249.25,20250.0,20247.75,20248.0,6047,4.3769752818450005
2026-01-30 12:25:00,20248.0,20249.0,20246.5,20247.25,5653,4.2429056188560725
2026-01-30 12:30:00,20247.25,20249.5,20246.75,20248.5,5652,4.136269503223496
2026-01-30 12:35:00,20248.5,20249.0,20245.75,20247.5,6513,4.072964538707532
2026-01-30 12:40:00,20247.5,20248.0,20246.25,20247.75,6708,3.9070385002284223
2026-01-30 12:45:00,20247.75,20248.0,20246.75,20247.5,5035,3.7172500359263925
2026-01-30 12:50:00,20247.5,20249.5,20246.75,20249.25,6779,3.648160747645936
2026-01-30 12:55:00,20249.25,20252.25,20248.75,20250.75,6066,3.6375778370997978
2026-01-30 13:00:00,20250.75,20252.5,20250.25,20251.5,5593,3.538465134449812
2026-01-30 13:05:00,20251.5,20252.5,20249.5,20250.75,5878,3.5000033391319687
2026-01-30 13:10:00,20250.75,20254.25,20250.25,20252.5,6385,3.535717386336828
2026-01-30 13:15:00,20252.5,20254.75,20252.25,20254.0,6807,3.4617375730270545
2026-01-30 13:20:00,20254.0,20255.25,20252.75,20253.0,5124,3.3930420320965506
2026-01-30 13:25:00,20253.0,20255.75,20250.75,20254.25,6018,3.507824744089654
2026-01-30 13:30:00,20254.25,20263.0,20251.75,20256.75,12818,4.060837262368965
2026-01-30 13:35:00,20256.75,20261.25,20256.5,20260.0,10601,4.110063172199753
2026-01-30 13:40:00,20260.0,20265.0,20258.75,20264.25,12747,4.262915802756914
2026-01-30 13:45:00,20264.25,20267.0,20261.5,20265.0,11722,4.3512789597028485
2026-01-30 13:50:00,20265.0,20267.0,20262.25,20265.25,13853,4.379759034009788
2026-01-30 13:55:00,20265.25,20268.75,20264.0,20268.25,13594,4.406204817294803
2026-01-30 14:00:00,20268.25,20271.0,20265.5,20267.0,14254,4.4843330446308896
2026-01-30 14:05:00,20267.0,20269.5,20266.5,20268.5,11943,4.378309255728683
2026-01-30 14:10:00,20268.5,20270.25,20267.5,20269.0,14363,4.262001451748063
2026-01-30 14:15:00,20269.0,20273.0,20266.0,20271.5,14288,4.457572776623201
2026-01-30 14:20:00,20271.5,20276.5,20268.75,20269.75,15460,4.692746149721544
2026-01-30 14:25:00,20269.75,20275.5,20268.25,20275.5,15542,4.875407139027148
2026-01-30 14:30:00,20275.5,20277.5,20272.0,20274.75,16213,4.920020914810924
2026-01-30 14:35:00,20274.75,20281.75,20272.0,20280.75,15012,5.265019420895858
2026-01-30 14:40:00,20280.75,20285.0,20277.25,20278.75,10341,5.442518033689011
2026-01-30 14:45:00,20278.75,20282.5,20275.5,20282.5,15483,5.5537667455683675
2026-01-30 14:50:00,20282.5,20284.5,20273.0,20281.5,14593,5.978497692313484
2026-01-30 14:55:00,20281.5,20290.5,20281.25,20289.25,11506,6.212176428576806
2026-01-30 15:00:00,20289.25,20292.25,20288.25,20289.0,12474,6.054163826535606
2026-01-30 15:05:00,20289.0,20290.75,20287.0,20288.5,14807,5.889580696068777
2026-01-30 15:10:00,20288.5,20288.75,20284.75,20288.0,14207,5.754610646349579
2026-01-30 15:15:00,20288.0,20290.25,20280.5,20281.25,16146,6.039995600181752
2026-01-30 15:20:00,20281.25,20283.0,20278.5,20281.0,14324,5.929995914454484
2026-01-30 15:25:00,20281.0,20282.25,20279.25,20279.75,13307,5.720710491993449
2026-01-30 15:30:00,20279.75,20283.25,20278.0,20280.75,26500,5.687088313993917
2026-01-30 15:35:00,20280.75,20281.75,20277.5,20281.5,31590,5.584439148708638
2026-01-30 15:40:00,20281.5,20289.75,20280.25,20285.75,30955,5.864122066658021
2026-01-30 15:45:00,20285.75,20291.25,20284.5,20289.0,30448,5.927399061896734
2026-01-30 15:50:00,20289.0,20296.0,20286.5,20293.25,31016,6.182584843189825
2026-01-30 15:55:00,20293.25,20301.25,20288.5,20290.5,29689,6.651685925819123
2026-02-02 09:30:00,20290.5,20297.5,20287.75,20292.75,30574,6.8729940739749
2026-02-02 09:35:00,20292.75,20295.75,20287.75,20291.5,29163,6.953494497262407
2026-02-02 09:40:00,20291.5,20294.25,20289.75,20290.75,29834,6.778244890315093
2026-02-02 09:45:00,20290.75,20295.25,20286.5,20292.75,20729,6.919084541006872
2026-02-02 09:50:00,20292.75,20296.75,20289.0,20295.0,26577,6.978435645220667
2026-02-02 09:55:00,20295.0,20307.75,20294.5,20302.0,29957,7.426404527704905
2026-02-02 10:00:00,20302.0,20307.75,20301.75,20307.5,11267,7.324518490011698
2026-02-02 10:05:00,20307.5,20311.5,20306.75,20311.25,14749,7.1406243121537205
2026-02-02 10:10:00,20311.25,20313.0,20308.75,20311.25,15382,6.934151146999884
2026-02-02 10:15:00,20311.25,20316.5,20309.0,20314.75,11736,6.9745689222141785
2026-02-02 10:20:00,20314.75,20318.25,20313.75,20315.5,11558,6.79781399919888
2026-02-02 10:25:00,20315.5,20320.5,20314.5,20319.5,13250,6.740827284970389
2026-02-02 10:30:00,20319.5,20324.75,20318.25,20322.25,11622,6.723625336043933
2026-02-02 10:35:00,20322.25,20325.25,20319.25,20319.75,13491,6.671937812040795
2026-02-02 10:40:00,20319.75,20320.5,20314.25,20320.5,17493,6.641799396895024
2026-02-02 10:45:00,20320.5,20325.0,20318.0,20318.25,16724,6.667385154259666
2026-02-02 10:50:00,20318.25,20320.5,20311.5,20317.5,18029,6.834000500383976
2026-02-02 10:55:00,20317.5,20320.0,20313.0,20315.25,18458,6.845857607499406
2026-02-02 11:00:00,20315.25,20318.5,20314.0,20314.75,14391,6.678296349820877
2026-02-02 11:05:00,20314.75,20316.5,20313.0,20314.5,14503,6.451275181976529
2026-02-02 11:10:00,20314.5,20316.0,20312.25,20315.75,11671,6.258326954692492
2026-02-02 11:15:00,20315.75,20320.5,20313.75,20317.5,14984,6.293446457928742
2026-02-02 11:20:00,20317.5,20319.75,20314.25,20317.0,15174,6.236771710933833
2026-02-02 11:25:00,20317.0,20318.25,20315.25,20316.5,12636,6.005573731581417
2026-02-02 11:30:00,20316.5,20318.75,20314.75,20316.75,6599,5.862318465039887
2026-02-02 11:35:00,20316.75,20319.75,20316.25,20317.75,6072,5.693581431822752
2026-02-02 11:40:00,20317.75,20319.0,20314.75,20316.0,5771,5.590468472406841
2026-02-02 11:45:00,20316.0,20317.5,20315.5,20317.0,6832,5.334006438663496
2026-02-02 11:50:00,20317.0,20318.5,20316.5,20318.0,6041,5.095863121616104
2026-02-02 11:55:00,20318.0,20321.25,20317.25,20320.0,6424,5.0175871843578115
2026-02-02 12:00:00,20320.0,20321.25,20318.25,20320.25,5932,4.873473814046539
2026-02-02 12:05:00,20320.25,20323.5,20319.25,20321.0,5924,4.828939970186073
2026-02-02 12:10:00,20321.0,20323.5,20321.0,20322.0,5551,4.662587115172783
2026-02-02 12:15:00,20322.0,20325.25,20320.5,20324.0,6857,4.668830892660441
2026-02-02 12:20:00,20324.0,20327.0,20322.5,20324.75,4945,4.656771543184695
2026-02-02 12:25:00,20324.75,20326.0,20324.0,20324.25,5361,4.467002147242932
2026-02-02 12:30:00,20324.25,20326.5,20324.25,20324.5,5858,4.3086448510112945
2026-02-02 12:35:00,20324.5,20326.0,20322.75,20323.0,6111,4.2330273616533445
2026-02-02 12:40:00,20323.0,20325.25,20322.25,20325.0,7233,4.144953978678106
2026-02-02 12:45:00,20325.0,20325.5,20323.0,20323.75,6692,4.027457265915384
2026-02-02 12:50:00,20323.75,20327.5,20323.25,20327.5,6455,4.043353175492856
2026-02-02 12:55:00,20327.5,20329.5,20327.0,20328.75,6608,3.9331136629576524
2026-02-02 13:00:00,20328.75,20332.0,20327.75,20330.0,4775,3.95574840131782
2026-02-02 13:05:00,20330.0,20331.0,20328.5,20331.0,6163,3.8517663726522615
2026-02-02 13:10:00,20331.0,20333.25,20330.75,20332.0,4575,3.7552116317485287
2026-02-02 13:15:00,20332.0,20333.75,20331.75,20333.0,6801,3.6298393723379196
2026-02-02 13:20:00,20333.0,20336.0,20331.75,20335.25,5887,3.674136560028068
2026-02-02 13:25:00,20335.25,20339.0,20335.25,20336.75,4529,3.6795553771689207
2026-02-02 13:30:00,20336.75,20341.25,20334.5,20340.0,13887,3.8988728502282837
2026-02-02 13:35:00,20340.0,20340.0,20334.25,20337.0,16102,4.031096218069121
2026-02-02 13:40:00,20337.0,20341.25,20336.75,20341.0,12169,4.064589345349898
2026-02-02 13:45:00,20341.0,20341.5,20336.25,20337.25,11762,4.149261534967762
2026-02-02 13:50:00,20337.25,20342.0,20336.0,20339.75,9543,4.281457139612922
2026-02-02 13:55:00,20339.75,20340.5,20336.5,20337.75,12385,4.261353058211999
2026-02-02 14:00:00,20337.75,20340.0,20337.0,20338.5,11989,4.171256411196857
2026-02-02 14:05:00,20338.5,20343.25,20336.5,20336.5,13261,4.3554523818256525
2026-02-02 14:10:00,20336.5,20340.75,20336.0,20338.0,14270,4.383634354552392
2026-02-02 14:15:00,20338.0,20340.75,20332.25,20339.25,13672,4.677660472084363
2026-02-02 14:20:00,20339.25,20340.5,20334.0,20335.25,11910,4.807827581221194
2026-02-02 14:25:00,20335.25,20339.75,20333.5,20337.5,14498,4.910839896848252
2026-02-02 14:30:00,20337.5,20341.75,20336.25,20339.25,11727,4.952922761359091
2026-02-02 14:35:00,20339.25,20341.75,20337.75,20340.75,11524,4.884856849833442
2026-02-02 14:40:00,20340.75,20344.5,20338.0,20342.75,14502,5.000224217702482
2026-02-02 14:45:00,20342.75,20343.75,20338.25,20340.5,16001,5.035922487866591
2026-02-02 14:50:00,20340.5,20344.5,20338.5,20344.5,14307,5.104785167304692
2026-02-02 14:55:00,20344.5,20346.75,20342.5,20344.5,15164,5.043729083925785
2026-02-02 15:00:00,20344.5,20345.0,20340.75,20342.5,11965,4.987034149359658
2026-02-02 15:05:00,20342.5,20347.25,20341.25,20347.25,14343,5.059388852976826
2026-02-02 15:10:00,20347.25,20352.5,20346.75,20349.75,13986,5.108718220621339
2026-02-02 15:15:00,20349.75,20356.75,20348.5,20356.75,17526,5.333095490576958
2026-02-02 15:20:00,20356.75,20358.5,20355.0,20357.5,13496,5.2021600983928895
2026-02-02 15:25:00,20357.5,20360.5,20352.0,20354.25,13690,5.437720091364826
2026-02-02 15:30:00,20354.25,20358.0,20348.5,20354.25,28139,5.727882941981624
2026-02-02 15:35:00,20354.25,20355.0,20351.25,20354.0,27877,5.586605588982938
2026-02-02 15:40:00,20354.0,20360.5,20352.0,20355.25,32852,5.7947051897698705
2026-02-02 15:45:00,20355.25,20361.0,20355.25,20360.75,24023,5.7915119619291655
2026-02-02 15:50:00,20360.75,20367.0,20355.75,20366.0,33612,6.181403964648511
2026-02-02 15:55:00,20366.0,20371.0,20363.5,20366.5,29103,6.275589395745046
2026-02-03 09:30:00,20366.5,20371.75,20360.75,20362.75,27248,6.613047296048971
2026-02-03 09:35:00,20362.75,20371.0,20361.5,20363.75,29375,6.819258203474045
2026-02-03 09:40:00,20363.75,20365.25,20357.5,20359.5,38853,6.8857397603687565
2026-02-03 09:45:00,20359.5,20361.75,20350.75,20354.75,32660,7.1796154917709885
2026-02-03 09:50:00,20354.75,20355.5,20345.0,20347.5,30118,7.416785813787347
2026-02-03 09:55:00,20347.5,20354.25,20345.0,20349.25,30958,7.547729684231108
2026-02-03 10:00:00,20349.25,20352.5,20347.0,20349.25,12601,7.4014632782146
2026-02-03 10:05:00,20349.25,20353.5,20347.75,20348.25,13058,7.283501615484986
2026-02-03 10:10:00,20348.25,20349.25,20344.0,20348.0,12084,7.138251500093201
2026-02-03 10:15:00,20348.0,20349.5,20343.75,20347.5,18074,7.039090678657972
2026-02-03 10:20:00,20347.5,20350.5,20344.5,20346.5,16279,6.964869915896689
2026-02-03 10:25:00,20346.5,20346.5,20343.75,20344.75,16561,6.663807779046926
2026-02-03 10:30:00,20344.75,20348.75,20343.75,20348.25,14378,6.54496436625786
2026-02-03 10:35:00,20348.25,20352.25,20345.5,20346.75,14858,6.559609768668013
2026-02-03 10:40:00,20346.75,20349.0,20340.5,20346.75,14661,6.698209070906012
2026-02-03 10:45:00,20346.75,20350.75,20343.5,20344.75,15232,6.73762270869844
2026-02-03 10:50:00,20344.75,20347.25,20340.75,20342.5,12363,6.720649658077123
2026-02-03 10:55:00,20342.5,20344.5,20338.75,20342.0,16601,6.651317539643043
2026-02-03 11:00:00,20342.0,20343.75,20337.25,20339.25,14744,6.6405091439542545
2026-02-03 11:05:00,20339.25,20342.75,20336.5,20339.0,16062,6.612615633671807
2026-02-03 11:10:00,20339.0,20347.0,20338.75,20345.5,13264,6.729571659838107
2026-02-03 11:15:00,20345.5,20346.75,20342.5,20344.0,13135,6.5524593984210995
2026-02-03 11:20:00,20344.0,20344.75,20340.25,20343.25,15907,6.405855155676735
2026-02-03 11:25:00,20343.25,20348.25,20342.0,20347.0,16672,6.3947226445569685
2026-02-03 11:30:00,20347.0,20348.25,20344.75,20346.25,5377,6.187956741374328
2026-02-03 11:35:00,20346.25,20347.5,20345.0,20345.25,6214,5.9245312598475905
2026-02-03 11:40:00,20345.25,20345.75,20341.75,20343.0,4637,5.787064741287049
2026-02-03 11:45:00,20343.0,20344.5,20341.75,20343.0,6082,5.570131545480831
2026-02-03 11:50:00,20343.0,20344.0,20340.75,20340.75,4887,5.404407863660771
2026-02-03 11:55:00,20340.75,20342.75,20338.0,20340.25,6025,5.35766444482786
2026-02-03 12:00:00,20340.25,20341.0,20337.25,20339.5,4843,5.242831270197299
2026-02-03 12:05:00,20339.5,20340.25,20338.5,20339.5,5873,4.993343322326064
2026-02-03 12:10:00,20339.5,20340.0,20337.5,20338.0,4652,4.8152473707313455
2026-02-03 12:15:00,20338.0,20339.0,20336.75,20337.0,6753,4.632015415679106
2026-02-03 12:20:00,20337.0,20337.0,20333.75,20334.0,5556,4.533300028844884
2026-02-03 12:25:00,20334.0,20335.75,20333.0,20335.25,6501,4.405921455355964
2026-02-03 12:30:00,20335.25,20337.25,20334.5,20335.5,7441,4.287641351401966
2026-02-03 12:35:00,20335.5,20337.75,20335.25,20337.5,5729,4.159952683444683
2026-02-03 12:40:00,20337.5,20339.25,20335.25,20337.0,7086,4.1485274917700625
2026-02-03 12:45:00,20337.0,20340.5,20336.5,20339.5,7068,4.137918385215058
2026-02-03 12:50:00,20339.5,20340.25,20337.5,20339.75,5718,4.038781357699697
2026-02-03 12:55:00,20339.75,20340.5,20337.5,20339.75,5414,3.964582689292576
2026-02-03 13:00:00,20339.75,20340.75,20339.0,20339.75,6325,3.8063982114859636
2026-02-03 13:05:00,20339.75,20341.25,20339.25,20340.5,6423,3.6773697678083948
2026-02-03 13:10:00,20340.5,20340.5,20337.5,20338.0,5889,3.6289862129649384
2026-02-03 13:15:00,20338.0,20339.75,20337.25,20338.25,6321,3.5483443406102997
2026-02-03 13:20:00,20338.25,20339.75,20336.5,20338.0,5232,3.527034030566707
2026-02-03 13:25:00,20338.0,20339.5,20337.75,20338.25,5769,3.400103028383371
2026-02-03 13:30:00,20338.25,20340.25,20334.5,20339.75,12422,3.567952812070273
2026-02-03 13:35:00,20339.75,20342.0,20338.5,20341.25,13004,3.563099039779539
2026-02-03 13:40:00,20341.25,20343.5,20339.25,20340.75,11452,3.6121633940810005
2026-02-03 13:45:00,20340.75,20342.75,20338.0,20340.0,17028,3.693437437360929
2026-02-03 13:50:00,20340.0,20341.25,20338.5,20338.75,13572,3.6260490489780057
2026-02-03 13:55:00,20338.75,20344.5,20338.25,20343.25,12951,3.8134741169081483
2026-02-03 14:00:00,20343.25,20344.5,20339.25,20339.75,10455,3.9160831085575665
2026-02-03 14:05:00,20339.75,20343.25,20337.75,20338.0,13626,4.029220029374883
2026-02-03 14:10:00,20338.0,20341.5,20335.75,20339.5,12071,4.152132884419535
2026-02-03 14:15:00,20339.5,20341.75,20334.5,20337.25,13534,4.373409106960997
2026-02-03 14:20:00,20337.25,20339.5,20333.25,20338.25,14315,4.50745131360664
2026-02-03 14:25:00,20338.25,20341.25,20332.25,20333.25,13140,4.828347648349023
2026-02-03 14:30:00,20333.25,20336.75,20329.0,20329.5,17194,5.037037102038379
2026-02-03 14:35:00,20329.5,20334.0,20329.0,20331.25,12226,5.034391594749923
2026-02-03 14:40:00,20331.25,20335.5,20330.5,20330.75,13283,5.0319350522677855
2026-02-03 14:45:00,20330.75,20330.75,20323.75,20326.0,13989,5.172511119962944
2026-02-03 14:50:00,20326.0,20331.5,20323.75,20331.5,14099,5.35661746853702
2026-02-03 14:55:00,20331.5,20337.25,20330.0,20331.75,13849,5.4918590779272325
2026-02-03 15:00:00,20331.75,20333.0,20327.75,20328.25,12934,5.474583429503859
2026-02-03 15:05:00,20328.25,20329.0,20323.5,20326.25,13260,5.476398898825012
2026-02-03 15:10:00,20326.25,20328.75,20323.75,20325.5,16175,5.442370406051797
2026-02-03 15:15:00,20325.5,20330.0,20323.25,20327.5,11299,5.535772519905239
2026-02-03 15:20:00,20327.5,20328.25,20323.5,20327.75,14419,5.4796459113405795
2026-02-03 15:25:00,20327.75,20330.0,20325.25,20327.0,14057,5.4275283462448245
2026-02-03 15:30:00,20327.0,20328.5,20322.75,20323.0,28884,5.450562035798765
2026-02-03 15:35:00,20323.0,20323.5,20315.25,20318.0,27167,5.650521890384568
2026-02-03 15:40:00,20318.0,20324.25,20315.25,20319.0,31126,5.889770326785671
2026-02-03 15:45:00,20319.0,20326.5,20318.25,20321.25,24541,6.058358160586694
2026-02-03 15:50:00,20321.25,20323.25,20316.75,20319.5,25712,6.089904006259074
2026-02-03 15:55:00,20319.5,20320.25,20312.5,20317.0,30394,6.208482291526283
2026-02-04 09:30:00,20317.0,20325.75,20314.5,20320.75,30496,6.568590699274406
2026-02-04 09:35:00,20320.75,20324.0,20304.75,20307.0,25785,7.4744056493262345
2026-02-04 09:40:00,20307.0,20314.5,20302.75,20311.0,24339,7.779805245802932
2026-02-04 09:45:00,20311.0,20316.5,20308.0,20313.0,30105,7.83124772824558
2026-02-04 09:50:00,20313.0,20316.5,20309.5,20314.5,30208,7.771872890513753
2026-02-04 09:55:00,20314.5,20315.75,20309.25,20311.25,31885,7.681024826905627
2026-02-04 10:00:00,20311.25,20314.0,20307.75,20313.75,17131,7.57880876784094
2026-02-04 10:05:00,20313.75,20315.75,20307.75,20311.25,17672,7.608893855852301
2026-02-04 10:10:00,20311.25,20314.25,20307.25,20310.25,14523,7.565401437577137
2026-02-04 10:15:00,20310.25,20311.0,20306.5,20309.0,17718,7.3464441920359125
2026-02-04 10:20:00,20309.0,20311.75,20308.0,20310.25,17346,7.0895553211762055
2026-02-04 10:25:00,20310.25,20312.0,20304.25,20306.0,13701,7.136729941092192
2026-02-04 10:30:00,20306.0,20312.25,20305.0,20310.25,17809,7.144820659585607
2026-02-04 10:35:00,20310.25,20314.25,20309.0,20311.25,12832,7.0094763267580635
2026-02-04 10:40:00,20311.25,20320.25,20310.0,20313.75,14283,7.240942303418202
2026-02-04 10:45:00,20313.75,20319.5,20309.75,20313.75,16317,7.420160710316902
2026-02-04 10:50:00,20313.75,20319.5,20312.75,20316.25,15984,7.372292088151409
2026-02-04 10:55:00,20316.25,20321.25,20314.25,20320.5,15959,7.345699796140594
2026-02-04 11:00:00,20320.5,20322.5,20316.25,20317.0,17219,7.267435524987694
2026-02-04 11:05:00,20317.0,20318.75,20311.25,20312.5,14361,7.284047273202859
2026-02-04 11:10:00,20312.5,20316.75,20311.0,20314.5,12416,7.174472467974083
2026-02-04 11:15:00,20314.5,20319.5,20314.5,20317.5,13420,7.019153005975935
2026-02-04 11:20:00,20317.5,20322.25,20317.0,20320.0,15885,6.8927849341205105
2026-02-04 11:25:00,20320.0,20321.75,20317.0,20317.5,12327,6.739728867397617
2026-02-04 11:30:00,20317.5,20319.25,20316.75,20318.5,6880,6.436891091154931
2026-02-04 11:35:00,20318.5,20321.25,20318.5,20321.0,5943,6.173541727501007
2026-02-04 11:40:00,20321.0,20322.0,20320.25,20321.0,5880,5.857574461250936
2026-02-04 11:45:00,20321.0,20322.75,20319.5,20321.75,6447,5.671319142590154
2026-02-04 11:50:00,20321.75,20321.75,20318.25,20319.5,6649,5.51622491811943
2026-02-04 11:55:00,20319.5,20323.75,20318.25,20323.0,5889,5.515065995396614
2026-02-04 12:00:00,20323.0,20324.5,20320.5,20321.5,6595,5.406846995725427
2026-02-04 12:05:00,20321.5,20321.75,20319.25,20320.25,5640,5.199215067459326
2026-02-04 12:10:00,20320.25,20320.25,20315.5,20318.25,6977,5.167128276926517
2026-02-04 12:15:00,20318.25,20319.25,20317.0,20318.25,6379,4.958761971431766
2026-02-04 12:20:00,20318.25,20319.75,20315.25,20316.0,5771,4.92599325918664
2026-02-04 12:25:00,20316.0,20316.25,20313.75,20313.75,6846,4.7527080263875945
2026-02-04 12:30:00,20313.75,20316.0,20312.5,20315.75,5481,4.663228881645623
2026-02-04 12:35:00,20315.75,20319.5,20315.25,20318.5,6580,4.63371253295665
2026-02-04 12:40:00,20318.5,20319.25,20317.25,20318.5,6167,4.445590209174033
2026-02-04 12:45:00,20318.5,20322.5,20317.5,20321.0,6645,4.485190908518745
2026-02-04 12:50:00,20321.0,20322.5,20320.0,20320.75,7134,4.343391557910263
2026-02-04 12:55:00,20320.75,20322.75,20318.5,20322.75,5968,4.336720732345245
2026-02-04 13:00:00,20322.75,20324.0,20321.25,20322.5,6390,4.223383537177727
2026-02-04 13:05:00,20322.5,20323.0,20319.75,20319.75,6000,4.153856141665033
2026-02-04 13:10:00,20319.75,20321.25,20318.75,20321.25,5642,4.035723560117531
2026-02-04 13:15:00,20321.25,20322.5,20319.75,20321.75,5186,3.943886162966279
2026-02-04 13:20:00,20321.75,20322.5,20319.75,20320.0,5540,3.8586085798972594
2026-02-04 13:25:00,20320.0,20322.75,20318.0,20318.75,6013,3.922279395618884
2026-02-04 13:30:00,20318.75,20320.0,20316.5,20318.5,14022,3.8921165816461065
2026-02-04 13:35:00,20318.5,20318.75,20313.5,20313.75,16848,3.9891082543856706
2026-02-04 13:40:00,20313.75,20318.75,20313.25,20318.5,10643,4.097029093358123
2026-02-04 13:45:00,20318.5,20322.0,20316.25,20319.25,8598,4.215098443832543
2026-02-04 13:50:00,20319.25,20323.5,20315.75,20320.25,14471,4.467591412130219
2026-02-04 13:55:00,20320.25,20322.75,20318.5,20320.5,12848,4.452049168406632
2026-02-04 14:00:00,20320.5,20320.5,20315.25,20316.5,11808,4.509045656377587
2026-02-04 14:05:00,20316.5,20322.25,20316.0,20319.5,16507,4.633399538064903
2026-02-04 14:10:00,20319.5,20321.25,20317.5,20319.0,11600,4.570299571060267
2026-02-04 14:15:00,20319.0,20321.0,20316.0,20316.75,14970,4.600992458841676
2026-02-04 14:20:00,20316.75,20321.0,20314.5,20320.25,15069,4.7366358546387
2026-02-04 14:25:00,20320.25,20325.5,20318.25,20325.0,13453,4.91616186502165
2026-02-04 14:30:00,20325.0,20326.75,20322.75,20325.75,12569,4.850721731805818
2026-02-04 14:35:00,20325.75,20329.75,20323.5,20327.75,13364,4.950670179533973
2026-02-04 14:40:00,20327.75,20328.0,20322.25,20324.0,14484,5.007765166710118
2026-02-04 14:45:00,20324.0,20324.25,20319.75,20320.75,14529,4.9714962262308235
2026-02-04 14:50:00,20320.75,20322.5,20315.0,20316.5,14521,5.152103638642908
2026-02-04 14:55:00,20316.5,20318.0,20313.5,20315.5,11516,5.105524807311271
2026-02-04 15:00:00,20315.5,20317.25,20310.75,20315.0,14026,5.205130178217609
2026-02-04 15:05:00,20315.0,20318.0,20313.75,20317.0,14003,5.136906594059209
2026-02-04 15:10:00,20317.0,20318.5,20314.0,20315.5,16350,5.091413265912122
2026-02-04 15:15:00,20315.5,20316.5,20311.75,20314.75,15681,5.067026604061256
2026-02-04 15:20:00,20314.75,20321.25,20312.25,20318.25,10861,5.347953275199739
2026-02-04 15:25:00,20318.25,20320.5,20315.0,20320.0,14406,5.358813755542616
2026-02-04 15:30:00,20320.0,20322.25,20314.25,20316.75,30968,5.547469915861
2026-02-04 15:35:00,20316.75,20317.75,20315.25,20315.5,30497,5.3297934932995
2026-02-04 15:40:00,20315.5,20318.0,20312.5,20316.5,28408,5.341951100920965
2026-02-04 15:45:00,20316.5,20321.5,20312.5,20318.25,32315,5.603240307998039
2026-02-04 15:50:00,20318.25,20320.75,20315.25,20318.25,25836,5.595866000283894
2026-02-04 15:55:00,20318.25,20322.75,20310.0,20318.5,35290,6.106875571692187
2026-02-05 09:30:00,20318.5,20323.25,20313.5,20322.75,31778,6.367098745142745
2026-02-05 09:35:00,20322.75,20326.5,20316.0,20323.0,27915,6.662305977632549
2026-02-05 09:40:00,20323.0,20323.5,20317.75,20321.0,33695,6.59714126494451
2026-02-05 09:45:00,20321.0,20321.75,20316.75,20321.5,29174,6.483059746019902
2026-02-05 09:50:00,20321.5,20327.75,20318.0,20321.75,24325,6.716412621304195
2026-02-05 09:55:00,20321.75,20326.0,20315.25,20323.0,31688,7.004526005496752
2026-02-05 10:00:00,20323.0,20325.75,20319.75,20321.75,11692,6.93277414796127
2026-02-05 10:05:00,20321.75,20324.25,20320.75,20321.0,11141,6.687575994535465
2026-02-05 10:10:00,20321.0,20329.5,20320.5,20325.25,13548,6.852749137782933
2026-02-05 10:15:00,20325.25,20326.5,20320.5,20321.5,14033,6.791838485084153
2026-02-05 10:20:00,20321.5,20328.0,20320.25,20328.0,16736,6.860278593292428
2026-02-05 10:25:00,20328.0,20328.25,20322.0,20323.0,14592,6.816687265200112
2026-02-05 10:30:00,20323.0,20324.5,20320.25,20324.0,16380,6.6333524605429615
2026-02-05 10:35:00,20324.0,20328.25,20322.0,20322.5,13075,6.60597014193275
2026-02-05 10:40:00,20322.5,20324.0,20319.75,20322.0,14959,6.437686560366125
2026-02-05 10:45:00,20322.0,20325.75,20321.5,20324.0,11777,6.281423234625688
2026-02-05 10:50:00,20324.0,20326.25,20320.25,20324.75,17032,6.261321575009568
2026-02-05 10:55:00,20324.75,20326.25,20320.25,20324.25,13963,6.242655748223171
2026-02-05 11:00:00,20324.25,20327.5,20318.0,20322.75,17891,6.4753231947786585
2026-02-05 11:05:00,20322.75,20325.0,20320.5,20322.0,14703,6.334228680865897
2026-02-05 11:10:00,20322.0,20324.25,20317.25,20317.75,13098,6.381783775089762
2026-02-05 11:15:00,20317.75,20319.0,20315.25,20315.25,15714,6.193799219726208
2026-02-05 11:20:00,20315.25,20316.75,20313.25,20316.5,14677,6.001384989745765
2026-02-05 11:25:00,20316.5,20320.25,20314.75,20317.5,14888,5.965571776192497
2026-02-05 11:30:00,20317.5,20319.5,20315.75,20318.25,4569,5.807316649321605
2026-02-05 11:35:00,20318.25,20319.25,20317.0,20318.0,4981,5.55322260294149
2026-02-05 11:40:00,20318.0,20319.75,20317.5,20319.25,6962,5.317278131302812
2026-02-05 11:45:00,20319.25,20319.25,20317.25,20318.25,5159,5.080329693352612
2026-02-05 11:50:00,20318.25,20320.0,20317.25,20317.25,6566,4.913877572398854
2026-02-05 11:55:00,20317.25,20319.0,20315.75,20317.25,6040,4.795029174370364
2026-02-05 12:00:00,20317.25,20318.5,20316.0,20317.5,5372,4.631098519058195
2026-02-05 12:05:00,20317.5,20320.5,20317.25,20320.5,6522,4.532448624839753
2026-02-05 12:10:00,20320.5,20322.25,20319.25,20321.75,6408,4.422988008779771
2026-02-05 12:15:00,20321.75,20323.0,20320.5,20321.75,5790,4.285631722438359
2026-02-05 12:20:00,20321.75,20322.75,20317.75,20318.5,6038,4.336658027978476
2026-02-05 12:25:00,20318.5,20321.25,20318.0,20318.5,5067,4.259039597408585
2026-02-05 12:30:00,20318.5,20319.25,20315.75,20317.75,6904,4.204822483307972
2026-02-05 12:35:00,20317.75,20320.0,20316.75,20317.75,7014,4.1366208773574025
2026-02-05 12:40:00,20317.75,20318.75,20316.5,20318.0,7177,4.001862243260446
2026-02-05 12:45:00,20318.0,20319.0,20316.5,20318.5,5067,3.8945863687418423
2026-02-05 12:50:00,20318.5,20319.5,20315.75,20319.25,4654,3.8842587709745677
2026-02-05 12:55:00,20319.25,20319.75,20316.25,20318.0,6520,3.8568117159049558
2026-02-05 13:00:00,20318.0,20321.0,20317.75,20320.25,6453,3.8134680219117447
2026-02-05 13:05:00,20320.25,20321.0,20318.25,20319.5,6677,3.7375060203466206
2026-02-05 13:10:00,20319.5,20321.25,20319.5,20320.0,6607,3.5955413046075764
2026-02-05 13:15:00,20320.0,20320.0,20317.75,20319.5,6500,3.499431211421321
2026-02-05 13:20:00,20319.5,20319.75,20317.0,20317.75,5964,3.4459004106055127
2026-02-05 13:25:00,20317.75,20319.5,20316.5,20317.25,6383,3.4140503812765477
2026-02-05 13:30:00,20317.25,20317.5,20314.25,20316.75,11427,3.4023324968996516
2026-02-05 13:35:00,20316.75,20317.0,20312.0,20312.75,11976,3.5164516042639624
2026-02-05 13:40:00,20312.75,20314.25,20309.25,20311.75,14285,3.6224193468165367
2026-02-05 13:45:00,20311.75,20313.0,20305.25,20308.0,11806,3.917246536329641
2026-02-05 13:50:00,20308.0,20310.0,20306.5,20309.25,12620,3.8874432123060956
2026-02-05 13:55:00,20309.25,20311.5,20306.0,20308.5,16949,4.002625839998518
2026-02-05 14:00:00,20308.5,20310.0,20305.75,20307.0,10851,4.020295422855767
2026-02-05 14:05:00,20307.0,20311.0,20306.5,20309.5,13873,4.054560035508927
2026-02-05 14:10:00,20309.5,20313.75,20305.75,20307.25,11882,4.336377175829718
2026-02-05 14:15:00,20307.25,20309.75,20306.0,20309.5,14227,4.294493091841881
2026-02-05 14:20:00,20309.5,20312.25,20305.25,20307.0,12848,4.487743585281747
2026-02-05 14:25:00,20307.0,20307.75,20303.75,20307.5,12424,4.452904757761622
2026-02-05 14:30:00,20307.5,20311.25,20305.75,20305.75,13549,4.527697275064363
2026-02-05 14:35:00,20305.75,20306.5,20302.5,20302.75,12073,4.4900046125597655
2026-02-05 14:40:00,20302.75,20304.5,20300.75,20301.25,14470,4.437147140234068
2026-02-05 14:45:00,20301.25,20303.0,20294.75,20296.5,13972,4.709493773074493
2026-02-05 14:50:00,20296.5,20300.0,20295.0,20297.0,14825,4.730244217854886
2026-02-05 14:55:00,20297.0,20300.5,20296.25,20298.75,12878,4.69594105943668
2026-02-05 15:00:00,20298.75,20301.0,20295.75,20298.0,12849,4.735516698048346
2026-02-05 15:05:00,20298.0,20299.0,20294.75,20297.5,14704,4.7008369339020355
2026-02-05 15:10:00,20297.5,20298.75,20295.75,20296.5,12880,4.5793485814804615
2026-02-05 15:15:00,20296.5,20296.75,20292.75,20295.5,13789,4.537966539946143
2026-02-05 15:20:00,20295.5,20297.75,20293.5,20295.25,12860,4.517397501378562
2026-02-05 15:25:00,20295.25,20298.0,20293.75,20294.5,11488,4.498297679851522
2026-02-05 15:30:00,20294.5,20298.75,20294.25,20297.25,30440,4.4984192741478415
2026-02-05 15:35:00,20297.25,20306.0,20297.0,20303.25,23980,4.819960754565853
2026-02-05 15:40:00,20303.25,20304.0,20299.5,20300.5,24269,4.797106414954007
2026-02-05 15:45:00,20300.5,20304.0,20297.25,20304.0,29507,4.936598813885863
2026-02-05 15:50:00,20304.0,20310.75,20303.75,20308.0,29510,5.083984612894016
2026-02-05 15:55:00,20308.0,20311.75,20305.25,20308.75,34796,5.1851285691158715
2026-02-06 09:30:00,20308.75,20309.75,20296.0,20298.75,27690,5.796905099893309
2026-02-06 09:35:00,20298.75,20302.0,20295.25,20299.25,28998,5.864983307043787
2026-02-06 09:40:00,20299.25,20300.5,20292.75,20295.25,33495,5.99962735654066
2026-02-06 09:45:00,20295.25,20304.75,20293.0,20294.75,25428,6.410368259644899
2026-02-06 09:50:00,20294.75,20298.75,20293.0,20296.0,36259,6.363199098241693
2026-02-06 09:55:00,20296.0,20300.5,20295.25,20297.75,30559,6.283684876938715
2026-02-06 10:00:00,20297.75,20301.75,20294.5,20297.0,17165,6.352707385728806
2026-02-06 10:05:00,20297.0,20299.25,20291.5,20293.0,16000,6.452514001033892
2026-02-06 10:10:00,20293.0,20298.0,20292.25,20295.75,15003,6.4023344295314715
2026-02-06 10:15:00,20295.75,20296.5,20292.0,20294.25,14925,6.266453398850652
2026-02-06 10:20:00,20294.25,20299.0,20291.0,20295.75,15434,6.390278156075606
2026-02-06 10:25:00,20295.75,20299.75,20294.25,20297.0,18413,6.326686859213064
2026-02-06 10:30:00,20297.0,20298.0,20292.5,20293.25,13762,6.2676377978407025
2026-02-06 10:35:00,20293.25,20297.0,20287.5,20290.5,16896,6.498520812280653
2026-02-06 10:40:00,20290.5,20294.0,20290.25,20290.75,14935,6.3021978971177495
2026-02-06 10:45:00,20290.75,20295.75,20289.75,20295.75,11801,6.280612333037911
2026-02-06 10:50:00,20295.75,20296.75,20292.0,20296.0,14923,6.17128288067806
2026-02-06 10:55:00,20296.0,20300.5,20294.0,20294.0,18334,6.194762674915342
2026-02-06 11:00:00,20294.0,20296.25,20291.0,20294.75,17426,6.127279626707104
2026-02-06 11:05:00,20294.75,20295.5,20291.0,20293.25,15941,6.011045367656596
2026-02-06 11:10:00,20293.25,20297.0,20290.5,20294.0,17647,6.045970698538268
2026-02-06 11:15:00,20294.0,20294.5,20289.25,20290.0,15080,5.989115648642677
2026-02-06 11:20:00,20290.0,20293.25,20284.75,20285.75,14788,6.168464530882486
2026-02-06 11:25:00,20285.75,20290.75,20284.0,20286.0,17138,6.210002778676594
2026-02-06 11:30:00,20286.0,20288.25,20286.0,20287.5,5434,5.927145437342551
2026-02-06 11:35:00,20287.5,20288.25,20286.75,20288.25,6519,5.6109207632466545
2026-02-06 11:40:00,20288.25,20288.5,20286.5,20286.75,4714,5.35299785158618
2026-02-06 11:45:00,20286.75,20287.5,20285.5,20287.0,4356,5.11349800504431
2026-02-06 11:50:00,20287.0,20287.5,20284.5,20285.25,5330,4.962533861826859
2026-02-06 11:55:00,20285.25,20286.25,20284.25,20284.75,6262,4.7509243002677986
2026-02-06 12:00:00,20284.75,20285.5,20284.0,20285.0,5636,4.518715421677241
2026-02-06 12:05:00,20285.0,20287.0,20284.5,20285.75,5794,4.37452146298601
2026-02-06 12:10:00,20285.75,20286.5,20284.0,20285.5,5612,4.240627072772724
2026-02-06 12:15:00,20285.5,20287.75,20284.75,20287.25,6536,4.1520108532889575
2026-02-06 12:20:00,20287.25,20287.75,20284.75,20286.0,5673,4.069724363768318
2026-02-06 12:25:00,20286.0,20289.5,20285.0,20288.25,4463,4.1004583377848665
2026-02-06 12:30:00,20288.25,20290.25,20285.75,20286.25,5424,4.1289970279430905
2026-02-06 12:35:00,20286.25,20286.5,20284.5,20284.5,6227,3.976925811661441
2026-02-06 12:40:00,20284.5,20286.0,20282.5,20282.75,5796,3.9428596822570525
2026-02-06 12:45:00,20282.75,20284.0,20280.25,20280.25,5863,3.929083990667263
2026-02-06 12:50:00,20280.25,20281.0,20277.25,20279.25,5837,3.916292277048173
2026-02-06 12:55:00,20279.25,20282.0,20277.5,20281.0,5955,3.9579856858304465
2026-02-06 13:00:00,20281.0,20281.75,20279.25,20280.0,6826,3.8538438511282718
2026-02-06 13:05:00,20280.0,20283.25,20279.0,20279.75,5907,3.882140718904824
2026-02-06 13:10:00,20279.75,20281.0,20278.5,20279.25,7244,3.7834163818401936
2026-02-06 13:15:00,20279.25,20282.0,20278.5,20281.25,5737,3.763172354565894
2026-02-06 13:20:00,20281.25,20283.5,20280.0,20282.75,6459,3.7443743292397587
2026-02-06 13:25:00,20282.75,20283.25,20281.25,20281.75,5614,3.6197761628654903
2026-02-06 13:30:00,20281.75,20282.25,20275.75,20276.25,16131,3.825506436946527
2026-02-06 13:35:00,20276.25,20276.75,20272.5,20273.0,14101,3.8558274057360604
2026-02-06 13:40:00,20273.0,20275.0,20269.5,20272.25,13078,3.973268305326342
2026-02-06 13:45:00,20272.25,20275.5,20270.5,20272.25,13641,4.046606283517318
2026-02-06 13:50:00,20272.25,20272.5,20266.25,20269.75,15171,4.203991548980366
2026-02-06 13:55:00,20269.75,20270.0,20266.0,20268.25,14091,4.189420724053197
2026-02-06 14:00:00,20268.25,20270.75,20266.5,20268.25,12654,4.193747815192254
2026-02-06 14:05:00,20268.25,20269.5,20266.25,20268.5,16320,4.126337256964236
2026-02-06 14:10:00,20268.5,20270.0,20266.75,20267.75,14203,4.0637417386096475
2026-02-06 14:15:00,20267.75,20269.0,20263.75,20264.0,14931,4.148474471566102
2026-02-06 14:20:00,20264.0,20266.75,20262.75,20265.5,12991,4.137869152168523
2026-02-06 14:25:00,20265.5,20266.25,20261.75,20264.0,12240,4.163735641299343
2026-02-06 14:30:00,20264.0,20269.5,20263.0,20268.25,15434,4.330611666920819
2026-02-06 14:35:00,20268.25,20270.0,20266.0,20267.0,13588,4.3069965478550465
2026-02-06 14:40:00,20267.0,20268.5,20264.0,20265.5,10792,4.3207825087225435
2026-02-06 14:45:00,20265.5,20269.25,20262.25,20264.25,8860,4.512155186670934
2026-02-06 14:50:00,20264.25,20266.5,20261.75,20265.75,12289,4.529144101908725
2026-02-06 14:55:00,20265.75,20266.25,20261.75,20264.25,13133,4.527062380343816
2026-02-06 15:00:00,20264.25,20267.5,20259.5,20261.75,12347,4.775129353176401
2026-02-06 15:05:00,20261.75,20263.0,20257.75,20257.75,13838,4.809048685092372
2026-02-06 15:10:00,20257.75,20259.25,20252.25,20253.75,15701,4.965545207585774
2026-02-06 15:15:00,20253.75,20255.25,20252.25,20253.5,13657,4.825149121329647
2026-02-06 15:20:00,20253.5,20258.25,20252.75,20257.25,12229,4.873352755520387
2026-02-06 15:25:00,20257.25,20259.0,20255.25,20258.75,12384,4.793113272983217
2026-02-06 15:30:00,20258.75,20262.5,20257.75,20260.5,28585,4.790033753484416
2026-02-06 15:35:00,20260.5,20263.75,20255.5,20256.75,28425,5.0371741996641015
2026-02-06 15:40:00,20256.75,20259.5,20250.0,20252.0,24921,5.355947471116666
2026-02-06 15:45:00,20252.0,20258.5,20251.75,20257.75,26865,5.45552265175119
2026-02-06 15:50:00,20257.75,20264.0,20255.0,20264.0,29935,5.708699605197534
2026-02-06 15:55:00,20264.0,20265.5,20259.75,20260.5,29085,5.71164963339771
2026-02-09 09:30:00,20260.5,20265.5,20251.75,20253.25,27492,6.2858175167264445
2026-02-09 09:35:00,20253.25,20268.0,20245.0,20264.75,34518,7.479687694103127
2026-02-09 09:40:00,20264.75,20265.75,20260.0,20260.25,31673,7.356138573095761
2026-02-09 09:45:00,20260.25,20270.5,20255.25,20265.5,28571,7.919985817874635
2026-02-09 09:50:00,20265.5,20277.25,20264.0,20274.5,30054,8.300701116597876
2026-02-09 09:55:00,20274.5,20274.75,20258.5,20259.0,28106,8.86850817969803
2026-02-09 10:00:00,20259.0,20262.25,20258.75,20261.0,16175,8.485043309719599
2026-02-09 10:05:00,20261.0,20266.25,20258.75,20264.25,17075,8.414683073311057
2026-02-09 10:10:00,20264.25,20268.75,20262.75,20266.75,13901,8.242205710931696
2026-02-09 10:15:00,20266.75,20273.25,20266.0,20272.75,17087,8.171333874436575
2026-02-09 10:20:00,20272.75,20275.5,20268.75,20272.75,16112,8.069810026262534
2026-02-09 10:25:00,20272.75,20273.75,20268.5,20272.75,18320,7.868395024386639
2026-02-09 10:30:00,20272.75,20277.5,20272.75,20275.5,13754,7.6456525226447365
2026-02-09 10:35:00,20275.5,20280.5,20274.5,20276.75,13253,7.528105913884398
2026-02-09 10:40:00,20276.75,20278.25,20274.25,20276.75,15204,7.276098348606942
2026-02-09 10:45:00,20276.75,20279.75,20275.75,20278.0,17433,7.042091323706446
2026-02-09 10:50:00,20278.0,20281.0,20276.25,20277.0,13610,6.878370514870271
2026-02-09 10:55:00,20277.0,20279.0,20276.25,20277.25,17608,6.583486906665252
2026-02-09 11:00:00,20277.25,20281.75,20274.0,20278.5,13480,6.666809270474877
2026-02-09 11:05:00,20278.5,20280.5,20276.5,20278.25,17285,6.476322894012386
2026-02-09 11:10:00,20278.25,20282.5,20277.5,20278.75,16500,6.370871258725787
2026-02-09 11:15:00,20278.75,20282.5,20274.0,20276.5,15299,6.522951883102516
2026-02-09 11:20:00,20276.5,20277.75,20273.75,20277.25,16019,6.34274103430948
2026-02-09 11:25:00,20277.25,20280.5,20275.5,20277.5,14447,6.2468309604302314
2026-02-09 11:30:00,20277.5,20277.75,20276.0,20277.75,6207,5.925628748970929
2026-02-09 11:35:00,20277.75,20278.75,20276.75,20277.0,6575,5.645226695473006
2026-02-09 11:40:00,20277.0,20279.0,20276.5,20279.0,5814,5.420567645796363
2026-02-09 11:45:00,20279.0,20279.5,20275.25,20276.75,7403,5.336955671096623
2026-02-09 11:50:00,20276.75,20278.75,20276.25,20278.25,5822,5.134315980304008
2026-02-09 11:55:00,20278.25,20279.25,20276.0,20276.5,5407,4.999721981710864
2026-02-09 12:00:00,20276.5,20280.75,20276.25,20280.5,6706,4.964027554445802
2026-02-09 12:05:00,20280.5,20281.5,20279.75,20280.0,6573,4.734454157699673
2026-02-09 12:10:00,20280.0,20283.25,20279.5,20281.25,6113,4.664136003578268
2026-02-09 12:15:00,20281.25,20283.75,20279.75,20283.25,6402,4.6166977176083925
2026-02-09 12:20:00,20283.25,20283.5,20281.0,20282.5,6875,4.465505023493508
2026-02-09 12:25:00,20282.5,20284.0,20281.25,20281.5,5341,4.342968950386829
2026-02-09 12:30:00,20281.5,20284.0,20281.25,20283.25,7049,4.229185453930627
2026-02-09 12:35:00,20283.25,20284.75,20282.5,20283.0,5668,4.087815064364153
2026-02-09 12:40:00,20283.0,20285.0,20282.0,20284.5,7577,4.0101139883381425
2026-02-09 12:45:00,20284.5,20287.25,20284.0,20285.75,6792,3.9558201320282755
2026-02-09 12:50:00,20285.75,20286.75,20285.5,20286.5,5231,3.7625472654548275
2026-02-09 12:55:00,20286.5,20287.25,20284.75,20286.5,6551,3.6723653179223397
2026-02-09 13:00:00,20286.5,20288.5,20286.0,20288.0,5435,3.588624938070744
2026-02-09 13:05:00,20288.0,20291.5,20285.75,20290.75,5553,3.743008871065691
2026-02-09 13:10:00,20290.75,20293.25,20290.0,20291.75,5719,3.707793951703856
2026-02-09 13:15:00,20291.75,20293.5,20290.75,20291.75,6084,3.6393800980107236
2026-02-09 13:20:00,20291.75,20294.25,20291.25,20292.25,6672,3.593710091009958
2026-02-09 13:25:00,20292.25,20294.75,20291.75,20293.0,7183,3.55130222736639
2026-02-09 13:30:00,20293.0,20294.5,20289.5,20291.25,15173,3.6547806396973623
2026-02-09 13:35:00,20291.25,20297.0,20290.0,20295.5,15117,3.8937248797189796
2026-02-09 13:40:00,20295.5,20297.5,20293.25,20296.0,10449,3.9191731025961953
2026-02-09 13:45:00,20296.0,20299.5,20293.75,20298.5,11684,4.049946452410753
2026-02-09 13:50:00,20298.5,20301.0,20294.75,20295.0,15408,4.207093134381413
2026-02-09 13:55:00,20295.0,20301.25,20292.75,20299.5,16476,4.513729339068455
2026-02-09 14:00:00,20299.5,20302.0,20297.25,20299.25,10231,4.53060581484928
2026-02-09 14:05:00,20299.25,20300.0,20296.0,20297.25,15144,4.492705399502903
2026-02-09 14:10:00,20297.25,20297.75,20291.5,20294.75,12247,4.618226442395552
2026-02-09 14:15:00,20294.75,20297.25,20293.5,20295.5,15171,4.556210267938727
2026-02-09 14:20:00,20295.5,20296.25,20291.75,20292.25,15229,4.552195248800246
2026-02-09 14:25:00,20292.25,20294.75,20289.0,20294.5,13383,4.6377527310288
2026-02-09 14:30:00,20294.5,20297.75,20291.25,20293.5,10519,4.7707703930981715
2026-02-09 14:35:00,20293.5,20301.75,20293.25,20300.0,10804,5.0371439364483015
2026-02-09 14:40:00,20300.0,20306.0,20299.75,20304.75,10726,5.1237765124162795
2026-02-09 14:45:00,20304.75,20309.25,20304.25,20308.5,10557,5.114935332957973
2026-02-09 14:50:00,20308.5,20315.25,20307.75,20311.75,13933,5.285297094889547
2026-02-09 14:55:00,20311.75,20314.0,20309.0,20309.5,12301,5.264918730968865
2026-02-09 15:00:00,20309.5,20314.0,20309.25,20311.75,16410,5.228138821613946
2026-02-09 15:05:00,20311.75,20311.75,20305.25,20308.0,13762,5.318986048641522
2026-02-09 15:10:00,20308.0,20309.25,20305.25,20308.75,10326,5.224772759452842
2026-02-09 15:15:00,20308.75,20315.0,20307.5,20313.25,13222,5.387288990920496
2026-02-09 15:20:00,20313.25,20314.25,20309.5,20313.5,16789,5.341768348711889
2026-02-09 15:25:00,20313.5,20315.25,20311.25,20312.0,12533,5.245927752375326
2026-02-09 15:30:00,20312.0,20316.75,20310.0,20316.0,35702,5.353361484348516
2026-02-09 15:35:00,20316.0,20319.0,20312.25,20315.25,26827,5.4531213783236225
2026-02-09 15:40:00,20315.25,20315.5,20304.25,20305.75,29115,5.867184137014792
2026-02-09 15:45:00,20305.75,20313.5,20301.75,20306.25,29870,6.2873852700851645
2026-02-09 15:50:00,20306.25,20306.75,20300.25,20301.0,31336,6.302572036507653
2026-02-09 15:55:00,20301.0,20308.0,20300.5,20305.25,24609,6.388102605328536
2026-02-10 09:30:00,20305.25,20315.25,20301.75,20307.75,29611,6.8960952763764976
2026-02-10 09:35:00,20307.75,20315.75,20302.75,20309.0,31932,7.332088470921034
2026-02-10 09:40:00,20309.0,20310.5,20304.25,20306.5,32526,7.254796437283818
2026-02-10 09:45:00,20306.5,20315.75,20305.0,20314.0,31394,7.504453834620689
2026-02-10 09:50:00,20314.0,20315.25,20310.0,20313.75,31396,7.343421417862069
2026-02-10 09:55:00,20313.75,20315.75,20308.0,20310.5,31468,7.372462745157636
2026-02-10 10:00:00,20310.5,20315.25,20310.25,20314.5,16920,7.203001120503519
2026-02-10 10:05:00,20314.5,20317.0,20309.5,20316.75,12580,7.224215326181839
2026-02-10 10:10:00,20316.75,20319.5,20314.25,20317.25,15677,7.0831999457402794
2026-02-10 10:15:00,20317.25,20317.75,20310.75,20311.75,13511,7.077257092473117
2026-02-10 10:20:00,20311.75,20314.75,20310.0,20313.75,13702,6.911024443010752
2026-02-10 10:25:00,20313.75,20315.25,20310.25,20312.25,12335,6.774522697081412
2026-02-10 10:30:00,20312.25,20318.0,20309.0,20317.75,14838,6.933485361575597
2026-02-10 10:35:00,20317.75,20319.25,20313.0,20318.0,17389,6.884664978605912
2026-02-10 10:40:00,20318.0,20321.75,20316.5,20320.5,16902,6.767903194419776
2026-02-10 10:45:00,20320.5,20326.25,20320.0,20323.5,14760,6.7309101091040775
2026-02-10 10:50:00,20323.5,20327.75,20320.75,20323.75,17606,6.750130815596644
2026-02-10 10:55:00,20323.75,20332.25,20323.25,20330.5,14249,6.910835757339742
2026-02-10 11:00:00,20330.5,20335.25,20330.0,20334.25,14641,6.7922046318154745
2026-02-10 11:05:00,20334.25,20335.5,20332.25,20333.5,17615,6.539190015257226
2026-02-10 11:10:00,20333.5,20339.5,20332.75,20333.25,17229,6.554247871310281
2026-02-10 11:15:00,20333.25,20335.0,20329.25,20332.25,12294,6.496801594788118
2026-02-10 11:20:00,20332.25,20333.25,20329.0,20330.75,13515,6.336315766588967
2026-02-10 11:25:00,20330.75,20337.0,20330.75,20335.75,11654,6.3301503546897555
2026-02-10 11:30:00,20335.75,20338.0,20334.75,20336.5,6889,6.110139615069058
2026-02-10 11:35:00,20336.5,20337.75,20334.75,20335.75,6593,5.887986785421268
2026-02-10 11:40:00,20335.75,20337.0,20334.75,20335.25,6467,5.628130586462606
2026-02-10 11:45:00,20335.25,20336.25,20334.25,20334.75,7675,5.368978401715277
2026-02-10 11:50:00,20334.75,20336.0,20333.75,20334.75,5844,5.146194230164186
2026-02-10 11:55:00,20334.75,20336.0,20333.5,20335.0,5489,4.95718035658103
2026-02-10 12:00:00,20335.0,20336.75,20334.0,20335.25,6590,4.7995246168252415
2026-02-10 12:05:00,20335.25,20337.0,20332.25,20335.25,5958,4.795987144194867
2026-02-10 12:10:00,20335.25,20335.25,20332.0,20332.5,6824,4.685559491038091
2026-02-10 12:15:00,20332.5,20335.5,20332.0,20333.5,6165,4.600876670249656
2026-02-10 12:20:00,20333.5,20336.5,20332.5,20335.75,6370,4.557956908088967
2026-02-10 12:25:00,20335.75,20338.5,20333.5,20337.5,6141,4.58953141465404
2026-02-10 12:30:00,20337.5,20340.75,20337.25,20339.5,5255,4.511707742178752
2026-02-10 12:35:00,20339.5,20340.25,20337.5,20340.0,6443,4.385871474880269
2026-02-10 12:40:00,20340.0,20341.5,20339.25,20340.5,4842,4.233309226674535
2026-02-10 12:45:00,20340.5,20343.75,20340.0,20343.5,7342,4.198787139054926
2026-02-10 12:50:00,20343.5,20344.25,20341.25,20341.5,6694,4.113159486265289
2026-02-10 12:55:00,20341.5,20343.0,20340.75,20341.75,6624,3.9800766658177684
2026-02-10 13:00:00,20341.75,20342.25,20340.0,20342.25,7350,3.856499761116499
2026-02-10 13:05:00,20342.25,20344.75,20341.75,20344.0,5365,3.795321206751035
2026-02-10 13:10:00,20344.0,20347.25,20343.5,20345.5,7445,3.7920839776973896
2026-02-10 13:15:00,20345.5,20346.75,20344.0,20344.0,7055,3.7176494078618623
2026-02-10 13:20:00,20344.0,20344.25,20341.75,20343.5,5050,3.6306744501574433
2026-02-10 13:25:00,20343.5,20345.25,20343.25,20344.75,7294,3.5141977037176257
2026-02-10 13:30:00,20344.75,20346.5,20343.0,20343.25,14479,3.5131835820235096
2026-02-10 13:35:00,20343.25,20348.0,20340.5,20342.25,11638,3.7979561833075444
2026-02-10 13:40:00,20342.25,20343.75,20340.0,20342.25,13059,3.7945307416427196
2026-02-10 13:45:00,20342.25,20342.75,20339.0,20340.25,14033,3.7913499743825256
2026-02-10 13:50:00,20340.25,20342.5,20337.5,20338.25,12964,3.877682119069488
2026-02-10 13:55:00,20338.25,20339.25,20334.0,20337.0,12203,3.975704824850239
2026-02-10 14:00:00,20337.0,20340.0,20336.5,20339.25,12486,3.941725908789508
2026-02-10 14:05:00,20339.25,20341.25,20336.25,20337.5,11669,4.017316915304543
2026-02-10 14:10:00,20337.5,20342.0,20336.5,20338.25,10925,4.123222849925647
2026-02-10 14:15:00,20338.25,20339.25,20330.75,20337.0,11215,4.435849789216673
2026-02-10 14:20:00,20337.0,20339.25,20334.5,20338.5,13332,4.458289089986911
2026-02-10 14:25:00,20338.5,20340.75,20334.0,20334.5,12308,4.621982726416417
2026-02-10 14:30:00,20334.5,20337.5,20332.5,20336.25,15079,4.648983960243815
2026-02-10 14:35:00,20336.25,20338.75,20335.0,20338.25,15612,4.5847708202264
2026-02-10 14:40:00,20338.25,20338.75,20333.0,20335.75,13462,4.668001475924514
2026-02-10 14:45:00,20335.75,20339.0,20334.25,20336.5,14986,4.673858513358478
2026-02-10 14:50:00,20336.5,20342.0,20331.0,20332.25,12220,5.125725762404301
2026-02-10 14:55:00,20332.25,20332.5,20329.5,20330.5,12518,4.9738882079468505
2026-02-10 15:00:00,20330.5,20331.5,20323.0,20325.5,14255,5.225753335950647
2026-02-10 15:05:00,20325.5,20329.25,20322.25,20323.5,10749,5.352485240525601
2026-02-10 15:10:00,20323.5,20325.75,20321.0,20321.0,12324,5.3094505804880585
2026-02-10 15:15:00,20321.0,20321.25,20315.75,20316.5,13852,5.323061253310341
2026-02-10 15:20:00,20316.5,20317.25,20312.75,20315.0,9885,5.264271163788173
2026-02-10 15:25:00,20315.0,20318.0,20314.5,20315.75,12610,5.138251794946161
2026-02-10 15:30:00,20315.75,20324.75,20314.0,20322.0,29884,5.539090952450007
2026-02-10 15:35:00,20322.0,20327.0,20320.25,20323.75,29619,5.625584455846434
2026-02-10 15:40:00,20323.75,20325.75,20317.75,20319.25,29164,5.795185566143117
2026-02-10 15:45:00,20319.25,20321.0,20311.5,20315.75,22165,6.0598151685614665
2026-02-10 15:50:00,20315.75,20317.25,20309.0,20311.5,27830,6.216256942235648
2026-02-10 15:55:00,20311.5,20313.25,20301.5,20305.75,30730,6.611524303504531
2026-02-11 09:30:00,20305.75,20308.25,20292.75,20293.75,34293,7.2464154246827785
2026-02-11 09:35:00,20293.75,20299.0,20287.5,20290.0,22384,7.550242894348294
2026-02-11 09:40:00,20290.0,20292.75,20284.5,20291.0,29182,7.6002255447519875
2026-02-11 09:45:00,20291.0,20294.0,20285.25,20286.75,30009,7.682352291555417
2026-02-11 09:50:00,20286.75,20291.5,20285.0,20291.25,26716,7.597898556444316
2026-02-11 09:55:00,20291.25,20299.25,20289.75,20297.5,30778,7.7337629452697225
2026-02-11 10:00:00,20297.5,20299.5,20296.25,20296.5,11723,7.413494163464742
2026-02-11 10:05:00,20296.5,20299.0,20294.25,20296.75,14576,7.223244580360118
2026-02-11 10:10:00,20296.75,20297.25,20290.5,20294.0,14093,7.189441396048681
2026-02-11 10:15:00,20294.0,20297.25,20292.25,20294.75,14585,7.033052724902347
2026-02-11 10:20:00,20294.75,20298.25,20293.0,20296.25,13082,6.9056918159807505
2026-02-11 10:25:00,20296.25,20299.0,20294.75,20297.5,15118,6.715999543410698
2026-02-11 10:30:00,20297.5,20299.25,20290.75,20291.75,11631,6.843428147452791
2026-02-11 10:35:00,20291.75,20294.25,20287.75,20289.0,16452,6.818897565491877
2026-02-11 10:40:00,20289.0,20290.25,20286.25,20288.25,19419,6.617547739385315
2026-02-11 10:45:00,20288.25,20294.5,20284.75,20294.5,16470,6.841294329429221
2026-02-11 10:50:00,20294.5,20295.25,20288.75,20293.0,16108,6.81691616304142
2026-02-11 10:55:00,20293.0,20295.75,20288.75,20295.25,18165,6.8299935799670335
2026-02-11 11:00:00,20295.25,20296.5,20290.5,20295.5,17415,6.770708324255103
2026-02-11 11:05:00,20295.5,20300.25,20294.0,20300.0,12098,6.733514872522595
2026-02-11 11:10:00,20300.0,20307.75,20297.5,20305.0,16131,6.984692381628124
2026-02-11 11:15:00,20305.0,20308.0,20301.25,20302.0,12795,6.967928640083257
2026-02-11 11:20:00,20302.0,20304.0,20296.75,20301.0,16895,6.988076594363024
2026-02-11 11:25:00,20301.0,20301.5,20297.25,20299.75,13998,6.792499694765666
2026-02-11 11:30:00,20299.75,20300.75,20298.25,20298.75,6521,6.485892573710975
2026-02-11 11:35:00,20298.75,20300.5,20298.75,20299.75,6352,6.1476145327316205
2026-02-11 11:40:00,20299.75,20302.25,20298.75,20301.5,6421,5.958499208965076
2026-02-11 11:45:00,20301.5,20303.25,20300.75,20302.75,6569,5.711463551181857
2026-02-11 11:50:00,20302.75,20303.5,20301.5,20302.25,5057,5.446359011811725
2026-02-11 11:55:00,20302.25,20303.5,20300.75,20302.25,6262,5.253761939539459
2026-02-11 12:00:00,20302.25,20303.25,20299.75,20300.25,5392,5.128493229572355
2026-02-11 12:05:00,20300.25,20300.5,20298.5,20298.5,4962,4.905029427460044
2026-02-11 12:10:00,20298.5,20301.5,20298.0,20301.0,5989,4.80467018264147
2026-02-11 12:15:00,20301.0,20302.0,20298.25,20299.0,6082,4.729336598167079
2026-02-11 12:20:00,20299.0,20300.25,20297.5,20300.25,5638,4.5879554125837165
2026-02-11 12:25:00,20300.25,20300.75,20298.5,20299.0,5122,4.420958597399165
2026-02-11 12:30:00,20299.0,20302.0,20298.75,20301.75,5249,4.337318697584939
2026-02-11 12:35:00,20301.75,20303.5,20300.5,20301.25,7037,4.241795933471729
2026-02-11 12:40:00,20301.25,20303.25,20300.75,20302.75,6513,4.117381938223748
2026-02-11 12:45:00,20302.75,20304.0,20300.0,20302.5,5824,4.108997514064909
2026-02-11 12:50:00,20302.5,20305.5,20301.75,20305.25,6083,4.083354834488845
2026-02-11 12:55:00,20305.25,20306.5,20302.75,20303.5,5796,4.059543774882499
2026-02-11 13:00:00,20303.5,20305.5,20301.0,20302.0,5271,4.091004933819463
2026-02-11 13:05:00,20302.0,20302.75,20300.25,20302.0,5595,3.97736172426093
2026-02-11 13:10:00,20302.0,20302.5,20299.5,20300.25,6588,3.9075501725280066
2026-02-11 13:15:00,20300.25,20300.5,20297.0,20298.75,5419,3.8784394459188634
2026-02-11 13:20:00,20298.75,20299.25,20295.5,20298.5,6696,3.8692651997818017
2026-02-11 13:25:00,20298.5,20302.5,20297.75,20302.25,4560,3.932174828368816
2026-02-11 13:30:00,20302.25,20304.25,20300.75,20303.0,17092,3.901305197771044
2026-02-11 13:35:00,20303.0,20307.75,20301.0,20302.5,12990,4.104783397930255
2026-02-11 13:40:00,20302.5,20305.25,20300.25,20304.0,11478,4.168727440935237
2026-02-11 13:45:00,20304.0,20306.25,20299.5,20303.25,13433,4.353104052297006
2026-02-11 13:50:00,20303.25,20306.75,20303.0,20305.75,11836,4.3100251914186485
2026-02-11 13:55:00,20305.75,20307.0,20302.5,20304.75,13722,4.323594820603031
2026-02-11 14:00:00,20304.75,20305.0,20301.0,20304.25,12707,4.300480904845672
2026-02-11 14:05:00,20304.25,20307.25,20298.25,20301.5,10691,4.636160840213838
2026-02-11 14:10:00,20301.5,20302.0,20296.0,20296.25,14623,4.733577923055708
2026-02-11 14:15:00,20296.25,20304.0,20294.75,20302.75,12592,5.0561794999803
2026-02-11 14:20:00,20302.75,20305.75,20301.75,20305.25,15174,4.980738107124564
2026-02-11 14:25:00,20305.25,20310.25,20302.5,20304.75,13360,5.178542528044239
2026-02-11 14:30:00,20304.75,20308.5,20301.75,20307.0,14402,5.290789490326793
2026-02-11 14:35:00,20307.0,20309.0,20304.0,20307.5,15135,5.270018812446307
2026-02-11 14:40:00,20307.5,20309.5,20306.5,20308.75,11084,5.1078746115572855
2026-02-11 14:45:00,20308.75,20313.0,20308.25,20308.75,15023,5.082312139303194
2026-02-11 14:50:00,20308.75,20313.75,20308.5,20312.75,12549,5.0942898436386805
2026-02-11 14:55:00,20312.75,20314.0,20306.75,20309.25,11654,5.248269140521632
2026-02-11 15:00:00,20309.25,20311.0,20306.0,20307.25,11297,5.230535630484373
2026-02-11 15:05:00,20307.25,20307.75,20304.0,20304.75,11444,5.124783085449775
2026-02-11 15:10:00,20304.75,20307.5,20302.75,20303.0,14236,5.098012865060506
2026-02-11 15:15:00,20303.0,20305.0,20302.0,20302.5,16265,4.948154803270469
2026-02-11 15:20:00,20302.5,20305.5,20299.75,20303.25,12190,5.005429460179721
2026-02-11 15:25:00,20303.25,20305.25,20299.5,20301.5,12612,5.058613070166884
2026-02-11 15:30:00,20301.5,20311.25,20298.5,20310.25,26078,5.60799785086925
2026-02-11 15:35:00,20310.25,20314.0,20307.5,20310.75,25592,5.671712290092875
2026-02-11 15:40:00,20310.75,20312.5,20306.75,20310.75,26409,5.677304269371955
2026-02-11 15:45:00,20310.75,20312.75,20305.0,20309.0,27123,5.825353964416816
2026-02-11 15:50:00,20309.0,20310.5,20300.5,20309.75,30440,6.123542966958473
2026-02-11 15:55:00,20309.75,20312.75,20306.75,20310.25,32629,6.114718469318582
2026-02-12 09:30:00,20310.25,20313.5,20305.0,20311.5,28818,6.285095721510112
2026-02-12 09:35:00,20311.5,20317.0,20304.25,20309.5,28266,6.746874598545104
2026-02-12 09:40:00,20309.5,20317.25,20307.0,20316.5,29670,6.997097841506168
2026-02-12 09:45:00,20316.5,20328.0,20312.5,20320.75,31939,7.604447995684299
2026-02-12 09:50:00,20320.75,20330.25,20314.25,20327.5,30028,8.204130281706849
2026-02-12 09:55:00,20327.5,20332.25,20323.75,20327.25,30129,8.225263833013504
2026-02-12 10:00:00,20327.25,20331.25,20325.5,20330.25,15753,8.04845927351254
2026-02-12 10:05:00,20330.25,20332.25,20328.75,20330.0,16160,7.723569325404502
2026-02-12 10:10:00,20330.0,20330.75,20323.0,20323.25,15682,7.7254572307327525
2026-02-12 10:15:00,20323.25,20330.0,20322.75,20328.75,14731,7.691495999966127
2026-02-12 10:20:00,20328.75,20335.75,20328.5,20334.0,12309,7.659960571397118
2026-02-12 10:25:00,20334.0,20335.0,20330.75,20333.75,17629,7.416391959154467
2026-02-12 10:30:00,20333.75,20339.75,20333.25,20334.75,13370,7.350935390643434
2026-02-12 10:35:00,20334.75,20336.25,20331.25,20336.25,14672,7.183011434168903
2026-02-12 10:40:00,20336.25,20339.5,20330.5,20332.25,16391,7.312796331728267
2026-02-12 10:45:00,20332.25,20336.25,20331.25,20334.0,14578,7.147596593747676
2026-02-12 10:50:00,20334.0,20334.5,20330.25,20331.0,15022,6.940625408479986
2026-02-12 10:55:00,20331.0,20334.75,20328.25,20334.5,14707,6.9091521650171295
2026-02-12 11:00:00,20334.5,20334.5,20323.25,20325.5,16580,7.219212724658764
2026-02-12 11:05:00,20325.5,20326.0,20323.5,20325.25,15564,6.882126101468852
2026-02-12 11:10:00,20325.25,20325.75,20318.75,20319.75,16517,6.890545665649649
2026-02-12 11:15:00,20319.75,20322.5,20317.25,20318.5,13630,6.773363832388959
2026-02-12 11:20:00,20318.5,20318.5,20314.0,20316.0,17126,6.610980701504034
2026-02-12 11:25:00,20316.0,20318.0,20311.5,20314.75,14997,6.60305350853946
2026-02-12 11:30:00,20314.75,20315.25,20312.25,20313.25,6861,6.345692543643785
2026-02-12 11:35:00,20313.25,20313.5,20309.5,20309.75,7374,6.178143076240658
2026-02-12 11:40:00,20309.75,20313.0,20308.25,20311.25,6331,6.076132856509182
2026-02-12 11:45:00,20311.25,20312.25,20310.5,20312.0,5812,5.767123366758526
2026-02-12 11:50:00,20312.0,20313.0,20310.5,20311.75,4662,5.53375741199006
2026-02-12 11:55:00,20311.75,20313.0,20310.25,20312.75,6719,5.334917596847913
2026-02-12 12:00:00,20312.75,20313.5,20310.75,20312.75,6577,5.15028062564449
2026-02-12 12:05:00,20312.75,20315.5,20312.75,20315.25,6260,4.978832009527027
2026-02-12 12:10:00,20315.25,20316.0,20312.5,20313.5,6387,4.873201151703668
2026-02-12 12:15:00,20313.5,20315.25,20312.25,20315.25,6767,4.739401069439121
2026-02-12 12:20:00,20315.25,20316.0,20314.5,20314.5,6285,4.508015278764898
2026-02-12 12:25:00,20314.5,20317.75,20314.25,20317.75,6005,4.436014187424548
2026-02-12 12:30:00,20317.75,20319.0,20316.75,20317.75,4565,4.279870316894224
2026-02-12 12:35:00,20317.75,20319.0,20315.25,20315.5,7172,4.242022437116065
2026-02-12 12:40:00,20315.5,20316.25,20313.25,20314.5,6297,4.153306548750631
2026-02-12 12:45:00,20314.5,20316.25,20313.75,20316.0,5868,4.035213223839872
2026-02-12 12:50:00,20316.0,20318.0,20315.5,20318.0,5641,3.925555136422738
2026-02-12 12:55:00,20318.0,20319.25,20316.5,20317.25,5501,3.841586912392543
2026-02-12 13:00:00,20317.25,20318.5,20315.75,20318.25,7452,3.763616418650219
2026-02-12 13:05:00,20318.25,20319.25,20315.0,20318.0,6361,3.798358103032346
2026-02-12 13:10:00,20318.0,20318.5,20314.25,20314.25,5944,3.8306182385300356
2026-02-12 13:15:00,20314.25,20317.25,20312.5,20313.0,5096,3.896288364349319
2026-02-12 13:20:00,20313.0,20313.5,20310.75,20312.75,6728,3.8144106240386537
2026-02-12 13:25:00,20312.75,20313.5,20310.25,20310.25,5107,3.7740955794644644
2026-02-12 13:30:00,20310.25,20311.25,20305.25,20307.5,13908,3.93308875235986
2026-02-12 13:35:00,20307.5,20310.75,20306.5,20310.25,13578,3.955725270048441
2026-02-12 13:40:00,20310.25,20311.25,20306.75,20307.75,14710,3.9946020364735526
2026-02-12 13:45:00,20307.75,20307.75,20305.5,20306.5,12565,3.8699876052968705
2026-02-12 13:50:00,20306.5,20308.75,20304.75,20308.0,10671,3.8792742049185227
2026-02-12 13:55:00,20308.0,20310.5,20305.75,20309.25,12440,3.9414689045672
2026-02-12 14:00:00,20309.25,20311.5,20306.5,20307.25,14658,4.017078268526685
2026-02-12 14:05:00,20307.25,20308.0,20303.5,20306.75,17509,4.051572677917636
2026-02-12 14:10:00,20306.75,20307.0,20303.75,20304.5,11942,3.994317486637805
2026-02-12 14:15:00,20304.5,20305.0,20300.75,20303.5,14830,4.012580523306533
2026-02-12 14:20:00,20303.5,20303.75,20300.0,20300.5,15837,3.9938247716417807
2026-02-12 14:25:00,20300.5,20301.75,20296.5,20300.25,10877,4.083551573667368
2026-02-12 14:30:00,20300.25,20301.0,20293.75,20298.0,16420,4.309726461262556
2026-02-12 14:35:00,20298.0,20299.75,20295.75,20296.75,13763,4.287603142600944
2026-02-12 14:40:00,20296.75,20300.0,20292.5,20299.0,11877,4.517060060986592
2026-02-12 14:45:00,20299.0,20301.0,20297.75,20299.0,15334,4.426555770916121
2026-02-12 14:50:00,20299.0,20304.5,20296.5,20299.25,13730,4.681801787279255
2026-02-12 14:55:00,20299.25,20301.5,20297.75,20300.5,14106,4.615244516759309
2026-02-12 15:00:00,20300.5,20304.0,20300.0,20301.0,14778,4.57129847984793
2026-02-12 15:05:00,20301.0,20306.0,20300.0,20304.25,14233,4.673348588430221
2026-02-12 15:10:00,20304.25,20305.0,20301.25,20302.5,15515,4.607395117828062
2026-02-12 15:15:00,20302.5,20304.5,20301.0,20303.0,13496,4.5282954665546296
2026-02-12 15:20:00,20303.0,20307.25,20298.5,20300.5,12205,4.829845790372156
2026-02-12 15:25:00,20300.5,20301.0,20295.25,20297.75,14369,4.895571091059859
2026-02-12 15:30:00,20297.75,20299.75,20291.0,20293.75,29972,5.17088744169844
2026-02-12 15:35:00,20293.75,20294.75,20286.25,20288.25,25706,5.408681195862837
2026-02-12 15:40:00,20288.25,20296.0,20286.0,20290.25,28387,5.736632539015491
2026-02-12 15:45:00,20290.25,20294.0,20286.25,20291.75,31263,5.880444500514385
2026-02-12 15:50:00,20291.75,20293.5,20287.75,20288.5,22233,5.871127036191929
2026-02-12 15:55:00,20288.5,20291.75,20283.5,20286.75,34744,6.041046533606791
2026-02-13 09:30:00,20286.75,20296.25,20283.75,20294.5,29280,6.5024003526348775
2026-02-13 09:35:00,20294.5,20297.0,20291.0,20293.25,29687,6.4665146131609585
2026-02-13 09:40:00,20293.25,20295.25,20281.5,20286.0,31616,6.986763569363747
2026-02-13 09:45:00,20286.0,20292.0,20284.0,20285.5,31173,7.05913760012348
2026-02-13 09:50:00,20285.5,20288.5,20275.75,20277.0,31181,7.4656277715432315
2026-02-13 09:55:00,20277.0,20282.0,20266.5,20272.75,36515,8.039511502147286
2026-02-13 10:00:00,20272.75,20273.75,20269.0,20272.0,15690,7.8045463948510525
2026-02-13 10:05:00,20272.0,20274.0,20270.5,20272.5,17789,7.497078795218835
2026-02-13 10:10:00,20272.5,20276.25,20269.25,20272.25,14373,7.461573166988918
2026-02-13 10:15:00,20272.25,20276.0,20270.25,20272.5,14350,7.339317940775424
2026-02-13 10:20:00,20272.5,20274.75,20267.75,20271.0,17050,7.315080945005751
2026-02-13 10:25:00,20271.0,20274.5,20269.25,20272.5,14081,7.1675751632196265
2026-02-13 10:30:00,20272.5,20272.75,20269.5,20271.75,15018,6.887748365846796
2026-02-13 10:35:00,20271.75,20279.75,20271.75,20278.0,14032,6.967194911143453
2026-02-13 10:40:00,20278.0,20280.75,20274.0,20277.5,16069,6.951680988918921
2026-02-13 10:45:00,20277.5,20277.75,20271.75,20275.25,11976,6.883703775424713
2026-02-13 10:50:00,20275.25,20277.75,20266.0,20269.25,11406,7.231296362894376
2026-02-13 10:55:00,20269.25,20273.0,20268.75,20271.25,16081,7.018346622687636
2026-02-13 11:00:00,20271.25,20274.25,20268.25,20271.0,13894,6.945607578209948
2026-02-13 11:05:00,20271.0,20273.5,20267.0,20271.25,12000,6.913778465480666
2026-02-13 11:10:00,20271.25,20271.25,20264.5,20266.25,14769,6.902080003660618
2026-02-13 11:15:00,20266.25,20270.25,20263.0,20263.5,14219,6.926931431970575
2026-02-13 11:20:00,20263.5,20264.25,20259.0,20260.0,16880,6.807150615401248
2026-02-13 11:25:00,20260.0,20264.75,20255.0,20262.25,13958,7.017354142872588
2026-02-13 11:30:00,20262.25,20263.25,20259.0,20259.75,7350,6.81968598981026
2026-02-13 11:35:00,20259.75,20262.25,20258.5,20260.0,5875,6.6004227048238135
2026-02-13 11:40:00,20260.0,20262.25,20259.5,20259.75,4907,6.325392511622113
2026-02-13 11:45:00,20259.75,20259.75,20258.0,20259.25,6497,5.998578760791962
2026-02-13 11:50:00,20259.25,20261.0,20258.25,20259.75,5925,5.766537420735394
2026-02-13 11:55:00,20259.75,20262.75,20259.75,20262.5,6615,5.5689276049685805
2026-02-13 12:00:00,20262.5,20264.0,20262.25,20264.0,5534,5.296147061756539
2026-02-13 12:05:00,20264.0,20264.75,20262.5,20263.5,7664,5.078565128773929
2026-02-13 12:10:00,20263.5,20265.25,20263.0,20265.25,6050,4.8765247624329335
2026-02-13 12:15:00,20265.25,20265.5,20263.5,20264.75,5675,4.6710587079734385
2026-02-13 12:20:00,20264.75,20267.25,20263.25,20267.0,5160,4.623125943118193
2026-02-13 12:25:00,20267.0,20268.75,20266.5,20267.5,4885,4.453616947181179
2026-02-13 12:30:00,20267.5,20270.5,20267.0,20269.25,7045,4.385501450953952
2026-02-13 12:35:00,20269.25,20271.5,20268.25,20271.25,5822,4.304394204457241
2026-02-13 12:40:00,20271.25,20273.25,20269.5,20270.5,5656,4.264794618424581
2026-02-13 12:45:00,20270.5,20272.0,20268.75,20270.5,5533,4.192309288537111
2026-02-13 12:50:00,20270.5,20271.5,20268.75,20271.0,5198,4.089287196498747
2026-02-13 12:55:00,20271.0,20271.25,20268.0,20269.5,6035,4.0293381110345505
2026-02-13 13:00:00,20269.5,20272.25,20268.0,20270.0,6783,4.045099674532083
2026-02-13 13:05:00,20270.0,20270.75,20269.25,20269.5,5566,3.8633068406369344
2026-02-13 13:10:00,20269.5,20272.25,20268.75,20272.0,6111,3.8373563520200107
2026-02-13 13:15:00,20272.0,20275.5,20271.25,20274.0,6294,3.8668308983042956
2026-02-13 13:20:00,20274.0,20275.25,20273.0,20274.25,5972,3.751342976996846
2026-02-13 13:25:00,20274.25,20276.75,20273.0,20273.25,5557,3.7512470500685
2026-02-13 13:30:00,20273.25,20274.0,20270.75,20273.0,16507,3.7154436893493212
2026-02-13 13:35:00,20273.0,20276.25,20270.5,20273.0,15330,3.860769140110084
2026-02-13 13:40:00,20273.0,20275.0,20268.5,20272.25,13307,4.04928563010222
2026-02-13 13:45:00,20272.25,20277.25,20268.0,20275.0,12721,4.420765227952062
2026-02-13 13:50:00,20275.0,20279.5,20274.75,20277.25,12128,4.444281997384058
2026-02-13 13:55:00,20277.25,20280.25,20276.5,20277.25,14144,4.39469042614234
2026-02-13 14:00:00,20277.25,20278.0,20275.25,20277.5,11656,4.277212538560744
2026-02-13 14:05:00,20277.5,20278.75,20273.75,20276.0,13197,4.328840214377833
2026-02-13 14:10:00,20276.0,20281.5,20271.25,20275.25,13755,4.751780199065131
2026-02-13 14:15:00,20275.25,20278.25,20274.75,20278.0,13551,4.662367327703336
2026-02-13 14:20:00,20278.0,20284.0,20276.75,20281.25,13089,4.847198232867383
2026-02-13 14:25:00,20281.25,20286.25,20280.75,20283.0,11955,4.8938269305197135
2026-02-13 14:30:00,20283.0,20285.25,20276.5,20277.5,12222,5.16926786405402
2026-02-13 14:35:00,20277.5,20284.75,20277.25,20284.0,11794,5.335748730907304
2026-02-13 14:40:00,20284.0,20286.0,20281.5,20281.75,15124,5.276052392985354
2026-02-13 14:45:00,20281.75,20285.75,20280.75,20284.75,11506,5.256334364914971
2026-02-13 14:50:00,20284.75,20284.75,20281.0,20282.25,14417,5.148739053135331
2026-02-13 14:55:00,20282.25,20284.75,20279.5,20281.0,15167,5.155971977911379
2026-02-13 15:00:00,20281.0,20283.75,20279.0,20281.5,10992,5.126973979489137
2026-02-13 15:05:00,20281.5,20284.75,20279.75,20283.0,12310,5.117904409525627
2026-02-13 15:10:00,20283.0,20285.0,20280.75,20281.25,14812,5.055911237416654
2026-02-13 15:15:00,20281.25,20284.25,20280.75,20283.5,12978,4.944774720458322
2026-02-13 15:20:00,20283.5,20285.75,20280.0,20280.0,14260,5.002290811854157
2026-02-13 15:25:00,20280.0,20283.5,20280.0,20282.25,11024,4.894984325293145
2026-02-13 15:30:00,20282.25,20286.25,20275.0,20277.25,28393,5.3489140163436355
2026-02-13 15:35:00,20277.25,20283.25,20275.75,20282.25,26635,5.502563015176233
2026-02-13 15:40:00,20282.25,20282.5,20276.75,20278.75,31073,5.520237085520788
2026-02-13 15:45:00,20278.75,20279.0,20271.25,20271.5,35005,5.679505865126446
2026-02-13 15:50:00,20271.5,20275.0,20266.0,20272.25,31342,5.916684017617413
2026-02-13 15:55:00,20272.25,20273.75,20267.75,20271.5,25605,5.92263515921617
