entry_time,exit_time,date,module,side,entry_price,exit_price,exit_reason,stop_price,target_price,stop_pts,raw_stop_pts,is_stop_clamped,target_r_spec,mfe_pts,mae_pts,risk_dollars,gross_pts,net_dollars_0t,net_dollars_1t,net_dollars_2t,r_net_0t,r_net_1t,r_net_2t,is_oos
2022-01-04 15:30:00-05:00,2022-01-04 15:40:00-05:00,2022-01-04,H1_MOMENTUM,-1,15872.8,15882.8,STOP,15882.8,15842.8,10.0,0.1000000000003638,True,3.0,16.799999999999272,11.600000000000364,40.0,-10.0,-42.48,-44.48,-46.48,-1.0619999999999998,-1.1119999999999999,-1.162,False
2022-01-05 15:30:00-05:00,2022-01-05 15:30:00-05:00,2022-01-05,H1_MOMENTUM,-1,15431.0,15453.0,STOP,15453.0,15365.0,22.0,66.29999999999927,True,3.0,7.799999999999272,23.0,88.0,-22.0,-90.48,-92.48,-94.48,-1.0281818181818183,-1.050909090909091,-1.0736363636363637,False
2022-01-06 15:30:00-05:00,2022-01-06 15:40:00-05:00,2022-01-06,H1_MOMENTUM,-1,15409.6,15343.6,TARGET,15431.6,15343.6,22.0,52.899999999999636,True,3.0,67.20000000000073,0.0,88.0,66.0,261.52,260.52,259.52,2.9718181818181817,2.9604545454545454,2.9490909090909088,False
2022-01-07 15:30:00-05:00,2022-01-07 15:45:00-05:00,2022-01-07,H1_MOMENTUM,1,15220.0,15209.1,STOP,15209.1,15252.699999999999,10.899999999999636,10.899999999999636,False,3.0,28.399999999999636,12.600000000000364,43.599999999998545,-10.899999999999636,-46.07999999999854,-48.07999999999854,-50.07999999999854,-1.056880733944956,-1.102752293577985,-1.148623853211014,False
2022-01-10 15:30:00-05:00,2022-01-10 15:30:00-05:00,2022-01-10,H1_MOMENTUM,-1,15085.6,15098.5,STOP,15098.5,15046.900000000001,12.899999999999636,12.899999999999636,False,3.0,22.399999999999636,25.799999999999272,51.599999999998545,-12.899999999999636,-54.07999999999854,-56.07999999999854,-58.07999999999854,-1.0480620155038773,-1.086821705426359,-1.1255813953488407,False
2022-01-11 15:30:00-05:00,2022-01-11 15:55:00-05:00,2022-01-11,H1_MOMENTUM,-1,15420.4,15436.8,TIME_EOD,15438.5,15366.099999999999,18.100000000000364,18.100000000000364,False,3.0,33.19999999999891,16.80000000000109,72.40000000000146,-16.399999999999636,-68.07999999999855,-70.07999999999855,-72.07999999999855,-0.9403314917126683,-0.9679558011049328,-0.9955801104971975,False
2022-01-12 11:15:00-05:00,2022-01-12 11:15:00-05:00,2022-01-12,PDH_SWEEP,-1,15427.2,15443.7,STOP,15443.7,15398.325,16.5,16.5,False,1.75,16.200000000000728,25.19999999999891,66.0,-16.5,-68.48,-70.48,-72.48,-1.0375757575757576,-1.0678787878787879,-1.0981818181818181,False
2022-01-12 15:30:00-05:00,2022-01-12 15:35:00-05:00,2022-01-12,H1_MOMENTUM,1,15473.2,15463.2,STOP,15463.2,15503.2,10.0,9.900000000001455,True,3.0,9.399999999999636,11.0,40.0,-10.0,-42.48,-44.48,-46.48,-1.0619999999999998,-1.1119999999999999,-1.162,False
2022-01-13 15:30:00-05:00,2022-01-13 15:35:00-05:00,2022-01-13,H1_MOMENTUM,1,15188.4,15166.4,STOP,15166.4,15254.4,22.0,35.29999999999927,True,3.0,16.0,50.399999999999636,88.0,-22.0,-90.48,-92.48,-94.48,-1.0281818181818183,-1.050909090909091,-1.0736363636363637,False
2022-01-14 15:30:00-05:00,2022-01-14 15:55:00-05:00,2022-01-14,H1_MOMENTUM,1,15176.4,15200.4,TIME_EOD,15154.4,15242.4,22.0,56.899999999999636,True,3.0,36.80000000000109,1.1999999999989086,88.0,24.0,93.52,91.52,89.52,1.0627272727272727,1.04,1.0172727272727273,False
2022-01-18 15:30:00-05:00,2022-01-18 15:55:00-05:00,2022-01-18,H1_MOMENTUM,-1,14850.6,14831.2,TIME_EOD,14872.6,14784.6,22.0,82.29999999999927,True,3.0,59.0,9.399999999999636,88.0,19.399999999999636,75.11999999999854,73.11999999999854,71.11999999999854,0.8536363636363471,0.8309090909090743,0.8081818181818016,False
2022-01-19 15:30:00-05:00,2022-01-19 15:30:00-05:00,2022-01-19,H1_MOMENTUM,1,14752.0,14742.0,STOP,14742.0,14782.0,10.0,0.1000000000003638,True,3.0,14.399999999999636,15.200000000000728,40.0,-10.0,-42.48,-44.48,-46.48,-1.0619999999999998,-1.1119999999999999,-1.162,False
2022-01-20 15:30:00-05:00,2022-01-20 15:30:00-05:00,2022-01-20,H1_MOMENTUM,1,14592.8,14577.7,STOP,14577.7,14638.099999999995,15.099999999998545,15.099999999998545,False,3.0,7.200000000000728,20.799999999999272,60.39999999999418,-15.099999999998545,-62.879999999994176,-64.87999999999418,-66.87999999999418,-1.0410596026490104,-1.0741721854304709,-1.107284768211931,False
2022-01-21 15:30:00-05:00,2022-01-21 15:30:00-05:00,2022-01-21,H1_MOMENTUM,-1,14105.6,14127.6,STOP,14127.6,14039.6,22.0,62.899999999999636,True,3.0,0.0,58.0,88.0,-22.0,-90.48,-92.48,-94.48,-1.0281818181818183,-1.050909090909091,-1.0736363636363637,False
2022-01-24 15:30:00-05:00,2022-01-24 15:30:00-05:00,2022-01-24,H1_MOMENTUM,-1,13892.8,13914.8,STOP,13914.8,13826.8,22.0,50.100000000000364,True,3.0,20.399999999999636,136.40000000000146,88.0,-22.0,-90.48,-92.48,-94.48,-1.0281818181818183,-1.050909090909091,-1.0736363636363637,False
2022-01-25 15:30:00-05:00,2022-01-25 15:30:00-05:00,2022-01-25,H1_MOMENTUM,-1,13852.8,13874.8,STOP,13874.8,13786.8,22.0,165.70000000000073,True,3.0,14.799999999999272,28.400000000001455,88.0,-22.0,-90.48,-92.48,-94.48,-1.0281818181818183,-1.050909090909091,-1.0736363636363637,False
2022-01-26 15:30:00-05:00,2022-01-26 15:30:00-05:00,2022-01-26,H1_MOMENTUM,1,13807.2,13785.2,STOP,13785.2,13873.2,22.0,170.10000000000036,True,3.0,25.599999999998545,67.60000000000036,88.0,-22.0,-90.48,-92.48,-94.48,-1.0281818181818183,-1.050909090909091,-1.0736363636363637,False
2022-01-27 15:30:00-05:00,2022-01-27 15:30:00-05:00,2022-01-27,H1_MOMENTUM,1,13666.8,13644.8,STOP,13644.8,13732.8,22.0,63.69999999999891,True,3.0,16.0,30.399999999999636,88.0,-22.0,-90.48,-92.48,-94.48,-1.0281818181818183,-1.050909090909091,-1.0736363636363637,False
2022-01-28 15:30:00-05:00,2022-01-28 15:30:00-05:00,2022-01-28,H1_MOMENTUM,-1,13899.6,13921.6,STOP,13921.6,13833.6,22.0,27.899999999999636,True,3.0,44.80000000000109,38.79999999999927,88.0,-22.0,-90.48,-92.48,-94.48,-1.0281818181818183,-1.050909090909091,-1.0736363636363637,False
2022-01-31 15:30:00-05:00,2022-01-31 15:30:00-05:00,2022-01-31,H1_MOMENTUM,1,14392.8,14458.8,TARGET,14370.8,14458.8,22.0,40.099999999998545,True,3.0,75.60000000000036,4.0,88.0,66.0,261.52,260.52,259.52,2.9718181818181817,2.9604545454545454,2.9490909090909088,False
2022-02-01 15:30:00-05:00,2022-02-01 15:30:00-05:00,2022-02-01,H1_MOMENTUM,-1,14579.6,14589.6,STOP,14589.6,14549.6,10.0,-1.1000000000003638,True,3.0,0.0,22.799999999999272,40.0,-10.0,-42.48,-44.48,-46.48,-1.0619999999999998,-1.1119999999999999,-1.162,False
2022-02-02 15:30:00-05:00,2022-02-02 15:55:00-05:00,2022-02-02,H1_MOMENTUM,1,14734.8,14739.2,TIME_EOD,14712.8,14800.8,22.0,32.099999999998545,True,3.0,33.0,20.799999999999272,88.0,4.400000000001455,15.12000000000582,13.12000000000582,11.12000000000582,0.17181818181824796,0.14909090909097522,0.12636363636370251,False
2022-02-03 15:30:00-05:00,2022-02-03 15:45:00-05:00,2022-02-03,H1_MOMENTUM,-1,14233.2,14167.2,TARGET,14255.2,14167.2,22.0,46.099999999998545,True,3.0,74.80000000000109,0.0,88.0,66.0,261.52,260.52,259.52,2.9718181818181817,2.9604545454545454,2.9490909090909088,False
2022-02-04 15:30:00-05:00,2022-02-04 15:45:00-05:00,2022-02-04,H1_MOMENTUM,-1,14425.4,14359.4,TARGET,14447.4,14359.4,22.0,26.899999999999636,True,3.0,81.39999999999964,17.0,88.0,66.0,261.52,260.52,259.52,2.9718181818181817,2.9604545454545454,2.9490909090909088,False
2022-02-07 15:30:00-05:00,2022-02-07 15:35:00-05:00,2022-02-07,H1_MOMENTUM,1,14276.8,14266.8,STOP,14266.8,14306.8,10.0,6.099999999998545,True,3.0,14.800000000001091,43.79999999999927,40.0,-10.0,-42.48,-44.48,-46.48,-1.0619999999999998,-1.1119999999999999,-1.162,False
2022-02-08 15:30:00-05:00,2022-02-08 15:30:00-05:00,2022-02-08,H1_MOMENTUM,-1,14340.4,14362.4,STOP,14362.4,14274.4,22.0,22.5,True,3.0,3.1999999999989086,27.200000000000728,88.0,-22.0,-90.48,-92.48,-94.48,-1.0281818181818183,-1.050909090909091,-1.0736363636363637,False
2022-02-09 15:30:00-05:00,2022-02-09 15:55:00-05:00,2022-02-09,H1_MOMENTUM,1,14635.2,14666.0,TIME_EOD,14613.2,14701.2,22.0,56.5,True,3.0,35.19999999999891,15.200000000000728,88.0,30.799999999999272,120.71999999999709,118.71999999999709,116.71999999999709,1.3718181818181487,1.349090909090876,1.3263636363636033,False
2022-02-10 15:30:00-05:00,2022-02-10 15:45:00-05:00,2022-02-10,H1_MOMENTUM,-1,14350.4,14284.4,TARGET,14372.4,14284.4,22.0,56.100000000000364,True,3.0,82.0,0.0,88.0,66.0,261.52,260.52,259.52,2.9718181818181817,2.9604545454545454,2.9490909090909088,False
2022-02-11 15:30:00-05:00,2022-02-11 15:40:00-05:00,2022-02-11,H1_MOMENTUM,-1,13904.4,13838.4,TARGET,13926.4,13838.4,22.0,77.70000000000073,True,3.0,71.60000000000036,10.399999999999636,88.0,66.0,261.52,260.52,259.52,2.9718181818181817,2.9604545454545454,2.9490909090909088,False
2022-02-14 15:30:00-05:00,2022-02-14 15:55:00-05:00,2022-02-14,H1_MOMENTUM,1,13893.2,13902.4,TIME_EOD,13871.2,13959.2,22.0,68.5,True,3.0,48.79999999999927,19.0,88.0,9.199999999998909,34.31999999999564,32.31999999999564,30.319999999995634,0.38999999999995044,0.3672727272726777,0.3445454545454049,False
2022-02-15 15:30:00-05:00,2022-02-15 15:30:00-05:00,2022-02-15,H1_MOMENTUM,1,14222.0,14200.0,STOP,14200.0,14288.0,22.0,22.899999999999636,True,3.0,0.0,44.0,88.0,-22.0,-90.48,-92.48,-94.48,-1.0281818181818183,-1.050909090909091,-1.0736363636363637,False
2022-02-16 15:30:00-05:00,2022-02-16 15:30:00-05:00,2022-02-16,H1_MOMENTUM,-1,14273.6,14243.6,TARGET,14283.6,14243.6,10.0,6.5,True,3.0,39.600000000000364,1.1999999999989086,40.0,30.0,117.52,116.52,115.52,2.9379999999999997,2.913,2.888,False
2022-02-17 15:30:00-05:00,2022-02-17 15:55:00-05:00,2022-02-17,H1_MOMENTUM,-1,13855.8,13824.0,TIME_EOD,13877.8,13789.8,22.0,34.70000000000073,True,3.0,53.399999999999636,18.200000000000728,88.0,31.799999999999272,124.71999999999709,122.71999999999709,120.71999999999709,1.4172727272726942,1.3945454545454214,1.3718181818181487,False
2022-02-18 15:30:00-05:00,2022-02-18 15:30:00-05:00,2022-02-18,H1_MOMENTUM,1,13656.2,13646.2,STOP,13646.2,13686.2,10.0,-14.899999999999636,True,3.0,0.0,33.0,40.0,-10.0,-42.48,-44.48,-46.48,-1.0619999999999998,-1.1119999999999999,-1.162,False
2022-02-22 15:30:00-05:00,2022-02-22 15:45:00-05:00,2022-02-22,H1_MOMENTUM,-1,13612.0,13546.0,TARGET,13634.0,13546.0,22.0,54.899999999999636,True,3.0,80.0,0.0,88.0,66.0,261.52,260.52,259.52,2.9718181818181817,2.9604545454545454,2.9490909090909088,False
2022-02-23 15:30:00-05:00,2022-02-23 15:45:00-05:00,2022-02-23,H1_MOMENTUM,-1,13239.6,13182.900000000001,TARGET,13258.5,13182.900000000001,18.899999999999636,18.899999999999636,False,3.0,59.20000000000073,17.600000000000364,75.59999999999854,56.69999999999891,224.31999999999564,223.31999999999564,222.31999999999564,2.9671957671957667,2.9539682539682532,2.9407407407407398,False
2022-02-24 15:30:00-05:00,2022-02-24 15:30:00-05:00,2022-02-24,H1_MOMENTUM,-1,13475.0,13497.0,STOP,13497.0,13409.0,22.0,47.100000000000364,True,3.0,1.6000000000003638,107.0,88.0,-22.0,-90.48,-92.48,-94.48,-1.0281818181818183,-1.050909090909091,-1.0736363636363637,False
2022-02-25 15:30:00-05:00,2022-02-25 15:40:00-05:00,2022-02-25,H1_MOMENTUM,-1,13792.8,13812.1,STOP,13812.1,13734.899999999996,19.30000000000109,19.30000000000109,False,3.0,22.399999999999636,20.400000000001455,77.20000000000437,-19.30000000000109,-79.68000000000437,-81.68000000000437,-83.68000000000437,-1.0321243523316044,-1.0580310880828983,-1.0839378238341921,False
2022-02-28 15:30:00-05:00,2022-02-28 15:35:00-05:00,2022-02-28,H1_MOMENTUM,-1,13759.6,13693.6,TARGET,13781.6,13693.6,22.0,23.69999999999891,True,3.0,73.20000000000073,0.0,88.0,66.0,261.52,260.52,259.52,2.9718181818181817,2.9604545454545454,2.9490909090909088,False
2022-03-01 15:30:00-05:00,2022-03-01 15:45:00-05:00,2022-03-01,H1_MOMENTUM,-1,13638.0,13572.0,TARGET,13660.0,13572.0,22.0,115.70000000000073,True,3.0,68.79999999999927,13.600000000000364,88.0,66.0,261.52,260.52,259.52,2.9718181818181817,2.9604545454545454,2.9490909090909088,False
2022-03-02 15:30:00-05:00,2022-03-02 15:55:00-05:00,2022-03-02,H1_MOMENTUM,1,13914.8,13892.8,STOP,13892.8,13980.8,22.0,29.299999999999272,True,3.0,24.80000000000109,30.799999999999272,88.0,-22.0,-90.48,-92.48,-94.48,-1.0281818181818183,-1.050909090909091,-1.0736363636363637,False
2022-03-03 15:30:00-05:00,2022-03-03 15:30:00-05:00,2022-03-03,H1_MOMENTUM,1,13696.4,13674.4,STOP,13674.4,13762.4,22.0,39.69999999999891,True,3.0,1.2000000000007276,52.399999999999636,88.0,-22.0,-90.48,-92.48,-94.48,-1.0281818181818183,-1.050909090909091,-1.0736363636363637,False
2022-03-04 15:30:00-05:00,2022-03-04 15:50:00-05:00,2022-03-04,H1_MOMENTUM,-1,13451.6,13473.6,STOP,13473.6,13385.6,22.0,25.5,True,3.0,43.600000000000364,36.600000000000364,88.0,-22.0,-90.48,-92.48,-94.48,-1.0281818181818183,-1.050909090909091,-1.0736363636363637,False
2022-03-07 15:30:00-05:00,2022-03-07 15:50:00-05:00,2022-03-07,H1_MOMENTUM,-1,13074.0,13008.0,TARGET,13096.0,13008.0,22.0,23.299999999999272,True,3.0,76.0,0.0,88.0,66.0,261.52,260.52,259.52,2.9718181818181817,2.9604545454545454,2.9490909090909088,False
2022-03-08 15:30:00-05:00,2022-03-08 15:45:00-05:00,2022-03-08,H1_MOMENTUM,-1,13025.6,12959.6,TARGET,13047.6,12959.6,22.0,148.10000000000036,True,3.0,71.20000000000073,4.799999999999272,88.0,66.0,261.52,260.52,259.52,2.9718181818181817,2.9604545454545454,2.9490909090909088,False
2022-03-09 15:30:00-05:00,2022-03-09 15:35:00-05:00,2022-03-09,H1_MOMENTUM,1,13441.8,13419.8,STOP,13419.8,13507.8,22.0,60.899999999999636,True,3.0,13.400000000001455,26.599999999998545,88.0,-22.0,-90.48,-92.48,-94.48,-1.0281818181818183,-1.050909090909091,-1.0736363636363637,False
2022-03-10 15:30:00-05:00,2022-03-10 15:50:00-05:00,2022-03-10,H1_MOMENTUM,-1,13255.2,13277.2,STOP,13277.2,13189.2,22.0,35.69999999999891,True,3.0,32.0,40.79999999999927,88.0,-22.0,-90.48,-92.48,-94.48,-1.0281818181818183,-1.050909090909091,-1.0736363636363637,False
2022-03-11 15:30:00-05:00,2022-03-11 15:55:00-05:00,2022-03-11,H1_MOMENTUM,-1,13040.2,12974.2,TARGET,13062.2,12974.2,22.0,60.29999999999927,True,3.0,81.80000000000109,8.199999999998909,88.0,66.0,261.52,260.52,259.52,2.9718181818181817,2.9604545454545454,2.9490909090909088,False
2022-03-14 15:30:00-04:00,2022-03-14 15:55:00-04:00,2022-03-14,H1_MOMENTUM,-1,12755.2,12727.2,TIME_EOD,12777.2,12689.2,22.0,42.5,True,3.0,55.20000000000073,13.199999999998909,88.0,28.0,109.52,107.52,105.52,1.2445454545454544,1.2218181818181817,1.199090909090909,False
2022-03-15 15:30:00-04:00,2022-03-15 15:55:00-04:00,2022-03-15,H1_MOMENTUM,1,13108.0,13124.4,TIME_EOD,13086.0,13174.0,22.0,68.5,True,3.0,48.79999999999927,0.3999999999996362,88.0,16.399999999999636,63.11999999999855,61.11999999999855,59.11999999999855,0.7172727272727107,0.694545454545438,0.6718181818181653,False
2022-03-16 15:30:00-04:00,2022-03-16 15:30:00-04:00,2022-03-16,H1_MOMENTUM,1,13507.4,13485.4,STOP,13485.4,13573.4,22.0,137.5,True,3.0,5.0,39.399999999999636,88.0,-22.0,-90.48,-92.48,-94.48,-1.0281818181818183,-1.050909090909091,-1.0736363636363637,False
2022-03-17 15:30:00-04:00,2022-03-17 15:55:00-04:00,2022-03-17,H1_MOMENTUM,1,13717.2,13779.2,TIME_EOD,13695.2,13783.2,22.0,50.5,True,3.0,62.0,14.800000000001091,88.0,62.0,245.52,243.52,241.52,2.79,2.7672727272727276,2.7445454545454546,False
2022-03-18 15:30:00-04:00,2022-03-18 15:55:00-04:00,2022-03-18,H1_MOMENTUM,1,14040.0,14058.4,TIME_EOD,14018.0,14106.0,22.0,63.29999999999927,True,3.0,31.600000000000364,20.0,88.0,18.399999999999636,71.11999999999854,69.11999999999854,67.11999999999854,0.8081818181818016,0.7854545454545289,0.7627272727272562,False
2022-03-21 15:30:00-04:00,2022-03-21 15:30:00-04:00,2022-03-21,H1_MOMENTUM,-1,13956.4,13966.4,STOP,13966.4,13926.4,10.0,0.5,True,3.0,13.199999999998909,10.399999999999636,40.0,-10.0,-42.48,-44.48,-46.48,-1.0619999999999998,-1.1119999999999999,-1.162,False
2022-03-22 15:30:00-04:00,2022-03-22 15:40:00-04:00,2022-03-22,H1_MOMENTUM,1,14262.8,14292.8,TARGET,14252.8,14292.8,10.0,2.899999999999636,True,3.0,30.0,0.7999999999992724,40.0,30.0,117.52,116.52,115.52,2.9379999999999997,2.913,2.888,False
2022-03-23 15:30:00-04:00,2022-03-23 15:45:00-04:00,2022-03-23,H1_MOMENTUM,-1,14123.6,14145.6,STOP,14145.6,14057.6,22.0,26.899999999999636,True,3.0,25.0,34.79999999999927,88.0,-22.0,-90.48,-92.48,-94.48,-1.0281818181818183,-1.050909090909091,-1.0736363636363637,False
2022-03-24 15:30:00-04:00,2022-03-24 15:40:00-04:00,2022-03-24,H1_MOMENTUM,1,14350.4,14328.4,STOP,14328.4,14416.4,22.0,79.10000000000036,True,3.0,2.0,32.0,88.0,-22.0,-90.48,-92.48,-94.48,-1.0281818181818183,-1.050909090909091,-1.0736363636363637,False
2022-03-25 15:30:00-04:00,2022-03-25 15:40:00-04:00,2022-03-25,H1_MOMENTUM,-1,14264.8,14286.8,STOP,14286.8,14198.8,22.0,99.30000000000109,True,3.0,11.599999999998545,42.0,88.0,-22.0,-90.48,-92.48,-94.48,-1.0281818181818183,-1.050909090909091,-1.0736363636363637,False
2022-03-28 15:30:00-04:00,2022-03-28 15:50:00-04:00,2022-03-28,H1_MOMENTUM,1,14564.0,14542.0,STOP,14542.0,14630.0,22.0,30.5,True,3.0,19.600000000000364,22.0,88.0,-22.0,-90.48,-92.48,-94.48,-1.0281818181818183,-1.050909090909091,-1.0736363636363637,False
2022-03-29 15:30:00-04:00,2022-03-29 15:40:00-04:00,2022-03-29,H1_MOMENTUM,1,14861.6,14839.6,STOP,14839.6,14927.6,22.0,48.30000000000109,True,3.0,11.0,26.0,88.0,-22.0,-90.48,-92.48,-94.48,-1.0281818181818183,-1.050909090909091,-1.0736363636363637,False
2022-03-30 15:30:00-04:00,2022-03-30 15:30:00-04:00,2022-03-30,H1_MOMENTUM,-1,14640.2,14662.2,STOP,14662.2,14574.2,22.0,53.099999999998545,True,3.0,2.2000000000007276,27.799999999999272,88.0,-22.0,-90.48,-92.48,-94.48,-1.0281818181818183,-1.050909090909091,-1.0736363636363637,False
2022-03-31 15:30:00-04:00,2022-03-31 15:50:00-04:00,2022-03-31,H1_MOMENTUM,-1,14598.4,14532.4,TARGET,14620.4,14532.4,22.0,75.70000000000073,True,3.0,94.79999999999927,6.800000000001091,88.0,66.0,261.52,260.52,259.52,2.9718181818181817,2.9604545454545454,2.9490909090909088,False
2022-04-01 15:30:00-04:00,2022-04-01 15:50:00-04:00,2022-04-01,H1_MOMENTUM,-1,14396.4,14418.4,STOP,14418.4,14330.4,22.0,57.70000000000073,True,3.0,30.0,67.20000000000073,88.0,-22.0,-90.48,-92.48,-94.48,-1.0281818181818183,-1.050909090909091,-1.0736363636363637,False
2022-04-04 15:30:00-04:00,2022-04-04 15:55:00-04:00,2022-04-04,H1_MOMENTUM,1,14747.6,14771.2,TIME_EOD,14727.3,14808.500000000004,20.30000000000109,20.30000000000109,False,3.0,24.399999999999636,10.800000000001091,81.20000000000437,23.600000000000364,91.92000000000145,89.92000000000145,87.92000000000145,1.1320197044334546,1.1073891625615346,1.082758620689615,False
2022-04-05 15:30:00-04:00,2022-04-05 15:50:00-04:00,2022-04-05,H1_MOMENTUM,-1,14430.8,14452.8,STOP,14452.8,14364.8,22.0,61.30000000000109,True,3.0,32.399999999999636,22.400000000001455,88.0,-22.0,-90.48,-92.48,-94.48,-1.0281818181818183,-1.050909090909091,-1.0736363636363637,False
2022-04-06 15:30:00-04:00,2022-04-06 15:35:00-04:00,2022-04-06,H1_MOMENTUM,-1,14111.6,14133.6,STOP,14133.6,14045.6,22.0,157.6999999999989,True,3.0,18.80000000000109,43.19999999999891,88.0,-22.0,-90.48,-92.48,-94.48,-1.0281818181818183,-1.050909090909091,-1.0736363636363637,False
2022-04-07 15:30:00-04:00,2022-04-07 15:30:00-04:00,2022-04-07,H1_MOMENTUM,1,14195.6,14225.6,TARGET,14185.6,14225.6,10.0,3.3000000000010914,True,3.0,37.19999999999891,0.0,40.0,30.0,117.52,116.52,115.52,2.9379999999999997,2.913,2.888,False
2022-04-08 15:30:00-04:00,2022-04-08 15:50:00-04:00,2022-04-08,H1_MOMENTUM,-1,14014.0,13948.0,TARGET,14036.0,13948.0,22.0,26.899999999999636,True,3.0,68.0,7.200000000000728,88.0,66.0,261.52,260.52,259.52,2.9718181818181817,2.9604545454545454,2.9490909090909088,False
2022-04-11 15:30:00-04:00,2022-04-11 15:55:00-04:00,2022-04-11,H1_MOMENTUM,-1,13681.6,13638.8,TIME_EOD,13703.6,13615.6,22.0,75.69999999999891,True,3.0,59.20000000000073,2.0,88.0,42.80000000000109,168.72000000000438,166.72000000000438,164.72000000000438,1.917272727272777,1.8945454545455043,1.8718181818182316,False
2022-04-12 15:30:00-04:00,2022-04-12 15:35:00-04:00,2022-04-12,H1_MOMENTUM,1,13539.2,13586.300000000003,TARGET,13523.5,13586.300000000003,15.700000000000728,15.700000000000728,False,3.0,48.0,9.0,62.80000000000291,47.10000000000218,185.92000000000874,184.92000000000874,183.92000000000874,2.9605095541401294,2.9445859872611493,2.928662420382169,False
2022-04-13 15:30:00-04:00,2022-04-13 15:50:00-04:00,2022-04-13,H1_MOMENTUM,1,13876.8,13854.8,STOP,13854.8,13942.8,22.0,59.29999999999927,True,3.0,19.400000000001455,23.0,88.0,-22.0,-90.48,-92.48,-94.48,-1.0281818181818183,-1.050909090909091,-1.0736363636363637,False
2022-04-14 15:30:00-04:00,2022-04-14 15:55:00-04:00,2022-04-14,H1_MOMENTUM,-1,13576.4,13537.6,TIME_EOD,13598.4,13510.4,22.0,33.30000000000109,True,3.0,48.0,0.0,88.0,38.79999999999927,152.7199999999971,150.7199999999971,148.7199999999971,1.7354545454545125,1.7127272727272398,1.689999999999967,False
2022-04-18 15:30:00-04:00,2022-04-18 15:55:00-04:00,2022-04-18,H1_MOMENTUM,-1,13524.8,13546.8,STOP,13546.8,13458.8,22.0,57.70000000000073,True,3.0,54.599999999998545,31.200000000000728,88.0,-22.0,-90.48,-92.48,-94.48,-1.0281818181818183,-1.050909090909091,-1.0736363636363637,False
2022-04-19 15:30:00-04:00,2022-04-19 15:45:00-04:00,2022-04-19,H1_MOMENTUM,1,13852.0,13830.0,STOP,13830.0,13918.0,22.0,69.29999999999927,True,3.0,14.799999999999272,34.20000000000073,88.0,-22.0,-90.48,-92.48,-94.48,-1.0281818181818183,-1.050909090909091,-1.0736363636363637,False
2022-04-20 15:30:00-04:00,2022-04-20 15:30:00-04:00,2022-04-20,H1_MOMENTUM,1,13669.0,13647.0,STOP,13647.0,13735.0,22.0,42.29999999999927,True,3.0,1.0,22.0,88.0,-22.0,-90.48,-92.48,-94.48,-1.0281818181818183,-1.050909090909091,-1.0736363636363637,False
2022-04-21 15:30:00-04:00,2022-04-21 15:30:00-04:00,2022-04-21,H1_MOMENTUM,1,13407.6,13385.6,STOP,13385.6,13473.6,22.0,52.30000000000109,True,3.0,1.6000000000003638,40.0,88.0,-22.0,-90.48,-92.48,-94.48,-1.0281818181818183,-1.050909090909091,-1.0736363636363637,False
2022-04-22 15:30:00-04:00,2022-04-22 15:30:00-04:00,2022-04-22,H1_MOMENTUM,-1,13089.2,13111.2,STOP,13111.2,13023.2,22.0,37.69999999999891,True,3.0,0.0,66.39999999999964,88.0,-22.0,-90.48,-92.48,-94.48,-1.0281818181818183,-1.050909090909091,-1.0736363636363637,False
2022-04-25 15:30:00-04:00,2022-04-25 15:35:00-04:00,2022-04-25,H1_MOMENTUM,-1,13129.2,13139.2,STOP,13139.2,13099.2,10.0,3.2999999999992724,True,3.0,6.800000000001091,25.19999999999891,40.0,-10.0,-42.48,-44.48,-46.48,-1.0619999999999998,-1.1119999999999999,-1.162,False
2022-04-26 15:30:00-04:00,2022-04-26 15:55:00-04:00,2022-04-26,H1_MOMENTUM,-1,12740.4,12674.4,TARGET,12762.4,12674.4,22.0,133.89999999999964,True,3.0,66.0,21.399999999999636,88.0,66.0,261.52,260.52,259.52,2.9718181818181817,2.9604545454545454,2.9490909090909088,False
2022-04-27 15:30:00-04:00,2022-04-27 15:35:00-04:00,2022-04-27,H1_MOMENTUM,1,12693.6,12671.6,STOP,12671.6,12759.6,22.0,29.30000000000109,True,3.0,16.799999999999272,41.80000000000109,88.0,-22.0,-90.48,-92.48,-94.48,-1.0281818181818183,-1.050909090909091,-1.0736363636363637,False
2022-04-28 15:30:00-04:00,2022-04-28 15:30:00-04:00,2022-04-28,H1_MOMENTUM,1,13160.4,13138.4,STOP,13138.4,13226.4,22.0,27.299999999999272,True,3.0,0.0,30.799999999999272,88.0,-22.0,-90.48,-92.48,-94.48,-1.0281818181818183,-1.050909090909091,-1.0736363636363637,False
2022-04-29 15:30:00-04:00,2022-04-29 15:30:00-04:00,2022-04-29,H1_MOMENTUM,1,12604.2,12634.2,TARGET,12594.2,12634.2,10.0,-1.6999999999989086,True,3.0,30.599999999998545,1.0,40.0,30.0,117.52,116.52,115.52,2.9379999999999997,2.913,2.888,False
2022-05-02 15:30:00-04:00,2022-05-02 15:45:00-04:00,2022-05-02,H1_MOMENTUM,1,12652.0,12629.2,STOP,12630.0,12718.0,22.0,210.89999999999964,True,3.0,51.600000000000364,22.799999999999272,88.0,-22.799999999999272,-93.6799999999971,-95.6799999999971,-97.6799999999971,-1.0645454545454216,-1.0872727272726943,-1.109999999999967,False
2022-05-03 15:30:00-04:00,2022-05-03 15:35:00-04:00,2022-05-03,H1_MOMENTUM,1,12759.6,12737.6,STOP,12737.6,12825.6,22.0,31.30000000000109,True,3.0,13.600000000000364,35.20000000000073,88.0,-22.0,-90.48,-92.48,-94.48,-1.0281818181818183,-1.050909090909091,-1.0736363636363637,False
2022-05-04 15:30:00-04:00,2022-05-04 15:30:00-04:00,2022-05-04,H1_MOMENTUM,-1,13123.2,13133.2,STOP,13133.2,13093.2,10.0,3.2999999999992724,True,3.0,3.600000000000364,41.19999999999891,40.0,-10.0,-42.48,-44.48,-46.48,-1.0619999999999998,-1.1119999999999999,-1.162,False
2022-05-05 15:30:00-04:00,2022-05-05 15:30:00-04:00,2022-05-05,H1_MOMENTUM,-1,12398.8,12420.8,STOP,12420.8,12332.8,22.0,108.5,True,3.0,13.599999999998545,46.20000000000073,88.0,-22.0,-90.48,-92.48,-94.48,-1.0281818181818183,-1.050909090909091,-1.0736363636363637,False
2022-05-06 15:30:00-04:00,2022-05-06 15:30:00-04:00,2022-05-06,H1_MOMENTUM,-1,12292.0,12314.0,STOP,12314.0,12226.0,22.0,40.5,True,3.0,0.0,40.79999999999927,88.0,-22.0,-90.48,-92.48,-94.48,-1.0281818181818183,-1.050909090909091,-1.0736363636363637,False
2022-05-09 15:30:00-04:00,2022-05-09 15:50:00-04:00,2022-05-09,H1_MOMENTUM,-1,11916.4,11850.4,TARGET,11938.4,11850.4,22.0,110.5,True,3.0,85.60000000000036,10.800000000001091,88.0,66.0,261.52,260.52,259.52,2.9718181818181817,2.9604545454545454,2.9490909090909088,False
2022-05-10 15:30:00-04:00,2022-05-10 15:30:00-04:00,2022-05-10,H1_MOMENTUM,1,12075.2,12065.1,STOP,12065.1,12105.500000000002,10.100000000000364,10.100000000000364,False,3.0,6.0,24.400000000001455,40.400000000001455,-10.100000000000364,-42.88000000000145,-44.88000000000145,-46.88000000000145,-1.061386138613859,-1.1108910891089068,-1.1603960396039545,False
2022-05-11 15:30:00-04:00,2022-05-11 15:35:00-04:00,2022-05-11,H1_MOMENTUM,1,11706.0,11686.9,STOP,11686.9,11763.300000000001,19.100000000000364,19.100000000000364,False,3.0,30.0,28.399999999999636,76.40000000000146,-19.100000000000364,-78.88000000000146,-80.88000000000146,-82.88000000000146,-1.0324607329842925,-1.0586387434554962,-1.0848167539267,False
2022-05-12 15:30:00-04:00,2022-05-12 15:30:00-04:00,2022-05-12,H1_MOMENTUM,-1,11525.6,11547.6,STOP,11547.6,11459.6,22.0,73.29999999999927,True,3.0,0.0,56.399999999999636,88.0,-22.0,-90.48,-92.48,-94.48,-1.0281818181818183,-1.050909090909091,-1.0736363636363637,False
2022-05-13 15:30:00-04:00,2022-05-13 15:30:00-04:00,2022-05-13,H1_MOMENTUM,1,12110.8,12088.8,STOP,12088.8,12176.8,22.0,82.89999999999964,True,3.0,8.400000000001455,58.79999999999927,88.0,-22.0,-90.48,-92.48,-94.48,-1.0281818181818183,-1.050909090909091,-1.0736363636363637,False
2022-05-16 15:30:00-04:00,2022-05-16 15:55:00-04:00,2022-05-16,H1_MOMENTUM,-1,11971.2,11944.8,TIME_EOD,11993.2,11905.2,22.0,86.09999999999854,True,3.0,61.600000000000364,11.199999999998909,88.0,26.400000000001455,103.12000000000582,101.12000000000582,99.12000000000582,1.1718181818182478,1.149090909090975,1.1263636363637024,False
2022-05-17 15:30:00-04:00,2022-05-17 15:40:00-04:00,2022-05-17,H1_MOMENTUM,1,12242.0,12220.0,STOP,12220.0,12308.0,22.0,40.100000000000364,True,3.0,20.399999999999636,24.799999999999272,88.0,-22.0,-90.48,-92.48,-94.48,-1.0281818181818183,-1.050909090909091,-1.0736363636363637,False
2022-05-18 15:30:00-04:00,2022-05-18 15:35:00-04:00,2022-05-18,H1_MOMENTUM,-1,11620.4,11642.4,STOP,11642.4,11554.4,22.0,59.70000000000073,True,3.0,3.600000000000364,61.600000000000364,88.0,-22.0,-90.48,-92.48,-94.48,-1.0281818181818183,-1.050909090909091,-1.0736363636363637,False
2022-05-19 15:30:00-04:00,2022-05-19 15:30:00-04:00,2022-05-19,H1_MOMENTUM,-1,11591.6,11613.6,STOP,11613.6,11525.6,22.0,153.6999999999989,True,3.0,0.3999999999996362,23.19999999999891,88.0,-22.0,-90.48,-92.48,-94.48,-1.0281818181818183,-1.050909090909091,-1.0736363636363637,False
2022-05-20 15:30:00-04:00,2022-05-20 15:30:00-04:00,2022-05-20,H1_MOMENTUM,1,11388.4,11366.4,STOP,11366.4,11454.4,22.0,125.89999999999964,True,3.0,35.20000000000073,27.600000000000364,88.0,-22.0,-90.48,-92.48,-94.48,-1.0281818181818183,-1.050909090909091,-1.0736363636363637,False
2022-05-23 15:30:00-04:00,2022-05-23 15:45:00-04:00,2022-05-23,H1_MOMENTUM,1,11690.0,11672.3,STOP,11672.3,11743.100000000002,17.700000000000728,17.700000000000728,False,3.0,33.20000000000073,29.200000000000728,70.80000000000291,-17.700000000000728,-73.28000000000291,-75.28000000000291,-77.28000000000291,-1.0350282485875693,-1.0632768361581895,-1.09152542372881,False
2022-05-24 15:30:00-04:00,2022-05-24 15:35:00-04:00,2022-05-24,H1_MOMENTUM,-1,11438.8,11456.1,STOP,11456.1,11386.899999999996,17.30000000000109,17.30000000000109,False,3.0,0.0,99.60000000000036,69.20000000000437,-17.30000000000109,-71.68000000000437,-73.68000000000437,-75.68000000000437,-1.035838150289015,-1.0647398843930596,-1.093641618497104,False
2022-05-25 15:30:00-04:00,2022-05-25 15:50:00-04:00,2022-05-25,H1_MOMENTUM,-1,11695.8,11629.8,TARGET,11717.8,11629.8,22.0,37.5,True,3.0,88.59999999999854,14.600000000000364,88.0,66.0,261.52,260.52,259.52,2.9718181818181817,2.9604545454545454,2.9490909090909088,False
2022-05-26 15:30:00-04:00,2022-05-26 15:50:00-04:00,2022-05-26,H1_MOMENTUM,1,11956.8,12022.8,TARGET,11934.8,12022.8,22.0,23.899999999999636,True,3.0,71.60000000000036,8.0,88.0,66.0,261.52,260.52,259.52,2.9718181818181817,2.9604545454545454,2.9490909090909088,False
2022-05-27 15:30:00-04:00,2022-05-27 15:35:00-04:00,2022-05-27,H1_MOMENTUM,1,12341.0,12319.0,STOP,12319.0,12407.0,22.0,45.5,True,3.0,5.600000000000364,25.399999999999636,88.0,-22.0,-90.48,-92.48,-94.48,-1.0281818181818183,-1.050909090909091,-1.0736363636363637,False
2022-05-31 15:30:00-04:00,2022-05-31 15:30:00-04:00,2022-05-31,H1_MOMENTUM,-1,12400.4,12410.4,STOP,12410.4,12370.4,10.0,2.899999999999636,True,3.0,0.0,26.399999999999636,40.0,-10.0,-42.48,-44.48,-46.48,-1.0619999999999998,-1.1119999999999999,-1.162,False
2022-06-01 10:10:00-04:00,2022-06-01 10:15:00-04:00,2022-06-01,PDH_SWEEP,-1,12397.2,12358.7,TARGET,12419.2,12358.7,22.0,64.5,True,1.75,83.0,12.399999999999636,88.0,38.5,151.52,150.52,149.52,1.721818181818182,1.7104545454545457,1.6990909090909092,False
2022-06-01 15:30:00-04:00,2022-06-01 15:35:00-04:00,2022-06-01,H1_MOMENTUM,1,12306.8,12283.2,STOP,12284.8,12372.8,22.0,31.69999999999891,True,3.0,8.400000000001455,30.0,88.0,-23.599999999998545,-96.87999999999418,-98.87999999999418,-100.87999999999418,-1.100909090909025,-1.1236363636362976,-1.1463636363635703,False
2022-06-02 15:30:00-04:00,2022-06-02 15:35:00-04:00,2022-06-02,H1_MOMENTUM,-1,12502.8,12524.8,STOP,12524.8,12436.8,22.0,40.100000000000364,True,3.0,0.0,31.200000000000728,88.0,-22.0,-90.48,-92.48,-94.48,-1.0281818181818183,-1.050909090909091,-1.0736363636363637,False
2022-06-03 15:30:00-04:00,2022-06-03 15:55:00-04:00,2022-06-03,H1_MOMENTUM,-1,12238.6,12242.2,TIME_EOD,12260.6,12172.6,22.0,35.899999999999636,True,3.0,27.0,19.799999999999272,88.0,-3.600000000000364,-16.880000000001456,-18.880000000001456,-20.880000000001456,-0.19181818181819835,-0.21454545454547108,-0.23727272727274382,False
2022-06-06 15:30:00-04:00,2022-06-06 15:35:00-04:00,2022-06-06,H1_MOMENTUM,1,12254.4,12239.5,STOP,12239.5,12299.099999999999,14.899999999999636,14.899999999999636,False,3.0,15.200000000000728,18.19999999999891,59.599999999998545,-14.899999999999636,-62.07999999999854,-64.07999999999855,-66.07999999999855,-1.0416107382550346,-1.0751677852349013,-1.1087248322147678,False
2022-06-07 15:30:00-04:00,2022-06-07 15:30:00-04:00,2022-06-07,H1_MOMENTUM,-1,12372.0,12388.5,STOP,12388.5,12322.5,16.5,16.5,False,3.0,0.0,23.200000000000728,66.0,-16.5,-68.48,-70.48,-72.48,-1.0375757575757576,-1.0678787878787879,-1.0981818181818181,False
2022-06-08 15:30:00-04:00,2022-06-08 15:45:00-04:00,2022-06-08,H1_MOMENTUM,1,12331.6,12309.6,STOP,12309.6,12397.6,22.0,59.30000000000109,True,3.0,13.600000000000364,38.0,88.0,-22.0,-90.48,-92.48,-94.48,-1.0281818181818183,-1.050909090909091,-1.0736363636363637,False
2022-06-09 15:30:00-04:00,2022-06-09 15:35:00-04:00,2022-06-09,H1_MOMENTUM,1,12062.0,12052.0,STOP,12052.0,12092.0,10.0,-0.1000000000003638,True,3.0,7.600000000000364,11.200000000000728,40.0,-10.0,-42.48,-44.48,-46.48,-1.0619999999999998,-1.1119999999999999,-1.162,False
2022-06-10 15:30:00-04:00,2022-06-10 15:45:00-04:00,2022-06-10,H1_MOMENTUM,-1,11651.2,11585.2,TARGET,11673.2,11585.2,22.0,26.099999999998545,True,3.0,81.60000000000036,9.599999999998545,88.0,66.0,261.52,260.52,259.52,2.9718181818181817,2.9604545454545454,2.9490909090909088,False
2022-06-13 15:30:00-04:00,2022-06-13 15:35:00-04:00,2022-06-13,H1_MOMENTUM,-1,11024.4,11046.4,STOP,11046.4,10958.4,22.0,102.5,True,3.0,15.0,23.0,88.0,-22.0,-90.48,-92.48,-94.48,-1.0281818181818183,-1.050909090909091,-1.0736363636363637,False
2022-06-14 15:30:00-04:00,2022-06-14 15:35:00-04:00,2022-06-14,H1_MOMENTUM,1,11000.8,11066.8,TARGET,10978.8,11066.8,22.0,67.69999999999891,True,3.0,71.20000000000073,0.7999999999992724,88.0,66.0,261.52,260.52,259.52,2.9718181818181817,2.9604545454545454,2.9490909090909088,False
2022-06-15 15:30:00-04:00,2022-06-15 15:35:00-04:00,2022-06-15,H1_MOMENTUM,1,11413.6,11391.6,STOP,11391.6,11479.6,22.0,148.5,True,3.0,57.19999999999891,35.399999999999636,88.0,-22.0,-90.48,-92.48,-94.48,-1.0281818181818183,-1.050909090909091,-1.0736363636363637,False
2022-06-16 15:30:00-04:00,2022-06-16 15:45:00-04:00,2022-06-16,H1_MOMENTUM,-1,10859.2,10800.100000000004,TARGET,10878.9,10800.100000000004,19.69999999999891,19.69999999999891,False,3.0,66.0,6.799999999999272,78.79999999999563,59.099999999996726,233.9199999999869,232.9199999999869,231.9199999999869,2.9685279187817244,2.9558375634517744,2.9431472081218244,False
2022-06-17 15:30:00-04:00,2022-06-17 15:30:00-04:00,2022-06-17,H1_MOMENTUM,1,11042.4,11020.4,STOP,11020.4,11108.4,22.0,78.10000000000036,True,3.0,1.2000000000007276,32.79999999999927,88.0,-22.0,-90.48,-92.48,-94.48,-1.0281818181818183,-1.050909090909091,-1.0736363636363637,False
2022-06-21 15:30:00-04:00,2022-06-21 15:35:00-04:00,2022-06-21,H1_MOMENTUM,1,11282.0,11268.5,STOP,11268.5,11322.5,13.5,13.5,False,3.0,2.399999999999636,20.600000000000364,54.0,-13.5,-56.48,-58.48,-60.48,-1.045925925925926,-1.082962962962963,-1.1199999999999999,False
2022-06-22 15:30:00-04:00,2022-06-22 15:35:00-04:00,2022-06-22,H1_MOMENTUM,1,11266.0,11254.8,STOP,11256.0,11296.0,10.0,2.899999999999636,True,3.0,11.200000000000728,32.0,40.0,-11.200000000000728,-47.28000000000291,-49.28000000000291,-51.28000000000291,-1.1820000000000728,-1.2320000000000726,-1.2820000000000726,False
2022-06-23 15:30:00-04:00,2022-06-23 15:50:00-04:00,2022-06-23,H1_MOMENTUM,1,11359.2,11425.2,TARGET,11337.2,11425.2,22.0,39.70000000000073,True,3.0,69.59999999999854,0.0,88.0,66.0,261.52,260.52,259.52,2.9718181818181817,2.9604545454545454,2.9490909090909088,False
2022-06-24 15:30:00-04:00,2022-06-24 15:50:00-04:00,2022-06-24,H1_MOMENTUM,1,11709.2,11758.100000000004,TARGET,11692.9,11758.100000000004,16.30000000000109,16.30000000000109,False,3.0,58.79999999999927,13.800000000001091,65.20000000000437,48.900000000003274,193.1200000000131,192.1200000000131,191.1200000000131,2.961963190184052,2.9466257668711693,2.931288343558287,False
2022-06-27 15:30:00-04:00,2022-06-27 15:45:00-04:00,2022-06-27,H1_MOMENTUM,-1,11701.2,11716.7,STOP,11716.7,11654.7,15.5,15.5,False,3.0,37.0,17.19999999999891,62.0,-15.5,-64.48,-66.48,-68.48,-1.04,-1.072258064516129,-1.104516129032258,False
2022-06-28 15:30:00-04:00,2022-06-28 15:45:00-04:00,2022-06-28,H1_MOMENTUM,1,11371.2,11349.2,STOP,11349.2,11437.2,22.0,27.700000000000728,True,3.0,14.0,27.0,88.0,-22.0,-90.48,-92.48,-94.48,-1.0281818181818183,-1.050909090909091,-1.0736363636363637,False
2022-06-29 15:30:00-04:00,2022-06-29 15:30:00-04:00,2022-06-29,H1_MOMENTUM,1,11383.6,11361.6,STOP,11361.6,11449.6,22.0,69.70000000000073,True,3.0,0.3999999999996362,38.80000000000109,88.0,-22.0,-90.48,-92.48,-94.48,-1.0281818181818183,-1.050909090909091,-1.0736363636363637,False
2022-06-30 15:30:00-04:00,2022-06-30 15:30:00-04:00,2022-06-30,H1_MOMENTUM,-1,11224.8,11234.8,STOP,11234.8,11194.8,10.0,8.100000000000364,True,3.0,5.199999999998909,32.0,40.0,-10.0,-42.48,-44.48,-46.48,-1.0619999999999998,-1.1119999999999999,-1.162,False
2022-07-01 15:30:00-04:00,2022-07-01 15:55:00-04:00,2022-07-01,H1_MOMENTUM,1,11251.2,11284.8,TIME_EOD,11229.2,11317.2,22.0,35.100000000000364,True,3.0,48.19999999999891,0.4000000000014552,88.0,33.599999999998545,131.9199999999942,129.9199999999942,127.91999999999418,1.499090909090843,1.4763636363635704,1.4536363636362974,False
2022-07-05 15:30:00-04:00,2022-07-05 15:30:00-04:00,2022-07-05,H1_MOMENTUM,-1,11460.4,11471.3,STOP,11471.3,11427.7,10.899999999999636,10.899999999999636,False,3.0,10.0,13.200000000000728,43.599999999998545,-10.899999999999636,-46.07999999999854,-48.07999999999854,-50.07999999999854,-1.056880733944956,-1.102752293577985,-1.148623853211014,False
2022-07-06 11:30:00-04:00,2022-07-06 12:10:00-04:00,2022-07-06,PDH_SWEEP,-1,11453.4,11475.4,STOP,11475.4,11414.9,22.0,37.899999999999636,True,1.75,28.19999999999891,28.200000000000728,88.0,-22.0,-90.48,-92.48,-94.48,-1.0281818181818183,-1.050909090909091,-1.0736363636363637,False
2022-07-06 15:30:00-04:00,2022-07-06 15:40:00-04:00,2022-07-06,H1_MOMENTUM,1,11620.4,11598.4,STOP,11598.4,11686.4,22.0,50.5,True,3.0,17.600000000000364,38.399999999999636,88.0,-22.0,-90.48,-92.48,-94.48,-1.0281818181818183,-1.050909090909091,-1.0736363636363637,False
2022-07-07 15:30:00-04:00,2022-07-07 15:35:00-04:00,2022-07-07,H1_MOMENTUM,1,11801.6,11791.6,STOP,11791.6,11831.6,10.0,8.300000000001091,True,3.0,12.799999999999272,11.200000000000728,40.0,-10.0,-42.48,-44.48,-46.48,-1.0619999999999998,-1.1119999999999999,-1.162,False
2022-07-08 15:30:00-04:00,2022-07-08 15:55:00-04:00,2022-07-08,H1_MOMENTUM,-1,11816.6,11815.6,TIME_EOD,11838.6,11750.6,22.0,26.69999999999891,True,3.0,15.600000000000364,13.799999999999272,88.0,1.0,1.52,-0.48,-2.48,0.017272727272727273,-0.005454545454545454,-0.028181818181818183,False
2022-07-11 15:30:00-04:00,2022-07-11 15:55:00-04:00,2022-07-11,H1_MOMENTUM,-1,11568.4,11552.4,TIME_EOD,11582.5,11526.099999999999,14.100000000000364,14.100000000000364,False,3.0,39.399999999999636,8.399999999999636,56.400000000001455,16.0,61.52,59.52,57.52,1.0907801418439436,1.055319148936143,1.0198581560283426,False
2022-07-12 15:30:00-04:00,2022-07-12 15:50:00-04:00,2022-07-12,H1_MOMENTUM,-1,11420.2,11442.2,STOP,11442.2,11354.2,22.0,77.5,True,3.0,35.0,42.399999999999636,88.0,-22.0,-90.48,-92.48,-94.48,-1.0281818181818183,-1.050909090909091,-1.0736363636363637,False
2022-07-13 15:30:00-04:00,2022-07-13 15:55:00-04:00,2022-07-13,H1_MOMENTUM,-1,11464.2,11432.0,TIME_EOD,11486.2,11398.2,22.0,43.5,True,3.0,38.600000000000364,2.599999999998545,88.0,32.20000000000073,126.3200000000029,124.3200000000029,122.3200000000029,1.4354545454545784,1.4127272727273057,1.390000000000033,False
2022-07-14 15:30:00-04:00,2022-07-14 15:35:00-04:00,2022-07-14,H1_MOMENTUM,-1,11493.6,11463.6,TARGET,11503.6,11463.6,10.0,-0.3000000000010914,True,3.0,40.20000000000073,8.399999999999636,40.0,30.0,117.52,116.52,115.52,2.9379999999999997,2.913,2.888,False
2022-07-15 15:30:00-04:00,2022-07-15 15:30:00-04:00,2022-07-15,H1_MOMENTUM,1,11642.6,11632.6,STOP,11632.6,11672.6,10.0,8.300000000001091,True,3.0,1.1999999999989086,15.399999999999636,40.0,-10.0,-42.48,-44.48,-46.48,-1.0619999999999998,-1.1119999999999999,-1.162,False
2022-07-18 15:30:00-04:00,2022-07-18 15:30:00-04:00,2022-07-18,H1_MOMENTUM,1,11588.4,11578.4,STOP,11578.4,11618.4,10.0,0.8999999999996362,True,3.0,0.8000000000010914,19.19999999999891,40.0,-10.0,-42.48,-44.48,-46.48,-1.0619999999999998,-1.1119999999999999,-1.162,False
2022-07-19 15:30:00-04:00,2022-07-19 15:55:00-04:00,2022-07-19,H1_MOMENTUM,1,11918.6,11928.8,TIME_EOD,11897.5,11981.900000000001,21.100000000000364,21.100000000000364,False,3.0,24.799999999999272,17.200000000000728,84.40000000000146,10.199999999998909,38.31999999999564,36.31999999999564,34.31999999999564,0.4540284360188978,0.43033175355444325,0.4066350710899887,False
2022-07-20 15:30:00-04:00,2022-07-20 15:35:00-04:00,2022-07-20,H1_MOMENTUM,-1,12151.6,12121.6,TARGET,12161.6,12121.6,10.0,-1.1000000000003638,True,3.0,34.80000000000109,1.6000000000003638,40.0,30.0,117.52,116.52,115.52,2.9379999999999997,2.913,2.888,False
2022-07-21 15:30:00-04:00,2022-07-21 15:55:00-04:00,2022-07-21,H1_MOMENTUM,1,12261.2,12297.2,TIME_EOD,12247.5,12302.300000000003,13.700000000000728,13.700000000000728,False,3.0,36.0,7.200000000000728,54.80000000000291,36.0,141.52,139.52,137.52,2.5824817518246808,2.545985401459719,2.5094890510947576,False
2022-07-22 15:30:00-04:00,2022-07-22 15:40:00-04:00,2022-07-22,H1_MOMENTUM,-1,12084.6,12054.6,TARGET,12094.6,12054.6,10.0,1.5,True,3.0,34.0,1.6000000000003638,40.0,30.0,117.52,116.52,115.52,2.9379999999999997,2.913,2.888,False
2022-07-25 15:30:00-04:00,2022-07-25 15:40:00-04:00,2022-07-25,H1_MOMENTUM,-1,11942.6,11963.3,STOP,11963.3,11880.500000000004,20.69999999999891,20.69999999999891,False,3.0,7.800000000001091,22.19999999999891,82.79999999999563,-20.69999999999891,-85.27999999999564,-87.27999999999564,-89.27999999999564,-1.0299516908212576,-1.0541062801932397,-1.0782608695652216,False
2022-07-26 15:30:00-04:00,2022-07-26 15:35:00-04:00,2022-07-26,H1_MOMENTUM,-1,11765.6,11775.6,STOP,11775.6,11735.6,10.0,8.100000000000364,True,3.0,8.399999999999636,12.399999999999636,40.0,-10.0,-42.48,-44.48,-46.48,-1.0619999999999998,-1.1119999999999999,-1.162,False
2022-07-27 15:30:00-04:00,2022-07-27 15:35:00-04:00,2022-07-27,H1_MOMENTUM,1,12338.4,12316.4,STOP,12316.4,12404.4,22.0,119.10000000000036,True,3.0,2.399999999999636,32.79999999999927,88.0,-22.0,-90.48,-92.48,-94.48,-1.0281818181818183,-1.050909090909091,-1.0736363636363637,False
2022-07-28 15:30:00-04:00,2022-07-28 15:55:00-04:00,2022-07-28,H1_MOMENTUM,-1,12400.0,12387.2,TIME_EOD,12416.1,12351.699999999999,16.100000000000364,16.100000000000364,False,3.0,34.399999999999636,0.0,64.40000000000146,12.799999999999272,48.71999999999709,46.71999999999709,44.71999999999709,0.7565217391303726,0.7254658385092553,0.6944099378881379,False
2022-07-29 15:30:00-04:00,2022-07-29 15:55:00-04:00,2022-07-29,H1_MOMENTUM,1,12637.4,12615.4,STOP,12615.4,12703.4,22.0,35.69999999999891,True,3.0,14.600000000000364,25.0,88.0,-22.0,-90.48,-92.48,-94.48,-1.0281818181818183,-1.050909090909091,-1.0736363636363637,False
2022-08-01 15:30:00-04:00,2022-08-01 15:45:00-04:00,2022-08-01,H1_MOMENTUM,1,12592.8,12622.8,TARGET,12582.8,12622.8,10.0,4.099999999998545,True,3.0,30.400000000001455,0.3999999999996362,40.0,30.0,117.52,116.52,115.52,2.9379999999999997,2.913,2.888,False
2022-08-02 15:30:00-04:00,2022-08-02 15:35:00-04:00,2022-08-02,H1_MOMENTUM,-1,12610.0,12623.7,STOP,12623.7,12568.899999999998,13.700000000000728,13.700000000000728,False,3.0,13.600000000000364,16.0,54.80000000000291,-13.700000000000728,-57.28000000000291,-59.28000000000291,-61.28000000000291,-1.0452554744525522,-1.0817518248175138,-1.1182481751824753,False
2022-08-03 15:30:00-04:00,2022-08-03 15:55:00-04:00,2022-08-03,H1_MOMENTUM,1,12915.2,12913.6,TIME_EOD,12904.1,12948.500000000002,11.100000000000364,11.100000000000364,False,3.0,33.19999999999891,7.600000000000364,44.400000000001455,-1.6000000000003638,-8.880000000001456,-10.880000000001456,-12.880000000001456,-0.20000000000002624,-0.2450450450450698,-0.2900900900901134,False
2022-08-04 15:30:00-04:00,2022-08-04 15:40:00-04:00,2022-08-04,H1_MOMENTUM,1,12974.0,12952.0,STOP,12952.0,13040.0,22.0,23.899999999999636,True,3.0,0.0,34.0,88.0,-22.0,-90.48,-92.48,-94.48,-1.0281818181818183,-1.050909090909091,-1.0736363636363637,False
2022-08-05 15:30:00-04:00,2022-08-05 15:40:00-04:00,2022-08-05,H1_MOMENTUM,-1,12833.2,12843.2,STOP,12843.2,12803.2,10.0,4.5,True,3.0,2.400000000001455,13.0,40.0,-10.0,-42.48,-44.48,-46.48,-1.0619999999999998,-1.1119999999999999,-1.162,False
2022-08-08 11:20:00-04:00,2022-08-08 11:35:00-04:00,2022-08-08,PDH_SWEEP,-1,12938.8,12903.624999999998,TARGET,12958.9,12903.624999999998,20.100000000000364,20.100000000000364,False,1.75,55.599999999998545,12.400000000001455,80.40000000000146,35.17500000000109,138.22000000000438,137.22000000000438,136.22000000000438,1.7191542288557446,1.7067164179104712,1.6942786069651978,False
2022-08-08 15:30:00-04:00,2022-08-08 15:55:00-04:00,2022-08-08,H1_MOMENTUM,1,12804.0,12828.8,TIME_EOD,12782.0,12870.0,22.0,24.100000000000364,True,3.0,28.399999999999636,10.399999999999636,88.0,24.799999999999272,96.71999999999709,94.71999999999709,92.71999999999709,1.099090909090876,1.0763636363636033,1.0536363636363306,False
2022-08-09 15:30:00-04:00,2022-08-09 15:55:00-04:00,2022-08-09,H1_MOMENTUM,-1,12696.8,12682.0,TIME_EOD,12709.3,12659.3,12.5,12.5,False,3.0,22.0,6.0,50.0,14.799999999999272,56.71999999999709,54.71999999999709,52.71999999999709,1.134399999999942,1.0943999999999419,1.0543999999999418,False
2022-08-10 15:30:00-04:00,2022-08-10 15:55:00-04:00,2022-08-10,H1_MOMENTUM,1,13017.6,13037.6,TIME_EOD,12995.6,13083.6,22.0,41.70000000000073,True,3.0,30.0,5.0,88.0,20.0,77.52,75.52,73.52,0.8809090909090909,0.8581818181818182,0.8354545454545454,False
2022-08-11 15:30:00-04:00,2022-08-11 15:45:00-04:00,2022-08-11,H1_MOMENTUM,1,12960.4,12938.4,STOP,12938.4,13026.4,22.0,22.899999999999636,True,3.0,16.399999999999636,22.0,88.0,-22.0,-90.48,-92.48,-94.48,-1.0281818181818183,-1.050909090909091,-1.0736363636363637,False
2022-08-12 15:30:00-04:00,2022-08-12 15:55:00-04:00,2022-08-12,H1_MOMENTUM,1,13206.0,13218.4,TIME_EOD,13184.0,13272.0,22.0,28.700000000000728,True,3.0,17.200000000000728,11.799999999999272,88.0,12.399999999999636,47.11999999999855,45.11999999999855,43.11999999999855,0.535454545454529,0.5127272727272563,0.4899999999999835,False
2022-08-15 15:30:00-04:00,2022-08-15 15:50:00-04:00,2022-08-15,H1_MOMENTUM,1,13338.2,13316.2,STOP,13316.2,13404.2,22.0,26.700000000000728,True,3.0,1.0,23.600000000000364,88.0,-22.0,-90.48,-92.48,-94.48,-1.0281818181818183,-1.050909090909091,-1.0736363636363637,False
2022-08-16 15:30:00-04:00,2022-08-16 15:30:00-04:00,2022-08-16,H1_MOMENTUM,-1,13284.0,13294.0,STOP,13294.0,13254.0,10.0,6.100000000000364,True,3.0,1.2000000000007276,17.600000000000364,40.0,-10.0,-42.48,-44.48,-46.48,-1.0619999999999998,-1.1119999999999999,-1.162,False
2022-08-17 15:30:00-04:00,2022-08-17 15:55:00-04:00,2022-08-17,H1_MOMENTUM,-1,13151.2,13140.0,TIME_EOD,13173.2,13085.2,22.0,69.29999999999927,True,3.0,30.200000000000728,8.399999999999636,88.0,11.200000000000728,42.32000000000291,40.32000000000291,38.32000000000291,0.48090909090912404,0.4581818181818513,0.43545454545457857,False
2022-08-18 15:30:00-04:00,2022-08-18 15:30:00-04:00,2022-08-18,H1_MOMENTUM,-1,13201.6,13214.1,STOP,13214.1,13164.1,12.5,12.5,False,3.0,5.200000000000728,13.199999999998909,50.0,-12.5,-52.48,-54.48,-56.48,-1.0495999999999999,-1.0896,-1.1296,False
2022-08-19 15:30:00-04:00,2022-08-19 15:30:00-04:00,2022-08-19,H1_MOMENTUM,-1,12924.6,12934.6,STOP,12934.6,12894.6,10.0,0.2999999999992724,True,3.0,4.600000000000364,14.399999999999636,40.0,-10.0,-42.48,-44.48,-46.48,-1.0619999999999998,-1.1119999999999999,-1.162,False
2022-08-22 15:30:00-04:00,2022-08-22 15:55:00-04:00,2022-08-22,H1_MOMENTUM,-1,12571.6,12579.4,TIME_EOD,12592.3,12509.500000000004,20.69999999999891,20.69999999999891,False,3.0,30.0,8.799999999999272,82.79999999999563,-7.799999999999272,-33.67999999999709,-35.67999999999709,-37.67999999999709,-0.40676328502414083,-0.4309178743961228,-0.45507246376810473,False
2022-08-23 15:30:00-04:00,2022-08-23 15:30:00-04:00,2022-08-23,H1_MOMENTUM,1,12593.0,12583.0,STOP,12583.0,12623.0,10.0,5.899999999999636,True,3.0,2.600000000000364,11.799999999999272,40.0,-10.0,-42.48,-44.48,-46.48,-1.0619999999999998,-1.1119999999999999,-1.162,False
2022-08-24 15:30:00-04:00,2022-08-24 15:55:00-04:00,2022-08-24,H1_MOMENTUM,1,12619.0,12599.1,STOP,12599.1,12678.699999999999,19.899999999999636,19.899999999999636,False,3.0,16.600000000000364,27.0,79.59999999999854,-19.899999999999636,-82.07999999999855,-84.07999999999855,-86.07999999999855,-1.031155778894473,-1.056281407035177,-1.0814070351758809,False
2022-08-25 15:30:00-04:00,2022-08-25 15:55:00-04:00,2022-08-25,H1_MOMENTUM,1,12750.6,12816.6,TARGET,12728.6,12816.6,22.0,31.5,True,3.0,73.39999999999964,13.0,88.0,66.0,261.52,260.52,259.52,2.9718181818181817,2.9604545454545454,2.9490909090909088,False
2022-08-26 15:30:00-04:00,2022-08-26 15:55:00-04:00,2022-08-26,H1_MOMENTUM,-1,12359.6,12298.4,TIME_EOD,12381.6,12293.6,22.0,42.100000000000364,True,3.0,62.80000000000109,2.399999999999636,88.0,61.20000000000073,242.32000000000292,240.32000000000292,238.32000000000292,2.7536363636363967,2.7309090909091243,2.7081818181818513,False
2022-08-29 15:30:00-04:00,2022-08-29 15:55:00-04:00,2022-08-29,H1_MOMENTUM,-1,12232.0,12176.8,TIME_EOD,12254.0,12166.0,22.0,40.5,True,3.0,63.600000000000364,16.799999999999272,88.0,55.20000000000073,218.32000000000292,216.32000000000292,214.32000000000292,2.4809090909091243,2.4581818181818513,2.435454545454579,False
2022-08-30 15:30:00-04:00,2022-08-30 15:55:00-04:00,2022-08-30,H1_MOMENTUM,-1,12033.2,12039.2,TIME_EOD,12055.2,11967.2,22.0,37.29999999999927,True,3.0,35.400000000001455,21.599999999998545,88.0,-6.0,-26.48,-28.48,-30.48,-0.3009090909090909,-0.32363636363636367,-0.3463636363636364,False
2022-08-31 15:30:00-04:00,2022-08-31 15:55:00-04:00,2022-08-31,H1_MOMENTUM,1,12022.0,12000.0,STOP,12000.0,12088.0,22.0,46.29999999999927,True,3.0,50.399999999999636,53.20000000000073,88.0,-22.0,-90.48,-92.48,-94.48,-1.0281818181818183,-1.050909090909091,-1.0736363636363637,False
2022-09-01 15:30:00-04:00,2022-09-01 15:45:00-04:00,2022-09-01,H1_MOMENTUM,-1,11886.4,11908.4,STOP,11908.4,11820.4,22.0,58.899999999999636,True,3.0,7.799999999999272,29.0,88.0,-22.0,-90.48,-92.48,-94.48,-1.0281818181818183,-1.050909090909091,-1.0736363636363637,False
2022-09-02 15:30:00-04:00,2022-09-02 15:30:00-04:00,2022-09-02,H1_MOMENTUM,1,11808.0,11786.7,STOP,11786.7,11871.899999999998,21.299999999999272,21.299999999999272,False,3.0,0.0,28.0,85.19999999999709,-21.299999999999272,-87.6799999999971,-89.6799999999971,-91.6799999999971,-1.0291079812206583,-1.052582159624415,-1.0760563380281716,False
2022-09-06 15:30:00-04:00,2022-09-06 15:55:00-04:00,2022-09-06,H1_MOMENTUM,-1,11732.8,11722.4,TIME_EOD,11754.8,11666.8,22.0,32.5,True,3.0,39.19999999999891,13.200000000000728,88.0,10.399999999999636,39.11999999999855,37.11999999999855,35.11999999999855,0.44454545454543803,0.4218181818181653,0.39909090909089256,False
2022-09-07 15:30:00-04:00,2022-09-07 15:35:00-04:00,2022-09-07,H1_MOMENTUM,1,11995.8,11973.8,STOP,11973.8,12061.8,22.0,37.5,True,3.0,0.0,23.799999999999272,88.0,-22.0,-90.48,-92.48,-94.48,-1.0281818181818183,-1.050909090909091,-1.0736363636363637,False
2022-09-08 15:30:00-04:00,2022-09-08 15:30:00-04:00,2022-09-08,H1_MOMENTUM,-1,11974.8,11986.5,STOP,11986.5,11939.699999999997,11.700000000000728,11.700000000000728,False,3.0,8.799999999999272,13.200000000000728,46.80000000000291,-11.700000000000728,-49.28000000000291,-51.28000000000291,-53.28000000000291,-1.0529914529914497,-1.0957264957264896,-1.1384615384615298,False
2022-09-09 15:30:00-04:00,2022-09-09 15:55:00-04:00,2022-09-09,H1_MOMENTUM,1,12280.8,12279.2,TIME_EOD,12263.1,12333.899999999996,17.69999999999891,17.69999999999891,False,3.0,22.400000000001455,4.0,70.79999999999563,-1.5999999999985448,-8.87999999999418,-10.87999999999418,-12.87999999999418,-0.12542372881348485,-0.15367231638410805,-0.18192090395473126,False
2022-09-12 15:30:00-04:00,2022-09-12 15:55:00-04:00,2022-09-12,H1_MOMENTUM,1,12402.0,12430.0,TIME_EOD,12392.0,12432.0,10.0,7.299999999999272,True,3.0,28.0,8.799999999999272,40.0,28.0,109.52,107.52,105.52,2.738,2.6879999999999997,2.638,False
2022-09-13 15:30:00-04:00,2022-09-13 15:45:00-04:00,2022-09-13,H1_MOMENTUM,-1,11780.4,11714.4,TARGET,11802.4,11714.4,22.0,65.70000000000073,True,3.0,68.79999999999927,0.8000000000010914,88.0,66.0,261.52,260.52,259.52,2.9718181818181817,2.9604545454545454,2.9490909090909088,False
2022-09-14 15:30:00-04:00,2022-09-14 15:40:00-04:00,2022-09-14,H1_MOMENTUM,1,11730.6,11760.6,TARGET,11720.6,11760.6,10.0,5.5,True,3.0,58.19999999999891,5.399999999999636,40.0,30.0,117.52,116.52,115.52,2.9379999999999997,2.913,2.888,False
2022-09-15 15:30:00-04:00,2022-09-15 15:30:00-04:00,2022-09-15,H1_MOMENTUM,-1,11585.2,11607.2,STOP,11607.2,11519.2,22.0,82.09999999999854,True,3.0,0.0,23.0,88.0,-22.0,-90.48,-92.48,-94.48,-1.0281818181818183,-1.050909090909091,-1.0736363636363637,False
2022-09-16 15:30:00-04:00,2022-09-16 15:35:00-04:00,2022-09-16,H1_MOMENTUM,-1,11532.8,11554.8,STOP,11554.8,11466.8,22.0,49.30000000000109,True,3.0,18.0,22.0,88.0,-22.0,-90.48,-92.48,-94.48,-1.0281818181818183,-1.050909090909091,-1.0736363636363637,False
2022-09-19 15:30:00-04:00,2022-09-19 15:35:00-04:00,2022-09-19,H1_MOMENTUM,-1,11636.8,11646.8,STOP,11646.8,11606.8,10.0,3.7000000000007276,True,3.0,8.399999999999636,11.0,40.0,-10.0,-42.48,-44.48,-46.48,-1.0619999999999998,-1.1119999999999999,-1.162,False
2022-09-20 15:30:00-04:00,2022-09-20 15:35:00-04:00,2022-09-20,H1_MOMENTUM,-1,11551.0,11563.7,STOP,11563.7,11512.899999999998,12.700000000000728,12.700000000000728,False,3.0,20.799999999999272,31.399999999999636,50.80000000000291,-12.700000000000728,-53.28000000000291,-55.28000000000291,-57.28000000000291,-1.0488188976377923,-1.0881889763779475,-1.127559055118103,False
2022-09-21 15:30:00-04:00,2022-09-21 15:30:00-04:00,2022-09-21,H1_MOMENTUM,1,11478.4,11468.4,STOP,11468.4,11508.4,10.0,0.1000000000003638,True,3.0,8.399999999999636,42.600000000000364,40.0,-10.0,-42.48,-44.48,-46.48,-1.0619999999999998,-1.1119999999999999,-1.162,False
2022-09-22 15:30:00-04:00,2022-09-22 15:35:00-04:00,2022-09-22,H1_MOMENTUM,-1,11266.4,11288.4,STOP,11288.4,11200.4,22.0,25.30000000000109,True,3.0,1.6000000000003638,25.200000000000728,88.0,-22.0,-90.48,-92.48,-94.48,-1.0281818181818183,-1.050909090909091,-1.0736363636363637,False
2022-09-23 15:30:00-04:00,2022-09-23 15:30:00-04:00,2022-09-23,H1_MOMENTUM,-1,10967.6,10977.6,STOP,10977.6,10937.6,10.0,9.699999999998909,True,3.0,0.0,31.799999999999272,40.0,-10.0,-42.48,-44.48,-46.48,-1.0619999999999998,-1.1119999999999999,-1.162,False
2022-09-26 11:00:00-04:00,2022-09-26 11:05:00-04:00,2022-09-26,PDH_SWEEP,-1,11107.8,11090.3,TARGET,11117.8,11090.3,10.0,4.700000000000728,True,1.75,55.79999999999927,7.600000000000364,40.0,17.5,67.52,66.52,65.52,1.688,1.6629999999999998,1.638,False
2022-09-26 15:30:00-04:00,2022-09-26 15:30:00-04:00,2022-09-26,H1_MOMENTUM,1,11018.0,10998.3,STOP,10998.3,11077.100000000002,19.700000000000728,19.700000000000728,False,3.0,0.0,20.399999999999636,78.80000000000291,-19.700000000000728,-81.28000000000291,-83.28000000000291,-85.28000000000291,-1.031472081218273,-1.0568527918781705,-1.082233502538068,False
2022-09-27 15:30:00-04:00,2022-09-27 15:30:00-04:00,2022-09-27,H1_MOMENTUM,1,10945.6,10935.6,STOP,10935.6,10975.6,10.0,-4.699999999998909,True,3.0,2.399999999999636,13.200000000000728,40.0,-10.0,-42.48,-44.48,-46.48,-1.0619999999999998,-1.1119999999999999,-1.162,False
2022-09-28 15:30:00-04:00,2022-09-28 15:30:00-04:00,2022-09-28,H1_MOMENTUM,-1,11201.8,11211.8,STOP,11211.8,11171.8,10.0,8.700000000000728,True,3.0,0.0,23.0,40.0,-10.0,-42.48,-44.48,-46.48,-1.0619999999999998,-1.1119999999999999,-1.162,False
2022-09-29 15:30:00-04:00,2022-09-29 15:30:00-04:00,2022-09-29,H1_MOMENTUM,-1,10816.0,10838.0,STOP,10838.0,10750.0,22.0,24.5,True,3.0,0.0,39.20000000000073,88.0,-22.0,-90.48,-92.48,-94.48,-1.0281818181818183,-1.050909090909091,-1.0736363636363637,False
2022-09-30 15:30:00-04:00,2022-09-30 15:30:00-04:00,2022-09-30,H1_MOMENTUM,1,10789.2,10767.2,STOP,10767.2,10855.2,22.0,41.30000000000109,True,3.0,9.199999999998909,28.80000000000109,88.0,-22.0,-90.48,-92.48,-94.48,-1.0281818181818183,-1.050909090909091,-1.0736363636363637,False
2022-10-03 15:30:00-04:00,2022-10-03 15:40:00-04:00,2022-10-03,H1_MOMENTUM,1,10993.2,10971.2,STOP,10971.2,11059.2,22.0,25.30000000000109,True,3.0,8.0,31.200000000000728,88.0,-22.0,-90.48,-92.48,-94.48,-1.0281818181818183,-1.050909090909091,-1.0736363636363637,False
2022-10-04 15:30:00-04:00,2022-10-04 15:55:00-04:00,2022-10-04,H1_MOMENTUM,1,11253.2,11281.6,TIME_EOD,11231.2,11319.2,22.0,26.900000000001455,True,3.0,34.399999999999636,13.200000000000728,88.0,28.399999999999636,111.11999999999854,109.11999999999854,107.11999999999854,1.262727272727256,1.2399999999999833,1.2172727272727106,False
2022-10-05 15:30:00-04:00,2022-10-05 15:45:00-04:00,2022-10-05,H1_MOMENTUM,-1,11313.4,11335.4,STOP,11335.4,11247.4,22.0,38.100000000000364,True,3.0,4.399999999999636,24.200000000000728,88.0,-22.0,-90.48,-92.48,-94.48,-1.0281818181818183,-1.050909090909091,-1.0736363636363637,False
2022-10-06 15:30:00-04:00,2022-10-06 15:45:00-04:00,2022-10-06,H1_MOMENTUM,-1,11233.2,11203.2,TARGET,11243.2,11203.2,10.0,-3.100000000000364,True,3.0,36.80000000000109,0.0,40.0,30.0,117.52,116.52,115.52,2.9379999999999997,2.913,2.888,False
2022-10-07 15:30:00-04:00,2022-10-07 15:40:00-04:00,2022-10-07,H1_MOMENTUM,-1,10736.4,10758.4,STOP,10758.4,10670.4,22.0,61.5,True,3.0,24.0,28.0,88.0,-22.0,-90.48,-92.48,-94.48,-1.0281818181818183,-1.050909090909091,-1.0736363636363637,False
2022-10-10 15:30:00-04:00,2022-10-10 15:35:00-04:00,2022-10-10,H1_MOMENTUM,-1,10668.4,10690.4,STOP,10690.4,10602.4,22.0,45.30000000000109,True,3.0,0.7999999999992724,32.0,88.0,-22.0,-90.48,-92.48,-94.48,-1.0281818181818183,-1.050909090909091,-1.0736363636363637,False
2022-10-11 15:30:00-04:00,2022-10-11 15:35:00-04:00,2022-10-11,H1_MOMENTUM,-1,10486.0,10500.3,STOP,10500.3,10443.100000000002,14.299999999999272,14.299999999999272,False,3.0,18.799999999999272,28.0,57.19999999999709,-14.299999999999272,-59.67999999999709,-61.67999999999709,-63.67999999999709,-1.0433566433566455,-1.0783216783216822,-1.113286713286719,False
2022-10-12 15:30:00-04:00,2022-10-12 15:55:00-04:00,2022-10-12,H1_MOMENTUM,1,10531.2,10510.1,STOP,10510.1,10594.500000000002,21.100000000000364,21.100000000000364,False,3.0,24.799999999999272,23.600000000000364,84.40000000000146,-21.100000000000364,-86.88000000000146,-88.88000000000146,-90.88000000000146,-1.0293838862559237,-1.0530805687203784,-1.0767772511848328,False
2022-10-13 15:30:00-04:00,2022-10-13 15:50:00-04:00,2022-10-13,H1_MOMENTUM,-1,10756.8,10778.8,STOP,10778.8,10690.8,22.0,49.70000000000073,True,3.0,35.0,36.0,88.0,-22.0,-90.48,-92.48,-94.48,-1.0281818181818183,-1.050909090909091,-1.0736363636363637,False
2022-10-14 15:30:00-04:00,2022-10-14 15:35:00-04:00,2022-10-14,H1_MOMENTUM,-1,10463.6,10485.6,STOP,10485.6,10397.6,22.0,38.899999999999636,True,3.0,9.800000000001091,23.399999999999636,88.0,-22.0,-90.48,-92.48,-94.48,-1.0281818181818183,-1.050909090909091,-1.0736363636363637,False
2022-10-17 15:30:00-04:00,2022-10-17 15:55:00-04:00,2022-10-17,H1_MOMENTUM,1,10784.8,10762.8,STOP,10762.8,10850.8,22.0,29.299999999999272,True,3.0,17.200000000000728,24.399999999999636,88.0,-22.0,-90.48,-92.48,-94.48,-1.0281818181818183,-1.050909090909091,-1.0736363636363637,False
2022-10-18 15:30:00-04:00,2022-10-18 15:55:00-04:00,2022-10-18,H1_MOMENTUM,1,10812.8,10867.6,TIME_EOD,10790.8,10878.8,22.0,42.099999999998545,True,3.0,62.80000000000109,0.0,88.0,54.80000000000109,216.72000000000438,214.72000000000438,212.72000000000438,2.4627272727273226,2.4400000000000497,2.417272727272777,False
2022-10-19 15:30:00-04:00,2022-10-19 15:50:00-04:00,2022-10-19,H1_MOMENTUM,-1,10784.2,10806.2,STOP,10806.2,10718.2,22.0,38.29999999999927,True,3.0,5.200000000000728,25.399999999999636,88.0,-22.0,-90.48,-92.48,-94.48,-1.0281818181818183,-1.050909090909091,-1.0736363636363637,False
2022-10-20 15:30:00-04:00,2022-10-20 15:30:00-04:00,2022-10-20,H1_MOMENTUM,1,10756.0,10744.7,STOP,10744.7,10789.899999999998,11.299999999999272,11.299999999999272,False,3.0,1.6000000000003638,20.399999999999636,45.19999999999709,-11.299999999999272,-47.67999999999709,-49.67999999999709,-51.67999999999709,-1.0548672566371715,-1.099115044247794,-1.1433628318584161,False
2022-10-21 15:30:00-04:00,2022-10-21 15:55:00-04:00,2022-10-21,H1_MOMENTUM,1,11026.4,11025.6,TIME_EOD,11004.4,11092.4,22.0,62.899999999999636,True,3.0,11.800000000001091,14.199999999998909,88.0,-0.7999999999992724,-5.67999999999709,-7.67999999999709,-9.67999999999709,-0.06454545454542147,-0.08727272727269421,-0.10999999999996693,False
2022-10-24 15:30:00-04:00,2022-10-24 15:50:00-04:00,2022-10-24,H1_MOMENTUM,-1,11164.0,11130.100000000002,TARGET,11175.3,11130.100000000002,11.299999999999272,11.299999999999272,False,3.0,45.600000000000364,3.2000000000007276,45.19999999999709,33.89999999999782,133.11999999999128,132.11999999999128,131.11999999999128,2.9451327433628287,2.9230088495575175,2.9008849557522063,False
2022-10-25 15:30:00-04:00,2022-10-25 15:55:00-04:00,2022-10-25,H1_MOMENTUM,1,11371.2,11370.0,TIME_EOD,11349.2,11437.2,22.0,42.5,True,3.0,11.599999999998545,14.0,88.0,-1.2000000000007276,-7.280000000002911,-9.28000000000291,-11.28000000000291,-0.0827272727273058,-0.10545454545457854,-0.12818181818185126,False
2022-10-26 15:30:00-04:00,2022-10-26 15:55:00-04:00,2022-10-26,H1_MOMENTUM,-1,11129.6,11114.4,TIME_EOD,11146.5,11078.900000000001,16.899999999999636,16.899999999999636,False,3.0,27.600000000000364,12.399999999999636,67.59999999999854,15.200000000000728,58.32000000000291,56.32000000000291,54.32000000000291,0.8627218934911859,0.8331360946746172,0.8035502958580486,False
2022-10-27 15:30:00-04:00,2022-10-27 15:30:00-04:00,2022-10-27,H1_MOMENTUM,-1,10934.0,10944.0,STOP,10944.0,10904.0,10.0,8.899999999999636,True,3.0,2.7999999999992724,20.399999999999636,40.0,-10.0,-42.48,-44.48,-46.48,-1.0619999999999998,-1.1119999999999999,-1.162,False
2022-10-28 15:30:00-04:00,2022-10-28 15:55:00-04:00,2022-10-28,H1_MOMENTUM,1,11243.6,11248.8,TIME_EOD,11221.6,11309.6,22.0,31.700000000000728,True,3.0,24.0,10.0,88.0,5.199999999998909,18.319999999995634,16.319999999995634,14.319999999995634,0.20818181818176856,0.18545454545449583,0.16272727272722312,False
2022-10-31 15:30:00-04:00,2022-10-31 15:35:00-04:00,2022-10-31,H1_MOMENTUM,-1,11117.2,11137.1,STOP,11137.1,11057.500000000002,19.899999999999636,19.899999999999636,False,3.0,3.2000000000007276,25.599999999998545,79.59999999999854,-19.899999999999636,-82.07999999999855,-84.07999999999855,-86.07999999999855,-1.031155778894473,-1.056281407035177,-1.0814070351758809,False
2022-11-01 10:05:00-04:00,2022-11-01 10:05:00-04:00,2022-11-01,PDH_SWEEP,-1,11114.4,11075.9,TARGET,11136.4,11075.9,22.0,76.89999999999964,True,1.75,40.0,11.200000000000728,88.0,38.5,151.52,150.52,149.52,1.721818181818182,1.7104545454545457,1.6990909090909092,False
2022-11-01 15:30:00-04:00,2022-11-01 15:40:00-04:00,2022-11-01,H1_MOMENTUM,1,11013.4,11003.4,STOP,11003.4,11043.4,10.0,7.699999999998909,True,3.0,7.399999999999636,10.199999999998909,40.0,-10.0,-42.48,-44.48,-46.48,-1.0619999999999998,-1.1119999999999999,-1.162,False
2022-11-02 15:30:00-04:00,2022-11-02 15:50:00-04:00,2022-11-02,H1_MOMENTUM,-1,10704.8,10638.8,TARGET,10726.8,10638.8,22.0,214.90000000000146,True,3.0,68.39999999999964,16.0,88.0,66.0,261.52,260.52,259.52,2.9718181818181817,2.9604545454545454,2.9490909090909088,False
2022-11-03 15:30:00-04:00,2022-11-03 15:50:00-04:00,2022-11-03,H1_MOMENTUM,-1,10487.6,10434.500000000004,TARGET,10505.3,10434.500000000004,17.69999999999891,17.69999999999891,False,3.0,58.20000000000073,14.399999999999636,70.79999999999563,53.099999999996726,209.9199999999869,208.9199999999869,207.9199999999869,2.964971751412427,2.9508474576271158,2.9367231638418043,False
2022-11-04 15:30:00-04:00,2022-11-04 15:55:00-04:00,2022-11-04,H1_MOMENTUM,1,10519.6,10585.6,TARGET,10497.6,10585.6,22.0,30.5,True,3.0,69.19999999999891,6.0,88.0,66.0,261.52,260.52,259.52,2.9718181818181817,2.9604545454545454,2.9490909090909088,False
2022-11-07 15:30:00-05:00,2022-11-07 15:30:00-05:00,2022-11-07,H1_MOMENTUM,-1,10712.8,10722.8,STOP,10722.8,10682.8,10.0,6.900000000001455,True,3.0,3.7999999999992724,12.800000000001091,40.0,-10.0,-42.48,-44.48,-46.48,-1.0619999999999998,-1.1119999999999999,-1.162,False
2022-11-08 15:30:00-05:00,2022-11-08 15:55:00-05:00,2022-11-08,H1_MOMENTUM,1,10798.4,10776.4,STOP,10776.4,10864.4,22.0,90.89999999999964,True,3.0,43.600000000000364,23.799999999999272,88.0,-22.0,-90.48,-92.48,-94.48,-1.0281818181818183,-1.050909090909091,-1.0736363636363637,False
2022-11-09 15:30:00-05:00,2022-11-09 15:55:00-05:00,2022-11-09,H1_MOMENTUM,-1,10570.4,10529.6,TIME_EOD,10590.7,10509.499999999996,20.30000000000109,20.30000000000109,False,3.0,49.19999999999891,7.600000000000364,81.20000000000437,40.79999999999927,160.7199999999971,158.7199999999971,156.7199999999971,1.979310344827444,1.9546798029555241,1.9300492610836044,False
2022-11-10 15:30:00-05:00,2022-11-10 15:55:00-05:00,2022-11-10,H1_MOMENTUM,1,11255.2,11306.0,TIME_EOD,11233.2,11321.2,22.0,61.30000000000109,True,3.0,65.59999999999854,4.800000000001091,88.0,50.79999999999927,200.7199999999971,198.7199999999971,196.7199999999971,2.280909090909058,2.2581818181817854,2.2354545454545125,False
2022-11-11 15:30:00-05:00,2022-11-11 15:45:00-05:00,2022-11-11,H1_MOMENTUM,-1,11506.4,11528.4,STOP,11528.4,11440.4,22.0,27.700000000000728,True,3.0,12.799999999999272,24.0,88.0,-22.0,-90.48,-92.48,-94.48,-1.0281818181818183,-1.050909090909091,-1.0736363636363637,False
2022-11-14 15:30:00-05:00,2022-11-14 15:50:00-05:00,2022-11-14,H1_MOMENTUM,-1,11496.4,11430.4,TARGET,11518.4,11430.4,22.0,58.100000000000364,True,3.0,67.19999999999891,0.0,88.0,66.0,261.52,260.52,259.52,2.9718181818181817,2.9604545454545454,2.9490909090909088,False
2022-11-15 15:30:00-05:00,2022-11-15 15:30:00-05:00,2022-11-15,H1_MOMENTUM,1,11599.8,11577.8,STOP,11577.8,11665.8,22.0,30.69999999999891,True,3.0,0.0,37.399999999999636,88.0,-22.0,-90.48,-92.48,-94.48,-1.0281818181818183,-1.050909090909091,-1.0736363636363637,False
2022-11-16 15:30:00-05:00,2022-11-16 15:50:00-05:00,2022-11-16,H1_MOMENTUM,-1,11408.0,11430.0,STOP,11430.0,11342.0,22.0,36.100000000000364,True,3.0,18.799999999999272,36.79999999999927,88.0,-22.0,-90.48,-92.48,-94.48,-1.0281818181818183,-1.050909090909091,-1.0736363636363637,False
2022-11-17 15:30:00-05:00,2022-11-17 15:40:00-05:00,2022-11-17,H1_MOMENTUM,-1,11318.6,11340.6,STOP,11340.6,11252.6,22.0,52.69999999999891,True,3.0,0.0,32.19999999999891,88.0,-22.0,-90.48,-92.48,-94.48,-1.0281818181818183,-1.050909090909091,-1.0736363636363637,False
2022-11-18 15:30:00-05:00,2022-11-18 15:50:00-05:00,2022-11-18,H1_MOMENTUM,1,11392.4,11370.4,STOP,11370.4,11458.4,22.0,41.899999999999636,True,3.0,30.80000000000109,24.799999999999272,88.0,-22.0,-90.48,-92.48,-94.48,-1.0281818181818183,-1.050909090909091,-1.0736363636363637,False
2022-11-21 15:30:00-05:00,2022-11-21 15:50:00-05:00,2022-11-21,H1_MOMENTUM,-1,11271.4,11293.4,STOP,11293.4,11205.4,22.0,23.5,True,3.0,6.600000000000364,25.80000000000109,88.0,-22.0,-90.48,-92.48,-94.48,-1.0281818181818183,-1.050909090909091,-1.0736363636363637,False
2022-11-22 15:30:00-05:00,2022-11-22 15:30:00-05:00,2022-11-22,H1_MOMENTUM,-1,11414.0,11424.0,STOP,11424.0,11384.0,10.0,3.2999999999992724,True,3.0,2.0,10.399999999999636,40.0,-10.0,-42.48,-44.48,-46.48,-1.0619999999999998,-1.1119999999999999,-1.162,False
2022-11-23 15:30:00-05:00,2022-11-23 15:45:00-05:00,2022-11-23,H1_MOMENTUM,1,11557.2,11536.7,STOP,11536.7,11618.7,20.5,20.5,False,3.0,0.0,30.400000000001455,82.0,-20.5,-84.48,-86.48,-88.48,-1.0302439024390244,-1.0546341463414635,-1.0790243902439025,False
2022-11-28 15:30:00-05:00,2022-11-28 15:50:00-05:00,2022-11-28,H1_MOMENTUM,-1,11276.8,11298.8,STOP,11298.8,11210.8,22.0,34.5,True,3.0,5.199999999998909,27.400000000001455,88.0,-22.0,-90.48,-92.48,-94.48,-1.0281818181818183,-1.050909090909091,-1.0736363636363637,False
2022-11-29 15:30:00-05:00,2022-11-29 15:30:00-05:00,2022-11-29,H1_MOMENTUM,-1,11217.4,11227.4,STOP,11227.4,11187.4,10.0,8.300000000001091,True,3.0,10.199999999998909,11.800000000001091,40.0,-10.0,-42.48,-44.48,-46.48,-1.0619999999999998,-1.1119999999999999,-1.162,False
2022-11-30 15:30:00-05:00,2022-11-30 15:55:00-05:00,2022-11-30,H1_MOMENTUM,1,11657.6,11723.6,TARGET,11635.6,11723.6,22.0,78.89999999999964,True,3.0,79.60000000000036,2.8000000000010914,88.0,66.0,261.52,260.52,259.52,2.9718181818181817,2.9604545454545454,2.9490909090909088,False
2022-12-01 15:30:00-05:00,2022-12-01 15:40:00-05:00,2022-12-01,H1_MOMENTUM,1,11749.8,11779.8,TARGET,11739.8,11779.8,10.0,7.299999999999272,True,3.0,36.600000000000364,1.3999999999996362,40.0,30.0,117.52,116.52,115.52,2.9379999999999997,2.913,2.888,False
2022-12-02 15:30:00-05:00,2022-12-02 15:55:00-05:00,2022-12-02,H1_MOMENTUM,-1,11702.8,11704.8,TIME_EOD,11724.8,11636.8,22.0,33.5,True,3.0,36.79999999999927,5.600000000000364,88.0,-2.0,-10.48,-12.48,-14.48,-0.1190909090909091,-0.14181818181818182,-0.16454545454545455,False
2022-12-05 15:30:00-05:00,2022-12-05 15:30:00-05:00,2022-12-05,H1_MOMENTUM,-1,11461.8,11479.3,STOP,11479.3,11409.3,17.5,17.5,False,3.0,2.0,19.0,70.0,-17.5,-72.48,-74.48,-76.48,-1.0354285714285716,-1.064,-1.0925714285714285,False
2022-12-06 15:30:00-05:00,2022-12-06 15:35:00-05:00,2022-12-06,H1_MOMENTUM,-1,11223.2,11245.2,STOP,11245.2,11157.2,22.0,46.5,True,3.0,3.400000000001455,26.799999999999272,88.0,-22.0,-90.48,-92.48,-94.48,-1.0281818181818183,-1.050909090909091,-1.0736363636363637,False
2022-12-07 15:30:00-05:00,2022-12-07 15:55:00-05:00,2022-12-07,H1_MOMENTUM,-1,11204.2,11226.2,STOP,11226.2,11138.2,22.0,22.299999999999272,True,3.0,0.4000000000014552,26.19999999999891,88.0,-22.0,-90.48,-92.48,-94.48,-1.0281818181818183,-1.050909090909091,-1.0736363636363637,False
2022-12-08 15:30:00-05:00,2022-12-08 15:40:00-05:00,2022-12-08,H1_MOMENTUM,1,11369.2,11347.2,STOP,11347.2,11435.2,22.0,53.5,True,3.0,10.399999999999636,23.0,88.0,-22.0,-90.48,-92.48,-94.48,-1.0281818181818183,-1.050909090909091,-1.0736363636363637,False
2022-12-09 15:30:00-05:00,2022-12-09 15:55:00-05:00,2022-12-09,H1_MOMENTUM,-1,11348.8,11282.8,TARGET,11370.8,11282.8,22.0,32.70000000000073,True,3.0,68.79999999999927,8.400000000001455,88.0,66.0,261.52,260.52,259.52,2.9718181818181817,2.9604545454545454,2.9490909090909088,False
2022-12-12 15:30:00-05:00,2022-12-12 15:55:00-05:00,2022-12-12,H1_MOMENTUM,1,11394.4,11424.0,TIME_EOD,11372.4,11460.4,22.0,39.29999999999927,True,3.0,29.600000000000364,19.0,88.0,29.600000000000364,115.92000000000145,113.92000000000145,111.92000000000145,1.3172727272727438,1.294545454545471,1.2718181818181984,False
2022-12-13 15:30:00-05:00,2022-12-13 15:55:00-05:00,2022-12-13,H1_MOMENTUM,1,11538.4,11545.6,TIME_EOD,11516.4,11604.4,22.0,59.69999999999891,True,3.0,46.399999999999636,7.199999999998909,88.0,7.200000000000728,26.32000000000291,24.32000000000291,22.32000000000291,0.29909090909094216,0.27636363636366945,0.2536363636363967,False
2022-12-14 15:30:00-05:00,2022-12-14 15:30:00-05:00,2022-12-14,H1_MOMENTUM,1,11428.4,11414.7,STOP,11414.7,11469.499999999996,13.699999999998909,13.699999999998909,False,3.0,8.800000000001091,27.600000000000364,54.799999999995634,-13.699999999998909,-57.27999999999563,-59.27999999999563,-61.27999999999563,-1.0452554744525584,-1.0817518248175246,-1.118248175182491,False
2022-12-15 15:30:00-05:00,2022-12-15 15:35:00-05:00,2022-12-15,H1_MOMENTUM,-1,11107.6,11077.6,TARGET,11117.6,11077.6,10.0,8.100000000000364,True,3.0,30.0,2.7999999999992724,40.0,30.0,117.52,116.52,115.52,2.9379999999999997,2.913,2.888,False
2022-12-16 15:30:00-05:00,2022-12-16 15:50:00-05:00,2022-12-16,H1_MOMENTUM,1,11002.0,10980.0,STOP,10980.0,11068.0,22.0,62.5,True,3.0,14.0,42.399999999999636,88.0,-22.0,-90.48,-92.48,-94.48,-1.0281818181818183,-1.050909090909091,-1.0736363636363637,False
2022-12-19 15:30:00-05:00,2022-12-19 15:50:00-05:00,2022-12-19,H1_MOMENTUM,-1,10767.4,10777.4,STOP,10777.4,10737.4,10.0,3.5,True,3.0,27.399999999999636,19.600000000000364,40.0,-10.0,-42.48,-44.48,-46.48,-1.0619999999999998,-1.1119999999999999,-1.162,False
2022-12-20 15:30:00-05:00,2022-12-20 15:35:00-05:00,2022-12-20,H1_MOMENTUM,-1,10798.4,10808.4,STOP,10808.4,10768.4,10.0,4.100000000000364,True,3.0,5.199999999998909,13.0,40.0,-10.0,-42.48,-44.48,-46.48,-1.0619999999999998,-1.1119999999999999,-1.162,False
2022-12-21 15:30:00-05:00,2022-12-21 15:50:00-05:00,2022-12-21,H1_MOMENTUM,1,10929.0,10919.0,STOP,10919.0,10959.0,10.0,4.5,True,3.0,19.799999999999272,17.0,40.0,-10.0,-42.48,-44.48,-46.48,-1.0619999999999998,-1.1119999999999999,-1.162,False
2022-12-22 15:30:00-05:00,2022-12-22 15:35:00-05:00,2022-12-22,H1_MOMENTUM,-1,10661.2,10631.2,TARGET,10671.2,10631.2,10.0,4.899999999999636,True,3.0,38.0,6.0,40.0,30.0,117.52,116.52,115.52,2.9379999999999997,2.913,2.888,False
2022-12-23 15:30:00-05:00,2022-12-23 15:55:00-05:00,2022-12-23,H1_MOMENTUM,-1,10674.8,10697.4,STOP,10696.8,10608.8,22.0,30.100000000000364,True,3.0,18.0,23.200000000000728,88.0,-22.600000000000364,-92.88000000000146,-94.88000000000146,-96.88000000000146,-1.055454545454562,-1.0781818181818348,-1.1009090909091075,False
2022-12-27 15:30:00-05:00,2022-12-27 15:30:00-05:00,2022-12-27,H1_MOMENTUM,-1,10565.2,10575.2,STOP,10575.2,10535.2,10.0,4.899999999999636,True,3.0,0.4000000000014552,12.399999999999636,40.0,-10.0,-42.48,-44.48,-46.48,-1.0619999999999998,-1.1119999999999999,-1.162,False
2022-12-28 15:30:00-05:00,2022-12-28 15:45:00-05:00,2022-12-28,H1_MOMENTUM,1,10402.6,10392.0,STOP,10392.6,10432.6,10.0,9.899999999999636,True,3.0,13.399999999999636,12.800000000001091,40.0,-10.600000000000364,-44.88000000000145,-46.88000000000145,-48.88000000000145,-1.1220000000000363,-1.1720000000000363,-1.2220000000000364,False
2022-12-29 15:30:00-05:00,2022-12-29 15:55:00-05:00,2022-12-29,H1_MOMENTUM,1,10673.4,10659.0,TIME_EOD,10654.3,10730.7,19.100000000000364,19.100000000000364,False,3.0,19.80000000000109,15.399999999999636,76.40000000000146,-14.399999999999636,-60.07999999999854,-62.07999999999854,-64.07999999999855,-0.7863874345549398,-0.8125654450261435,-0.8387434554973472,False
2022-12-30 15:30:00-05:00,2022-12-30 15:35:00-05:00,2022-12-30,H1_MOMENTUM,-1,10572.0,10594.0,STOP,10594.0,10506.0,22.0,24.899999999999636,True,3.0,0.0,22.0,88.0,-22.0,-90.48,-92.48,-94.48,-1.0281818181818183,-1.050909090909091,-1.0736363636363637,False
2023-01-03 15:30:00-05:00,2023-01-03 15:55:00-05:00,2023-01-03,H1_MOMENTUM,-1,10583.2,10579.6,TIME_EOD,10605.2,10517.2,22.0,24.299999999999272,True,3.0,10.800000000001091,16.0,88.0,3.600000000000364,11.920000000001455,9.920000000001455,7.920000000001455,0.13545454545456198,0.11272727272728926,0.09000000000001653,False
2023-01-04 15:30:00-05:00,2023-01-04 15:30:00-05:00,2023-01-04,H1_MOMENTUM,1,10591.6,10581.6,STOP,10581.6,10621.6,10.0,-0.6999999999989086,True,3.0,2.7999999999992724,14.0,40.0,-10.0,-42.48,-44.48,-46.48,-1.0619999999999998,-1.1119999999999999,-1.162,False
2023-01-05 15:30:00-05:00,2023-01-05 15:55:00-05:00,2023-01-05,H1_MOMENTUM,-1,10479.2,10463.2,TIME_EOD,10501.2,10413.2,22.0,38.899999999999636,True,3.0,27.600000000000364,9.199999999998909,88.0,16.0,61.52,59.52,57.52,0.6990909090909091,0.6763636363636364,0.6536363636363637,False
2023-01-06 15:30:00-05:00,2023-01-06 15:55:00-05:00,2023-01-06,H1_MOMENTUM,-1,10769.8,10748.4,TIME_EOD,10791.8,10703.8,22.0,26.700000000000728,True,3.0,26.799999999999272,14.600000000000364,88.0,21.399999999999636,83.11999999999854,81.11999999999854,79.11999999999854,0.9445454545454379,0.9218181818181652,0.8990909090908925,False
2023-01-09 15:30:00-05:00,2023-01-09 15:30:00-05:00,2023-01-09,H1_MOMENTUM,1,10848.6,10836.3,STOP,10836.3,10885.500000000004,12.300000000001091,12.300000000001091,False,3.0,4.199999999998909,22.399999999999636,49.200000000004366,-12.300000000001091,-51.68000000000436,-53.68000000000436,-55.68000000000436,-1.050406504065036,-1.0910569105690975,-1.131707317073159,False
2023-01-10 15:30:00-05:00,2023-01-10 15:55:00-05:00,2023-01-10,H1_MOMENTUM,1,10875.0,10915.2,TIME_EOD,10854.7,10935.899999999998,20.299999999999272,20.299999999999272,False,3.0,40.20000000000073,2.600000000000364,81.19999999999709,40.20000000000073,158.32000000000292,156.32000000000292,154.32000000000292,1.9497536945813867,1.9251231527094645,1.9004926108375426,False
2023-01-11 15:30:00-05:00,2023-01-11 15:55:00-05:00,2023-01-11,H1_MOMENTUM,1,11068.2,11102.4,TIME_EOD,11046.2,11134.2,22.0,22.700000000000728,True,3.0,38.19999999999891,13.0,88.0,34.19999999999891,134.31999999999564,132.31999999999564,130.31999999999564,1.5263636363635869,1.5036363636363141,1.4809090909090414,False
2023-01-12 15:30:00-05:00,2023-01-12 15:55:00-05:00,2023-01-12,H1_MOMENTUM,-1,11150.2,11166.5,STOP,11166.5,11101.300000000003,16.299999999999272,16.299999999999272,False,3.0,34.20000000000073,17.599999999998545,65.19999999999709,-16.299999999999272,-67.6799999999971,-69.6799999999971,-71.6799999999971,-1.0380368098159527,-1.068711656441721,-1.0993865030674892,False
2023-01-13 15:30:00-05:00,2023-01-13 15:35:00-05:00,2023-01-13,H1_MOMENTUM,-1,11228.8,11238.8,STOP,11238.8,11198.8,10.0,-1.5,True,3.0,4.799999999999272,18.400000000001455,40.0,-10.0,-42.48,-44.48,-46.48,-1.0619999999999998,-1.1119999999999999,-1.162,False
2023-01-17 10:45:00-05:00,2023-01-17 11:10:00-05:00,2023-01-17,PDH_SWEEP,-1,11235.2,11196.7,TARGET,11257.2,11196.7,22.0,27.69999999999891,True,1.75,45.600000000000364,16.799999999999272,88.0,38.5,151.52,150.52,149.52,1.721818181818182,1.7104545454545457,1.6990909090909092,False
2023-01-17 15:30:00-05:00,2023-01-17 15:45:00-05:00,2023-01-17,H1_MOMENTUM,1,11259.2,11249.2,STOP,11249.2,11289.2,10.0,7.700000000000728,True,3.0,7.599999999998545,20.400000000001455,40.0,-10.0,-42.48,-44.48,-46.48,-1.0619999999999998,-1.1119999999999999,-1.162,False
2023-01-18 15:30:00-05:00,2023-01-18 15:30:00-05:00,2023-01-18,H1_MOMENTUM,1,11150.2,11140.2,STOP,11140.2,11180.2,10.0,1.5,True,3.0,0.1999999999989086,15.400000000001455,40.0,-10.0,-42.48,-44.48,-46.48,-1.0619999999999998,-1.1119999999999999,-1.162,False
2023-01-19 15:30:00-05:00,2023-01-19 15:55:00-05:00,2023-01-19,H1_MOMENTUM,-1,11058.4,11000.0,TIME_EOD,11080.4,10992.4,22.0,24.100000000000364,True,3.0,60.79999999999927,0.0,88.0,58.399999999999636,231.11999999999856,229.11999999999856,227.11999999999856,2.62636363636362,2.603636363636347,2.5809090909090746,False
2023-01-20 15:30:00-05:00,2023-01-20 15:55:00-05:00,2023-01-20,H1_MOMENTUM,1,11292.8,11313.6,TIME_EOD,11270.8,11358.8,22.0,28.099999999998545,True,3.0,27.600000000000364,7.799999999999272,88.0,20.80000000000109,80.72000000000436,78.72000000000436,76.72000000000436,0.9172727272727769,0.8945454545455042,0.8718181818182313,False
2023-01-23 15:30:00-05:00,2023-01-23 15:55:00-05:00,2023-01-23,H1_MOMENTUM,1,11534.6,11564.0,TIME_EOD,11512.6,11600.6,22.0,35.5,True,3.0,35.399999999999636,13.399999999999636,88.0,29.399999999999636,115.11999999999854,113.11999999999854,111.11999999999854,1.3081818181818017,1.285454545454529,1.262727272727256,False
2023-01-24 15:30:00-05:00,2023-01-24 15:55:00-05:00,2023-01-24,H1_MOMENTUM,-1,11535.8,11538.4,TIME_EOD,11554.1,11480.899999999996,18.30000000000109,18.30000000000109,False,3.0,43.79999999999927,10.200000000000728,73.20000000000437,-2.600000000000364,-12.880000000001456,-14.880000000001456,-16.880000000001456,-0.17595628415301487,-0.20327868852459793,-0.230601092896181,False
2023-01-25 15:30:00-05:00,2023-01-25 15:55:00-05:00,2023-01-25,H1_MOMENTUM,-1,11502.8,11503.2,TIME_EOD,11524.8,11436.8,22.0,30.5,True,3.0,31.599999999998545,6.400000000001455,88.0,-0.4000000000014552,-4.080000000005821,-6.080000000005821,-8.080000000005821,-0.04636363636370251,-0.06909090909097525,-0.09181818181824797,False
2023-01-26 15:30:00-05:00,2023-01-26 15:55:00-05:00,2023-01-26,H1_MOMENTUM,1,11706.0,11739.4,TIME_EOD,11684.0,11772.0,22.0,31.700000000000728,True,3.0,34.399999999999636,12.399999999999636,88.0,33.399999999999636,131.11999999999856,129.11999999999856,127.11999999999854,1.4899999999999836,1.4672727272727109,1.444545454545438,False
2023-01-27 15:30:00-05:00,2023-01-27 15:45:00-05:00,2023-01-27,H1_MOMENTUM,1,11916.8,11894.8,STOP,11894.8,11982.8,22.0,27.5,True,3.0,7.200000000000728,33.0,88.0,-22.0,-90.48,-92.48,-94.48,-1.0281818181818183,-1.050909090909091,-1.0736363636363637,False
2023-01-30 15:30:00-05:00,2023-01-30 15:35:00-05:00,2023-01-30,H1_MOMENTUM,-1,11607.2,11629.2,STOP,11629.2,11541.2,22.0,47.29999999999927,True,3.0,2.8000000000010914,27.19999999999891,88.0,-22.0,-90.48,-92.48,-94.48,-1.0281818181818183,-1.050909090909091,-1.0736363636363637,False
2023-01-31 15:30:00-05:00,2023-01-31 15:50:00-05:00,2023-01-31,H1_MOMENTUM,1,11715.6,11745.6,TARGET,11705.6,11745.6,10.0,9.300000000001091,True,3.0,53.19999999999891,0.0,40.0,30.0,117.52,116.52,115.52,2.9379999999999997,2.913,2.888,False
2023-02-01 15:30:00-05:00,2023-02-01 15:35:00-05:00,2023-02-01,H1_MOMENTUM,1,12058.0,12124.0,TARGET,12036.0,12124.0,22.0,85.29999999999927,True,3.0,73.60000000000036,8.799999999999272,88.0,66.0,261.52,260.52,259.52,2.9718181818181817,2.9604545454545454,2.9490909090909088,False
2023-02-02 15:30:00-05:00,2023-02-02 15:40:00-05:00,2023-02-02,H1_MOMENTUM,1,12403.2,12381.2,STOP,12381.2,12469.2,22.0,88.5,True,3.0,28.399999999999636,28.400000000001455,88.0,-22.0,-90.48,-92.48,-94.48,-1.0281818181818183,-1.050909090909091,-1.0736363636363637,False
2023-02-03 15:30:00-05:00,2023-02-03 15:55:00-05:00,2023-02-03,H1_MOMENTUM,-1,12254.8,12246.0,TIME_EOD,12276.8,12188.8,22.0,24.5,True,3.0,30.0,16.80000000000109,88.0,8.799999999999272,32.71999999999709,30.71999999999709,28.71999999999709,0.3718181818181488,0.34909090909087603,0.32636363636360327,False
2023-02-06 15:30:00-05:00,2023-02-06 15:35:00-05:00,2023-02-06,H1_MOMENTUM,-1,12114.0,12136.0,STOP,12136.0,12048.0,22.0,50.5,True,3.0,10.399999999999636,32.0,88.0,-22.0,-90.48,-92.48,-94.48,-1.0281818181818183,-1.050909090909091,-1.0736363636363637,False
2023-02-07 15:30:00-05:00,2023-02-07 15:45:00-05:00,2023-02-07,H1_MOMENTUM,-1,12374.0,12384.0,STOP,12384.0,12344.0,10.0,1.7000000000007276,True,3.0,14.799999999999272,29.799999999999272,40.0,-10.0,-42.48,-44.48,-46.48,-1.0619999999999998,-1.1119999999999999,-1.162,False
2023-02-08 15:30:00-05:00,2023-02-08 15:40:00-05:00,2023-02-08,H1_MOMENTUM,-1,12166.8,12188.8,STOP,12188.8,12100.8,22.0,33.70000000000073,True,3.0,5.599999999998545,26.600000000000364,88.0,-22.0,-90.48,-92.48,-94.48,-1.0281818181818183,-1.050909090909091,-1.0736363636363637,False
2023-02-09 15:30:00-05:00,2023-02-09 15:30:00-05:00,2023-02-09,H1_MOMENTUM,1,12043.0,12033.0,STOP,12033.0,12073.0,10.0,5.899999999999636,True,3.0,0.2000000000007276,28.600000000000364,40.0,-10.0,-42.48,-44.48,-46.48,-1.0619999999999998,-1.1119999999999999,-1.162,False
2023-02-10 15:30:00-05:00,2023-02-10 15:40:00-05:00,2023-02-10,H1_MOMENTUM,-1,11956.0,11978.0,STOP,11978.0,11890.0,22.0,28.5,True,3.0,2.0,26.0,88.0,-22.0,-90.48,-92.48,-94.48,-1.0281818181818183,-1.050909090909091,-1.0736363636363637,False
2023-02-13 15:30:00-05:00,2023-02-13 15:55:00-05:00,2023-02-13,H1_MOMENTUM,1,12165.6,12179.8,TIME_EOD,12143.6,12231.6,22.0,42.5,True,3.0,19.0,13.200000000000728,88.0,14.199999999998909,54.31999999999564,52.31999999999564,50.31999999999564,0.6172727272726777,0.594545454545405,0.5718181818181323,False
2023-02-14 10:40:00-05:00,2023-02-14 10:45:00-05:00,2023-02-14,PDH_SWEEP,-1,12125.2,12086.7,TARGET,12147.2,12086.7,22.0,78.89999999999964,True,1.75,54.400000000001455,11.599999999998545,88.0,38.5,151.52,150.52,149.52,1.721818181818182,1.7104545454545457,1.6990909090909092,False
2023-02-14 15:30:00-05:00,2023-02-14 15:55:00-05:00,2023-02-14,H1_MOMENTUM,1,12260.4,12268.4,TIME_EOD,12238.4,12326.4,22.0,28.299999999999272,True,3.0,37.20000000000073,1.1999999999989086,88.0,8.0,29.52,27.52,25.52,0.33545454545454545,0.31272727272727274,0.29,False
2023-02-15 15:30:00-05:00,2023-02-15 15:45:00-05:00,2023-02-15,H1_MOMENTUM,-1,12318.8,12334.5,STOP,12334.5,12271.699999999997,15.700000000000728,15.700000000000728,False,3.0,4.0,16.0,62.80000000000291,-15.700000000000728,-65.28000000000291,-67.28000000000291,-69.28000000000291,-1.0394904458598708,-1.071337579617831,-1.1031847133757915,False
2023-02-16 15:30:00-05:00,2023-02-16 15:55:00-05:00,2023-02-16,H1_MOMENTUM,-1,12160.4,12127.2,TIME_EOD,12182.4,12094.4,22.0,135.89999999999964,True,3.0,34.399999999999636,13.600000000000364,88.0,33.19999999999891,130.31999999999564,128.31999999999564,126.31999999999563,1.4809090909090414,1.4581818181817687,1.4354545454544958,False
2023-02-17 15:30:00-05:00,2023-02-17 15:30:00-05:00,2023-02-17,H1_MOMENTUM,-1,12013.2,12035.2,STOP,12035.2,11947.2,22.0,47.69999999999891,True,3.0,1.2000000000007276,22.399999999999636,88.0,-22.0,-90.48,-92.48,-94.48,-1.0281818181818183,-1.050909090909091,-1.0736363636363637,False
2023-02-21 15:30:00-05:00,2023-02-21 15:55:00-05:00,2023-02-21,H1_MOMENTUM,-1,11776.0,11757.2,TIME_EOD,11798.0,11710.0,22.0,29.299999999999272,True,3.0,20.200000000000728,14.399999999999636,88.0,18.799999999999272,72.71999999999709,70.71999999999709,68.71999999999709,0.8263636363636032,0.8036363636363305,0.7809090909090578,False
2023-02-22 15:30:00-05:00,2023-02-22 15:50:00-05:00,2023-02-22,H1_MOMENTUM,1,11738.8,11723.5,STOP,11723.5,11784.699999999997,15.299999999999272,15.299999999999272,False,3.0,17.600000000000364,20.0,61.19999999999709,-15.299999999999272,-63.67999999999709,-65.6799999999971,-67.6799999999971,-1.0405228758169953,-1.0732026143790885,-1.1058823529411816,False
2023-02-23 15:30:00-05:00,2023-02-23 15:50:00-05:00,2023-02-23,H1_MOMENTUM,1,11906.8,11884.8,STOP,11884.8,11972.8,22.0,44.899999999999636,True,3.0,8.0,32.0,88.0,-22.0,-90.48,-92.48,-94.48,-1.0281818181818183,-1.050909090909091,-1.0736363636363637,False
2023-02-24 15:30:00-05:00,2023-02-24 15:55:00-05:00,2023-02-24,H1_MOMENTUM,-1,11656.6,11671.6,TIME_EOD,11678.6,11590.6,22.0,37.899999999999636,True,3.0,33.0,20.600000000000364,88.0,-15.0,-62.48,-64.48,-66.48,-0.71,-0.7327272727272728,-0.7554545454545455,False
2023-02-27 15:30:00-05:00,2023-02-27 15:35:00-05:00,2023-02-27,H1_MOMENTUM,1,11762.8,11744.3,STOP,11744.3,11818.3,18.5,18.5,False,3.0,0.4000000000014552,28.799999999999272,74.0,-18.5,-76.48,-78.48,-80.48,-1.0335135135135136,-1.0605405405405406,-1.0875675675675676,False
2023-02-28 15:30:00-05:00,2023-02-28 15:30:00-05:00,2023-02-28,H1_MOMENTUM,1,11766.8,11756.8,STOP,11756.8,11796.8,10.0,3.6999999999989086,True,3.0,2.8000000000010914,10.0,40.0,-10.0,-42.48,-44.48,-46.48,-1.0619999999999998,-1.1119999999999999,-1.162,False
2023-03-01 15:30:00-05:00,2023-03-01 15:55:00-05:00,2023-03-01,H1_MOMENTUM,1,11629.2,11641.2,TIME_EOD,11619.2,11659.2,10.0,4.900000000001455,True,3.0,27.399999999999636,3.2000000000007276,40.0,12.0,45.52,43.52,41.52,1.1380000000000001,1.088,1.038,False
2023-03-02 15:30:00-05:00,2023-03-02 15:30:00-05:00,2023-03-02,H1_MOMENTUM,-1,11738.0,11748.0,STOP,11748.0,11708.0,10.0,0.5,True,3.0,3.2000000000007276,14.399999999999636,40.0,-10.0,-42.48,-44.48,-46.48,-1.0619999999999998,-1.1119999999999999,-1.162,False
2023-03-03 15:30:00-05:00,2023-03-03 15:45:00-05:00,2023-03-03,H1_MOMENTUM,1,11980.8,11966.3,STOP,11966.3,12024.3,14.5,14.5,False,3.0,4.800000000001091,14.799999999999272,58.0,-14.5,-60.48,-62.48,-64.48,-1.042758620689655,-1.0772413793103448,-1.1117241379310345,False
2023-03-06 15:30:00-05:00,2023-03-06 15:55:00-05:00,2023-03-06,H1_MOMENTUM,1,11997.6,12001.2,TIME_EOD,11987.6,12027.6,10.0,0.1000000000003638,True,3.0,18.399999999999636,4.399999999999636,40.0,3.600000000000364,11.920000000001455,9.920000000001455,7.920000000001455,0.29800000000003635,0.24800000000003636,0.19800000000003637,False
2023-03-07 15:30:00-05:00,2023-03-07 15:35:00-05:00,2023-03-07,H1_MOMENTUM,1,11839.0,11869.0,TARGET,11829.0,11869.0,10.0,8.700000000000728,True,3.0,31.399999999999636,3.0,40.0,30.0,117.52,116.52,115.52,2.9379999999999997,2.913,2.888,False
2023-03-08 15:30:00-05:00,2023-03-08 15:35:00-05:00,2023-03-08,H1_MOMENTUM,1,11855.6,11887.1,TARGET,11845.1,11887.1,10.5,10.5,False,3.0,35.19999999999891,1.2000000000007276,42.0,31.5,123.52,122.52,121.52,2.940952380952381,2.9171428571428573,2.893333333333333,False
2023-03-09 15:30:00-05:00,2023-03-09 15:50:00-05:00,2023-03-09,H1_MOMENTUM,1,11689.2,11735.100000000004,TARGET,11673.9,11735.100000000004,15.300000000001091,15.300000000001091,False,3.0,57.19999999999891,5.600000000000364,61.200000000004366,45.900000000003274,181.1200000000131,180.1200000000131,179.1200000000131,2.95947712418301,2.943137254901965,2.9267973856209206,False
2023-03-10 15:30:00-05:00,2023-03-10 15:55:00-05:00,2023-03-10,H1_MOMENTUM,-1,11557.2,11541.6,TIME_EOD,11579.2,11491.2,22.0,42.099999999998545,True,3.0,56.80000000000109,8.799999999999272,88.0,15.600000000000364,59.92000000000146,57.92000000000146,55.92000000000146,0.6809090909091075,0.6581818181818347,0.635454545454562,False
2023-03-13 15:30:00-04:00,2023-03-13 15:35:00-04:00,2023-03-13,H1_MOMENTUM,1,11661.6,11702.700000000003,TARGET,11647.9,11702.700000000003,13.700000000000728,13.700000000000728,False,3.0,43.600000000000364,0.0,54.80000000000291,41.10000000000218,161.92000000000874,160.92000000000874,159.92000000000874,2.954744525547448,2.9364963503649673,2.9182481751824865,False
2023-03-14 15:30:00-04:00,2023-03-14 15:50:00-04:00,2023-03-14,H1_MOMENTUM,1,11774.8,11840.8,TARGET,11752.8,11840.8,22.0,36.899999999999636,True,3.0,77.40000000000146,8.799999999999272,88.0,66.0,261.52,260.52,259.52,2.9718181818181817,2.9604545454545454,2.9490909090909088,False
2023-03-15 15:30:00-04:00,2023-03-15 15:40:00-04:00,2023-03-15,H1_MOMENTUM,-1,11949.4,11887.9,TARGET,11969.9,11887.9,20.5,20.5,False,3.0,70.19999999999891,9.800000000001091,82.0,61.5,243.52,242.52,241.52,2.9697560975609756,2.957560975609756,2.9453658536585365,False
2023-03-16 15:30:00-04:00,2023-03-16 15:35:00-04:00,2023-03-16,H1_MOMENTUM,1,12279.8,12257.8,STOP,12257.8,12345.8,22.0,42.69999999999891,True,3.0,0.6000000000003638,22.799999999999272,88.0,-22.0,-90.48,-92.48,-94.48,-1.0281818181818183,-1.050909090909091,-1.0736363636363637,False
2023-03-17 15:30:00-04:00,2023-03-17 15:30:00-04:00,2023-03-17,H1_MOMENTUM,1,12222.8,12200.8,STOP,12200.8,12288.8,22.0,52.5,True,3.0,0.0,33.19999999999891,88.0,-22.0,-90.48,-92.48,-94.48,-1.0281818181818183,-1.050909090909091,-1.0736363636363637,False
2023-03-20 15:30:00-04:00,2023-03-20 15:35:00-04:00,2023-03-20,H1_MOMENTUM,-1,12202.4,12217.5,STOP,12217.5,12157.099999999999,15.100000000000364,15.100000000000364,False,3.0,0.0,18.399999999999636,60.400000000001455,-15.100000000000364,-62.88000000000145,-64.88000000000146,-66.88000000000146,-1.0410596026490055,-1.0741721854304618,-1.107284768211918,False
2023-03-21 15:30:00-04:00,2023-03-21 15:55:00-04:00,2023-03-21,H1_MOMENTUM,1,12397.4,12409.2,TIME_EOD,12377.3,12457.7,20.100000000000364,20.100000000000364,False,3.0,32.20000000000073,10.0,80.40000000000146,11.800000000001091,44.72000000000437,42.72000000000437,40.72000000000437,0.556218905472681,0.5313432835821342,0.5064676616915874,False
2023-03-22 12:25:00-04:00,2023-03-22 13:20:00-04:00,2023-03-22,PDH_SWEEP,-1,12423.6,12433.6,STOP,12433.6,12406.1,10.0,7.100000000000364,True,1.75,15.200000000000728,11.600000000000364,40.0,-10.0,-42.48,-44.48,-46.48,-1.0619999999999998,-1.1119999999999999,-1.162,False
2023-03-22 15:30:00-04:00,2023-03-22 15:30:00-04:00,2023-03-22,H1_MOMENTUM,1,12487.2,12465.2,STOP,12465.2,12553.2,22.0,127.70000000000073,True,3.0,4.399999999999636,59.600000000000364,88.0,-22.0,-90.48,-92.48,-94.48,-1.0281818181818183,-1.050909090909091,-1.0736363636363637,False
2023-03-23 15:30:00-04:00,2023-03-23 15:45:00-04:00,2023-03-23,H1_MOMENTUM,1,12341.2,12407.2,TARGET,12319.2,12407.2,22.0,58.900000000001455,True,3.0,78.19999999999891,20.0,88.0,66.0,261.52,260.52,259.52,2.9718181818181817,2.9604545454545454,2.9490909090909088,False
2023-03-24 15:30:00-04:00,2023-03-24 15:55:00-04:00,2023-03-24,H1_MOMENTUM,-1,12428.4,12438.4,STOP,12438.4,12398.4,10.0,9.700000000000728,True,3.0,34.399999999999636,10.200000000000728,40.0,-10.0,-42.48,-44.48,-46.48,-1.0619999999999998,-1.1119999999999999,-1.162,False
2023-03-27 15:30:00-04:00,2023-03-27 15:30:00-04:00,2023-03-27,H1_MOMENTUM,1,12389.2,12379.1,STOP,12379.1,12419.500000000002,10.100000000000364,10.100000000000364,False,3.0,1.5999999999985448,14.800000000001091,40.400000000001455,-10.100000000000364,-42.88000000000145,-44.88000000000145,-46.88000000000145,-1.061386138613859,-1.1108910891089068,-1.1603960396039545,False
2023-03-28 15:30:00-04:00,2023-03-28 15:35:00-04:00,2023-03-28,H1_MOMENTUM,-1,12240.4,12257.3,STOP,12257.3,12189.7,16.899999999999636,16.899999999999636,False,3.0,8.799999999999272,22.600000000000364,67.59999999999854,-16.899999999999636,-70.07999999999855,-72.07999999999855,-74.07999999999855,-1.0366863905325452,-1.0662721893491138,-1.0958579881656827,False
2023-03-29 15:30:00-04:00,2023-03-29 15:55:00-04:00,2023-03-29,H1_MOMENTUM,1,12520.0,12498.0,STOP,12498.0,12586.0,22.0,39.29999999999927,True,3.0,11.600000000000364,23.399999999999636,88.0,-22.0,-90.48,-92.48,-94.48,-1.0281818181818183,-1.050909090909091,-1.0736363636363637,False
2023-03-30 15:30:00-04:00,2023-03-30 15:55:00-04:00,2023-03-30,H1_MOMENTUM,1,12623.6,12627.6,TIME_EOD,12601.6,12689.6,22.0,23.30000000000109,True,3.0,10.0,8.800000000001091,88.0,4.0,13.52,11.52,9.52,0.15363636363636363,0.1309090909090909,0.10818181818181817,False
2023-03-31 15:30:00-04:00,2023-03-31 15:35:00-04:00,2023-03-31,H1_MOMENTUM,1,12833.2,12811.2,STOP,12811.2,12899.2,22.0,47.30000000000109,True,3.0,5.599999999998545,28.0,88.0,-22.0,-90.48,-92.48,-94.48,-1.0281818181818183,-1.050909090909091,-1.0736363636363637,False
2023-04-03 15:30:00-04:00,2023-04-03 15:30:00-04:00,2023-04-03,H1_MOMENTUM,-1,12784.0,12794.0,STOP,12794.0,12754.0,10.0,4.899999999999636,True,3.0,3.399999999999636,16.600000000000364,40.0,-10.0,-42.48,-44.48,-46.48,-1.0619999999999998,-1.1119999999999999,-1.162,False
2023-04-04 10:25:00-04:00,2023-04-04 10:25:00-04:00,2023-04-04,PDH_SWEEP,-1,12795.2,12817.2,STOP,12817.2,12756.7,22.0,33.69999999999891,True,1.75,0.0,24.399999999999636,88.0,-22.0,-90.48,-92.48,-94.48,-1.0281818181818183,-1.050909090909091,-1.0736363636363637,False
2023-04-04 15:30:00-04:00,2023-04-04 15:45:00-04:00,2023-04-04,H1_MOMENTUM,1,12731.2,12721.2,STOP,12721.2,12761.2,10.0,8.100000000000364,True,3.0,10.199999999998909,18.0,40.0,-10.0,-42.48,-44.48,-46.48,-1.0619999999999998,-1.1119999999999999,-1.162,False
2023-04-05 15:30:00-04:00,2023-04-05 15:40:00-04:00,2023-04-05,H1_MOMENTUM,-1,12613.0,12630.5,STOP,12630.5,12560.5,17.5,17.5,False,3.0,2.2000000000007276,23.399999999999636,70.0,-17.5,-72.48,-74.48,-76.48,-1.0354285714285716,-1.064,-1.0925714285714285,False
2023-04-06 15:30:00-04:00,2023-04-06 15:30:00-04:00,2023-04-06,H1_MOMENTUM,-1,12726.0,12736.0,STOP,12736.0,12696.0,10.0,4.100000000000364,True,3.0,0.2000000000007276,11.600000000000364,40.0,-10.0,-42.48,-44.48,-46.48,-1.0619999999999998,-1.1119999999999999,-1.162,False
2023-04-10 15:30:00-04:00,2023-04-10 15:55:00-04:00,2023-04-10,H1_MOMENTUM,-1,12694.4,12710.8,TIME_EOD,12715.3,12631.7,20.899999999999636,20.899999999999636,False,3.0,6.0,16.80000000000109,83.59999999999854,-16.399999999999636,-68.07999999999855,-70.07999999999855,-72.07999999999855,-0.8143540669856427,-0.8382775119617197,-0.8622009569377967,False
2023-04-11 15:30:00-04:00,2023-04-11 15:35:00-04:00,2023-04-11,H1_MOMENTUM,-1,12681.2,12651.2,TARGET,12691.2,12651.2,10.0,7.299999999999272,True,3.0,34.0,0.0,40.0,30.0,117.52,116.52,115.52,2.9379999999999997,2.913,2.888,False
2023-04-12 15:30:00-04:00,2023-04-12 15:35:00-04:00,2023-04-12,H1_MOMENTUM,-1,12515.6,12537.6,STOP,12537.6,12449.6,22.0,63.69999999999891,True,3.0,4.399999999999636,22.0,88.0,-22.0,-90.48,-92.48,-94.48,-1.0281818181818183,-1.050909090909091,-1.0736363636363637,False
2023-04-13 15:30:00-04:00,2023-04-13 15:55:00-04:00,2023-04-13,H1_MOMENTUM,1,12777.2,12758.3,STOP,12758.3,12833.900000000005,18.900000000001455,18.900000000001455,False,3.0,8.799999999999272,19.200000000000728,75.60000000000582,-18.900000000001455,-78.08000000000582,-80.08000000000582,-82.08000000000582,-1.0328042328042304,-1.0592592592592547,-1.0857142857142792,False
2023-04-14 15:30:00-04:00,2023-04-14 15:55:00-04:00,2023-04-14,H1_MOMENTUM,1,12724.0,12743.6,TIME_EOD,12702.0,12790.0,22.0,43.70000000000073,True,3.0,29.0,5.600000000000364,88.0,19.600000000000364,75.92000000000145,73.92000000000145,71.92000000000145,0.8627272727272892,0.8400000000000165,0.8172727272727438,False
2023-04-17 15:30:00-04:00,2023-04-17 15:50:00-04:00,2023-04-17,H1_MOMENTUM,-1,12737.6,12747.6,STOP,12747.6,12707.6,10.0,2.100000000000364,True,3.0,9.600000000000364,14.799999999999272,40.0,-10.0,-42.48,-44.48,-46.48,-1.0619999999999998,-1.1119999999999999,-1.162,False
2023-04-18 10:30:00-04:00,2023-04-18 12:25:00-04:00,2023-04-18,PDH_SWEEP,-1,12740.4,12762.4,STOP,12762.4,12701.9,22.0,29.30000000000109,True,1.75,22.0,22.600000000000364,88.0,-22.0,-90.48,-92.48,-94.48,-1.0281818181818183,-1.050909090909091,-1.0736363636363637,False
2023-04-18 15:30:00-04:00,2023-04-18 15:55:00-04:00,2023-04-18,H1_MOMENTUM,1,12738.0,12754.0,TIME_EOD,12723.5,12781.5,14.5,14.5,False,3.0,26.399999999999636,4.399999999999636,58.0,16.0,61.52,59.52,57.52,1.0606896551724139,1.0262068965517241,0.9917241379310345,False
2023-04-19 15:30:00-04:00,2023-04-19 15:55:00-04:00,2023-04-19,H1_MOMENTUM,-1,12766.0,12750.8,TIME_EOD,12782.1,12717.699999999999,16.100000000000364,16.100000000000364,False,3.0,29.399999999999636,8.399999999999636,64.40000000000146,15.200000000000728,58.32000000000291,56.32000000000291,54.32000000000291,0.905590062111826,0.8745341614907087,0.8434782608695914,False
2023-04-20 15:30:00-04:00,2023-04-20 15:35:00-04:00,2023-04-20,H1_MOMENTUM,-1,12606.2,12628.2,STOP,12628.2,12540.2,22.0,66.29999999999927,True,3.0,0.0,23.399999999999636,88.0,-22.0,-90.48,-92.48,-94.48,-1.0281818181818183,-1.050909090909091,-1.0736363636363637,False
2023-04-21 15:30:00-04:00,2023-04-21 15:55:00-04:00,2023-04-21,H1_MOMENTUM,-1,12653.2,12667.3,STOP,12667.3,12610.900000000005,14.099999999998545,14.099999999998545,False,3.0,12.400000000001455,15.599999999998545,56.39999999999418,-14.099999999998545,-58.879999999994176,-60.879999999994176,-62.879999999994176,-1.0439716312056782,-1.0794326241134833,-1.1148936170212884,False
2023-04-24 15:30:00-04:00,2023-04-24 15:55:00-04:00,2023-04-24,H1_MOMENTUM,1,12628.4,12636.4,TIME_EOD,12618.4,12658.4,10.0,4.899999999999636,True,3.0,14.600000000000364,9.600000000000364,40.0,8.0,29.52,27.52,25.52,0.738,0.688,0.638,False
2023-04-25 15:30:00-04:00,2023-04-25 15:55:00-04:00,2023-04-25,H1_MOMENTUM,-1,12431.6,12396.8,TIME_EOD,12452.1,12370.1,20.5,20.5,False,3.0,34.80000000000109,14.799999999999272,82.0,34.80000000000109,136.72000000000438,134.72000000000438,132.72000000000438,1.6673170731707851,1.642926829268346,1.618536585365907,False
2023-04-26 15:30:00-04:00,2023-04-26 15:50:00-04:00,2023-04-26,H1_MOMENTUM,1,12478.4,12458.7,STOP,12458.7,12537.499999999996,19.69999999999891,19.69999999999891,False,3.0,7.200000000000728,24.799999999999272,78.79999999999563,-19.69999999999891,-81.27999999999564,-83.27999999999564,-85.27999999999564,-1.0314720812182758,-1.0568527918781758,-1.0822335025380756,False
2023-04-27 15:30:00-04:00,2023-04-27 15:55:00-04:00,2023-04-27,H1_MOMENTUM,1,12820.4,12810.4,STOP,12810.4,12850.4,10.0,8.899999999999636,True,3.0,12.0,12.399999999999636,40.0,-10.0,-42.48,-44.48,-46.48,-1.0619999999999998,-1.1119999999999999,-1.162,False
2023-04-28 15:30:00-04:00,2023-04-28 15:55:00-04:00,2023-04-28,H1_MOMENTUM,-1,12870.4,12888.5,STOP,12888.5,12816.099999999999,18.100000000000364,18.100000000000364,False,3.0,13.199999999998909,34.20000000000073,72.40000000000146,-18.100000000000364,-74.88000000000146,-76.88000000000146,-78.88000000000146,-1.034254143646408,-1.061878453038673,-1.0895027624309375,False
2023-05-01 15:30:00-04:00,2023-05-01 15:55:00-04:00,2023-05-01,H1_MOMENTUM,-1,12893.6,12888.2,TIME_EOD,12903.6,12863.6,10.0,8.5,True,3.0,24.0,8.199999999998909,40.0,5.399999999999636,19.119999999998544,17.119999999998544,15.119999999998544,0.4779999999999636,0.42799999999996363,0.3779999999999636,False
2023-05-02 15:30:00-04:00,2023-05-02 15:55:00-04:00,2023-05-02,H1_MOMENTUM,-1,12790.8,12770.4,TIME_EOD,12809.5,12734.699999999997,18.700000000000728,18.700000000000728,False,3.0,28.799999999999272,0.0,74.80000000000291,20.399999999999636,79.11999999999854,77.11999999999854,75.11999999999854,1.0577540106951264,1.0310160427806891,1.0042780748662516,False
2023-05-03 15:30:00-04:00,2023-05-03 15:30:00-04:00,2023-05-03,H1_MOMENTUM,1,12716.0,12706.0,STOP,12706.0,12746.0,10.0,0.1000000000003638,True,3.0,7.399999999999636,21.200000000000728,40.0,-10.0,-42.48,-44.48,-46.48,-1.0619999999999998,-1.1119999999999999,-1.162,False
2023-05-04 15:30:00-04:00,2023-05-04 15:35:00-04:00,2023-05-04,H1_MOMENTUM,-1,12664.4,12686.4,STOP,12686.4,12598.4,22.0,24.5,True,3.0,0.0,26.0,88.0,-22.0,-90.48,-92.48,-94.48,-1.0281818181818183,-1.050909090909091,-1.0736363636363637,False
2023-05-05 15:30:00-04:00,2023-05-05 15:50:00-04:00,2023-05-05,H1_MOMENTUM,1,12934.4,12917.1,STOP,12917.1,12986.299999999997,17.299999999999272,17.299999999999272,False,3.0,1.2000000000007276,18.399999999999636,69.19999999999709,-17.299999999999272,-71.6799999999971,-73.6799999999971,-75.6799999999971,-1.0358381502890188,-1.0647398843930664,-1.0936416184971138,False
2023-05-08 15:30:00-04:00,2023-05-08 15:55:00-04:00,2023-05-08,H1_MOMENTUM,-1,12937.6,12948.8,TIME_EOD,12959.6,12871.6,22.0,22.100000000000364,True,3.0,4.0,19.19999999999891,88.0,-11.199999999998909,-47.27999999999563,-49.27999999999563,-51.27999999999563,-0.5372727272726776,-0.5599999999999503,-0.5827272727272231,False
2023-05-09 15:30:00-04:00,2023-05-09 15:55:00-04:00,2023-05-09,H1_MOMENTUM,-1,12861.2,12862.4,TIME_EOD,12878.9,12808.100000000004,17.69999999999891,17.69999999999891,False,3.0,7.200000000000728,12.399999999999636,70.79999999999563,-1.1999999999989086,-7.279999999995635,-9.279999999995635,-11.279999999995635,-0.10282485875700684,-0.13107344632763004,-0.15932203389825325,False
2023-05-10 15:30:00-04:00,2023-05-10 15:50:00-04:00,2023-05-10,H1_MOMENTUM,1,13025.6,13003.6,STOP,13003.6,13091.6,22.0,43.30000000000109,True,3.0,14.799999999999272,24.0,88.0,-22.0,-90.48,-92.48,-94.48,-1.0281818181818183,-1.050909090909091,-1.0736363636363637,False
2023-05-11 15:30:00-04:00,2023-05-11 15:55:00-04:00,2023-05-11,H1_MOMENTUM,-1,13051.4,13044.6,TIME_EOD,13068.9,12998.9,17.5,17.5,False,3.0,19.399999999999636,4.600000000000364,70.0,6.799999999999272,24.71999999999709,22.71999999999709,20.71999999999709,0.35314285714281557,0.324571428571387,0.2959999999999584,False
2023-05-12 15:30:00-04:00,2023-05-12 15:55:00-04:00,2023-05-12,H1_MOMENTUM,1,12965.6,13002.4,TIME_EOD,12946.7,13022.3,18.899999999999636,18.899999999999636,False,3.0,38.600000000000364,0.0,75.59999999999854,36.79999999999927,144.7199999999971,142.7199999999971,140.7199999999971,1.9142857142857128,1.8878306878306859,1.861375661375659,False
2023-05-15 15:30:00-04:00,2023-05-15 15:55:00-04:00,2023-05-15,H1_MOMENTUM,-1,13063.2,13070.0,TIME_EOD,13073.2,13033.2,10.0,2.099999999998545,True,3.0,3.2000000000007276,7.599999999998545,40.0,-6.799999999999272,-29.67999999999709,-31.67999999999709,-33.67999999999709,-0.7419999999999273,-0.7919999999999272,-0.8419999999999271,False
2023-05-16 15:30:00-04:00,2023-05-16 15:45:00-04:00,2023-05-16,H1_MOMENTUM,1,13137.8,13121.9,STOP,13121.9,13185.499999999998,15.899999999999636,15.899999999999636,False,3.0,2.8000000000010914,25.19999999999891,63.599999999998545,-15.899999999999636,-66.07999999999855,-68.07999999999855,-70.07999999999855,-1.0389937106918248,-1.0704402515723288,-1.1018867924528326,False
2023-05-17 15:30:00-04:00,2023-05-17 15:55:00-04:00,2023-05-17,H1_MOMENTUM,1,13239.8,13248.0,TIME_EOD,13220.5,13297.699999999997,19.299999999999272,19.299999999999272,False,3.0,21.80000000000109,7.799999999999272,77.19999999999709,8.200000000000728,30.32000000000291,28.32000000000291,26.32000000000291,0.3927461139896898,0.36683937823839347,0.3409326424870972,False
2023-05-18 15:30:00-04:00,2023-05-18 15:55:00-04:00,2023-05-18,H1_MOMENTUM,1,13447.0,13490.2,TIME_EOD,13425.0,13513.0,22.0,38.5,True,3.0,52.600000000000364,3.7999999999992724,88.0,43.20000000000073,170.32000000000292,168.32000000000292,166.32000000000292,1.9354545454545786,1.912727272727306,1.8900000000000332,False
2023-05-19 15:30:00-04:00,2023-05-19 15:40:00-04:00,2023-05-19,H1_MOMENTUM,-1,13445.2,13458.9,STOP,13458.9,13404.100000000004,13.699999999998909,13.699999999998909,False,3.0,7.600000000000364,14.799999999999272,54.799999999995634,-13.699999999998909,-57.27999999999563,-59.27999999999563,-61.27999999999563,-1.0452554744525584,-1.0817518248175246,-1.118248175182491,False
2023-05-22 15:30:00-04:00,2023-05-22 15:35:00-04:00,2023-05-22,H1_MOMENTUM,1,13506.2,13495.5,STOP,13495.5,13538.300000000003,10.700000000000728,10.700000000000728,False,3.0,2.1999999999989086,14.600000000000364,42.80000000000291,-10.700000000000728,-45.28000000000291,-47.28000000000291,-49.28000000000291,-1.057943925233641,-1.1046728971962545,-1.151401869158868,False
2023-05-23 15:30:00-04:00,2023-05-23 15:35:00-04:00,2023-05-23,H1_MOMENTUM,-1,13346.8,13356.8,STOP,13356.8,13316.8,10.0,9.300000000001091,True,3.0,0.7999999999992724,10.400000000001455,40.0,-10.0,-42.48,-44.48,-46.48,-1.0619999999999998,-1.1119999999999999,-1.162,False
2023-05-24 15:30:00-04:00,2023-05-24 15:30:00-04:00,2023-05-24,H1_MOMENTUM,-1,13295.0,13305.0,STOP,13305.0,13265.0,10.0,2.899999999999636,True,3.0,1.0,20.200000000000728,40.0,-10.0,-42.48,-44.48,-46.48,-1.0619999999999998,-1.1119999999999999,-1.162,False
2023-05-25 15:30:00-04:00,2023-05-25 15:50:00-04:00,2023-05-25,H1_MOMENTUM,1,13617.8,13595.8,STOP,13595.8,13683.8,22.0,58.29999999999927,True,3.0,15.400000000001455,23.0,88.0,-22.0,-90.48,-92.48,-94.48,-1.0281818181818183,-1.050909090909091,-1.0736363636363637,False
2023-05-26 15:30:00-04:00,2023-05-26 15:35:00-04:00,2023-05-26,H1_MOMENTUM,1,13948.4,13937.7,STOP,13937.7,13980.499999999996,10.699999999998909,10.699999999998909,False,3.0,5.200000000000728,17.399999999999636,42.799999999995634,-10.699999999998909,-45.27999999999563,-47.27999999999563,-49.27999999999563,-1.0579439252336507,-1.1046728971962723,-1.1514018691588939,False
2023-05-30 15:30:00-04:00,2023-05-30 15:45:00-04:00,2023-05-30,H1_MOMENTUM,1,14017.8,14001.1,STOP,14001.1,14067.899999999996,16.69999999999891,16.69999999999891,False,3.0,8.400000000001455,17.19999999999891,66.79999999999563,-16.69999999999891,-69.27999999999564,-71.27999999999564,-73.27999999999564,-1.0371257485029965,-1.0670658682634775,-1.0970059880239584,False
2023-05-31 15:30:00-04:00,2023-05-31 15:30:00-04:00,2023-05-31,H1_MOMENTUM,-1,13920.0,13930.0,STOP,13930.0,13890.0,10.0,9.5,True,3.0,0.0,16.0,40.0,-10.0,-42.48,-44.48,-46.48,-1.0619999999999998,-1.1119999999999999,-1.162,False
2023-06-01 15:30:00-04:00,2023-06-01 15:30:00-04:00,2023-06-01,H1_MOMENTUM,1,14089.8,14079.8,STOP,14079.8,14119.8,10.0,0.6999999999989086,True,3.0,2.8000000000010914,28.599999999998545,40.0,-10.0,-42.48,-44.48,-46.48,-1.0619999999999998,-1.1119999999999999,-1.162,False
2023-06-02 15:30:00-04:00,2023-06-02 15:55:00-04:00,2023-06-02,H1_MOMENTUM,1,14182.6,14179.2,TIME_EOD,14172.6,14212.6,10.0,0.3000000000010914,True,3.0,14.600000000000364,8.399999999999636,40.0,-3.399999999999636,-16.079999999998545,-18.079999999998545,-20.079999999998545,-0.4019999999999636,-0.45199999999996365,-0.5019999999999636,False
2023-06-05 09:55:00-04:00,2023-06-05 10:00:00-04:00,2023-06-05,PDH_SWEEP,-1,14196.0,14218.0,STOP,14218.0,14157.5,22.0,39.70000000000073,True,1.75,7.600000000000364,42.399999999999636,88.0,-22.0,-90.48,-92.48,-94.48,-1.0281818181818183,-1.050909090909091,-1.0736363636363637,False
2023-06-05 15:30:00-04:00,2023-06-05 15:55:00-04:00,2023-06-05,H1_MOMENTUM,1,14197.2,14195.8,TIME_EOD,14175.2,14263.2,22.0,43.30000000000109,True,3.0,16.599999999998545,5.800000000001091,88.0,-1.4000000000014552,-8.080000000005821,-10.080000000005821,-12.080000000005821,-0.09181818181824797,-0.11454545454552069,-0.1372727272727934,False
2023-06-06 15:30:00-04:00,2023-06-06 15:55:00-04:00,2023-06-06,H1_MOMENTUM,-1,14198.0,14198.8,TIME_EOD,14213.7,14150.899999999998,15.700000000000728,15.700000000000728,False,3.0,25.200000000000728,12.399999999999636,62.80000000000291,-0.7999999999992724,-5.67999999999709,-7.67999999999709,-9.67999999999709,-0.09044585987256093,-0.12229299363052125,-0.15414012738848154,False
2023-06-07 15:30:00-04:00,2023-06-07 15:35:00-04:00,2023-06-07,H1_MOMENTUM,1,13975.6,13957.9,STOP,13957.9,14028.700000000003,17.700000000000728,17.700000000000728,False,3.0,8.399999999999636,34.399999999999636,70.80000000000291,-17.700000000000728,-73.28000000000291,-75.28000000000291,-77.28000000000291,-1.0350282485875693,-1.0632768361581895,-1.09152542372881,False
2023-06-08 15:30:00-04:00,2023-06-08 15:55:00-04:00,2023-06-08,H1_MOMENTUM,1,14107.0,14126.8,TIME_EOD,14097.0,14137.0,10.0,4.299999999999272,True,3.0,27.799999999999272,0.0,40.0,19.799999999999272,76.71999999999709,74.71999999999709,72.71999999999709,1.917999999999927,1.867999999999927,1.8179999999999272,False
2023-06-09 15:30:00-04:00,2023-06-09 15:50:00-04:00,2023-06-09,H1_MOMENTUM,1,14190.8,14169.5,STOP,14169.5,14254.699999999997,21.299999999999272,21.299999999999272,False,3.0,3.0,23.599999999998545,85.19999999999709,-21.299999999999272,-87.6799999999971,-89.6799999999971,-91.6799999999971,-1.0291079812206583,-1.052582159624415,-1.0760563380281716,False
2023-06-12 15:30:00-04:00,2023-06-12 15:55:00-04:00,2023-06-12,H1_MOMENTUM,1,14390.0,14420.4,TIME_EOD,14368.0,14456.0,22.0,28.100000000000364,True,3.0,33.0,6.799999999999272,88.0,30.399999999999636,119.11999999999854,117.11999999999854,115.11999999999854,1.353636363636347,1.3309090909090744,1.3081818181818017,False
2023-06-13 15:30:00-04:00,2023-06-13 15:55:00-04:00,2023-06-13,H1_MOMENTUM,1,14507.2,14532.4,TIME_EOD,14495.9,14541.100000000004,11.300000000001091,11.300000000001091,False,3.0,29.0,7.600000000000364,45.200000000004366,25.19999999999891,98.31999999999563,96.31999999999563,94.31999999999563,2.1752212389377465,2.1309734513271312,2.086725663716516,False
2023-06-14 15:30:00-04:00,2023-06-14 15:50:00-04:00,2023-06-14,H1_MOMENTUM,1,14578.0,14556.0,STOP,14556.0,14644.0,22.0,39.70000000000073,True,3.0,20.799999999999272,40.79999999999927,88.0,-22.0,-90.48,-92.48,-94.48,-1.0281818181818183,-1.050909090909091,-1.0736363636363637,False
2023-06-15 15:30:00-04:00,2023-06-15 15:45:00-04:00,2023-06-15,H1_MOMENTUM,1,14843.6,14821.6,STOP,14821.6,14909.6,22.0,22.899999999999636,True,3.0,8.399999999999636,23.200000000000728,88.0,-22.0,-90.48,-92.48,-94.48,-1.0281818181818183,-1.050909090909091,-1.0736363636363637,False
2023-06-16 15:30:00-04:00,2023-06-16 15:30:00-04:00,2023-06-16,H1_MOMENTUM,-1,14734.4,14756.4,STOP,14756.4,14668.4,22.0,22.5,True,3.0,0.0,26.600000000000364,88.0,-22.0,-90.48,-92.48,-94.48,-1.0281818181818183,-1.050909090909091,-1.0736363636363637,False
2023-06-20 15:30:00-04:00,2023-06-20 15:40:00-04:00,2023-06-20,H1_MOMENTUM,-1,14679.2,14689.2,STOP,14689.2,14649.2,10.0,-1.1000000000003638,True,3.0,11.600000000000364,12.399999999999636,40.0,-10.0,-42.48,-44.48,-46.48,-1.0619999999999998,-1.1119999999999999,-1.162,False
2023-06-21 15:30:00-04:00,2023-06-21 15:55:00-04:00,2023-06-21,H1_MOMENTUM,-1,14529.6,14478.4,TIME_EOD,14551.6,14463.6,22.0,32.29999999999927,True,3.0,60.0,4.0,88.0,51.20000000000073,202.32000000000292,200.32000000000292,198.32000000000292,2.299090909090942,2.2763636363636697,2.2536363636363967,False
2023-06-22 15:30:00-04:00,2023-06-22 15:35:00-04:00,2023-06-22,H1_MOMENTUM,1,14588.0,14618.0,TARGET,14578.0,14618.0,10.0,-6.899999999999636,True,3.0,32.399999999999636,2.0,40.0,30.0,117.52,116.52,115.52,2.9379999999999997,2.913,2.888,False
2023-06-23 15:30:00-04:00,2023-06-23 15:55:00-04:00,2023-06-23,H1_MOMENTUM,-1,14508.4,14501.2,TIME_EOD,14527.5,14451.099999999999,19.100000000000364,19.100000000000364,False,3.0,13.600000000000364,18.0,76.40000000000146,7.199999999998909,26.319999999995634,24.319999999995634,22.319999999995634,0.3445026178009834,0.31832460732977974,0.292146596858576,False
2023-06-26 15:30:00-04:00,2023-06-26 15:40:00-04:00,2023-06-26,H1_MOMENTUM,1,14372.6,14362.6,STOP,14362.6,14402.6,10.0,5.5,True,3.0,9.399999999999636,17.80000000000109,40.0,-10.0,-42.48,-44.48,-46.48,-1.0619999999999998,-1.1119999999999999,-1.162,False
2023-06-27 15:30:00-04:00,2023-06-27 15:35:00-04:00,2023-06-27,H1_MOMENTUM,1,14581.2,14559.2,STOP,14559.2,14647.2,22.0,28.700000000000728,True,3.0,0.3999999999996362,24.400000000001455,88.0,-22.0,-90.48,-92.48,-94.48,-1.0281818181818183,-1.050909090909091,-1.0736363636363637,False
2023-06-28 15:30:00-04:00,2023-06-28 15:55:00-04:00,2023-06-28,H1_MOMENTUM,-1,14551.2,14572.9,STOP,14572.9,14486.100000000004,21.69999999999891,21.69999999999891,False,3.0,10.600000000000364,30.799999999999272,86.79999999999563,-21.69999999999891,-89.27999999999564,-91.27999999999564,-93.27999999999564,-1.02857142857143,-1.051612903225809,-1.074654377880188,False
2023-06-29 15:30:00-04:00,2023-06-29 15:30:00-04:00,2023-06-29,H1_MOMENTUM,-1,14529.6,14539.6,STOP,14539.6,14499.6,10.0,8.899999999999636,True,3.0,0.3999999999996362,10.0,40.0,-10.0,-42.48,-44.48,-46.48,-1.0619999999999998,-1.1119999999999999,-1.162,False
2023-06-30 15:30:00-04:00,2023-06-30 15:55:00-04:00,2023-06-30,H1_MOMENTUM,1,14803.6,14781.6,STOP,14781.6,14869.6,22.0,27.30000000000109,True,3.0,8.0,22.0,88.0,-22.0,-90.48,-92.48,-94.48,-1.0281818181818183,-1.050909090909091,-1.0736363636363637,False
2023-07-05 15:30:00-04:00,2023-07-05 15:50:00-04:00,2023-07-05,H1_MOMENTUM,1,14840.8,14823.5,STOP,14823.5,14892.699999999997,17.299999999999272,17.299999999999272,False,3.0,0.0,21.599999999998545,69.19999999999709,-17.299999999999272,-71.6799999999971,-73.6799999999971,-75.6799999999971,-1.0358381502890188,-1.0647398843930664,-1.0936416184971138,False
2023-07-06 15:30:00-04:00,2023-07-06 15:55:00-04:00,2023-07-06,H1_MOMENTUM,-1,14698.8,14699.8,TIME_EOD,14716.1,14646.899999999996,17.30000000000109,17.30000000000109,False,3.0,11.799999999999272,10.0,69.20000000000437,-1.0,-6.48,-8.48,-10.48,-0.09364161849710392,-0.12254335260114835,-0.15144508670519277,False
2023-07-07 15:30:00-04:00,2023-07-07 15:40:00-04:00,2023-07-07,H1_MOMENTUM,1,14712.8,14702.8,STOP,14702.8,14742.8,10.0,-0.9000000000014552,True,3.0,14.600000000000364,27.19999999999891,40.0,-10.0,-42.48,-44.48,-46.48,-1.0619999999999998,-1.1119999999999999,-1.162,False
2023-07-10 15:30:00-04:00,2023-07-10 15:55:00-04:00,2023-07-10,H1_MOMENTUM,-1,14638.8,14655.6,TIME_EOD,14658.5,14579.699999999997,19.700000000000728,19.700000000000728,False,3.0,15.599999999998545,18.0,78.80000000000291,-16.80000000000109,-69.68000000000437,-71.68000000000437,-73.68000000000437,-0.8842639593908858,-0.9096446700507833,-0.9350253807106809,False
2023-07-11 15:30:00-04:00,2023-07-11 15:40:00-04:00,2023-07-11,H1_MOMENTUM,-1,14687.6,14697.6,STOP,14697.6,14657.6,10.0,2.899999999999636,True,3.0,12.399999999999636,17.399999999999636,40.0,-10.0,-42.48,-44.48,-46.48,-1.0619999999999998,-1.1119999999999999,-1.162,False
2023-07-12 15:30:00-04:00,2023-07-12 15:55:00-04:00,2023-07-12,H1_MOMENTUM,1,14906.2,14910.0,TIME_EOD,14885.5,14968.300000000003,20.700000000000728,20.700000000000728,False,3.0,20.399999999999636,5.200000000000728,82.80000000000291,3.7999999999992724,12.71999999999709,10.71999999999709,8.71999999999709,0.15362318840575653,0.12946859903377672,0.1053140096617969,False
2023-07-13 15:30:00-04:00,2023-07-13 15:55:00-04:00,2023-07-13,H1_MOMENTUM,1,15173.2,15168.0,TIME_EOD,15151.2,15239.2,22.0,33.100000000000364,True,3.0,26.19999999999891,6.400000000001455,88.0,-5.200000000000728,-23.28000000000291,-25.28000000000291,-27.28000000000291,-0.2645454545454876,-0.2872727272727604,-0.3100000000000331,False
2023-07-14 15:30:00-04:00,2023-07-14 15:55:00-04:00,2023-07-14,H1_MOMENTUM,1,15138.2,15165.6,TIME_EOD,15128.2,15168.2,10.0,8.900000000001455,True,3.0,27.399999999999636,7.0,40.0,27.399999999999636,107.11999999999854,105.11999999999854,103.11999999999854,2.6779999999999635,2.6279999999999637,2.5779999999999634,False
2023-07-17 15:30:00-04:00,2023-07-17 15:50:00-04:00,2023-07-17,H1_MOMENTUM,1,15323.6,15301.6,STOP,15301.6,15389.6,22.0,39.5,True,3.0,0.0,25.600000000000364,88.0,-22.0,-90.48,-92.48,-94.48,-1.0281818181818183,-1.050909090909091,-1.0736363636363637,False
2023-07-18 15:30:00-04:00,2023-07-18 15:55:00-04:00,2023-07-18,H1_MOMENTUM,-1,15464.6,15433.6,TIME_EOD,15483.7,15407.3,19.100000000000364,19.100000000000364,False,3.0,35.80000000000109,7.399999999999636,76.40000000000146,31.0,121.52,119.52,117.52,1.5905759162303361,1.5643979057591324,1.5382198952879287,False
2023-07-19 15:30:00-04:00,2023-07-19 15:55:00-04:00,2023-07-19,H1_MOMENTUM,1,15439.4,15417.4,STOP,15417.4,15505.4,22.0,27.899999999999636,True,3.0,1.8000000000010914,26.600000000000364,88.0,-22.0,-90.48,-92.48,-94.48,-1.0281818181818183,-1.050909090909091,-1.0736363636363637,False
2023-07-20 15:30:00-04:00,2023-07-20 15:30:00-04:00,2023-07-20,H1_MOMENTUM,-1,15034.2,15056.2,STOP,15056.2,14968.2,22.0,63.5,True,3.0,0.0,35.79999999999927,88.0,-22.0,-90.48,-92.48,-94.48,-1.0281818181818183,-1.050909090909091,-1.0736363636363637,False
2023-07-21 15:30:00-04:00,2023-07-21 15:35:00-04:00,2023-07-21,H1_MOMENTUM,1,15035.6,15013.6,STOP,15013.6,15101.6,22.0,28.100000000000364,True,3.0,0.0,22.600000000000364,88.0,-22.0,-90.48,-92.48,-94.48,-1.0281818181818183,-1.050909090909091,-1.0736363636363637,False
2023-07-24 15:30:00-04:00,2023-07-24 15:45:00-04:00,2023-07-24,H1_MOMENTUM,-1,15016.0,15038.0,STOP,15038.0,14950.0,22.0,41.70000000000073,True,3.0,0.2000000000007276,22.799999999999272,88.0,-22.0,-90.48,-92.48,-94.48,-1.0281818181818183,-1.050909090909091,-1.0736363636363637,False
2023-07-25 15:30:00-04:00,2023-07-25 15:45:00-04:00,2023-07-25,H1_MOMENTUM,1,15186.2,15173.5,STOP,15173.5,15224.300000000003,12.700000000000728,12.700000000000728,False,3.0,6.199999999998909,14.200000000000728,50.80000000000291,-12.700000000000728,-53.28000000000291,-55.28000000000291,-57.28000000000291,-1.0488188976377923,-1.0881889763779475,-1.127559055118103,False
2023-07-26 15:30:00-04:00,2023-07-26 15:35:00-04:00,2023-07-26,H1_MOMENTUM,-1,15063.4,15085.4,STOP,15085.4,14997.4,22.0,64.70000000000073,True,3.0,13.399999999999636,26.600000000000364,88.0,-22.0,-90.48,-92.48,-94.48,-1.0281818181818183,-1.050909090909091,-1.0736363636363637,False
2023-07-27 15:30:00-04:00,2023-07-27 15:40:00-04:00,2023-07-27,H1_MOMENTUM,1,15070.8,15048.8,STOP,15048.8,15136.8,22.0,34.5,True,3.0,14.400000000001455,36.79999999999927,88.0,-22.0,-90.48,-92.48,-94.48,-1.0281818181818183,-1.050909090909091,-1.0736363636363637,False
2023-07-28 15:30:00-04:00,2023-07-28 15:55:00-04:00,2023-07-28,H1_MOMENTUM,1,15331.2,15336.4,TIME_EOD,15321.2,15361.2,10.0,-5.5,True,3.0,24.19999999999891,8.0,40.0,5.199999999998909,18.319999999995634,16.319999999995634,14.319999999995634,0.45799999999989083,0.40799999999989084,0.35799999999989085,False
2023-07-31 15:30:00-04:00,2023-07-31 15:55:00-04:00,2023-07-31,H1_MOMENTUM,-1,15325.2,15343.7,STOP,15343.7,15269.7,18.5,18.5,False,3.0,29.600000000000364,28.0,74.0,-18.5,-76.48,-78.48,-80.48,-1.0335135135135136,-1.0605405405405406,-1.0875675675675676,False
2023-08-01 15:30:00-04:00,2023-08-01 15:55:00-04:00,2023-08-01,H1_MOMENTUM,-1,15327.4,15313.6,TIME_EOD,15342.1,15283.299999999997,14.700000000000728,14.700000000000728,False,3.0,18.0,11.600000000000364,58.80000000000291,13.799999999999272,52.71999999999709,50.71999999999709,48.71999999999709,0.8965986394556885,0.8625850340135133,0.8285714285713381,False
2023-08-02 15:30:00-04:00,2023-08-02 15:35:00-04:00,2023-08-02,H1_MOMENTUM,-1,14946.4,14968.4,STOP,14968.4,14880.4,22.0,66.89999999999964,True,3.0,3.600000000000364,22.600000000000364,88.0,-22.0,-90.48,-92.48,-94.48,-1.0281818181818183,-1.050909090909091,-1.0736363636363637,False
2023-08-03 15:30:00-04:00,2023-08-03 15:55:00-04:00,2023-08-03,H1_MOMENTUM,-1,14959.2,14981.2,STOP,14981.2,14893.2,22.0,33.899999999999636,True,3.0,11.600000000000364,22.599999999998545,88.0,-22.0,-90.48,-92.48,-94.48,-1.0281818181818183,-1.050909090909091,-1.0736363636363637,False
2023-08-04 15:30:00-04:00,2023-08-04 15:55:00-04:00,2023-08-04,H1_MOMENTUM,-1,14903.2,14878.8,TIME_EOD,14925.2,14837.2,22.0,27.5,True,3.0,41.20000000000073,10.799999999999272,88.0,24.400000000001455,95.12000000000582,93.12000000000582,91.12000000000582,1.080909090909157,1.0581818181818843,1.0354545454546116,False
2023-08-07 15:30:00-04:00,2023-08-07 15:50:00-04:00,2023-08-07,H1_MOMENTUM,1,14964.8,14994.8,TARGET,14954.8,14994.8,10.0,1.6999999999989086,True,3.0,36.0,6.199999999998909,40.0,30.0,117.52,116.52,115.52,2.9379999999999997,2.913,2.888,False
2023-08-08 15:30:00-04:00,2023-08-08 15:40:00-04:00,2023-08-08,H1_MOMENTUM,-1,14855.6,14870.1,STOP,14870.1,14812.1,14.5,14.5,False,3.0,11.200000000000728,27.19999999999891,58.0,-14.5,-60.48,-62.48,-64.48,-1.042758620689655,-1.0772413793103448,-1.1117241379310345,False
2023-08-09 15:30:00-04:00,2023-08-09 15:55:00-04:00,2023-08-09,H1_MOMENTUM,-1,14784.2,14718.2,TARGET,14806.2,14718.2,22.0,26.299999999999272,True,3.0,78.20000000000073,4.799999999999272,88.0,66.0,261.52,260.52,259.52,2.9718181818181817,2.9604545454545454,2.9490909090909088,False
2023-08-10 10:45:00-04:00,2023-08-10 11:00:00-04:00,2023-08-10,PDH_SWEEP,-1,14876.4,14837.9,TARGET,14898.4,14837.9,22.0,31.30000000000109,True,1.75,44.0,15.399999999999636,88.0,38.5,151.52,150.52,149.52,1.721818181818182,1.7104545454545457,1.6990909090909092,False
2023-08-10 15:30:00-04:00,2023-08-10 15:30:00-04:00,2023-08-10,H1_MOMENTUM,1,14741.2,14731.2,STOP,14731.2,14771.2,10.0,-1.5,True,3.0,3.599999999998545,10.400000000001455,40.0,-10.0,-42.48,-44.48,-46.48,-1.0619999999999998,-1.1119999999999999,-1.162,False
2023-08-11 15:30:00-04:00,2023-08-11 15:30:00-04:00,2023-08-11,H1_MOMENTUM,-1,14661.2,14672.5,STOP,14672.5,14627.300000000003,11.299999999999272,11.299999999999272,False,3.0,0.8000000000010914,13.399999999999636,45.19999999999709,-11.299999999999272,-47.67999999999709,-49.67999999999709,-51.67999999999709,-1.0548672566371715,-1.099115044247794,-1.1433628318584161,False
2023-08-14 15:30:00-04:00,2023-08-14 15:55:00-04:00,2023-08-14,H1_MOMENTUM,1,14770.6,14818.0,TIME_EOD,14753.1,14823.1,17.5,17.5,False,3.0,48.19999999999891,3.399999999999636,70.0,47.399999999999636,187.11999999999856,185.11999999999856,183.11999999999856,2.6731428571428366,2.644571428571408,2.6159999999999792,False
2023-08-15 15:30:00-04:00,2023-08-15 15:55:00-04:00,2023-08-15,H1_MOMENTUM,-1,14640.4,14662.4,STOP,14662.4,14574.4,22.0,74.89999999999964,True,3.0,9.799999999999272,28.0,88.0,-22.0,-90.48,-92.48,-94.48,-1.0281818181818183,-1.050909090909091,-1.0736363636363637,False
2023-08-16 15:30:00-04:00,2023-08-16 15:55:00-04:00,2023-08-16,H1_MOMENTUM,1,14526.0,14508.7,STOP,14508.7,14577.899999999998,17.299999999999272,17.299999999999272,False,3.0,16.399999999999636,27.399999999999636,69.19999999999709,-17.299999999999272,-71.6799999999971,-73.6799999999971,-75.6799999999971,-1.0358381502890188,-1.0647398843930664,-1.0936416184971138,False
2023-08-17 15:30:00-04:00,2023-08-17 15:55:00-04:00,2023-08-17,H1_MOMENTUM,-1,14366.4,14341.2,TIME_EOD,14388.4,14300.4,22.0,26.100000000000364,True,3.0,35.600000000000364,13.200000000000728,88.0,25.19999999999891,98.31999999999563,96.31999999999563,94.31999999999563,1.1172727272726777,1.094545454545405,1.0718181818181323,False
2023-08-18 15:30:00-04:00,2023-08-18 15:40:00-04:00,2023-08-18,H1_MOMENTUM,-1,14329.0,14339.0,STOP,14339.0,14299.0,10.0,5.5,True,3.0,9.399999999999636,21.0,40.0,-10.0,-42.48,-44.48,-46.48,-1.0619999999999998,-1.1119999999999999,-1.162,False
2023-08-21 15:30:00-04:00,2023-08-21 15:55:00-04:00,2023-08-21,H1_MOMENTUM,1,14556.2,14561.6,TIME_EOD,14546.2,14586.2,10.0,5.100000000000364,True,3.0,27.19999999999891,6.200000000000728,40.0,5.399999999999636,19.119999999998544,17.119999999998544,15.119999999998544,0.4779999999999636,0.42799999999996363,0.3779999999999636,False
2023-08-22 11:45:00-04:00,2023-08-22 11:50:00-04:00,2023-08-22,PDH_SWEEP,-1,14574.4,14553.925,TARGET,14586.1,14553.925,11.700000000000728,11.700000000000728,False,1.75,23.19999999999891,10.399999999999636,46.80000000000291,20.475000000000364,79.42000000000145,78.42000000000145,77.42000000000145,1.6970085470084726,1.6756410256409524,1.6542735042734324,False
2023-08-22 15:30:00-04:00,2023-08-22 15:30:00-04:00,2023-08-22,H1_MOMENTUM,1,14543.2,14533.2,STOP,14533.2,14573.2,10.0,6.700000000000728,True,3.0,2.0,20.0,40.0,-10.0,-42.48,-44.48,-46.48,-1.0619999999999998,-1.1119999999999999,-1.162,False
2023-08-23 15:30:00-04:00,2023-08-23 15:50:00-04:00,2023-08-23,H1_MOMENTUM,1,14793.6,14771.6,STOP,14771.6,14859.6,22.0,31.100000000000364,True,3.0,4.199999999998909,30.80000000000109,88.0,-22.0,-90.48,-92.48,-94.48,-1.0281818181818183,-1.050909090909091,-1.0736363636363637,False
2023-08-24 15:30:00-04:00,2023-08-24 15:30:00-04:00,2023-08-24,H1_MOMENTUM,1,14508.0,14498.0,STOP,14498.0,14538.0,10.0,6.899999999999636,True,3.0,5.200000000000728,14.200000000000728,40.0,-10.0,-42.48,-44.48,-46.48,-1.0619999999999998,-1.1119999999999999,-1.162,False
2023-08-25 15:30:00-04:00,2023-08-25 15:35:00-04:00,2023-08-25,H1_MOMENTUM,1,14596.0,14574.0,STOP,14574.0,14662.0,22.0,34.29999999999927,True,3.0,6.799999999999272,23.600000000000364,88.0,-22.0,-90.48,-92.48,-94.48,-1.0281818181818183,-1.050909090909091,-1.0736363636363637,False
2023-08-28 15:30:00-04:00,2023-08-28 15:45:00-04:00,2023-08-28,H1_MOMENTUM,1,14629.4,14675.299999999997,TARGET,14614.1,14675.299999999997,15.299999999999272,15.299999999999272,False,3.0,61.80000000000109,4.600000000000364,61.19999999999709,45.89999999999782,181.11999999999128,180.11999999999128,179.11999999999128,2.959477124183005,2.9431372549019583,2.9267973856209117,False
2023-08-29 15:30:00-04:00,2023-08-29 15:50:00-04:00,2023-08-29,H1_MOMENTUM,1,15001.4,14979.4,STOP,14979.4,15067.4,22.0,36.29999999999927,True,3.0,3.399999999999636,22.19999999999891,88.0,-22.0,-90.48,-92.48,-94.48,-1.0281818181818183,-1.050909090909091,-1.0736363636363637,False
2023-08-30 15:30:00-04:00,2023-08-30 15:50:00-04:00,2023-08-30,H1_MOMENTUM,1,15070.4,15060.4,STOP,15060.4,15100.4,10.0,5.899999999999636,True,3.0,12.800000000001091,13.600000000000364,40.0,-10.0,-42.48,-44.48,-46.48,-1.0619999999999998,-1.1119999999999999,-1.162,False
2023-08-31 15:30:00-04:00,2023-08-31 15:50:00-04:00,2023-08-31,H1_MOMENTUM,1,15158.8,15139.5,STOP,15139.5,15216.699999999997,19.299999999999272,19.299999999999272,False,3.0,13.600000000000364,21.19999999999891,77.19999999999709,-19.299999999999272,-79.6799999999971,-81.6799999999971,-83.6799999999971,-1.0321243523316075,-1.0580310880829038,-1.0839378238342001,False
2023-09-01 15:30:00-04:00,2023-09-01 15:55:00-04:00,2023-09-01,H1_MOMENTUM,1,15100.2,15106.4,TIME_EOD,15078.2,15166.2,22.0,27.100000000000364,True,3.0,12.599999999998545,17.80000000000109,88.0,6.199999999998909,22.319999999995634,20.319999999995634,18.319999999995634,0.25363636363631403,0.2309090909090413,0.20818181818176856,False
2023-09-05 15:30:00-04:00,2023-09-05 15:55:00-04:00,2023-09-05,H1_MOMENTUM,-1,15138.0,15120.8,TIME_EOD,15160.0,15072.0,22.0,24.899999999999636,True,3.0,18.799999999999272,20.0,88.0,17.200000000000728,66.3200000000029,64.3200000000029,62.32000000000291,0.7536363636363966,0.7309090909091239,0.7081818181818513,False
2023-09-06 15:30:00-04:00,2023-09-06 15:50:00-04:00,2023-09-06,H1_MOMENTUM,-1,14954.8,14976.5,STOP,14976.5,14889.699999999997,21.700000000000728,21.700000000000728,False,3.0,0.0,28.80000000000109,86.80000000000291,-21.700000000000728,-89.28000000000291,-91.28000000000291,-93.28000000000291,-1.0285714285714276,-1.0516129032258048,-1.0746543778801818,False
2023-09-07 15:30:00-04:00,2023-09-07 15:50:00-04:00,2023-09-07,H1_MOMENTUM,-1,14888.4,14903.2,STOP,14901.7,14848.499999999996,13.300000000001091,13.300000000001091,False,3.0,15.600000000000364,23.200000000000728,53.200000000004366,-14.800000000001091,-61.68000000000436,-63.68000000000436,-65.68000000000437,-1.1593984962405883,-1.1969924812029913,-1.2345864661653945,False
2023-09-08 15:30:00-04:00,2023-09-08 15:55:00-04:00,2023-09-08,H1_MOMENTUM,1,14869.6,14899.6,TARGET,14859.6,14899.6,10.0,5.100000000000364,True,3.0,37.0,2.0,40.0,30.0,117.52,116.52,115.52,2.9379999999999997,2.913,2.888,False
2023-09-11 11:45:00-04:00,2023-09-11 12:25:00-04:00,2023-09-11,PDH_SWEEP,-1,14979.4,15001.3,STOP,15001.3,14941.075,21.899999999999636,21.899999999999636,False,1.75,9.0,26.600000000000364,87.59999999999854,-21.899999999999636,-90.07999999999855,-92.07999999999855,-94.07999999999855,-1.0283105022831056,-1.0511415525114165,-1.0739726027397274,False
2023-09-11 15:30:00-04:00,2023-09-11 15:50:00-04:00,2023-09-11,H1_MOMENTUM,1,15093.6,15071.6,STOP,15071.6,15159.6,22.0,24.100000000000364,True,3.0,5.399999999999636,22.80000000000109,88.0,-22.0,-90.48,-92.48,-94.48,-1.0281818181818183,-1.050909090909091,-1.0736363636363637,False
2023-09-12 15:30:00-04:00,2023-09-12 15:50:00-04:00,2023-09-12,H1_MOMENTUM,-1,14909.2,14922.1,STOP,14922.1,14870.500000000002,12.899999999999636,12.899999999999636,False,3.0,6.0,17.599999999998545,51.599999999998545,-12.899999999999636,-54.07999999999854,-56.07999999999854,-58.07999999999854,-1.0480620155038773,-1.086821705426359,-1.1255813953488407,False
2023-09-13 15:30:00-04:00,2023-09-13 15:55:00-04:00,2023-09-13,H1_MOMENTUM,1,14959.2,14969.2,TIME_EOD,14937.2,15025.2,22.0,32.900000000001455,True,3.0,17.19999999999891,6.400000000001455,88.0,10.0,37.52,35.52,33.52,0.4263636363636364,0.4036363636363637,0.3809090909090909,False
2023-09-14 15:30:00-04:00,2023-09-14 15:50:00-04:00,2023-09-14,H1_MOMENTUM,1,15096.2,15086.2,STOP,15086.2,15126.2,10.0,1.1000000000003638,True,3.0,11.0,10.200000000000728,40.0,-10.0,-42.48,-44.48,-46.48,-1.0619999999999998,-1.1119999999999999,-1.162,False
2023-09-15 15:30:00-04:00,2023-09-15 15:30:00-04:00,2023-09-15,H1_MOMENTUM,-1,14836.0,14846.0,STOP,14846.0,14806.0,10.0,1.7000000000007276,True,3.0,6.600000000000364,11.600000000000364,40.0,-10.0,-42.48,-44.48,-46.48,-1.0619999999999998,-1.1119999999999999,-1.162,False
2023-09-18 15:30:00-04:00,2023-09-18 15:55:00-04:00,2023-09-18,H1_MOMENTUM,-1,14813.8,14825.3,STOP,14825.3,14779.3,11.5,11.5,False,3.0,13.0,16.600000000000364,46.0,-11.5,-48.48,-50.48,-52.48,-1.0539130434782609,-1.097391304347826,-1.1408695652173912,False
2023-09-19 15:35:00-04:00,2023-09-19 15:40:00-04:00,2023-09-19,H1_MOMENTUM,-1,14780.4,14790.4,STOP,14790.4,14750.4,10.0,4.100000000000364,True,3.0,5.199999999998909,16.80000000000109,40.0,-10.0,-42.48,-44.48,-46.48,-1.0619999999999998,-1.1119999999999999,-1.162,False
2023-09-20 10:15:00-04:00,2023-09-20 11:25:00-04:00,2023-09-20,PDH_SWEEP,-1,14792.6,14754.1,TARGET,14814.6,14754.1,22.0,34.69999999999891,True,1.75,40.0,18.19999999999891,88.0,38.5,151.52,150.52,149.52,1.721818181818182,1.7104545454545457,1.6990909090909092,False
2023-09-20 15:30:00-04:00,2023-09-20 15:30:00-04:00,2023-09-20,H1_MOMENTUM,1,14680.6,14658.6,STOP,14658.6,14746.6,22.0,25.5,True,3.0,2.7999999999992724,53.80000000000109,88.0,-22.0,-90.48,-92.48,-94.48,-1.0281818181818183,-1.050909090909091,-1.0736363636363637,False
2023-09-21 15:30:00-04:00,2023-09-21 15:55:00-04:00,2023-09-21,H1_MOMENTUM,-1,14344.0,14311.2,TIME_EOD,14366.0,14278.0,22.0,41.29999999999927,True,3.0,35.600000000000364,13.0,88.0,32.79999999999927,128.7199999999971,126.71999999999709,124.71999999999709,1.4627272727272398,1.4399999999999669,1.4172727272726942,False
2023-09-22 15:30:00-04:00,2023-09-22 15:40:00-04:00,2023-09-22,H1_MOMENTUM,1,14399.0,14377.0,STOP,14377.0,14465.0,22.0,57.29999999999927,True,3.0,7.600000000000364,53.0,88.0,-22.0,-90.48,-92.48,-94.48,-1.0281818181818183,-1.050909090909091,-1.0736363636363637,False
2023-09-25 15:30:00-04:00,2023-09-25 15:55:00-04:00,2023-09-25,H1_MOMENTUM,1,14338.8,14387.2,TIME_EOD,14316.8,14404.8,22.0,43.69999999999891,True,3.0,48.400000000001455,2.599999999998545,88.0,48.400000000001455,191.12000000000583,189.12000000000583,187.12000000000583,2.171818181818248,2.1490909090909756,2.1263636363637026,False
2023-09-26 15:30:00-04:00,2023-09-26 15:45:00-04:00,2023-09-26,H1_MOMENTUM,-1,14136.4,14158.4,STOP,14158.4,14070.4,22.0,35.100000000000364,True,3.0,7.600000000000364,22.80000000000109,88.0,-22.0,-90.48,-92.48,-94.48,-1.0281818181818183,-1.050909090909091,-1.0736363636363637,False
2023-09-27 15:30:00-04:00,2023-09-27 15:35:00-04:00,2023-09-27,H1_MOMENTUM,1,14226.0,14204.0,STOP,14204.0,14292.0,22.0,31.299999999999272,True,3.0,7.0,26.399999999999636,88.0,-22.0,-90.48,-92.48,-94.48,-1.0281818181818183,-1.050909090909091,-1.0736363636363637,False
2023-09-28 15:30:00-04:00,2023-09-28 15:30:00-04:00,2023-09-28,H1_MOMENTUM,1,14372.0,14350.0,STOP,14350.0,14438.0,22.0,66.10000000000036,True,3.0,2.7999999999992724,23.600000000000364,88.0,-22.0,-90.48,-92.48,-94.48,-1.0281818181818183,-1.050909090909091,-1.0736363636363637,False
2023-09-29 11:40:00-04:00,2023-09-29 11:55:00-04:00,2023-09-29,PDH_SWEEP,-1,14393.4,14408.7,STOP,14408.7,14366.624999999998,15.300000000001091,15.300000000001091,False,1.75,20.600000000000364,16.600000000000364,61.200000000004366,-15.300000000001091,-63.68000000000436,-65.68000000000437,-67.68000000000437,-1.0405228758169904,-1.0732026143790798,-1.105882352941169,False
2023-09-29 15:30:00-04:00,2023-09-29 15:35:00-04:00,2023-09-29,H1_MOMENTUM,1,14342.0,14326.3,STOP,14326.3,14389.100000000002,15.700000000000728,15.700000000000728,False,3.0,4.0,16.399999999999636,62.80000000000291,-15.700000000000728,-65.28000000000291,-67.28000000000291,-69.28000000000291,-1.0394904458598708,-1.071337579617831,-1.1031847133757915,False
2023-10-02 15:30:00-04:00,2023-10-02 15:55:00-04:00,2023-10-02,H1_MOMENTUM,1,14384.8,14449.2,TIME_EOD,14362.8,14450.8,22.0,48.29999999999927,True,3.0,65.20000000000073,3.399999999999636,88.0,64.40000000000146,255.12000000000583,253.12000000000583,251.12000000000583,2.8990909090909756,2.8763636363637026,2.8536363636364297,False
2023-10-03 15:30:00-04:00,2023-10-03 15:45:00-04:00,2023-10-03,H1_MOMENTUM,-1,14146.4,14168.4,STOP,14168.4,14080.4,22.0,41.899999999999636,True,3.0,15.399999999999636,25.200000000000728,88.0,-22.0,-90.48,-92.48,-94.48,-1.0281818181818183,-1.050909090909091,-1.0736363636363637,False
2023-10-04 15:30:00-04:00,2023-10-04 15:55:00-04:00,2023-10-04,H1_MOMENTUM,1,14391.2,14388.8,TIME_EOD,14369.2,14457.2,22.0,52.100000000000364,True,3.0,33.19999999999891,10.400000000001455,88.0,-2.400000000001455,-12.080000000005821,-14.080000000005821,-16.08000000000582,-0.1372727272727934,-0.16000000000006614,-0.18272727272733888,False
2023-10-05 15:30:00-04:00,2023-10-05 15:55:00-04:00,2023-10-05,H1_MOMENTUM,-1,14362.4,14340.4,TIME_EOD,14384.4,14296.4,22.0,22.5,True,3.0,26.0,5.200000000000728,88.0,22.0,85.52,83.52,81.52,0.9718181818181818,0.9490909090909091,0.9263636363636363,False
2023-10-06 15:30:00-04:00,2023-10-06 15:50:00-04:00,2023-10-06,H1_MOMENTUM,-1,14626.4,14596.4,TARGET,14636.4,14596.4,10.0,2.100000000000364,True,3.0,38.0,8.800000000001091,40.0,30.0,117.52,116.52,115.52,2.9379999999999997,2.913,2.888,False
2023-10-09 15:30:00-04:00,2023-10-09 15:55:00-04:00,2023-10-09,H1_MOMENTUM,-1,14664.4,14662.4,TIME_EOD,14682.1,14611.299999999997,17.700000000000728,17.700000000000728,False,3.0,24.399999999999636,0.0,70.80000000000291,2.0,5.52,3.52,1.52,0.07796610169491204,0.04971751412429174,0.021468926553671434,False
2023-10-10 15:30:00-04:00,2023-10-10 15:50:00-04:00,2023-10-10,H1_MOMENTUM,1,14760.4,14744.3,STOP,14744.3,14808.7,16.100000000000364,16.100000000000364,False,3.0,8.399999999999636,22.399999999999636,64.40000000000146,-16.100000000000364,-66.88000000000146,-68.88000000000146,-70.88000000000146,-1.0385093167701855,-1.0695652173913028,-1.1006211180124201,False
2023-10-11 15:30:00-04:00,2023-10-11 15:55:00-04:00,2023-10-11,H1_MOMENTUM,1,14811.2,14848.0,TIME_EOD,14789.2,14877.2,22.0,22.700000000000728,True,3.0,43.599999999998545,3.400000000001455,88.0,36.79999999999927,144.7199999999971,142.7199999999971,140.7199999999971,1.6445454545454217,1.621818181818149,1.599090909090876,False
2023-10-12 15:30:00-04:00,2023-10-12 15:30:00-04:00,2023-10-12,H1_MOMENTUM,-1,14782.6,14800.3,STOP,14800.3,14729.500000000004,17.69999999999891,17.69999999999891,False,3.0,0.0,23.600000000000364,70.79999999999563,-17.69999999999891,-73.27999999999564,-75.27999999999564,-77.27999999999564,-1.0350282485875728,-1.0632768361581961,-1.0915254237288192,False
2023-10-13 15:30:00-04:00,2023-10-13 15:40:00-04:00,2023-10-13,H1_MOMENTUM,1,14602.8,14592.8,STOP,14592.8,14632.8,10.0,8.899999999999636,True,3.0,10.400000000001455,29.19999999999891,40.0,-10.0,-42.48,-44.48,-46.48,-1.0619999999999998,-1.1119999999999999,-1.162,False
2023-10-16 15:30:00-04:00,2023-10-16 15:30:00-04:00,2023-10-16,H1_MOMENTUM,1,14818.2,14796.2,STOP,14796.2,14884.2,22.0,35.5,True,3.0,0.0,22.600000000000364,88.0,-22.0,-90.48,-92.48,-94.48,-1.0281818181818183,-1.050909090909091,-1.0736363636363637,False
2023-10-17 15:30:00-04:00,2023-10-17 15:50:00-04:00,2023-10-17,H1_MOMENTUM,-1,14709.4,14719.4,STOP,14719.4,14679.4,10.0,6.300000000001091,True,3.0,16.799999999999272,17.399999999999636,40.0,-10.0,-42.48,-44.48,-46.48,-1.0619999999999998,-1.1119999999999999,-1.162,False
2023-10-18 15:30:00-04:00,2023-10-18 15:55:00-04:00,2023-10-18,H1_MOMENTUM,-1,14528.8,14521.6,TIME_EOD,14550.8,14462.8,22.0,32.100000000000364,True,3.0,46.0,12.0,88.0,7.199999999998909,26.319999999995634,24.319999999995634,22.319999999995634,0.2990909090908595,0.27636363636358674,0.25363636363631403,False
2023-10-19 15:30:00-04:00,2023-10-19 15:40:00-04:00,2023-10-19,H1_MOMENTUM,1,14409.6,14391.1,STOP,14391.1,14465.1,18.5,18.5,False,3.0,13.600000000000364,39.600000000000364,74.0,-18.5,-76.48,-78.48,-80.48,-1.0335135135135136,-1.0605405405405406,-1.0875675675675676,False
2023-10-20 15:30:00-04:00,2023-10-20 15:55:00-04:00,2023-10-20,H1_MOMENTUM,-1,14221.2,14185.6,TIME_EOD,14243.2,14155.2,22.0,28.5,True,3.0,46.400000000001455,8.0,88.0,35.600000000000364,139.92000000000147,137.92000000000147,135.92000000000147,1.5900000000000167,1.567272727272744,1.544545454545471,False
2023-10-23 15:30:00-04:00,2023-10-23 15:55:00-04:00,2023-10-23,H1_MOMENTUM,-1,14252.0,14231.6,TIME_EOD,14274.0,14186.0,22.0,67.70000000000073,True,3.0,31.0,5.600000000000364,88.0,20.399999999999636,79.11999999999854,77.11999999999854,75.11999999999854,0.8990909090908925,0.8763636363636198,0.8536363636363471,False
2023-10-24 15:30:00-04:00,2023-10-24 15:55:00-04:00,2023-10-24,H1_MOMENTUM,1,14372.2,14363.6,TIME_EOD,14350.2,14438.2,22.0,30.30000000000109,True,3.0,8.0,15.600000000000364,88.0,-8.600000000000364,-36.88000000000145,-38.88000000000145,-40.88000000000145,-0.4190909090909256,-0.4418181818181983,-0.464545454545471,False
2023-10-25 15:30:00-04:00,2023-10-25 15:30:00-04:00,2023-10-25,H1_MOMENTUM,-1,14024.8,14034.8,STOP,14034.8,13994.8,10.0,-0.5,True,3.0,1.5999999999985448,14.400000000001455,40.0,-10.0,-42.48,-44.48,-46.48,-1.0619999999999998,-1.1119999999999999,-1.162,False
2023-10-26 15:30:00-04:00,2023-10-26 15:40:00-04:00,2023-10-26,H1_MOMENTUM,-1,13812.0,13746.0,TARGET,13834.0,13746.0,22.0,68.10000000000036,True,3.0,66.60000000000036,2.0,88.0,66.0,261.52,260.52,259.52,2.9718181818181817,2.9604545454545454,2.9490909090909088,False
2023-10-27 15:30:00-04:00,2023-10-27 15:35:00-04:00,2023-10-27,H1_MOMENTUM,1,13810.8,13783.4,STOP,13788.8,13876.8,22.0,38.099999999998545,True,3.0,6.800000000001091,39.19999999999891,88.0,-27.399999999999636,-112.07999999999855,-114.07999999999855,-116.07999999999855,-1.2736363636363472,-1.29636363636362,-1.3190909090908927,False
2023-10-30 10:20:00-04:00,2023-10-30 10:40:00-04:00,2023-10-30,PDH_SWEEP,-1,13912.0,13873.5,TARGET,13934.0,13873.5,22.0,44.899999999999636,True,1.75,48.79999999999927,0.0,88.0,38.5,151.52,150.52,149.52,1.721818181818182,1.7104545454545457,1.6990909090909092,False
2023-10-30 15:30:00-04:00,2023-10-30 15:50:00-04:00,2023-10-30,H1_MOMENTUM,1,13995.6,13973.6,STOP,13973.6,14061.6,22.0,24.100000000000364,True,3.0,5.199999999998909,23.200000000000728,88.0,-22.0,-90.48,-92.48,-94.48,-1.0281818181818183,-1.050909090909091,-1.0736363636363637,False
2023-10-31 15:30:00-04:00,2023-10-31 15:55:00-04:00,2023-10-31,H1_MOMENTUM,-1,14033.0,14039.2,TIME_EOD,14050.1,13981.699999999999,17.100000000000364,17.100000000000364,False,3.0,15.399999999999636,13.399999999999636,68.40000000000146,-6.200000000000728,-27.28000000000291,-29.28000000000291,-31.28000000000291,-0.39883040935675923,-0.42807017543862996,-0.45730994152050064,False
2023-11-01 15:30:00-04:00,2023-11-01 15:55:00-04:00,2023-11-01,H1_MOMENTUM,1,14270.0,14283.2,TIME_EOD,14248.0,14336.0,22.0,62.899999999999636,True,3.0,31.0,2.399999999999636,88.0,13.200000000000728,50.32000000000291,48.32000000000291,46.32000000000291,0.571818181818215,0.5490909090909422,0.5263636363636695,False
2023-11-02 15:30:00-04:00,2023-11-02 15:55:00-04:00,2023-11-02,H1_MOMENTUM,1,14531.2,14538.8,TIME_EOD,14521.2,14561.2,10.0,5.5,True,3.0,15.599999999998545,1.6000000000003638,40.0,7.599999999998545,27.91999999999418,25.91999999999418,23.91999999999418,0.6979999999998545,0.6479999999998545,0.5979999999998544,False
2023-11-03 15:30:00-04:00,2023-11-03 15:30:00-04:00,2023-11-03,H1_MOMENTUM,1,14729.2,14719.2,STOP,14719.2,14759.2,10.0,6.100000000000364,True,3.0,0.0,10.800000000001091,40.0,-10.0,-42.48,-44.48,-46.48,-1.0619999999999998,-1.1119999999999999,-1.162,False
2023-11-06 10:00:00-05:00,2023-11-06 10:00:00-05:00,2023-11-06,PDH_SWEEP,-1,14755.2,14737.7,TARGET,14765.2,14737.7,10.0,6.5,True,1.75,22.0,8.399999999999636,40.0,17.5,67.52,66.52,65.52,1.688,1.6629999999999998,1.638,False
2023-11-06 15:30:00-05:00,2023-11-06 15:40:00-05:00,2023-11-06,H1_MOMENTUM,1,14741.2,14731.2,STOP,14731.2,14771.2,10.0,9.700000000000728,True,3.0,5.599999999998545,10.0,40.0,-10.0,-42.48,-44.48,-46.48,-1.0619999999999998,-1.1119999999999999,-1.162,False
2023-11-07 15:30:00-05:00,2023-11-07 15:50:00-05:00,2023-11-07,H1_MOMENTUM,1,14929.6,14907.6,STOP,14907.6,14995.6,22.0,24.899999999999636,True,3.0,9.199999999998909,32.0,88.0,-22.0,-90.48,-92.48,-94.48,-1.0281818181818183,-1.050909090909091,-1.0736363636363637,False
2023-11-08 15:30:00-05:00,2023-11-08 15:55:00-05:00,2023-11-08,H1_MOMENTUM,1,14899.2,14919.6,TIME_EOD,14889.2,14929.2,10.0,9.700000000000728,True,3.0,29.19999999999891,4.200000000000728,40.0,20.399999999999636,79.11999999999854,77.11999999999854,75.11999999999854,1.9779999999999636,1.9279999999999635,1.8779999999999635,False
2023-11-09 15:30:00-05:00,2023-11-09 15:40:00-05:00,2023-11-09,H1_MOMENTUM,1,14801.6,14788.3,STOP,14788.3,14841.500000000004,13.300000000001091,13.300000000001091,False,3.0,9.600000000000364,14.800000000001091,53.200000000004366,-13.300000000001091,-55.68000000000436,-57.68000000000436,-59.68000000000436,-1.0466165413533797,-1.0842105263157824,-1.1218045112781854,False
2023-11-10 15:30:00-05:00,2023-11-10 15:55:00-05:00,2023-11-10,H1_MOMENTUM,1,15126.8,15135.2,TIME_EOD,15104.8,15192.8,22.0,23.299999999999272,True,3.0,14.400000000001455,9.199999999998909,88.0,8.400000000001455,31.12000000000582,29.12000000000582,27.12000000000582,0.35363636363642975,0.33090909090915704,0.30818181818188434,False
2023-11-13 15:30:00-05:00,2023-11-13 15:55:00-05:00,2023-11-13,H1_MOMENTUM,-1,15112.6,15088.4,TIME_EOD,15122.6,15082.6,10.0,9.899999999999636,True,3.0,27.80000000000109,2.1999999999989086,40.0,24.200000000000728,94.3200000000029,92.3200000000029,90.3200000000029,2.3580000000000725,2.3080000000000727,2.258000000000073,False
2023-11-14 15:30:00-05:00,2023-11-14 15:50:00-05:00,2023-11-14,H1_MOMENTUM,1,15441.8,15419.8,STOP,15419.8,15507.8,22.0,24.099999999998545,True,3.0,5.200000000000728,38.79999999999927,88.0,-22.0,-90.48,-92.48,-94.48,-1.0281818181818183,-1.050909090909091,-1.0736363636363637,False
2023-11-15 11:55:00-05:00,2023-11-15 13:05:00-05:00,2023-11-15,PDH_SWEEP,-1,15430.4,15391.9,TARGET,15452.4,15391.9,22.0,27.30000000000109,True,1.75,41.19999999999891,20.399999999999636,88.0,38.5,151.52,150.52,149.52,1.721818181818182,1.7104545454545457,1.6990909090909092,False
2023-11-15 15:30:00-05:00,2023-11-15 15:50:00-05:00,2023-11-15,H1_MOMENTUM,1,15431.4,15416.4,STOP,15417.9,15471.9,13.5,13.5,False,3.0,15.0,20.600000000000364,54.0,-15.0,-62.48,-64.48,-66.48,-1.157037037037037,-1.194074074074074,-1.2311111111111113,False
2023-11-16 15:30:00-05:00,2023-11-16 15:45:00-05:00,2023-11-16,H1_MOMENTUM,1,15413.6,15443.6,TARGET,15403.6,15443.6,10.0,3.7000000000007276,True,3.0,32.0,0.0,40.0,30.0,117.52,116.52,115.52,2.9379999999999997,2.913,2.888,False
2023-11-17 15:30:00-05:00,2023-11-17 15:55:00-05:00,2023-11-17,H1_MOMENTUM,-1,15452.0,15441.2,TIME_EOD,15470.5,15396.5,18.5,18.5,False,3.0,34.79999999999927,1.6000000000003638,74.0,10.799999999999272,40.71999999999709,38.71999999999709,36.71999999999709,0.550270270270231,0.5232432432432039,0.49621621621617695,False
2023-11-20 15:30:00-05:00,2023-11-20 15:50:00-05:00,2023-11-20,H1_MOMENTUM,1,15646.0,15630.9,STOP,15630.9,15691.300000000001,15.100000000000364,15.100000000000364,False,3.0,2.0,23.600000000000364,60.400000000001455,-15.100000000000364,-62.88000000000145,-64.88000000000146,-66.88000000000146,-1.0410596026490055,-1.0741721854304618,-1.107284768211918,False
2023-11-21 15:30:00-05:00,2023-11-21 15:55:00-05:00,2023-11-21,H1_MOMENTUM,-1,15540.0,15537.6,TIME_EOD,15550.0,15510.0,10.0,8.5,True,3.0,17.600000000000364,0.3999999999996362,40.0,2.399999999999636,7.119999999998544,5.119999999998544,3.119999999998545,0.1779999999999636,0.12799999999996362,0.07799999999996363,False
2023-11-22 15:30:00-05:00,2023-11-22 15:50:00-05:00,2023-11-22,H1_MOMENTUM,1,15612.4,15600.3,STOP,15600.3,15648.7,12.100000000000364,12.100000000000364,False,3.0,2.399999999999636,12.799999999999272,48.400000000001455,-12.100000000000364,-50.88000000000145,-52.88000000000145,-54.88000000000145,-1.051239669421486,-1.0925619834710716,-1.1338842975206571,False
2023-11-27 15:30:00-05:00,2023-11-27 15:55:00-05:00,2023-11-27,H1_MOMENTUM,-1,15597.6,15567.6,TARGET,15607.6,15567.6,10.0,1.2999999999992724,True,3.0,38.20000000000073,7.199999999998909,40.0,30.0,117.52,116.52,115.52,2.9379999999999997,2.913,2.888,False
2023-11-28 15:30:00-05:00,2023-11-28 15:40:00-05:00,2023-11-28,H1_MOMENTUM,-1,15566.8,15582.5,STOP,15582.5,15519.699999999997,15.700000000000728,15.700000000000728,False,3.0,0.0,16.400000000001455,62.80000000000291,-15.700000000000728,-65.28000000000291,-67.28000000000291,-69.28000000000291,-1.0394904458598708,-1.071337579617831,-1.1031847133757915,False
2023-11-29 15:30:00-05:00,2023-11-29 15:55:00-05:00,2023-11-29,H1_MOMENTUM,1,15584.2,15591.2,TIME_EOD,15574.2,15614.2,10.0,1.1000000000003638,True,3.0,10.399999999999636,5.400000000001455,40.0,7.0,25.52,23.52,21.52,0.638,0.588,0.538,False
2023-11-30 15:30:00-05:00,2023-11-30 15:40:00-05:00,2023-11-30,H1_MOMENTUM,-1,15459.6,15481.6,STOP,15481.6,15393.6,22.0,41.5,True,3.0,2.399999999999636,42.79999999999927,88.0,-22.0,-90.48,-92.48,-94.48,-1.0281818181818183,-1.050909090909091,-1.0736363636363637,False
2023-12-01 15:30:00-05:00,2023-12-01 15:55:00-05:00,2023-12-01,H1_MOMENTUM,-1,15604.2,15598.0,TIME_EOD,15614.2,15574.2,10.0,3.099999999998545,True,3.0,24.400000000001455,5.599999999998545,40.0,6.200000000000728,22.32000000000291,20.32000000000291,18.32000000000291,0.5580000000000728,0.5080000000000727,0.45800000000007274,False
2023-12-04 15:30:00-05:00,2023-12-04 15:30:00-05:00,2023-12-04,H1_MOMENTUM,-1,15416.6,15426.6,STOP,15426.6,15386.6,10.0,-2.100000000000364,True,3.0,5.800000000001091,18.600000000000364,40.0,-10.0,-42.48,-44.48,-46.48,-1.0619999999999998,-1.1119999999999999,-1.162,False
2023-12-05 15:30:00-05:00,2023-12-05 15:55:00-05:00,2023-12-05,H1_MOMENTUM,-1,15476.6,15488.5,STOP,15488.5,15440.900000000001,11.899999999999636,11.899999999999636,False,3.0,11.800000000001091,15.799999999999272,47.599999999998545,-11.899999999999636,-50.07999999999854,-52.07999999999854,-54.07999999999854,-1.052100840336136,-1.0941176470588263,-1.1361344537815168,False
2023-12-06 15:30:00-05:00,2023-12-06 15:50:00-05:00,2023-12-06,H1_MOMENTUM,1,15412.4,15402.4,STOP,15402.4,15442.4,10.0,6.899999999999636,True,3.0,16.0,16.799999999999272,40.0,-10.0,-42.48,-44.48,-46.48,-1.0619999999999998,-1.1119999999999999,-1.162,False
2023-12-07 15:30:00-05:00,2023-12-07 15:55:00-05:00,2023-12-07,H1_MOMENTUM,1,15626.0,15622.4,TIME_EOD,15607.5,15681.5,18.5,18.5,False,3.0,7.200000000000728,12.600000000000364,74.0,-3.600000000000364,-16.880000000001456,-18.880000000001456,-20.880000000001456,-0.2281081081081278,-0.2551351351351548,-0.2821621621621818,False
2023-12-08 15:30:00-05:00,2023-12-08 15:55:00-05:00,2023-12-08,H1_MOMENTUM,-1,15695.2,15686.0,TIME_EOD,15705.2,15665.2,10.0,6.899999999999636,True,3.0,12.800000000001091,8.799999999999272,40.0,9.200000000000728,34.32000000000291,32.32000000000291,30.32000000000291,0.8580000000000728,0.8080000000000729,0.7580000000000727,False
2023-12-11 15:30:00-05:00,2023-12-11 15:55:00-05:00,2023-12-11,H1_MOMENTUM,1,15809.6,15824.8,TIME_EOD,15798.3,15843.500000000004,11.300000000001091,11.300000000001091,False,3.0,17.19999999999891,1.8000000000010914,45.200000000004366,15.199999999998909,58.31999999999564,56.31999999999564,54.31999999999564,1.2902654867254426,1.2460176991148273,1.2017699115042122,False
2023-12-12 15:30:00-05:00,2023-12-12 15:55:00-05:00,2023-12-12,H1_MOMENTUM,1,15937.6,15951.2,TIME_EOD,15918.1,15996.1,19.5,19.5,False,3.0,14.0,10.399999999999636,78.0,13.600000000000364,51.92000000000146,49.92000000000146,47.92000000000146,0.6656410256410443,0.6400000000000187,0.614358974358993,False
2023-12-13 15:30:00-05:00,2023-12-13 15:55:00-05:00,2023-12-13,H1_MOMENTUM,1,16091.8,16151.6,TIME_EOD,16069.8,16157.8,22.0,36.29999999999927,True,3.0,60.20000000000073,11.799999999999272,88.0,59.80000000000109,236.72000000000438,234.72000000000438,232.72000000000438,2.6900000000000497,2.667272727272777,2.6445454545455043,False
2023-12-14 11:15:00-05:00,2023-12-14 11:30:00-05:00,2023-12-14,PDH_SWEEP,-1,16131.2,16153.6,STOP,16153.2,16092.7,22.0,46.899999999999636,True,1.75,4.0,25.599999999998545,88.0,-22.399999999999636,-92.07999999999855,-94.07999999999855,-96.07999999999855,-1.04636363636362,-1.0690909090908927,-1.0918181818181654,False
2023-12-14 15:30:00-05:00,2023-12-14 15:55:00-05:00,2023-12-14,H1_MOMENTUM,1,16114.8,16136.0,TIME_EOD,16104.8,16144.8,10.0,5.299999999999272,True,3.0,21.600000000000364,4.799999999999272,40.0,21.200000000000728,82.3200000000029,80.3200000000029,78.3200000000029,2.0580000000000727,2.008000000000073,1.9580000000000726,False
2023-12-15 15:30:00-05:00,2023-12-15 15:55:00-05:00,2023-12-15,H1_MOMENTUM,1,16210.4,16197.4,TIME_EOD,16188.4,16276.4,22.0,24.5,True,3.0,33.20000000000073,15.199999999998909,88.0,-13.0,-54.48,-56.48,-58.48,-0.619090909090909,-0.6418181818181817,-0.6645454545454546,False
2023-12-18 15:30:00-05:00,2023-12-18 15:40:00-05:00,2023-12-18,H1_MOMENTUM,1,16316.0,16297.1,STOP,16297.1,16372.699999999999,18.899999999999636,18.899999999999636,False,3.0,0.0,22.0,75.59999999999854,-18.899999999999636,-78.07999999999855,-80.07999999999855,-82.07999999999855,-1.0328042328042335,-1.0592592592592605,-1.0857142857142874,False
2023-12-19 10:05:00-05:00,2023-12-19 10:10:00-05:00,2023-12-19,PDH_SWEEP,-1,16318.4,16328.4,STOP,16328.4,16300.9,10.0,9.700000000000728,True,1.75,4.799999999999272,22.399999999999636,40.0,-10.0,-42.48,-44.48,-46.48,-1.0619999999999998,-1.1119999999999999,-1.162,False
2023-12-19 15:30:00-05:00,2023-12-19 15:55:00-05:00,2023-12-19,H1_MOMENTUM,1,16344.0,16367.0,TIME_EOD,16331.5,16381.5,12.5,12.5,False,3.0,26.0,7.600000000000364,50.0,23.0,89.52,87.52,85.52,1.7904,1.7504,1.7104,False
2023-12-20 15:30:00-05:00,2023-12-20 15:45:00-05:00,2023-12-20,H1_MOMENTUM,-1,16154.0,16176.0,STOP,16176.0,16088.0,22.0,68.10000000000036,True,3.0,15.600000000000364,25.600000000000364,88.0,-22.0,-90.48,-92.48,-94.48,-1.0281818181818183,-1.050909090909091,-1.0736363636363637,False
2023-12-21 15:30:00-05:00,2023-12-21 15:55:00-05:00,2023-12-21,H1_MOMENTUM,1,16300.4,16311.6,TIME_EOD,16278.4,16366.4,22.0,64.89999999999964,True,3.0,24.80000000000109,10.399999999999636,88.0,11.200000000000728,42.32000000000291,40.32000000000291,38.32000000000291,0.48090909090912404,0.4581818181818513,0.43545454545457857,False
2023-12-22 15:30:00-05:00,2023-12-22 15:35:00-05:00,2023-12-22,H1_MOMENTUM,1,16347.8,16328.3,STOP,16328.3,16406.3,19.5,19.5,False,3.0,1.0,19.799999999999272,78.0,-19.5,-80.48,-82.48,-84.48,-1.031794871794872,-1.0574358974358975,-1.083076923076923,False
2023-12-26 15:30:00-05:00,2023-12-26 15:50:00-05:00,2023-12-26,H1_MOMENTUM,1,16452.0,16430.0,STOP,16430.0,16518.0,22.0,24.900000000001455,True,3.0,10.400000000001455,22.799999999999272,88.0,-22.0,-90.48,-92.48,-94.48,-1.0281818181818183,-1.050909090909091,-1.0736363636363637,False
2023-12-27 15:30:00-05:00,2023-12-27 15:55:00-05:00,2023-12-27,H1_MOMENTUM,1,16428.8,16458.8,TARGET,16418.8,16458.8,10.0,6.5,True,3.0,31.600000000002183,4.399999999997817,40.0,30.0,117.52,116.52,115.52,2.9379999999999997,2.913,2.888,False
2023-12-28 10:10:00-05:00,2023-12-28 10:25:00-05:00,2023-12-28,PDH_SWEEP,-1,16470.6,16480.6,STOP,16480.6,16453.1,10.0,4.900000000001455,True,1.75,5.799999999999272,16.600000000002183,40.0,-10.0,-42.48,-44.48,-46.48,-1.0619999999999998,-1.1119999999999999,-1.162,False
2023-12-28 15:30:00-05:00,2023-12-28 15:50:00-05:00,2023-12-28,H1_MOMENTUM,1,16458.4,16448.3,STOP,16448.3,16488.700000000008,10.100000000002183,10.100000000002183,False,3.0,14.799999999999272,14.80000000000291,40.40000000000873,-10.100000000002183,-42.88000000000873,-44.88000000000873,-46.88000000000873,-1.0613861386138481,-1.1108910891088868,-1.1603960396039257,False
2023-12-29 15:30:00-05:00,2023-12-29 15:45:00-05:00,2023-12-29,H1_MOMENTUM,1,16393.6,16379.7,STOP,16379.7,16435.299999999992,13.899999999997817,13.899999999997817,False,3.0,1.6000000000021828,16.399999999997817,55.59999999999127,-13.899999999997817,-58.079999999991266,-60.079999999991266,-62.079999999991266,-1.0446043165467696,-1.0805755395683578,-1.1165467625899463,False
2024-01-02 15:30:00-05:00,2024-01-02 15:45:00-05:00,2024-01-02,H1_MOMENTUM,-1,16031.2,16045.1,STOP,16045.1,15989.500000000002,13.899999999999636,13.899999999999636,False,3.0,8.400000000001455,19.19999999999891,55.599999999998545,-13.899999999999636,-58.07999999999854,-60.07999999999854,-62.07999999999854,-1.0446043165467638,-1.0805755395683474,-1.116546762589931,True
2024-01-03 15:30:00-05:00,2024-01-03 15:55:00-05:00,2024-01-03,H1_MOMENTUM,-1,15949.6,15930.8,TIME_EOD,15971.6,15883.6,22.0,34.29999999999927,True,3.0,31.600000000000364,20.399999999999636,88.0,18.80000000000109,72.72000000000436,70.72000000000436,68.72000000000436,0.8263636363636859,0.8036363636364132,0.7809090909091405,True
2024-01-04 15:30:00-05:00,2024-01-04 15:55:00-05:00,2024-01-04,H1_MOMENTUM,-1,15890.2,15853.6,TIME_EOD,15912.2,15824.2,22.0,23.099999999998545,True,3.0,47.400000000001455,13.0,88.0,36.600000000000364,143.92000000000147,141.92000000000147,139.92000000000147,1.6354545454545621,1.6127272727272894,1.5900000000000167,True
2024-01-05 15:30:00-05:00,2024-01-05 15:50:00-05:00,2024-01-05,H1_MOMENTUM,1,15826.8,15865.499999999998,TARGET,15813.9,15865.499999999998,12.899999999999636,12.899999999999636,False,3.0,44.0,10.0,51.599999999998545,38.69999999999891,152.31999999999564,151.31999999999564,150.31999999999564,2.951937984496123,2.932558139534882,2.9131782945736413,True
2024-01-08 15:30:00-05:00,2024-01-08 15:50:00-05:00,2024-01-08,H1_MOMENTUM,1,16177.0,16207.0,TARGET,16167.0,16207.0,10.0,7.299999999999272,True,3.0,30.799999999999272,3.2000000000007276,40.0,30.0,117.52,116.52,115.52,2.9379999999999997,2.913,2.888,True
2024-01-09 15:30:00-05:00,2024-01-09 15:50:00-05:00,2024-01-09,H1_MOMENTUM,-1,16227.6,16187.700000000003,TARGET,16240.9,16187.700000000003,13.299999999999272,13.299999999999272,False,3.0,43.20000000000073,3.600000000000364,53.19999999999709,39.89999999999782,157.11999999999128,156.11999999999128,155.11999999999128,2.953383458646614,2.93458646616541,2.9157894736842063,True
2024-01-10 15:30:00-05:00,2024-01-10 15:40:00-05:00,2024-01-10,H1_MOMENTUM,1,16337.2,16322.7,STOP,16322.7,16380.7,14.5,14.5,False,3.0,9.599999999998545,21.200000000000728,58.0,-14.5,-60.48,-62.48,-64.48,-1.042758620689655,-1.0772413793103448,-1.1117241379310345,True
2024-01-11 15:30:00-05:00,2024-01-11 15:55:00-05:00,2024-01-11,H1_MOMENTUM,1,16356.4,16374.0,TIME_EOD,16334.7,16421.499999999996,21.69999999999891,21.69999999999891,False,3.0,26.80000000000109,17.19999999999891,86.79999999999563,17.600000000000364,67.92000000000145,65.92000000000145,63.92000000000146,0.7824884792627289,0.7594470046083498,0.7364055299539709,True
2024-01-12 15:30:00-05:00,2024-01-12 15:55:00-05:00,2024-01-12,H1_MOMENTUM,1,16364.4,16379.2,TIME_EOD,16344.9,16422.9,19.5,19.5,False,3.0,25.600000000000364,1.1999999999989086,78.0,14.800000000001091,56.72000000000437,54.72000000000437,52.72000000000437,0.7271794871795432,0.7015384615385175,0.675897435897492,True
2024-01-16 15:30:00-05:00,2024-01-16 15:45:00-05:00,2024-01-16,H1_MOMENTUM,-1,16347.2,16359.7,STOP,16359.7,16309.7,12.5,12.5,False,3.0,8.800000000001091,12.799999999999272,50.0,-12.5,-52.48,-54.48,-56.48,-1.0495999999999999,-1.0896,-1.1296,True
2024-01-17 15:30:00-05:00,2024-01-17 15:35:00-05:00,2024-01-17,H1_MOMENTUM,-1,16226.6,16248.6,STOP,16248.6,16160.6,22.0,25.299999999999272,True,3.0,0.0,35.0,88.0,-22.0,-90.48,-92.48,-94.48,-1.0281818181818183,-1.050909090909091,-1.0736363636363637,True
2024-01-18 15:30:00-05:00,2024-01-18 15:40:00-05:00,2024-01-18,H1_MOMENTUM,1,16525.6,16507.5,STOP,16507.5,16579.899999999994,18.099999999998545,18.099999999998545,False,3.0,2.400000000001455,20.799999999999272,72.39999999999418,-18.099999999998545,-74.87999999999418,-76.87999999999418,-78.87999999999418,-1.0342541436464117,-1.0618784530386791,-1.0895027624309466,True
2024-01-19 15:30:00-05:00,2024-01-19 15:55:00-05:00,2024-01-19,H1_MOMENTUM,1,16836.2,16849.6,TIME_EOD,16822.7,16876.7,13.5,13.5,False,3.0,17.0,5.0,54.0,13.399999999997817,51.11999999999127,49.11999999999127,47.11999999999127,0.946666666666505,0.909629629629468,0.8725925925924309,True
2024-01-22 15:30:00-05:00,2024-01-22 15:45:00-05:00,2024-01-22,H1_MOMENTUM,1,16894.0,16872.0,STOP,16872.0,16960.0,22.0,28.900000000001455,True,3.0,1.2000000000007276,25.200000000000728,88.0,-22.0,-90.48,-92.48,-94.48,-1.0281818181818183,-1.050909090909091,-1.0736363636363637,True
2024-01-23 15:30:00-05:00,2024-01-23 15:55:00-05:00,2024-01-23,H1_MOMENTUM,1,16915.4,16935.6,TIME_EOD,16901.1,16958.30000000001,14.30000000000291,14.30000000000291,False,3.0,30.0,7.400000000001455,57.20000000001164,20.19999999999709,78.31999999998835,76.31999999998835,74.31999999998835,1.369230769230287,1.334265734265259,1.2993006993002312,True
2024-01-24 15:30:00-05:00,2024-01-24 15:35:00-05:00,2024-01-24,H1_MOMENTUM,1,17025.6,17055.6,TARGET,17015.6,17055.6,10.0,2.899999999997817,True,3.0,34.0,4.399999999997817,40.0,30.0,117.52,116.52,115.52,2.9379999999999997,2.913,2.888,True
2024-01-25 15:30:00-05:00,2024-01-25 15:55:00-05:00,2024-01-25,H1_MOMENTUM,1,17014.2,17044.2,TARGET,17004.2,17044.2,10.0,8.100000000002183,True,3.0,38.79999999999927,5.400000000001455,40.0,30.0,117.52,116.52,115.52,2.9379999999999997,2.913,2.888,True
2024-01-26 15:30:00-05:00,2024-01-26 15:55:00-05:00,2024-01-26,H1_MOMENTUM,-1,16962.0,16948.8,TIME_EOD,16984.0,16896.0,22.0,25.299999999999272,True,3.0,22.400000000001455,2.400000000001455,88.0,13.200000000000728,50.32000000000291,48.32000000000291,46.32000000000291,0.571818181818215,0.5490909090909422,0.5263636363636695,True
2024-01-29 15:30:00-05:00,2024-01-29 15:45:00-05:00,2024-01-29,H1_MOMENTUM,1,17125.2,17103.2,STOP,17103.2,17191.2,22.0,75.29999999999927,True,3.0,5.599999999998545,25.600000000002183,88.0,-22.0,-90.48,-92.48,-94.48,-1.0281818181818183,-1.050909090909091,-1.0736363636363637,True
2024-01-30 15:30:00-05:00,2024-01-30 15:55:00-05:00,2024-01-30,H1_MOMENTUM,-1,17023.2,17010.4,TIME_EOD,17033.7,16991.7,10.5,10.5,False,3.0,20.799999999999272,1.3999999999978172,42.0,12.799999999999272,48.71999999999709,46.71999999999709,44.71999999999709,1.1599999999999309,1.1123809523808832,1.0647619047618355,True
2024-01-31 15:30:00-05:00,2024-01-31 15:55:00-05:00,2024-01-31,H1_MOMENTUM,-1,16732.2,16678.0,TIME_EOD,16754.2,16666.2,22.0,87.09999999999854,True,3.0,59.79999999999927,5.0,88.0,54.20000000000073,214.32000000000292,212.32000000000292,210.32000000000292,2.435454545454579,2.412727272727306,2.390000000000033,True
2024-02-01 15:30:00-05:00,2024-02-01 15:45:00-05:00,2024-02-01,H1_MOMENTUM,1,16884.0,16864.7,STOP,16864.7,16941.899999999998,19.299999999999272,19.299999999999272,False,3.0,10.599999999998545,19.799999999999272,77.19999999999709,-19.299999999999272,-79.6799999999971,-81.6799999999971,-83.6799999999971,-1.0321243523316075,-1.0580310880829038,-1.0839378238342001,True
2024-02-02 15:30:00-05:00,2024-02-02 15:30:00-05:00,2024-02-02,H1_MOMENTUM,1,17200.4,17178.4,STOP,17178.4,17266.4,22.0,29.100000000002183,True,3.0,0.0,24.200000000000728,88.0,-22.0,-90.48,-92.48,-94.48,-1.0281818181818183,-1.050909090909091,-1.0736363636363637,True
2024-02-05 15:30:00-05:00,2024-02-05 15:55:00-05:00,2024-02-05,H1_MOMENTUM,-1,17156.0,17136.8,TIME_EOD,17174.9,17099.299999999996,18.900000000001455,18.900000000001455,False,3.0,19.200000000000728,13.200000000000728,75.60000000000582,19.200000000000728,74.3200000000029,72.3200000000029,70.3200000000029,0.9830687830687458,0.9566137566137214,0.930158730158697,True
2024-02-06 15:30:00-05:00,2024-02-06 15:55:00-05:00,2024-02-06,H1_MOMENTUM,-1,17080.0,17098.1,STOP,17098.1,17025.700000000004,18.099999999998545,18.099999999998545,False,3.0,33.20000000000073,27.200000000000728,72.39999999999418,-18.099999999998545,-74.87999999999418,-76.87999999999418,-78.87999999999418,-1.0342541436464117,-1.0618784530386791,-1.0895027624309466,True
2024-02-07 15:30:00-05:00,2024-02-07 15:30:00-05:00,2024-02-07,H1_MOMENTUM,1,17294.2,17284.2,STOP,17284.2,17324.2,10.0,9.5,True,3.0,1.5999999999985448,10.600000000002183,40.0,-10.0,-42.48,-44.48,-46.48,-1.0619999999999998,-1.1119999999999999,-1.162,True
2024-02-08 15:30:00-05:00,2024-02-08 15:40:00-05:00,2024-02-08,H1_MOMENTUM,1,17318.0,17308.0,STOP,17308.0,17348.0,10.0,6.099999999998545,True,3.0,4.799999999999272,12.200000000000728,40.0,-10.0,-42.48,-44.48,-46.48,-1.0619999999999998,-1.1119999999999999,-1.162,True
2024-02-09 15:30:00-05:00,2024-02-09 15:55:00-05:00,2024-02-09,H1_MOMENTUM,1,17485.0,17481.2,TIME_EOD,17475.0,17515.0,10.0,7.900000000001455,True,3.0,7.799999999999272,9.400000000001455,40.0,-3.7999999999992724,-17.67999999999709,-19.67999999999709,-21.67999999999709,-0.44199999999992723,-0.4919999999999273,-0.5419999999999272,True
2024-02-12 15:30:00-05:00,2024-02-12 15:55:00-05:00,2024-02-12,H1_MOMENTUM,1,17423.6,17415.6,TIME_EOD,17401.6,17489.6,22.0,23.099999999998545,True,3.0,6.0,21.799999999999272,88.0,-8.0,-34.48,-36.48,-38.48,-0.3918181818181818,-0.4145454545454545,-0.43727272727272726,True
2024-02-13 15:30:00-05:00,2024-02-13 15:30:00-05:00,2024-02-13,H1_MOMENTUM,-1,17038.0,17053.5,STOP,17053.5,16991.5,15.5,15.5,False,3.0,2.0,16.0,62.0,-15.5,-64.48,-66.48,-68.48,-1.04,-1.072258064516129,-1.104516129032258,True
2024-02-14 15:30:00-05:00,2024-02-14 15:55:00-05:00,2024-02-14,H1_MOMENTUM,1,17298.4,17330.4,TIME_EOD,17276.4,17364.4,22.0,52.5,True,3.0,47.599999999998545,12.600000000002183,88.0,32.0,125.52,123.52,121.52,1.4263636363636363,1.4036363636363636,1.3809090909090909,True
2024-02-15 15:30:00-05:00,2024-02-15 15:55:00-05:00,2024-02-15,H1_MOMENTUM,-1,17364.4,17380.5,STOP,17380.5,17316.100000000006,16.099999999998545,16.099999999998545,False,3.0,14.0,20.0,64.39999999999418,-16.099999999998545,-66.87999999999418,-68.87999999999418,-70.87999999999418,-1.03850931677019,-1.0695652173913106,-1.1006211180124315,True
2024-02-16 15:30:00-05:00,2024-02-16 15:40:00-05:00,2024-02-16,H1_MOMENTUM,-1,17264.2,17234.2,TARGET,17274.2,17234.2,10.0,7.099999999998545,True,3.0,39.400000000001455,3.0,40.0,30.0,117.52,116.52,115.52,2.9379999999999997,2.913,2.888,True
2024-02-20 15:30:00-05:00,2024-02-20 15:30:00-05:00,2024-02-20,H1_MOMENTUM,-1,17072.4,17042.4,TARGET,17082.4,17042.4,10.0,1.0999999999985448,True,3.0,55.60000000000218,0.3999999999978172,40.0,30.0,117.52,116.52,115.52,2.9379999999999997,2.913,2.888,True
2024-02-21 15:30:00-05:00,2024-02-21 15:30:00-05:00,2024-02-21,H1_MOMENTUM,-1,16912.2,16922.2,STOP,16922.2,16882.2,10.0,-0.5,True,3.0,0.6000000000021828,26.599999999998545,40.0,-10.0,-42.48,-44.48,-46.48,-1.0619999999999998,-1.1119999999999999,-1.162,True
2024-02-22 15:30:00-05:00,2024-02-22 15:55:00-05:00,2024-02-22,H1_MOMENTUM,1,17538.4,17528.0,TIME_EOD,17521.1,17590.30000000001,17.30000000000291,17.30000000000291,False,3.0,24.0,15.200000000000728,69.20000000001164,-10.400000000001455,-44.08000000000582,-46.08000000000582,-48.08000000000582,-0.6369942196531561,-0.6658959537571975,-0.6947976878612389,True
2024-02-23 10:10:00-05:00,2024-02-23 10:15:00-05:00,2024-02-23,PDH_SWEEP,-1,17547.2,17569.2,STOP,17569.2,17508.7,22.0,22.099999999998545,True,1.75,4.400000000001455,22.399999999997817,88.0,-22.0,-90.48,-92.48,-94.48,-1.0281818181818183,-1.050909090909091,-1.0736363636363637,True
2024-02-23 15:30:00-05:00,2024-02-23 15:30:00-05:00,2024-02-23,H1_MOMENTUM,1,17460.0,17450.0,STOP,17450.0,17490.0,10.0,6.5,True,3.0,4.799999999999272,10.0,40.0,-10.0,-42.48,-44.48,-46.48,-1.0619999999999998,-1.1119999999999999,-1.162,True
2024-02-26 15:30:00-05:00,2024-02-26 15:30:00-05:00,2024-02-26,H1_MOMENTUM,1,17504.8,17492.7,STOP,17492.7,17541.099999999995,12.099999999998545,12.099999999998545,False,3.0,0.0,22.399999999997817,48.39999999999418,-12.099999999998545,-50.879999999994176,-52.879999999994176,-54.879999999994176,-1.0512396694214936,-1.0925619834710854,-1.133884297520677,True
2024-02-27 15:30:00-05:00,2024-02-27 15:35:00-05:00,2024-02-27,H1_MOMENTUM,1,17513.4,17493.3,STOP,17493.3,17573.700000000008,20.100000000002183,20.100000000002183,False,3.0,0.0,22.600000000002183,80.40000000000873,-20.100000000002183,-82.88000000000874,-84.88000000000874,-86.88000000000874,-1.0308457711442753,-1.05572139303482,-1.0805970149253645,True
2024-02-28 15:30:00-05:00,2024-02-28 15:50:00-05:00,2024-02-28,H1_MOMENTUM,-1,17418.8,17388.8,TARGET,17428.8,17388.8,10.0,3.7000000000007276,True,3.0,31.599999999998545,3.7999999999992724,40.0,30.0,117.52,116.52,115.52,2.9379999999999997,2.913,2.888,True
2024-02-29 11:35:00-05:00,2024-02-29 11:35:00-05:00,2024-02-29,PDH_SWEEP,-1,17460.4,17426.625000000004,TARGET,17479.7,17426.625000000004,19.299999999999272,19.299999999999272,False,1.75,37.20000000000073,11.599999999998545,77.19999999999709,33.77499999999782,132.61999999999128,131.61999999999128,130.61999999999128,1.7178756476683457,1.7049222797926975,1.6919689119170493,True
2024-02-29 15:30:00-05:00,2024-02-29 15:55:00-05:00,2024-02-29,H1_MOMENTUM,1,17546.8,17564.4,TIME_EOD,17524.8,17612.8,22.0,26.899999999997817,True,3.0,56.60000000000218,3.599999999998545,88.0,17.600000000002183,67.92000000000873,65.92000000000873,63.920000000008734,0.771818181818281,0.7490909090910083,0.7263636363637356,True
2024-03-01 15:30:00-05:00,2024-03-01 15:55:00-05:00,2024-03-01,H1_MOMENTUM,1,17835.0,17825.8,TIME_EOD,17813.0,17901.0,22.0,22.099999999998545,True,3.0,2.2000000000007276,13.400000000001455,88.0,-9.200000000000728,-39.28000000000291,-41.28000000000291,-43.28000000000291,-0.4463636363636694,-0.46909090909094214,-0.49181818181821485,True
2024-03-04 15:30:00-05:00,2024-03-04 15:50:00-05:00,2024-03-04,H1_MOMENTUM,-1,17818.8,17753.699999999997,TARGET,17840.5,17753.699999999997,21.700000000000728,21.700000000000728,False,3.0,66.79999999999927,0.4000000000014552,86.80000000000291,65.10000000000218,257.9200000000087,256.9200000000087,255.92000000000874,2.971428571428572,2.959907834101384,2.948387096774195,True
2024-03-05 15:30:00-05:00,2024-03-05 15:40:00-05:00,2024-03-05,H1_MOMENTUM,-1,17354.0,17376.0,STOP,17376.0,17288.0,22.0,40.5,True,3.0,8.0,34.0,88.0,-22.0,-90.48,-92.48,-94.48,-1.0281818181818183,-1.050909090909091,-1.0736363636363637,True
2024-03-06 15:30:00-05:00,2024-03-06 15:30:00-05:00,2024-03-06,H1_MOMENTUM,1,17530.2,17508.2,STOP,17508.2,17596.2,22.0,25.900000000001455,True,3.0,2.0,22.200000000000728,88.0,-22.0,-90.48,-92.48,-94.48,-1.0281818181818183,-1.050909090909091,-1.0736363636363637,True
2024-03-07 15:30:00-05:00,2024-03-07 15:55:00-05:00,2024-03-07,H1_MOMENTUM,1,17813.6,17844.499999999996,TARGET,17803.3,17844.499999999996,10.299999999999272,10.299999999999272,False,3.0,35.80000000000291,0.0,41.19999999999709,30.899999999997817,121.11999999999126,120.11999999999126,119.11999999999126,2.939805825242714,2.9155339805825182,2.8912621359223225,True
2024-03-08 15:30:00-05:00,2024-03-08 15:30:00-05:00,2024-03-08,H1_MOMENTUM,1,17571.2,17601.2,TARGET,17561.2,17601.2,10.0,5.299999999999272,True,3.0,35.20000000000073,8.799999999999272,40.0,30.0,117.52,116.52,115.52,2.9379999999999997,2.913,2.888,True
2024-03-11 15:30:00-04:00,2024-03-11 15:40:00-04:00,2024-03-11,H1_MOMENTUM,-1,17479.6,17501.6,STOP,17501.6,17413.6,22.0,44.5,True,3.0,3.0,28.80000000000291,88.0,-22.0,-90.48,-92.48,-94.48,-1.0281818181818183,-1.050909090909091,-1.0736363636363637,True
2024-03-12 15:30:00-04:00,2024-03-12 15:55:00-04:00,2024-03-12,H1_MOMENTUM,1,17738.0,17746.0,TIME_EOD,17716.0,17804.0,22.0,29.5,True,3.0,22.400000000001455,9.200000000000728,88.0,8.0,29.52,27.52,25.52,0.33545454545454545,0.31272727272727274,0.29,True
2024-03-13 15:30:00-04:00,2024-03-13 15:30:00-04:00,2024-03-13,H1_MOMENTUM,-1,17587.6,17609.6,STOP,17609.6,17521.6,22.0,76.90000000000146,True,3.0,0.0,27.600000000002183,88.0,-22.0,-90.48,-92.48,-94.48,-1.0281818181818183,-1.050909090909091,-1.0736363636363637,True
2024-03-14 15:30:00-04:00,2024-03-14 15:45:00-04:00,2024-03-14,H1_MOMENTUM,-1,17486.2,17509.2,STOP,17508.2,17420.2,22.0,51.89999999999782,True,3.0,29.600000000002183,33.79999999999927,88.0,-23.0,-94.48,-96.48,-98.48,-1.0736363636363637,-1.0963636363636364,-1.1190909090909091,True
2024-03-15 15:30:00-04:00,2024-03-15 15:50:00-04:00,2024-03-15,H1_MOMENTUM,-1,17390.8,17354.499999999993,TARGET,17402.9,17354.499999999993,12.100000000002183,12.100000000002183,False,3.0,47.599999999998545,0.0,48.40000000000873,36.30000000000655,142.7200000000262,141.7200000000262,140.7200000000262,2.948760330578522,2.9280991735537323,2.9074380165289426,True
2024-03-18 15:30:00-04:00,2024-03-18 15:50:00-04:00,2024-03-18,H1_MOMENTUM,1,17546.4,17536.4,STOP,17536.4,17576.4,10.0,7.700000000000728,True,3.0,12.0,43.400000000001455,40.0,-10.0,-42.48,-44.48,-46.48,-1.0619999999999998,-1.1119999999999999,-1.162,True
2024-03-19 15:30:00-04:00,2024-03-19 15:35:00-04:00,2024-03-19,H1_MOMENTUM,-1,17501.2,17523.2,STOP,17523.2,17435.2,22.0,40.5,True,3.0,0.0,24.0,88.0,-22.0,-90.48,-92.48,-94.48,-1.0281818181818183,-1.050909090909091,-1.0736363636363637,True
2024-03-20 10:40:00-04:00,2024-03-20 11:10:00-04:00,2024-03-20,PDH_SWEEP,-1,17542.8,17561.1,STOP,17561.1,17510.775,18.299999999999272,18.299999999999272,False,1.75,13.200000000000728,19.600000000002183,73.19999999999709,-18.299999999999272,-75.6799999999971,-77.6799999999971,-79.6799999999971,-1.0338797814207665,-1.0612021857923521,-1.088524590163938,True
2024-03-20 15:30:00-04:00,2024-03-20 15:30:00-04:00,2024-03-20,H1_MOMENTUM,-1,17750.8,17760.8,STOP,17760.8,17720.8,10.0,7.700000000000728,True,3.0,0.0,13.200000000000728,40.0,-10.0,-42.48,-44.48,-46.48,-1.0619999999999998,-1.1119999999999999,-1.162,True
2024-03-21 15:30:00-04:00,2024-03-21 15:55:00-04:00,2024-03-21,H1_MOMENTUM,1,17859.2,17837.2,STOP,17837.2,17925.2,22.0,27.299999999999272,True,3.0,14.0,31.600000000002183,88.0,-22.0,-90.48,-92.48,-94.48,-1.0281818181818183,-1.050909090909091,-1.0736363636363637,True
2024-03-22 15:30:00-04:00,2024-03-22 15:50:00-04:00,2024-03-22,H1_MOMENTUM,-1,17847.2,17869.8,STOP,17867.7,17785.7,20.5,20.5,False,3.0,10.0,32.0,82.0,-22.599999999998545,-92.87999999999418,-94.87999999999418,-96.87999999999418,-1.1326829268291974,-1.1570731707316364,-1.1814634146340754,True
2024-03-25 15:30:00-04:00,2024-03-25 15:45:00-04:00,2024-03-25,H1_MOMENTUM,-1,17811.2,17833.2,STOP,17833.2,17745.2,22.0,35.89999999999782,True,3.0,3.0,22.399999999997817,88.0,-22.0,-90.48,-92.48,-94.48,-1.0281818181818183,-1.050909090909091,-1.0736363636363637,True
2024-03-26 15:30:00-04:00,2024-03-26 15:30:00-04:00,2024-03-26,H1_MOMENTUM,1,17793.6,17783.6,STOP,17783.6,17823.6,10.0,7.299999999999272,True,3.0,0.0,24.399999999997817,40.0,-10.0,-42.48,-44.48,-46.48,-1.0619999999999998,-1.1119999999999999,-1.162,True
2024-03-28 15:30:00-04:00,2024-03-28 15:55:00-04:00,2024-03-28,H1_MOMENTUM,-1,17799.4,17769.4,TARGET,17809.4,17769.4,10.0,6.69999999999709,True,3.0,36.20000000000073,3.0,40.0,30.0,117.52,116.52,115.52,2.9379999999999997,2.913,2.888,True
2024-04-01 15:30:00-04:00,2024-04-01 15:50:00-04:00,2024-04-01,H1_MOMENTUM,1,17769.2,17799.2,TARGET,17759.2,17799.2,10.0,7.299999999999272,True,3.0,30.399999999997817,6.400000000001455,40.0,30.0,117.52,116.52,115.52,2.9379999999999997,2.913,2.888,True
2024-04-02 15:30:00-04:00,2024-04-02 15:30:00-04:00,2024-04-02,H1_MOMENTUM,-1,17621.8,17631.8,STOP,17631.8,17591.8,10.0,5.299999999999272,True,3.0,4.599999999998545,11.600000000002183,40.0,-10.0,-42.48,-44.48,-46.48,-1.0619999999999998,-1.1119999999999999,-1.162,True
2024-04-03 15:30:00-04:00,2024-04-03 15:35:00-04:00,2024-04-03,H1_MOMENTUM,-1,17647.6,17669.6,STOP,17669.6,17581.6,22.0,60.900000000001455,True,3.0,14.0,31.200000000000728,88.0,-22.0,-90.48,-92.48,-94.48,-1.0281818181818183,-1.050909090909091,-1.0736363636363637,True
2024-04-04 15:30:00-04:00,2024-04-04 15:30:00-04:00,2024-04-04,H1_MOMENTUM,1,17441.6,17471.6,TARGET,17431.6,17471.6,10.0,0.8999999999978172,True,3.0,30.400000000001455,0.0,40.0,30.0,117.52,116.52,115.52,2.9379999999999997,2.913,2.888,True
2024-04-05 15:30:00-04:00,2024-04-05 15:55:00-04:00,2024-04-05,H1_MOMENTUM,1,17613.6,17620.8,TIME_EOD,17598.5,17658.899999999994,15.099999999998545,15.099999999998545,False,3.0,40.80000000000291,4.0,60.39999999999418,7.200000000000728,26.32000000000291,24.32000000000291,22.32000000000291,0.4357615894040637,0.40264900662260356,0.3695364238411434,True
2024-04-08 15:30:00-04:00,2024-04-08 15:40:00-04:00,2024-04-08,H1_MOMENTUM,1,17646.4,17624.4,STOP,17624.4,17712.4,22.0,25.30000000000291,True,3.0,9.19999999999709,26.80000000000291,88.0,-22.0,-90.48,-92.48,-94.48,-1.0281818181818183,-1.050909090909091,-1.0736363636363637,True
2024-04-09 15:30:00-04:00,2024-04-09 15:40:00-04:00,2024-04-09,H1_MOMENTUM,1,17653.6,17631.6,STOP,17631.6,17719.6,22.0,104.29999999999927,True,3.0,22.0,32.0,88.0,-22.0,-90.48,-92.48,-94.48,-1.0281818181818183,-1.050909090909091,-1.0736363636363637,True
2024-04-10 15:30:00-04:00,2024-04-10 15:40:00-04:00,2024-04-10,H1_MOMENTUM,-1,17520.2,17542.2,STOP,17542.2,17454.2,22.0,36.29999999999927,True,3.0,22.200000000000728,26.0,88.0,-22.0,-90.48,-92.48,-94.48,-1.0281818181818183,-1.050909090909091,-1.0736363636363637,True
2024-04-11 15:30:00-04:00,2024-04-11 15:55:00-04:00,2024-04-11,H1_MOMENTUM,1,17830.8,17819.0,TIME_EOD,17814.3,17880.3,16.5,16.5,False,3.0,21.200000000000728,12.399999999997817,66.0,-11.799999999999272,-49.67999999999709,-51.67999999999709,-53.67999999999709,-0.7527272727272286,-0.7830303030302589,-0.8133333333332892,True
2024-04-12 15:30:00-04:00,2024-04-12 15:30:00-04:00,2024-04-12,H1_MOMENTUM,-1,17495.0,17508.1,STOP,17508.1,17455.700000000004,13.099999999998545,13.099999999998545,False,3.0,0.5999999999985448,20.599999999998545,52.39999999999418,-13.099999999998545,-54.879999999994176,-56.879999999994176,-58.879999999994176,-1.0473282442748144,-1.0854961832061163,-1.1236641221374182,True
2024-04-15 15:30:00-04:00,2024-04-15 15:55:00-04:00,2024-04-15,H1_MOMENTUM,1,17224.2,17238.8,TIME_EOD,17209.1,17269.500000000007,15.100000000002183,15.100000000002183,False,3.0,42.20000000000073,0.0,60.40000000000873,14.599999999998545,55.91999999999418,53.91999999999418,51.91999999999418,0.9258278145693063,0.8927152317878541,0.8596026490064019,True
2024-04-16 15:30:00-04:00,2024-04-16 15:30:00-04:00,2024-04-16,H1_MOMENTUM,1,17306.4,17284.4,STOP,17284.4,17372.4,22.0,28.30000000000291,True,3.0,0.0,48.80000000000291,88.0,-22.0,-90.48,-92.48,-94.48,-1.0281818181818183,-1.050909090909091,-1.0736363636363637,True
2024-04-17 15:30:00-04:00,2024-04-17 15:35:00-04:00,2024-04-17,H1_MOMENTUM,1,17041.6,17030.3,STOP,17030.3,17075.499999999996,11.299999999999272,11.299999999999272,False,3.0,13.200000000000728,12.399999999997817,45.19999999999709,-11.299999999999272,-47.67999999999709,-49.67999999999709,-51.67999999999709,-1.0548672566371715,-1.099115044247794,-1.1433628318584161,True
2024-04-18 15:30:00-04:00,2024-04-18 15:50:00-04:00,2024-04-18,H1_MOMENTUM,-1,16955.6,16977.6,STOP,16977.6,16889.6,22.0,22.100000000002183,True,3.0,31.599999999998545,24.80000000000291,88.0,-22.0,-90.48,-92.48,-94.48,-1.0281818181818183,-1.050909090909091,-1.0736363636363637,True
2024-04-19 15:30:00-04:00,2024-04-19 15:55:00-04:00,2024-04-19,H1_MOMENTUM,-1,16588.6,16588.4,TIME_EOD,16609.9,16524.69999999999,21.30000000000291,21.30000000000291,False,3.0,63.79999999999927,10.600000000002183,85.20000000001164,0.19999999999708962,-1.6800000000116415,-3.6800000000116415,-5.680000000011642,-0.019718309859288873,-0.043192488263041534,-0.0666666666667942,True
2024-04-22 15:30:00-04:00,2024-04-22 15:30:00-04:00,2024-04-22,H1_MOMENTUM,1,16789.6,16779.6,STOP,16779.6,16819.6,10.0,9.899999999997817,True,3.0,1.6000000000021828,13.599999999998545,40.0,-10.0,-42.48,-44.48,-46.48,-1.0619999999999998,-1.1119999999999999,-1.162,True
2024-04-23 15:35:00-04:00,2024-04-23 15:45:00-04:00,2024-04-23,H1_MOMENTUM,1,17030.8,17014.3,STOP,17014.3,17080.3,16.5,16.5,False,3.0,0.0,19.399999999997817,66.0,-16.5,-68.48,-70.48,-72.48,-1.0375757575757576,-1.0678787878787879,-1.0981818181818181,True
2024-04-24 15:30:00-04:00,2024-04-24 15:55:00-04:00,2024-04-24,H1_MOMENTUM,1,17065.4,17061.6,TIME_EOD,17043.4,17131.4,22.0,58.70000000000073,True,3.0,16.599999999998545,5.0,88.0,-3.8000000000029104,-17.680000000011642,-19.680000000011642,-21.680000000011642,-0.2009090909092232,-0.22363636363649594,-0.24636363636376865,True
2024-04-25 15:30:00-04:00,2024-04-25 15:35:00-04:00,2024-04-25,H1_MOMENTUM,-1,17007.6,16977.6,TARGET,17017.6,16977.6,10.0,4.5,True,3.0,35.19999999999709,0.0,40.0,30.0,117.52,116.52,115.52,2.9379999999999997,2.913,2.888,True
2024-04-26 15:30:00-04:00,2024-04-26 15:40:00-04:00,2024-04-26,H1_MOMENTUM,1,17286.0,17264.0,STOP,17264.0,17352.0,22.0,30.099999999998545,True,3.0,0.0,27.599999999998545,88.0,-22.0,-90.48,-92.48,-94.48,-1.0281818181818183,-1.050909090909091,-1.0736363636363637,True
2024-04-29 15:30:00-04:00,2024-04-29 15:55:00-04:00,2024-04-29,H1_MOMENTUM,1,17256.6,17313.2,TIME_EOD,17234.6,17322.6,22.0,55.5,True,3.0,56.60000000000218,6.599999999998545,88.0,56.60000000000218,223.92000000000874,221.92000000000874,219.92000000000874,2.544545454545554,2.521818181818281,2.4990909090910085,True
2024-04-30 15:30:00-04:00,2024-04-30 15:45:00-04:00,2024-04-30,H1_MOMENTUM,-1,17106.8,17116.8,STOP,17116.8,17076.8,10.0,7.299999999999272,True,3.0,9.599999999998545,11.600000000002183,40.0,-10.0,-42.48,-44.48,-46.48,-1.0619999999999998,-1.1119999999999999,-1.162,True
2024-05-01 15:30:00-04:00,2024-05-01 15:30:00-04:00,2024-05-01,H1_MOMENTUM,-1,17124.2,17058.2,TARGET,17146.2,17058.2,22.0,77.89999999999782,True,3.0,73.79999999999927,0.0,88.0,66.0,261.52,260.52,259.52,2.9718181818181817,2.9604545454545454,2.9490909090909088,True
2024-05-02 15:30:00-04:00,2024-05-02 15:35:00-04:00,2024-05-02,H1_MOMENTUM,1,17093.2,17071.2,STOP,17071.2,17159.2,22.0,23.700000000000728,True,3.0,8.200000000000728,37.20000000000073,88.0,-22.0,-90.48,-92.48,-94.48,-1.0281818181818183,-1.050909090909091,-1.0736363636363637,True
2024-05-03 15:30:00-04:00,2024-05-03 15:30:00-04:00,2024-05-03,H1_MOMENTUM,1,17431.8,17420.3,STOP,17420.3,17466.3,11.5,11.5,False,3.0,0.0,16.599999999998545,46.0,-11.5,-48.48,-50.48,-52.48,-1.0539130434782609,-1.097391304347826,-1.1408695652173912,True
2024-05-06 15:30:00-04:00,2024-05-06 15:50:00-04:00,2024-05-06,H1_MOMENTUM,1,17553.8,17583.8,TARGET,17543.8,17583.8,10.0,4.700000000000728,True,3.0,36.20000000000073,5.0,40.0,30.0,117.52,116.52,115.52,2.9379999999999997,2.913,2.888,True
2024-05-07 15:30:00-04:00,2024-05-07 15:55:00-04:00,2024-05-07,H1_MOMENTUM,1,17617.0,17610.4,TIME_EOD,17601.1,17664.700000000004,15.900000000001455,15.900000000001455,False,3.0,17.0,13.0,63.60000000000582,-6.599999999998545,-28.87999999999418,-30.87999999999418,-32.879999999994176,-0.45408805031433236,-0.4855345911948326,-0.5169811320753328,True
2024-05-08 15:35:00-04:00,2024-05-08 15:55:00-04:00,2024-05-08,H1_MOMENTUM,-1,17606.8,17616.8,STOP,17616.8,17576.8,10.0,3.2999999999992724,True,3.0,6.0,12.400000000001455,40.0,-10.0,-42.48,-44.48,-46.48,-1.0619999999999998,-1.1119999999999999,-1.162,True
2024-05-09 15:35:00-04:00,2024-05-09 16:00:00-04:00,2024-05-09,H1_MOMENTUM,-1,17636.4,17642.0,TIME_EOD,17658.4,17570.4,22.0,22.099999999998545,True,3.0,12.200000000000728,8.799999999999272,88.0,-5.599999999998545,-24.87999999999418,-26.87999999999418,-28.87999999999418,-0.2827272727272066,-0.3054545454544793,-0.328181818181752,True
2024-05-10 10:35:00-04:00,2024-05-10 10:35:00-04:00,2024-05-10,PDH_SWEEP,-1,17652.6,17666.1,STOP,17666.1,17628.975,13.5,13.5,False,1.75,0.0,16.400000000001455,54.0,-13.5,-56.48,-58.48,-60.48,-1.045925925925926,-1.082962962962963,-1.1199999999999999,True
2024-05-10 15:35:00-04:00,2024-05-10 15:45:00-04:00,2024-05-10,H1_MOMENTUM,1,17690.0,17674.9,STOP,17674.9,17735.299999999996,15.099999999998545,15.099999999998545,False,3.0,3.0,15.599999999998545,60.39999999999418,-15.099999999998545,-62.879999999994176,-64.87999999999418,-66.87999999999418,-1.0410596026490104,-1.0741721854304709,-1.107284768211931,True
2024-05-13 15:35:00-04:00,2024-05-13 16:00:00-04:00,2024-05-13,H1_MOMENTUM,1,17722.8,17721.2,TIME_EOD,17704.9,17776.499999999993,17.899999999997817,17.899999999997817,False,3.0,6.400000000001455,8.599999999998545,71.59999999999127,-1.5999999999985448,-8.87999999999418,-10.87999999999418,-12.87999999999418,-0.12402234636864892,-0.15195530726250708,-0.17988826815636522,True
2024-05-14 15:30:00-04:00,2024-05-14 15:55:00-04:00,2024-05-14,H1_MOMENTUM,1,17843.2,17838.8,TIME_EOD,17825.3,17896.900000000005,17.900000000001455,17.900000000001455,False,3.0,14.599999999998545,5.600000000002183,71.60000000000582,-4.400000000001455,-20.08000000000582,-22.08000000000582,-24.08000000000582,-0.28044692737436017,-0.30837988826821267,-0.3363128491620651,True
2024-05-15 15:30:00-04:00,2024-05-15 15:55:00-04:00,2024-05-15,H1_MOMENTUM,1,18112.0,18114.8,TIME_EOD,18096.1,18159.700000000004,15.900000000001455,15.900000000001455,False,3.0,8.799999999999272,13.599999999998545,63.60000000000582,2.7999999999992724,8.71999999999709,6.719999999997089,4.719999999997089,0.1371069182389354,0.10566037735843513,0.07421383647793486,True
2024-05-16 15:30:00-04:00,2024-05-16 15:30:00-04:00,2024-05-16,H1_MOMENTUM,1,18115.8,18105.8,STOP,18105.8,18145.8,10.0,1.5,True,3.0,0.0,13.799999999999272,40.0,-10.0,-42.48,-44.48,-46.48,-1.0619999999999998,-1.1119999999999999,-1.162,True
2024-05-17 15:30:00-04:00,2024-05-17 15:55:00-04:00,2024-05-17,H1_MOMENTUM,1,18062.4,18073.2,TIME_EOD,18047.1,18108.30000000001,15.30000000000291,15.30000000000291,False,3.0,10.799999999999272,10.400000000001455,61.20000000001164,10.799999999999272,40.71999999999709,38.71999999999709,36.71999999999709,0.6653594771240089,0.6326797385619236,0.5999999999998383,True
2024-05-20 15:35:00-04:00,2024-05-20 15:45:00-04:00,2024-05-20,H1_MOMENTUM,1,18193.4,18183.4,STOP,18183.4,18223.4,10.0,7.5,True,3.0,4.19999999999709,11.0,40.0,-10.0,-42.48,-44.48,-46.48,-1.0619999999999998,-1.1119999999999999,-1.162,True
2024-05-21 15:35:00-04:00,2024-05-21 15:50:00-04:00,2024-05-21,H1_MOMENTUM,-1,18218.4,18228.4,STOP,18228.4,18188.4,10.0,0.09999999999854481,True,3.0,7.0,12.399999999997817,40.0,-10.0,-42.48,-44.48,-46.48,-1.0619999999999998,-1.1119999999999999,-1.162,True
2024-05-22 15:35:00-04:00,2024-05-22 15:40:00-04:00,2024-05-22,H1_MOMENTUM,1,18209.4,18187.4,STOP,18187.4,18275.4,22.0,73.10000000000218,True,3.0,5.399999999997817,36.60000000000218,88.0,-22.0,-90.48,-92.48,-94.48,-1.0281818181818183,-1.050909090909091,-1.0736363636363637,True
2024-05-23 15:30:00-04:00,2024-05-23 15:55:00-04:00,2024-05-23,H1_MOMENTUM,1,18103.2,18150.4,TIME_EOD,18081.2,18169.2,22.0,28.100000000002183,True,3.0,59.599999999998545,0.0,88.0,47.20000000000073,186.32000000000292,184.32000000000292,182.32000000000292,2.1172727272727605,2.0945454545454876,2.071818181818215,True
2024-05-24 15:30:00-04:00,2024-05-24 15:55:00-04:00,2024-05-24,H1_MOMENTUM,1,18307.2,18319.2,TIME_EOD,18285.2,18373.2,22.0,22.900000000001455,True,3.0,16.200000000000728,5.200000000000728,88.0,12.0,45.52,43.52,41.52,0.5172727272727273,0.49454545454545457,0.47181818181818186,True
2024-05-28 15:35:00-04:00,2024-05-28 15:55:00-04:00,2024-05-28,H1_MOMENTUM,-1,18344.0,18354.0,STOP,18354.0,18314.0,10.0,7.700000000000728,True,3.0,22.400000000001455,44.400000000001455,40.0,-10.0,-42.48,-44.48,-46.48,-1.0619999999999998,-1.1119999999999999,-1.162,True
2024-05-29 15:35:00-04:00,2024-05-29 15:50:00-04:00,2024-05-29,H1_MOMENTUM,-1,18297.2,18250.1,TARGET,18312.9,18250.1,15.700000000000728,15.700000000000728,False,3.0,58.400000000001455,6.399999999997817,62.80000000000291,47.10000000000218,185.92000000000874,184.92000000000874,183.92000000000874,2.9605095541401294,2.9445859872611493,2.928662420382169,True
2024-05-30 15:30:00-04:00,2024-05-30 15:45:00-04:00,2024-05-30,H1_MOMENTUM,-1,18098.0,18032.0,TARGET,18120.0,18032.0,22.0,32.099999999998545,True,3.0,87.59999999999854,2.7999999999992724,88.0,66.0,261.52,260.52,259.52,2.9718181818181817,2.9604545454545454,2.9490909090909088,True
2024-05-31 15:30:00-04:00,2024-05-31 15:30:00-04:00,2024-05-31,H1_MOMENTUM,-1,17881.6,17903.6,STOP,17903.6,17815.6,22.0,22.100000000002183,True,3.0,5.0,28.200000000000728,88.0,-22.0,-90.48,-92.48,-94.48,-1.0281818181818183,-1.050909090909091,-1.0736363636363637,True
2024-06-03 15:30:00-04:00,2024-06-03 15:35:00-04:00,2024-06-03,H1_MOMENTUM,1,18066.4,18044.4,STOP,18044.4,18132.4,22.0,37.30000000000291,True,3.0,5.599999999998545,22.0,88.0,-22.0,-90.48,-92.48,-94.48,-1.0281818181818183,-1.050909090909091,-1.0736363636363637,True
2024-06-04 15:30:00-04:00,2024-06-04 15:40:00-04:00,2024-06-04,H1_MOMENTUM,-1,18136.6,18158.6,STOP,18158.6,18070.6,22.0,47.5,True,3.0,17.799999999999272,29.0,88.0,-22.0,-90.48,-92.48,-94.48,-1.0281818181818183,-1.050909090909091,-1.0736363636363637,True
2024-06-05 15:30:00-04:00,2024-06-05 15:50:00-04:00,2024-06-05,H1_MOMENTUM,1,18494.0,18524.0,TARGET,18484.0,18524.0,10.0,2.2999999999992724,True,3.0,37.20000000000073,6.400000000001455,40.0,30.0,117.52,116.52,115.52,2.9379999999999997,2.913,2.888,True
2024-06-06 15:35:00-04:00,2024-06-06 15:45:00-04:00,2024-06-06,H1_MOMENTUM,-1,18523.2,18540.9,STOP,18540.9,18470.1,17.700000000000728,17.700000000000728,False,3.0,11.600000000002183,18.799999999999272,70.80000000000291,-17.700000000000728,-73.28000000000291,-75.28000000000291,-77.28000000000291,-1.0350282485875693,-1.0632768361581895,-1.09152542372881,True
2024-06-07 15:35:00-04:00,2024-06-07 15:40:00-04:00,2024-06-07,H1_MOMENTUM,-1,18524.0,18534.0,STOP,18534.0,18494.0,10.0,9.299999999999272,True,3.0,7.599999999998545,10.400000000001455,40.0,-10.0,-42.48,-44.48,-46.48,-1.0619999999999998,-1.1119999999999999,-1.162,True
2024-06-10 15:30:00-04:00,2024-06-10 15:55:00-04:00,2024-06-10,H1_MOMENTUM,-1,18592.4,18594.8,TIME_EOD,18607.3,18547.700000000008,14.899999999997817,14.899999999997817,False,3.0,26.0,2.399999999997817,59.59999999999127,-2.399999999997817,-12.07999999999127,-14.07999999999127,-16.07999999999127,-0.20268456375827246,-0.23624161073814315,-0.26979865771801387,True
2024-06-11 15:30:00-04:00,2024-06-11 15:50:00-04:00,2024-06-11,H1_MOMENTUM,-1,18669.6,18691.6,STOP,18691.6,18603.6,22.0,31.30000000000291,True,3.0,0.0,31.600000000002183,88.0,-22.0,-90.48,-92.48,-94.48,-1.0281818181818183,-1.050909090909091,-1.0736363636363637,True
2024-06-12 15:35:00-04:00,2024-06-12 15:55:00-04:00,2024-06-12,H1_MOMENTUM,1,18934.6,18994.299999999992,TARGET,18914.7,18994.299999999992,19.899999999997817,19.899999999997817,False,3.0,67.0,17.0,79.59999999999127,59.69999999999345,236.31999999997382,235.31999999997382,234.31999999997382,2.9688442211055244,2.956281407035171,2.943718592964818,True
2024-06-13 15:30:00-04:00,2024-06-13 15:55:00-04:00,2024-06-13,H1_MOMENTUM,1,19073.6,19066.4,TIME_EOD,19060.7,19112.299999999992,12.899999999997817,12.899999999997817,False,3.0,31.200000000000728,8.0,51.59999999999127,-7.19999999999709,-31.27999999998836,-33.279999999988355,-35.279999999988355,-0.6062015503874739,-0.6449612403099609,-0.6837209302324482,True
2024-06-14 15:30:00-04:00,2024-06-14 15:40:00-04:00,2024-06-14,H1_MOMENTUM,1,19143.2,19133.2,STOP,19133.2,19173.2,10.0,0.9000000000014552,True,3.0,12.399999999997817,12.0,40.0,-10.0,-42.48,-44.48,-46.48,-1.0619999999999998,-1.1119999999999999,-1.162,True
2024-06-17 15:30:00-04:00,2024-06-17 15:45:00-04:00,2024-06-17,H1_MOMENTUM,1,19460.4,19438.4,STOP,19438.4,19526.4,22.0,37.70000000000073,True,3.0,0.5999999999985448,36.60000000000218,88.0,-22.0,-90.48,-92.48,-94.48,-1.0281818181818183,-1.050909090909091,-1.0736363636363637,True
2024-06-18 15:30:00-04:00,2024-06-18 15:55:00-04:00,2024-06-18,H1_MOMENTUM,1,19401.6,19409.6,TIME_EOD,19387.9,19442.69999999999,13.69999999999709,13.69999999999709,False,3.0,14.0,12.599999999998545,54.79999999998836,8.0,29.52,27.52,25.52,0.5386861313869757,0.5021897810220045,0.4656934306570332,True
2024-06-20 10:05:00-04:00,2024-06-20 10:10:00-04:00,2024-06-20,PDH_SWEEP,-1,19428.2,19398.625000000004,TARGET,19445.1,19398.625000000004,16.899999999997817,16.899999999997817,False,1.75,61.0,1.3999999999978172,67.59999999999127,29.57499999999709,115.81999999998835,114.81999999998835,113.81999999998835,1.7133136094675046,1.6985207100592188,1.6837278106509328,True
2024-06-20 15:30:00-04:00,2024-06-20 15:55:00-04:00,2024-06-20,H1_MOMENTUM,1,19252.0,19257.6,TIME_EOD,19230.0,19318.0,22.0,64.29999999999927,True,3.0,34.79999999999927,12.400000000001455,88.0,5.599999999998545,19.91999999999418,17.91999999999418,15.919999999994179,0.2263636363635702,0.20363636363629747,0.18090909090902477,True
2024-06-21 15:30:00-04:00,2024-06-21 15:50:00-04:00,2024-06-21,H1_MOMENTUM,-1,19226.8,19239.3,STOP,19239.3,19189.3,12.5,12.5,False,3.0,20.399999999997817,13.0,50.0,-12.5,-52.48,-54.48,-56.48,-1.0495999999999999,-1.0896,-1.1296,True
2024-06-24 15:45:00-04:00,2024-06-24 15:55:00-04:00,2024-06-24,H1_MOMENTUM,-1,19022.8,18956.8,TARGET,19044.8,18956.8,22.0,29.700000000000728,True,3.0,69.20000000000073,1.0,88.0,66.0,261.52,260.52,259.52,2.9718181818181817,2.9604545454545454,2.9490909090909088,True
2024-06-25 15:35:00-04:00,2024-06-25 16:00:00-04:00,2024-06-25,H1_MOMENTUM,1,19172.2,19166.4,TIME_EOD,19150.2,19238.2,22.0,26.100000000002183,True,3.0,13.399999999997817,19.400000000001455,88.0,-5.799999999999272,-25.67999999999709,-27.67999999999709,-29.67999999999709,-0.2918181818181487,-0.3145454545454215,-0.3372727272726942,True
2024-06-26 11:05:00-04:00,2024-06-26 11:05:00-04:00,2024-06-26,PDH_SWEEP,-1,19182.2,19164.7,TARGET,19192.2,19164.7,10.0,7.899999999997817,True,1.75,22.0,0.0,40.0,17.5,67.52,66.52,65.52,1.688,1.6629999999999998,1.638,True
2024-06-26 15:30:00-04:00,2024-06-26 15:55:00-04:00,2024-06-26,H1_MOMENTUM,1,19171.6,19216.4,TIME_EOD,19149.6,19237.6,22.0,25.69999999999709,True,3.0,64.40000000000146,0.0,88.0,44.80000000000291,176.72000000001165,174.72000000001165,172.72000000001165,2.0081818181819506,1.985454545454678,1.9627272727274052,True
2024-06-27 11:30:00-04:00,2024-06-27 12:05:00-04:00,2024-06-27,PDH_SWEEP,-1,19201.6,19223.6,STOP,19223.6,19163.1,22.0,36.900000000001455,True,1.75,28.399999999997817,26.400000000001455,88.0,-22.0,-90.48,-92.48,-94.48,-1.0281818181818183,-1.050909090909091,-1.0736363636363637,True
2024-06-27 15:30:00-04:00,2024-06-27 15:45:00-04:00,2024-06-27,H1_MOMENTUM,1,19264.8,19252.3,STOP,19252.3,19302.3,12.5,12.5,False,3.0,1.6000000000021828,26.399999999997817,50.0,-12.5,-52.48,-54.48,-56.48,-1.0495999999999999,-1.0896,-1.1296,True
2024-06-28 15:30:00-04:00,2024-06-28 15:30:00-04:00,2024-06-28,H1_MOMENTUM,1,19215.6,19205.6,STOP,19205.6,19245.6,10.0,-1.9000000000014552,True,3.0,0.0,71.19999999999709,40.0,-10.0,-42.48,-44.48,-46.48,-1.0619999999999998,-1.1119999999999999,-1.162,True
2024-07-01 15:30:00-04:00,2024-07-01 15:35:00-04:00,2024-07-01,H1_MOMENTUM,-1,19238.4,19260.4,STOP,19260.4,19172.4,22.0,31.5,True,3.0,5.600000000002183,22.399999999997817,88.0,-22.0,-90.48,-92.48,-94.48,-1.0281818181818183,-1.050909090909091,-1.0736363636363637,True
2024-07-02 15:35:00-04:00,2024-07-02 15:50:00-04:00,2024-07-02,H1_MOMENTUM,1,19449.8,19432.8,STOP,19435.7,19492.099999999995,14.099999999998545,14.099999999998545,False,3.0,9.799999999999272,17.0,56.39999999999418,-17.0,-70.48,-72.48,-74.48,-1.2496453900710511,-1.285106382978856,-1.3205673758866612,True
2024-07-05 15:30:00-04:00,2024-07-05 15:55:00-04:00,2024-07-05,H1_MOMENTUM,1,19845.0,19849.2,TIME_EOD,19834.7,19875.899999999998,10.299999999999272,10.299999999999272,False,3.0,18.799999999999272,3.400000000001455,41.19999999999709,4.200000000000728,14.32000000000291,12.32000000000291,10.32000000000291,0.34757281553407576,0.299029126213684,0.2504854368932922,True
2024-07-08 09:55:00-04:00,2024-07-08 11:20:00-04:00,2024-07-08,PDH_SWEEP,-1,19855.8,19877.8,STOP,19877.8,19817.3,22.0,22.700000000000728,True,1.75,30.200000000000728,37.79999999999927,88.0,-22.0,-90.48,-92.48,-94.48,-1.0281818181818183,-1.050909090909091,-1.0736363636363637,True
2024-07-08 15:30:00-04:00,2024-07-08 15:50:00-04:00,2024-07-08,H1_MOMENTUM,1,19853.0,19883.0,TARGET,19843.0,19883.0,10.0,2.900000000001455,True,3.0,42.599999999998545,2.2000000000007276,40.0,30.0,117.52,116.52,115.52,2.9379999999999997,2.913,2.888,True
2024-07-09 15:30:00-04:00,2024-07-09 15:55:00-04:00,2024-07-09,H1_MOMENTUM,1,19892.0,19912.8,TIME_EOD,19882.0,19922.0,10.0,4.5,True,3.0,24.400000000001455,2.0,40.0,20.799999999999272,80.71999999999709,78.71999999999709,76.71999999999709,2.017999999999927,1.9679999999999271,1.917999999999927,True
2024-07-10 15:30:00-04:00,2024-07-10 15:50:00-04:00,2024-07-10,H1_MOMENTUM,1,20094.0,20137.5,TARGET,20079.5,20137.5,14.5,14.5,False,3.0,44.79999999999927,2.7999999999992724,58.0,43.5,171.52,170.52,169.52,2.957241379310345,2.9400000000000004,2.922758620689655,True
2024-07-11 15:30:00-04:00,2024-07-11 15:35:00-04:00,2024-07-11,H1_MOMENTUM,-1,19690.8,19712.8,STOP,19712.8,19624.8,22.0,49.70000000000073,True,3.0,2.399999999997817,45.20000000000073,88.0,-22.0,-90.48,-92.48,-94.48,-1.0281818181818183,-1.050909090909091,-1.0736363636363637,True
2024-07-12 15:30:00-04:00,2024-07-12 15:30:00-04:00,2024-07-12,H1_MOMENTUM,1,19919.2,19909.2,STOP,19909.2,19949.2,10.0,8.5,True,3.0,2.0,55.60000000000218,40.0,-10.0,-42.48,-44.48,-46.48,-1.0619999999999998,-1.1119999999999999,-1.162,True
2024-07-15 15:35:00-04:00,2024-07-15 15:35:00-04:00,2024-07-15,H1_MOMENTUM,1,19873.6,19862.7,STOP,19862.7,19906.299999999992,10.899999999997817,10.899999999997817,False,3.0,4.80000000000291,33.599999999998545,43.59999999999127,-10.899999999997817,-46.079999999991266,-48.079999999991266,-50.079999999991266,-1.0568807339449655,-1.102752293578002,-1.1486238532110389,True
2024-07-16 15:30:00-04:00,2024-07-16 15:50:00-04:00,2024-07-16,H1_MOMENTUM,-1,19829.8,19847.3,STOP,19847.3,19777.3,17.5,17.5,False,3.0,9.0,29.400000000001455,70.0,-17.5,-72.48,-74.48,-76.48,-1.0354285714285716,-1.064,-1.0925714285714285,True
2024-07-17 15:30:00-04:00,2024-07-17 15:30:00-04:00,2024-07-17,H1_MOMENTUM,-1,19333.6,19343.6,STOP,19343.6,19303.6,10.0,5.100000000002183,True,3.0,11.599999999998545,11.600000000002183,40.0,-10.0,-42.48,-44.48,-46.48,-1.0619999999999998,-1.1119999999999999,-1.162,True
2024-07-18 15:30:00-04:00,2024-07-18 15:40:00-04:00,2024-07-18,H1_MOMENTUM,1,19108.4,19174.4,TARGET,19086.4,19174.4,22.0,56.70000000000073,True,3.0,94.39999999999782,3.600000000002183,88.0,66.0,261.52,260.52,259.52,2.9718181818181817,2.9604545454545454,2.9490909090909088,True
2024-07-19 15:30:00-04:00,2024-07-19 15:30:00-04:00,2024-07-19,H1_MOMENTUM,1,19066.4,19044.4,STOP,19044.4,19132.4,22.0,44.70000000000073,True,3.0,0.0,40.0,88.0,-22.0,-90.48,-92.48,-94.48,-1.0281818181818183,-1.050909090909091,-1.0736363636363637,True
2024-07-22 10:05:00-04:00,2024-07-22 10:15:00-04:00,2024-07-22,PDH_SWEEP,-1,19222.4,19244.4,STOP,19244.4,19183.9,22.0,47.69999999999709,True,1.75,30.80000000000291,35.79999999999927,88.0,-22.0,-90.48,-92.48,-94.48,-1.0281818181818183,-1.050909090909091,-1.0736363636363637,True
2024-07-22 15:30:00-04:00,2024-07-22 15:55:00-04:00,2024-07-22,H1_MOMENTUM,1,19288.2,19288.0,TIME_EOD,19276.3,19323.900000000005,11.900000000001455,11.900000000001455,False,3.0,35.0,9.400000000001455,47.60000000000582,-0.2000000000007276,-3.2800000000029104,-5.280000000002911,-7.280000000002911,-0.0689075630252628,-0.11092436974794674,-0.15294117647063069,True
2024-07-23 15:30:00-04:00,2024-07-23 15:35:00-04:00,2024-07-23,H1_MOMENTUM,1,19281.2,19269.5,STOP,19269.5,19316.300000000003,11.700000000000728,11.700000000000728,False,3.0,1.2000000000007276,17.200000000000728,46.80000000000291,-11.700000000000728,-49.28000000000291,-51.28000000000291,-53.28000000000291,-1.0529914529914497,-1.0957264957264896,-1.1384615384615298,True
2024-07-24 15:30:00-04:00,2024-07-24 15:30:00-04:00,2024-07-24,H1_MOMENTUM,-1,18548.6,18570.6,STOP,18570.6,18482.6,22.0,35.10000000000218,True,3.0,0.0,51.400000000001455,88.0,-22.0,-90.48,-92.48,-94.48,-1.0281818181818183,-1.050909090909091,-1.0736363636363637,True
2024-07-25 15:30:00-04:00,2024-07-25 15:35:00-04:00,2024-07-25,H1_MOMENTUM,-1,18552.6,18490.499999999996,TARGET,18573.3,18490.499999999996,20.700000000000728,20.700000000000728,False,3.0,84.19999999999709,2.8000000000029104,82.80000000000291,62.10000000000218,245.92000000000874,244.92000000000874,243.92000000000874,2.970048309178745,2.957971014492755,2.945893719806765,True
2024-07-26 15:30:00-04:00,2024-07-26 15:30:00-04:00,2024-07-26,H1_MOMENTUM,1,18523.2,18501.2,STOP,18501.2,18589.2,22.0,71.29999999999927,True,3.0,0.0,66.0,88.0,-22.0,-90.48,-92.48,-94.48,-1.0281818181818183,-1.050909090909091,-1.0736363636363637,True
2024-07-29 15:30:00-04:00,2024-07-29 15:55:00-04:00,2024-07-29,H1_MOMENTUM,1,18588.0,18566.0,STOP,18566.0,18654.0,22.0,36.099999999998545,True,3.0,17.200000000000728,44.0,88.0,-22.0,-90.48,-92.48,-94.48,-1.0281818181818183,-1.050909090909091,-1.0736363636363637,True
2024-07-30 15:30:00-04:00,2024-07-30 15:40:00-04:00,2024-07-30,H1_MOMENTUM,1,18285.0,18267.9,STOP,18267.9,18336.299999999996,17.099999999998545,17.099999999998545,False,3.0,16.400000000001455,18.0,68.39999999999418,-17.099999999998545,-70.87999999999418,-72.87999999999418,-74.87999999999418,-1.0362573099415235,-1.0654970760233975,-1.0947368421052712,True
2024-07-31 15:30:00-04:00,2024-07-31 15:35:00-04:00,2024-07-31,H1_MOMENTUM,1,18785.6,18851.6,TARGET,18763.6,18851.6,22.0,23.299999999999272,True,3.0,69.60000000000218,17.599999999998545,88.0,66.0,261.52,260.52,259.52,2.9718181818181817,2.9604545454545454,2.9490909090909088,True
2024-08-01 15:30:00-04:00,2024-08-01 15:40:00-04:00,2024-08-01,H1_MOMENTUM,1,18348.6,18326.6,STOP,18326.6,18414.6,22.0,94.69999999999709,True,3.0,29.80000000000291,28.599999999998545,88.0,-22.0,-90.48,-92.48,-94.48,-1.0281818181818183,-1.050909090909091,-1.0736363636363637,True
2024-08-02 15:30:00-04:00,2024-08-02 15:30:00-04:00,2024-08-02,H1_MOMENTUM,-1,17961.2,17931.2,TARGET,17971.2,17931.2,10.0,-9.100000000002183,True,3.0,31.200000000000728,0.0,40.0,30.0,117.52,116.52,115.52,2.9379999999999997,2.913,2.888,True
2024-08-05 15:30:00-04:00,2024-08-05 15:30:00-04:00,2024-08-05,H1_MOMENTUM,-1,17394.0,17404.7,STOP,17404.7,17361.899999999998,10.700000000000728,10.700000000000728,False,3.0,43.20000000000073,23.599999999998545,42.80000000000291,-10.700000000000728,-45.28000000000291,-47.28000000000291,-49.28000000000291,-1.057943925233641,-1.1046728971962545,-1.151401869158868,True
2024-08-06 15:30:00-04:00,2024-08-06 15:40:00-04:00,2024-08-06,H1_MOMENTUM,1,17742.8,17720.8,STOP,17720.8,17808.8,22.0,65.70000000000073,True,3.0,19.0,31.200000000000728,88.0,-22.0,-90.48,-92.48,-94.48,-1.0281818181818183,-1.050909090909091,-1.0736363636363637,True
2024-08-07 15:30:00-04:00,2024-08-07 15:50:00-04:00,2024-08-07,H1_MOMENTUM,1,17494.4,17472.4,STOP,17472.4,17560.4,22.0,50.5,True,3.0,32.0,86.40000000000146,88.0,-22.0,-90.48,-92.48,-94.48,-1.0281818181818183,-1.050909090909091,-1.0736363636363637,True
2024-08-08 15:30:00-04:00,2024-08-08 15:30:00-04:00,2024-08-08,H1_MOMENTUM,1,17848.0,17838.0,STOP,17838.0,17878.0,10.0,-4.900000000001455,True,3.0,10.799999999999272,24.0,40.0,-10.0,-42.48,-44.48,-46.48,-1.0619999999999998,-1.1119999999999999,-1.162,True
2024-08-09 15:30:00-04:00,2024-08-09 15:30:00-04:00,2024-08-09,H1_MOMENTUM,-1,18018.4,18034.1,STOP,18034.1,17971.30000000001,15.69999999999709,15.69999999999709,False,3.0,0.6000000000021828,19.599999999998545,62.79999999998836,-15.69999999999709,-65.27999999998836,-67.27999999998836,-69.27999999998836,-1.03949044585988,-1.0713375796178477,-1.1031847133758155,True
2024-08-12 15:30:00-04:00,2024-08-12 15:50:00-04:00,2024-08-12,H1_MOMENTUM,-1,18044.8,18001.9,TARGET,18059.1,18001.9,14.299999999999272,14.299999999999272,False,3.0,47.599999999998545,3.400000000001455,57.19999999999709,42.89999999999782,169.11999999999128,168.11999999999128,167.11999999999128,2.9566433566433545,2.939160839160836,2.9216783216783178,True
2024-08-13 15:30:00-04:00,2024-08-13 15:55:00-04:00,2024-08-13,H1_MOMENTUM,1,18463.6,18503.2,TIME_EOD,18441.6,18529.6,22.0,27.69999999999709,True,3.0,49.60000000000218,8.599999999998545,88.0,39.60000000000218,155.92000000000874,153.92000000000874,151.92000000000874,1.7718181818182812,1.7490909090910085,1.7263636363637358,True
2024-08-14 15:30:00-04:00,2024-08-14 15:40:00-04:00,2024-08-14,H1_MOMENTUM,-1,18460.8,18482.8,STOP,18482.8,18394.8,22.0,50.10000000000218,True,3.0,7.200000000000728,24.400000000001455,88.0,-22.0,-90.48,-92.48,-94.48,-1.0281818181818183,-1.050909090909091,-1.0736363636363637,True
2024-08-15 15:30:00-04:00,2024-08-15 15:50:00-04:00,2024-08-15,H1_MOMENTUM,1,18969.6,18957.0,STOP,18959.1,19001.1,10.5,10.5,False,3.0,22.400000000001455,34.79999999999927,42.0,-12.599999999998545,-52.879999999994176,-54.879999999994176,-56.879999999994176,-1.2590476190474804,-1.306666666666528,-1.3542857142855755,True
2024-08-16 15:30:00-04:00,2024-08-16 15:55:00-04:00,2024-08-16,H1_MOMENTUM,-1,18999.6,19002.4,TIME_EOD,19021.6,18933.6,22.0,22.5,True,3.0,28.0,10.0,88.0,-2.8000000000029104,-13.680000000011642,-15.680000000011642,-17.680000000011642,-0.15545454545467774,-0.17818181818195047,-0.2009090909092232,True
2024-08-19 15:30:00-04:00,2024-08-19 15:50:00-04:00,2024-08-19,H1_MOMENTUM,-1,19179.2,19189.2,STOP,19189.2,19149.2,10.0,1.7000000000007276,True,3.0,16.0,53.599999999998545,40.0,-10.0,-42.48,-44.48,-46.48,-1.0619999999999998,-1.1119999999999999,-1.162,True
2024-08-20 15:30:00-04:00,2024-08-20 15:55:00-04:00,2024-08-20,H1_MOMENTUM,1,19223.2,19213.2,STOP,19213.2,19253.2,10.0,3.2999999999992724,True,3.0,28.399999999997817,20.799999999999272,40.0,-10.0,-42.48,-44.48,-46.48,-1.0619999999999998,-1.1119999999999999,-1.162,True
2024-08-21 15:35:00-04:00,2024-08-22 09:30:00-04:00,2024-08-21,H1_MOMENTUM,1,19270.8,19336.8,TARGET,19248.8,19336.8,22.0,32.5,True,3.0,149.20000000000073,11.799999999999272,88.0,66.0,261.52,260.52,259.52,2.9718181818181817,2.9604545454545454,2.9490909090909088,True
2024-08-22 15:30:00-04:00,2024-08-22 15:30:00-04:00,2024-08-22,H1_MOMENTUM,1,18991.6,18981.6,STOP,18981.6,19021.6,10.0,1.2999999999992724,True,3.0,15.200000000000728,11.599999999998545,40.0,-10.0,-42.48,-44.48,-46.48,-1.0619999999999998,-1.1119999999999999,-1.162,True
2024-08-23 15:30:00-04:00,2024-08-23 15:35:00-04:00,2024-08-23,H1_MOMENTUM,1,19212.0,19188.8,STOP,19190.0,19278.0,22.0,91.70000000000073,True,3.0,0.0,38.79999999999927,88.0,-23.200000000000728,-95.28000000000291,-97.28000000000291,-99.28000000000291,-1.0827272727273058,-1.1054545454545786,-1.1281818181818513,True
2024-08-26 15:30:00-04:00,2024-08-26 15:55:00-04:00,2024-08-26,H1_MOMENTUM,-1,19002.8,19014.4,TIME_EOD,19024.8,18936.8,22.0,39.29999999999927,True,3.0,22.799999999999272,15.600000000002183,88.0,-11.600000000002183,-48.88000000000873,-50.88000000000873,-52.88000000000873,-0.5554545454546447,-0.5781818181819174,-0.6009090909091901,True
2024-08-27 15:30:00-04:00,2024-08-27 15:40:00-04:00,2024-08-27,H1_MOMENTUM,-1,19060.4,19079.3,STOP,19079.3,19003.700000000008,18.899999999997817,18.899999999997817,False,3.0,0.2000000000007276,19.0,75.59999999999127,-18.899999999997817,-78.07999999999127,-80.07999999999127,-82.07999999999127,-1.0328042328042366,-1.0592592592592662,-1.0857142857142956,True
2024-08-28 15:30:00-04:00,2024-08-28 15:45:00-04:00,2024-08-28,H1_MOMENTUM,-1,18886.4,18896.4,STOP,18896.4,18856.4,10.0,6.299999999999272,True,3.0,18.400000000001455,15.599999999998545,40.0,-10.0,-42.48,-44.48,-46.48,-1.0619999999999998,-1.1119999999999999,-1.162,True
2024-08-29 15:30:00-04:00,2024-08-29 15:50:00-04:00,2024-08-29,H1_MOMENTUM,1,18841.4,18819.4,STOP,18819.4,18907.4,22.0,62.30000000000291,True,3.0,53.79999999999927,36.60000000000218,88.0,-22.0,-90.48,-92.48,-94.48,-1.0281818181818183,-1.050909090909091,-1.0736363636363637,True
2024-08-30 15:35:00-04:00,2024-08-30 15:50:00-04:00,2024-08-30,H1_MOMENTUM,1,18982.0,19048.0,TARGET,18960.0,19048.0,22.0,42.099999999998545,True,3.0,66.79999999999927,15.599999999998545,88.0,66.0,261.52,260.52,259.52,2.9718181818181817,2.9604545454545454,2.9490909090909088,True
2024-09-03 15:30:00-04:00,2024-09-03 15:40:00-04:00,2024-09-03,H1_MOMENTUM,-1,18501.6,18435.6,TARGET,18523.6,18435.6,22.0,29.30000000000291,True,3.0,80.79999999999927,0.0,88.0,66.0,261.52,260.52,259.52,2.9718181818181817,2.9604545454545454,2.9490909090909088,True
2024-09-04 15:30:00-04:00,2024-09-04 15:40:00-04:00,2024-09-04,H1_MOMENTUM,-1,18428.0,18438.0,STOP,18438.0,18398.0,10.0,6.900000000001455,True,3.0,8.0,30.400000000001455,40.0,-10.0,-42.48,-44.48,-46.48,-1.0619999999999998,-1.1119999999999999,-1.162,True
2024-09-05 15:30:00-04:00,2024-09-05 15:40:00-04:00,2024-09-05,H1_MOMENTUM,1,18433.2,18411.2,STOP,18411.2,18499.2,22.0,53.70000000000073,True,3.0,31.200000000000728,38.79999999999927,88.0,-22.0,-90.48,-92.48,-94.48,-1.0281818181818183,-1.050909090909091,-1.0736363636363637,True
2024-09-06 15:30:00-04:00,2024-09-06 15:55:00-04:00,2024-09-06,H1_MOMENTUM,-1,18001.6,17935.6,TARGET,18023.6,17935.6,22.0,25.30000000000291,True,3.0,67.19999999999709,20.0,88.0,66.0,261.52,260.52,259.52,2.9718181818181817,2.9604545454545454,2.9490909090909088,True
2024-09-09 15:30:00-04:00,2024-09-09 15:50:00-04:00,2024-09-09,H1_MOMENTUM,1,18138.8,18116.8,STOP,18116.8,18204.8,22.0,59.70000000000073,True,3.0,21.200000000000728,24.0,88.0,-22.0,-90.48,-92.48,-94.48,-1.0281818181818183,-1.050909090909091,-1.0736363636363637,True
2024-09-10 10:20:00-04:00,2024-09-10 10:20:00-04:00,2024-09-10,PDH_SWEEP,-1,18225.0,18207.5,TARGET,18235.0,18207.5,10.0,1.9000000000014552,True,1.75,23.799999999999272,2.400000000001455,40.0,17.5,67.52,66.52,65.52,1.688,1.6629999999999998,1.638,True
2024-09-10 15:30:00-04:00,2024-09-10 15:55:00-04:00,2024-09-10,H1_MOMENTUM,1,18345.6,18353.2,TIME_EOD,18323.6,18411.6,22.0,36.5,True,3.0,20.400000000001455,15.19999999999709,88.0,7.600000000002183,27.92000000000873,25.92000000000873,23.92000000000873,0.31727272727282646,0.29454545454555375,0.27181818181828105,True
2024-09-11 15:30:00-04:00,2024-09-11 15:40:00-04:00,2024-09-11,H1_MOMENTUM,-1,18683.0,18653.0,TARGET,18693.0,18653.0,10.0,1.2999999999992724,True,3.0,34.20000000000073,8.200000000000728,40.0,30.0,117.52,116.52,115.52,2.9379999999999997,2.913,2.888,True
2024-09-12 15:30:00-04:00,2024-09-12 15:45:00-04:00,2024-09-12,H1_MOMENTUM,1,18918.4,18908.3,STOP,18908.3,18948.700000000008,10.100000000002183,10.100000000002183,False,3.0,24.799999999999272,18.80000000000291,40.40000000000873,-10.100000000002183,-42.88000000000873,-44.88000000000873,-46.88000000000873,-1.0613861386138481,-1.1108910891088868,-1.1603960396039257,True
2024-09-13 10:00:00-04:00,2024-09-13 10:00:00-04:00,2024-09-13,PDH_SWEEP,-1,18971.6,18981.6,STOP,18981.6,18954.1,10.0,-7.899999999997817,True,1.75,48.0,15.200000000000728,40.0,-10.0,-42.48,-44.48,-46.48,-1.0619999999999998,-1.1119999999999999,-1.162,True
2024-09-13 15:30:00-04:00,2024-09-13 15:55:00-04:00,2024-09-13,H1_MOMENTUM,1,19015.2,19010.0,TIME_EOD,18993.2,19081.2,22.0,34.10000000000218,True,3.0,20.799999999999272,18.0,88.0,-5.200000000000728,-23.28000000000291,-25.28000000000291,-27.28000000000291,-0.2645454545454876,-0.2872727272727604,-0.3100000000000331,True
2024-09-16 15:30:00-04:00,2024-09-16 15:35:00-04:00,2024-09-16,H1_MOMENTUM,-1,18906.0,18925.7,STOP,18925.7,18846.899999999998,19.700000000000728,19.700000000000728,False,3.0,2.0,23.599999999998545,78.80000000000291,-19.700000000000728,-81.28000000000291,-83.28000000000291,-85.28000000000291,-1.031472081218273,-1.0568527918781705,-1.082233502538068,True
2024-09-17 12:25:00-04:00,2024-09-17 12:25:00-04:00,2024-09-17,PDH_SWEEP,-1,18932.0,18954.0,STOP,18954.0,18893.5,22.0,34.099999999998545,True,1.75,10.0,25.200000000000728,88.0,-22.0,-90.48,-92.48,-94.48,-1.0281818181818183,-1.050909090909091,-1.0736363636363637,True
2024-09-17 15:30:00-04:00,2024-09-17 15:55:00-04:00,2024-09-17,H1_MOMENTUM,1,18909.2,18940.0,TIME_EOD,18887.2,18975.2,22.0,26.700000000000728,True,3.0,32.0,12.200000000000728,88.0,30.799999999999272,120.71999999999709,118.71999999999709,116.71999999999709,1.3718181818181487,1.349090909090876,1.3263636363636033,True
2024-09-18 15:30:00-04:00,2024-09-18 15:30:00-04:00,2024-09-18,H1_MOMENTUM,1,19015.2,18993.2,STOP,18993.2,19081.2,22.0,153.29999999999927,True,3.0,9.200000000000728,60.400000000001455,88.0,-22.0,-90.48,-92.48,-94.48,-1.0281818181818183,-1.050909090909091,-1.0736363636363637,True
2024-09-19 15:30:00-04:00,2024-09-19 15:30:00-04:00,2024-09-19,H1_MOMENTUM,1,19358.8,19336.8,STOP,19336.8,19424.8,22.0,33.29999999999927,True,3.0,2.7999999999992724,24.0,88.0,-22.0,-90.48,-92.48,-94.48,-1.0281818181818183,-1.050909090909091,-1.0736363636363637,True
2024-09-20 15:30:00-04:00,2024-09-20 15:35:00-04:00,2024-09-20,H1_MOMENTUM,-1,19303.2,19316.1,STOP,19316.1,19264.500000000007,12.899999999997817,12.899999999997817,False,3.0,2.0,43.599999999998545,51.59999999999127,-12.899999999997817,-54.079999999991266,-56.079999999991266,-58.079999999991266,-1.048062015503884,-1.0868217054263711,-1.1255813953488585,True
2024-09-23 15:30:00-04:00,2024-09-23 15:45:00-04:00,2024-09-23,H1_MOMENTUM,1,19311.4,19301.4,STOP,19301.4,19341.4,10.0,7.30000000000291,True,3.0,14.599999999998545,10.600000000002183,40.0,-10.0,-42.48,-44.48,-46.48,-1.0619999999999998,-1.1119999999999999,-1.162,True
2024-09-24 15:30:00-04:00,2024-09-24 15:55:00-04:00,2024-09-24,H1_MOMENTUM,1,19394.2,19419.2,TIME_EOD,19384.2,19424.2,10.0,8.299999999999272,True,3.0,25.0,7.400000000001455,40.0,25.0,97.52,95.52,93.52,2.4379999999999997,2.388,2.338,True
2024-09-25 11:35:00-04:00,2024-09-25 11:35:00-04:00,2024-09-25,PDH_SWEEP,-1,19451.0,19461.0,STOP,19461.0,19433.5,10.0,3.099999999998545,True,1.75,0.0,29.400000000001455,40.0,-10.0,-42.48,-44.48,-46.48,-1.0619999999999998,-1.1119999999999999,-1.162,True
2024-09-25 15:30:00-04:00,2024-09-25 15:55:00-04:00,2024-09-25,H1_MOMENTUM,1,19421.8,19442.0,TIME_EOD,19411.8,19451.8,10.0,2.2999999999992724,True,3.0,20.600000000002183,3.0,40.0,20.200000000000728,78.3200000000029,76.3200000000029,74.3200000000029,1.9580000000000726,1.9080000000000727,1.8580000000000727,True
2024-09-26 15:30:00-04:00,2024-09-26 15:55:00-04:00,2024-09-26,H1_MOMENTUM,1,19584.6,19574.4,TIME_EOD,19562.6,19650.6,22.0,25.299999999999272,True,3.0,8.200000000000728,21.799999999999272,88.0,-10.19999999999709,-43.279999999988355,-45.279999999988355,-47.279999999988355,-0.4918181818180495,-0.5145454545453222,-0.5372727272725949,True
2024-09-30 15:35:00-04:00,2024-09-30 15:45:00-04:00,2024-09-30,H1_MOMENTUM,1,19401.6,19464.299999999992,TARGET,19380.7,19464.299999999992,20.899999999997817,20.899999999997817,False,3.0,68.0,4.599999999998545,83.59999999999127,62.69999999999345,248.31999999997382,247.31999999997382,246.31999999997382,2.9703349282296623,2.9583732057416228,2.9464114832535833,True
2024-10-01 15:30:00-04:00,2024-10-01 15:50:00-04:00,2024-10-01,H1_MOMENTUM,-1,19301.4,19235.4,TARGET,19323.4,19235.4,22.0,26.69999999999709,True,3.0,76.80000000000291,0.0,88.0,66.0,261.52,260.52,259.52,2.9718181818181817,2.9604545454545454,2.9490909090909088,True
2024-10-02 15:30:00-04:00,2024-10-02 15:45:00-04:00,2024-10-02,H1_MOMENTUM,-1,19310.8,19320.8,STOP,19320.8,19280.8,10.0,4.100000000002183,True,3.0,18.0,12.0,40.0,-10.0,-42.48,-44.48,-46.48,-1.0619999999999998,-1.1119999999999999,-1.162,True
2024-10-03 15:35:00-04:00,2024-10-03 16:00:00-04:00,2024-10-03,H1_MOMENTUM,1,19222.6,19273.2,TIME_EOD,19200.6,19288.6,22.0,30.099999999998545,True,3.0,56.20000000000073,9.799999999999272,88.0,50.60000000000218,199.92000000000874,197.92000000000874,195.92000000000874,2.271818181818281,2.2490909090910085,2.2263636363637356,True
2024-10-04 15:30:00-04:00,2024-10-04 15:55:00-04:00,2024-10-04,H1_MOMENTUM,1,19465.0,19494.8,TIME_EOD,19443.0,19531.0,22.0,34.5,True,3.0,50.20000000000073,0.0,88.0,29.799999999999272,116.71999999999709,114.71999999999709,112.71999999999709,1.3263636363636033,1.3036363636363306,1.2809090909090577,True
2024-10-07 15:35:00-04:00,2024-10-07 15:50:00-04:00,2024-10-07,H1_MOMENTUM,-1,19262.6,19284.6,STOP,19284.6,19196.6,22.0,41.30000000000291,True,3.0,26.0,47.80000000000291,88.0,-22.0,-90.48,-92.48,-94.48,-1.0281818181818183,-1.050909090909091,-1.0736363636363637,True
2024-10-08 15:30:00-04:00,2024-10-08 15:55:00-04:00,2024-10-08,H1_MOMENTUM,1,19558.6,19568.2,TIME_EOD,19536.6,19624.6,22.0,28.69999999999709,True,3.0,39.80000000000291,1.1999999999970896,88.0,9.600000000002183,35.920000000008734,33.920000000008734,31.92000000000873,0.40818181818191746,0.3854545454546447,0.36272727272737193,True
2024-10-09 15:30:00-04:00,2024-10-09 15:30:00-04:00,2024-10-09,H1_MOMENTUM,-1,19704.4,19714.4,STOP,19714.4,19674.4,10.0,7.69999999999709,True,3.0,1.6000000000021828,35.599999999998545,40.0,-10.0,-42.48,-44.48,-46.48,-1.0619999999999998,-1.1119999999999999,-1.162,True
2024-10-10 15:30:00-04:00,2024-10-10 15:50:00-04:00,2024-10-10,H1_MOMENTUM,-1,19690.2,19700.2,STOP,19700.2,19660.2,10.0,4.700000000000728,True,3.0,15.0,27.399999999997817,40.0,-10.0,-42.48,-44.48,-46.48,-1.0619999999999998,-1.1119999999999999,-1.162,True
2024-10-11 15:30:00-04:00,2024-10-11 15:55:00-04:00,2024-10-11,H1_MOMENTUM,-1,19759.6,19732.4,TIME_EOD,19775.7,19711.299999999992,16.100000000002183,16.100000000002183,False,3.0,27.19999999999709,8.80000000000291,64.40000000000873,27.19999999999709,106.31999999998835,104.31999999998835,102.31999999998835,1.650931677018229,1.619875776397115,1.5888198757760013,True
2024-10-14 15:30:00-04:00,2024-10-14 15:55:00-04:00,2024-10-14,H1_MOMENTUM,1,19915.2,19897.1,STOP,19897.1,19969.500000000007,18.100000000002183,18.100000000002183,False,3.0,27.200000000000728,23.799999999999272,72.40000000000873,-18.100000000002183,-74.88000000000874,-76.88000000000874,-78.88000000000874,-1.0342541436464048,-1.0618784530386667,-1.0895027624309286,True
2024-10-15 15:30:00-04:00,2024-10-15 15:30:00-04:00,2024-10-15,H1_MOMENTUM,1,19588.4,19566.4,STOP,19566.4,19654.4,22.0,28.900000000001455,True,3.0,4.799999999999272,27.200000000000728,88.0,-22.0,-90.48,-92.48,-94.48,-1.0281818181818183,-1.050909090909091,-1.0736363636363637,True
2024-10-16 15:30:00-04:00,2024-10-16 15:55:00-04:00,2024-10-16,H1_MOMENTUM,-1,19635.6,19636.0,TIME_EOD,19657.3,19570.499999999996,21.700000000000728,21.700000000000728,False,3.0,9.19999999999709,8.80000000000291,86.80000000000291,-0.4000000000014552,-4.080000000005821,-6.080000000005821,-8.080000000005821,-0.047004608294996364,-0.07004608294937348,-0.09308755760375058,True
2024-10-17 15:30:00-04:00,2024-10-17 15:35:00-04:00,2024-10-17,H1_MOMENTUM,1,19670.0,19660.0,STOP,19660.0,19700.0,10.0,-2.7000000000007276,True,3.0,9.599999999998545,17.599999999998545,40.0,-10.0,-42.48,-44.48,-46.48,-1.0619999999999998,-1.1119999999999999,-1.162,True
2024-10-18 15:30:00-04:00,2024-10-18 15:40:00-04:00,2024-10-18,H1_MOMENTUM,1,19784.6,19774.6,STOP,19774.6,19814.6,10.0,9.899999999997817,True,3.0,1.8000000000029104,15.799999999999272,40.0,-10.0,-42.48,-44.48,-46.48,-1.0619999999999998,-1.1119999999999999,-1.162,True
2024-10-21 15:30:00-04:00,2024-10-21 15:55:00-04:00,2024-10-21,H1_MOMENTUM,1,19771.6,19817.6,TIME_EOD,19749.6,19837.6,22.0,24.099999999998545,True,3.0,49.20000000000073,12.19999999999709,88.0,46.0,181.52,179.52,177.52,2.062727272727273,2.04,2.0172727272727276,True
2024-10-22 15:30:00-04:00,2024-10-22 15:45:00-04:00,2024-10-22,H1_MOMENTUM,-1,19852.0,19862.0,STOP,19862.0,19822.0,10.0,-4.700000000000728,True,3.0,12.400000000001455,16.400000000001455,40.0,-10.0,-42.48,-44.48,-46.48,-1.0619999999999998,-1.1119999999999999,-1.162,True
2024-10-23 15:30:00-04:00,2024-10-23 15:35:00-04:00,2024-10-23,H1_MOMENTUM,-1,19503.2,19516.1,STOP,19516.1,19464.500000000007,12.899999999997817,12.899999999997817,False,3.0,14.400000000001455,24.0,51.59999999999127,-12.899999999997817,-54.079999999991266,-56.079999999991266,-58.079999999991266,-1.048062015503884,-1.0868217054263711,-1.1255813953488585,True
2024-10-24 15:30:00-04:00,2024-10-24 15:55:00-04:00,2024-10-24,H1_MOMENTUM,1,19699.6,19692.0,TIME_EOD,19677.6,19765.6,22.0,42.5,True,3.0,19.200000000000728,12.599999999998545,88.0,-7.599999999998545,-32.879999999994176,-34.879999999994176,-36.879999999994176,-0.37363636363629743,-0.3963636363635702,-0.4190909090908429,True
2024-10-25 15:30:00-04:00,2024-10-25 15:55:00-04:00,2024-10-25,H1_MOMENTUM,1,19827.6,19810.5,STOP,19810.5,19878.899999999994,17.099999999998545,17.099999999998545,False,3.0,14.80000000000291,27.599999999998545,68.39999999999418,-17.099999999998545,-70.87999999999418,-72.87999999999418,-74.87999999999418,-1.0362573099415235,-1.0654970760233975,-1.0947368421052712,True
2024-10-28 15:30:00-04:00,2024-10-28 15:50:00-04:00,2024-10-28,H1_MOMENTUM,1,19843.2,19823.9,STOP,19823.9,19901.1,19.299999999999272,19.299999999999272,False,3.0,10.799999999999272,21.600000000002183,77.19999999999709,-19.299999999999272,-79.6799999999971,-81.6799999999971,-83.6799999999971,-1.0321243523316075,-1.0580310880829038,-1.0839378238342001,True
2024-10-29 15:30:00-04:00,2024-10-29 15:50:00-04:00,2024-10-29,H1_MOMENTUM,1,20051.8,20029.8,STOP,20029.8,20117.8,22.0,47.70000000000073,True,3.0,0.7999999999992724,33.79999999999927,88.0,-22.0,-90.48,-92.48,-94.48,-1.0281818181818183,-1.050909090909091,-1.0736363636363637,True
2024-10-30 15:35:00-04:00,2024-10-30 16:00:00-04:00,2024-10-30,H1_MOMENTUM,-1,19878.8,19812.8,TARGET,19900.8,19812.8,22.0,37.900000000001455,True,3.0,84.39999999999782,21.0,88.0,66.0,261.52,260.52,259.52,2.9718181818181817,2.9604545454545454,2.9490909090909088,True
2024-10-31 15:30:00-04:00,2024-10-31 15:45:00-04:00,2024-10-31,H1_MOMENTUM,-1,19426.4,19439.3,STOP,19439.3,19387.700000000008,12.899999999997817,12.899999999997817,False,3.0,22.80000000000291,37.599999999998545,51.59999999999127,-12.899999999997817,-54.079999999991266,-56.079999999991266,-58.079999999991266,-1.048062015503884,-1.0868217054263711,-1.1255813953488585,True
2024-11-01 15:30:00-04:00,2024-11-01 15:50:00-04:00,2024-11-01,H1_MOMENTUM,1,19505.8,19495.8,STOP,19495.8,19535.8,10.0,2.5,True,3.0,27.799999999999272,33.79999999999927,40.0,-10.0,-42.48,-44.48,-46.48,-1.0619999999999998,-1.1119999999999999,-1.162,True
2024-11-04 15:30:00-05:00,2024-11-04 15:55:00-05:00,2024-11-04,H1_MOMENTUM,-1,19468.4,19440.8,TIME_EOD,19490.4,19402.4,22.0,22.099999999998545,True,3.0,40.0,1.1999999999970896,88.0,27.600000000002183,107.92000000000873,105.92000000000873,103.92000000000873,1.2263636363637356,1.2036363636364629,1.1809090909091902,True
2024-11-05 15:30:00-05:00,2024-11-05 15:55:00-05:00,2024-11-05,H1_MOMENTUM,1,19673.2,19687.6,TIME_EOD,19651.2,19739.2,22.0,40.10000000000218,True,3.0,21.599999999998545,20.799999999999272,88.0,14.399999999997817,55.11999999999127,53.11999999999127,51.11999999999127,0.6263636363635372,0.6036363636362645,0.5809090909089917,True
2024-11-06 15:30:00-05:00,2024-11-06 15:50:00-05:00,2024-11-06,H1_MOMENTUM,1,20232.6,20210.6,STOP,20210.6,20298.6,22.0,22.899999999997817,True,3.0,23.400000000001455,25.19999999999709,88.0,-22.0,-90.48,-92.48,-94.48,-1.0281818181818183,-1.050909090909091,-1.0736363636363637,True
2024-11-07 15:30:00-05:00,2024-11-07 15:35:00-05:00,2024-11-07,H1_MOMENTUM,1,20555.4,20538.3,STOP,20538.3,20606.700000000008,17.100000000002183,17.100000000002183,False,3.0,3.599999999998545,18.200000000000728,68.40000000000873,-17.100000000002183,-70.88000000000874,-72.88000000000874,-74.88000000000874,-1.036257309941516,-1.0654970760233835,-1.094736842105251,True
2024-11-08 15:30:00-05:00,2024-11-08 15:55:00-05:00,2024-11-08,H1_MOMENTUM,1,20554.2,20566.8,TIME_EOD,20544.2,20584.2,10.0,5.100000000002183,True,3.0,12.599999999998545,9.799999999999272,40.0,12.599999999998545,47.91999999999418,45.91999999999418,43.91999999999418,1.1979999999998545,1.1479999999998545,1.0979999999998546,True
2024-11-11 15:35:00-05:00,2024-11-11 15:55:00-05:00,2024-11-11,H1_MOMENTUM,-1,20535.6,20545.6,STOP,20545.6,20505.6,10.0,-2.6999999999970896,True,3.0,9.799999999999272,20.80000000000291,40.0,-10.0,-42.48,-44.48,-46.48,-1.0619999999999998,-1.1119999999999999,-1.162,True
2024-11-12 15:30:00-05:00,2024-11-12 15:55:00-05:00,2024-11-12,H1_MOMENTUM,1,20514.0,20515.2,TIME_EOD,20504.0,20544.0,10.0,9.299999999999272,True,3.0,22.0,9.799999999999272,40.0,1.2000000000007276,2.3200000000029104,0.3200000000029104,-1.6799999999970896,0.05800000000007276,0.00800000000007276,-0.04199999999992724,True
2024-11-13 15:30:00-05:00,2024-11-13 15:35:00-05:00,2024-11-13,H1_MOMENTUM,-1,20512.4,20534.8,STOP,20534.4,20446.4,22.0,26.299999999999272,True,3.0,9.600000000002183,33.599999999998545,88.0,-22.399999999997817,-92.07999999999127,-94.07999999999127,-96.07999999999127,-1.0463636363635371,-1.0690909090908098,-1.0918181818180825,True
2024-11-14 15:30:00-05:00,2024-11-14 15:55:00-05:00,2024-11-14,H1_MOMENTUM,-1,20368.4,20350.4,TIME_EOD,20390.4,20302.4,22.0,36.89999999999782,True,3.0,56.0,0.0,88.0,18.0,69.52,67.52,65.52,0.7899999999999999,0.7672727272727272,0.7445454545454545,True
2024-11-15 15:30:00-05:00,2024-11-15 15:40:00-05:00,2024-11-15,H1_MOMENTUM,-1,19862.4,19832.4,TARGET,19872.4,19832.4,10.0,7.299999999999272,True,3.0,40.60000000000218,0.0,40.0,30.0,117.52,116.52,115.52,2.9379999999999997,2.913,2.888,True
2024-11-18 15:30:00-05:00,2024-11-18 15:35:00-05:00,2024-11-18,H1_MOMENTUM,1,20016.4,20000.7,STOP,20000.7,20063.500000000004,15.700000000000728,15.700000000000728,False,3.0,0.0,16.400000000001455,62.80000000000291,-15.700000000000728,-65.28000000000291,-67.28000000000291,-69.28000000000291,-1.0394904458598708,-1.071337579617831,-1.1031847133757915,True
2024-11-19 15:30:00-05:00,2024-11-19 15:40:00-05:00,2024-11-19,H1_MOMENTUM,-1,20118.0,20128.0,STOP,20128.0,20088.0,10.0,6.099999999998545,True,3.0,3.0,12.0,40.0,-10.0,-42.48,-44.48,-46.48,-1.0619999999999998,-1.1119999999999999,-1.162,True
2024-11-20 15:30:00-05:00,2024-11-20 15:30:00-05:00,2024-11-20,H1_MOMENTUM,-1,20044.8,20054.8,STOP,20054.8,20014.8,10.0,-9.299999999999272,True,3.0,0.0,50.400000000001455,40.0,-10.0,-42.48,-44.48,-46.48,-1.0619999999999998,-1.1119999999999999,-1.162,True
2024-11-21 15:30:00-05:00,2024-11-21 15:35:00-05:00,2024-11-21,H1_MOMENTUM,-1,20243.6,20213.6,TARGET,20253.6,20213.6,10.0,7.30000000000291,True,3.0,39.599999999998545,0.8000000000029104,40.0,30.0,117.52,116.52,115.52,2.9379999999999997,2.913,2.888,True
2024-11-22 15:30:00-05:00,2024-11-22 15:55:00-05:00,2024-11-22,H1_MOMENTUM,1,20204.8,20231.6,TIME_EOD,20189.1,20251.9,15.700000000000728,15.700000000000728,False,3.0,39.60000000000218,5.599999999998545,62.80000000000291,26.799999999999272,104.71999999999709,102.71999999999709,100.71999999999709,1.6675159235667554,1.635668789808795,1.6038216560508347,True
2024-11-25 15:40:00-05:00,2024-11-26 09:30:00-05:00,2024-11-25,H1_MOMENTUM,1,20248.2,20314.2,TARGET,20226.2,20314.2,22.0,24.299999999999272,True,3.0,128.59999999999854,5.799999999999272,88.0,66.0,261.52,260.52,259.52,2.9718181818181817,2.9604545454545454,2.9490909090909088,True
2024-11-26 15:30:00-05:00,2024-11-26 15:55:00-05:00,2024-11-26,H1_MOMENTUM,1,20337.6,20373.2,TIME_EOD,20315.6,20403.6,22.0,25.299999999999272,True,3.0,50.0,6.599999999998545,88.0,35.60000000000218,139.92000000000874,137.92000000000874,135.92000000000874,1.5900000000000993,1.5672727272728266,1.544545454545554,True
2024-11-27 15:30:00-05:00,2024-11-27 15:55:00-05:00,2024-11-27,H1_MOMENTUM,-1,20196.0,20210.8,TIME_EOD,20218.0,20130.0,22.0,30.099999999998545,True,3.0,22.799999999999272,14.799999999999272,88.0,-14.799999999999272,-61.67999999999709,-63.67999999999709,-65.6799999999971,-0.7009090909090578,-0.7236363636363305,-0.7463636363636034,True
2024-12-02 15:35:00-05:00,2024-12-02 15:50:00-05:00,2024-12-02,H1_MOMENTUM,1,20630.6,20608.6,STOP,20608.6,20696.6,22.0,32.69999999999709,True,3.0,2.600000000002183,23.0,88.0,-22.0,-90.48,-92.48,-94.48,-1.0281818181818183,-1.050909090909091,-1.0736363636363637,True
2024-12-03 15:30:00-05:00,2024-12-03 15:50:00-05:00,2024-12-03,H1_MOMENTUM,-1,20651.4,20661.7,STOP,20661.7,20620.500000000004,10.299999999999272,10.299999999999272,False,3.0,14.600000000002183,14.19999999999709,41.19999999999709,-10.299999999999272,-43.67999999999709,-45.67999999999709,-47.67999999999709,-1.0601941747572858,-1.1087378640776775,-1.1572815533980694,True
2024-12-04 15:30:00-05:00,2024-12-04 15:55:00-05:00,2024-12-04,H1_MOMENTUM,1,20910.4,20929.6,TIME_EOD,20899.9,20941.9,10.5,10.5,False,3.0,30.0,0.4000000000014552,42.0,19.19999999999709,74.31999999998835,72.31999999998835,70.31999999998835,1.7695238095235322,1.7219047619044847,1.674285714285437,True
2024-12-05 15:40:00-05:00,2024-12-06 09:30:00-05:00,2024-12-05,H1_MOMENTUM,-1,20876.8,20901.6,STOP,20898.8,20810.8,22.0,26.900000000001455,True,3.0,22.0,60.0,88.0,-24.799999999999272,-101.6799999999971,-103.6799999999971,-105.6799999999971,-1.1554545454545124,-1.1781818181817851,-1.2009090909090578,True
2024-12-06 15:35:00-05:00,2024-12-06 16:00:00-05:00,2024-12-06,H1_MOMENTUM,1,21051.2,21047.2,TIME_EOD,21035.9,21097.1,15.299999999999272,15.299999999999272,False,3.0,13.599999999998545,6.400000000001455,61.19999999999709,-4.0,-18.48,-20.48,-22.48,-0.30196078431373985,-0.3346405228758329,-0.36732026143792595,True
2024-12-09 15:30:00-05:00,2024-12-09 15:50:00-05:00,2024-12-09,H1_MOMENTUM,-1,20859.6,20881.6,STOP,20881.6,20793.6,22.0,24.5,True,3.0,4.599999999998545,30.400000000001455,88.0,-22.0,-90.48,-92.48,-94.48,-1.0281818181818183,-1.050909090909091,-1.0736363636363637,True
2024-12-10 15:30:00-05:00,2024-12-10 15:30:00-05:00,2024-12-10,H1_MOMENTUM,1,20785.2,20775.2,STOP,20775.2,20815.2,10.0,2.100000000002183,True,3.0,0.3999999999978172,15.600000000002183,40.0,-10.0,-42.48,-44.48,-46.48,-1.0619999999999998,-1.1119999999999999,-1.162,True
2024-12-11 15:30:00-05:00,2024-12-11 15:50:00-05:00,2024-12-11,H1_MOMENTUM,1,21218.0,21200.7,STOP,21200.7,21269.899999999998,17.299999999999272,17.299999999999272,False,3.0,1.2000000000007276,21.200000000000728,69.19999999999709,-17.299999999999272,-71.6799999999971,-73.6799999999971,-75.6799999999971,-1.0358381502890188,-1.0647398843930664,-1.0936416184971138,True
2024-12-12 15:35:00-05:00,2024-12-12 16:00:00-05:00,2024-12-12,H1_MOMENTUM,-1,21080.8,21048.8,TIME_EOD,21102.5,21015.699999999997,21.700000000000728,21.700000000000728,False,3.0,32.0,18.400000000001455,86.80000000000291,32.0,125.52,123.52,121.52,1.4460829493087073,1.42304147465433,1.399999999999953,True
2024-12-13 15:45:00-05:00,2024-12-16 09:30:00-05:00,2024-12-13,H1_MOMENTUM,1,21223.2,21289.2,TARGET,21201.2,21289.2,22.0,24.700000000000728,True,3.0,136.39999999999782,10.600000000002183,88.0,66.0,261.52,260.52,259.52,2.9718181818181817,2.9604545454545454,2.9490909090909088,True
2024-12-16 15:30:00-05:00,2024-12-16 15:30:00-05:00,2024-12-16,H1_MOMENTUM,1,21559.0,21541.1,STOP,21541.1,21612.700000000004,17.900000000001455,17.900000000001455,False,3.0,0.2000000000007276,18.200000000000728,71.60000000000582,-17.900000000001455,-74.08000000000582,-76.08000000000582,-78.08000000000582,-1.0346368715083771,-1.0625698324022297,-1.090502793296082,True
2024-12-17 15:30:00-05:00,2024-12-17 15:35:00-05:00,2024-12-17,H1_MOMENTUM,-1,21393.6,21408.3,STOP,21408.3,21349.499999999996,14.700000000000728,14.700000000000728,False,3.0,8.799999999999272,14.80000000000291,58.80000000000291,-14.700000000000728,-61.28000000000291,-63.28000000000291,-65.28000000000291,-1.0421768707482972,-1.0761904761904724,-1.1102040816326477,True
2024-12-18 15:30:00-05:00,2024-12-18 15:30:00-05:00,2024-12-18,H1_MOMENTUM,1,20879.8,20869.1,STOP,20869.1,20911.9,10.700000000000728,10.700000000000728,False,3.0,41.79999999999927,47.79999999999927,42.80000000000291,-10.700000000000728,-45.28000000000291,-47.28000000000291,-49.28000000000291,-1.057943925233641,-1.1046728971962545,-1.151401869158868,True
2024-12-19 15:30:00-05:00,2024-12-19 15:30:00-05:00,2024-12-19,H1_MOMENTUM,1,20677.2,20655.2,STOP,20655.2,20743.2,22.0,56.10000000000218,True,3.0,11.799999999999272,51.60000000000218,88.0,-22.0,-90.48,-92.48,-94.48,-1.0281818181818183,-1.050909090909091,-1.0736363636363637,True
2024-12-20 15:30:00-05:00,2024-12-20 15:30:00-05:00,2024-12-20,H1_MOMENTUM,-1,20842.0,20776.0,TARGET,20864.0,20776.0,22.0,50.900000000001455,True,3.0,88.79999999999927,0.0,88.0,66.0,261.52,260.52,259.52,2.9718181818181817,2.9604545454545454,2.9490909090909088,True
2024-12-26 15:40:00-05:00,2024-12-26 15:45:00-05:00,2024-12-26,H1_MOMENTUM,-1,21220.0,21230.0,STOP,21230.0,21190.0,10.0,8.5,True,3.0,0.0,13.599999999998545,40.0,-10.0,-42.48,-44.48,-46.48,-1.0619999999999998,-1.1119999999999999,-1.162,True
2024-12-27 15:30:00-05:00,2024-12-27 15:50:00-05:00,2024-12-27,H1_MOMENTUM,-1,20846.8,20868.8,STOP,20868.8,20780.8,22.0,53.900000000001455,True,3.0,34.79999999999927,62.400000000001455,88.0,-22.0,-90.48,-92.48,-94.48,-1.0281818181818183,-1.050909090909091,-1.0736363636363637,True
2024-12-30 15:30:00-05:00,2024-12-30 15:50:00-05:00,2024-12-30,H1_MOMENTUM,-1,20680.4,20702.4,STOP,20702.4,20614.4,22.0,64.5,True,3.0,9.600000000002183,22.399999999997817,88.0,-22.0,-90.48,-92.48,-94.48,-1.0281818181818183,-1.050909090909091,-1.0736363636363637,True
2024-12-31 15:30:00-05:00,2024-12-31 15:30:00-05:00,2024-12-31,H1_MOMENTUM,1,20531.2,20509.2,STOP,20509.2,20597.2,22.0,86.90000000000146,True,3.0,5.200000000000728,34.0,88.0,-22.0,-90.48,-92.48,-94.48,-1.0281818181818183,-1.050909090909091,-1.0736363636363637,True
2025-01-02 15:30:00-05:00,2025-01-02 15:35:00-05:00,2025-01-02,H1_MOMENTUM,1,20392.0,20370.0,STOP,20370.0,20458.0,22.0,82.09999999999854,True,3.0,37.0,28.0,88.0,-22.0,-90.48,-92.48,-94.48,-1.0281818181818183,-1.050909090909091,-1.0736363636363637,True
2025-01-03 15:30:00-05:00,2025-01-03 15:30:00-05:00,2025-01-03,H1_MOMENTUM,1,20744.4,20734.4,STOP,20734.4,20774.4,10.0,8.100000000002183,True,3.0,1.1999999999970896,12.400000000001455,40.0,-10.0,-42.48,-44.48,-46.48,-1.0619999999999998,-1.1119999999999999,-1.162,True
2025-01-06 15:30:00-05:00,2025-01-06 15:45:00-05:00,2025-01-06,H1_MOMENTUM,1,20960.4,20938.4,STOP,20938.4,21026.4,22.0,78.90000000000146,True,3.0,16.0,49.60000000000218,88.0,-22.0,-90.48,-92.48,-94.48,-1.0281818181818183,-1.050909090909091,-1.0736363636363637,True
2025-01-07 15:30:00-05:00,2025-01-07 15:55:00-05:00,2025-01-07,H1_MOMENTUM,-1,20587.6,20609.6,STOP,20609.6,20521.6,22.0,80.10000000000218,True,3.0,55.19999999999709,30.400000000001455,88.0,-22.0,-90.48,-92.48,-94.48,-1.0281818181818183,-1.050909090909091,-1.0736363636363637,True
2025-01-08 15:30:00-05:00,2025-01-08 15:35:00-05:00,2025-01-08,H1_MOMENTUM,-1,20602.0,20572.0,TARGET,20612.0,20572.0,10.0,4.900000000001455,True,3.0,37.599999999998545,4.400000000001455,40.0,30.0,117.52,116.52,115.52,2.9379999999999997,2.913,2.888,True
2025-01-10 15:30:00-05:00,2025-01-10 15:35:00-05:00,2025-01-10,H1_MOMENTUM,-1,20283.2,20305.2,STOP,20305.2,20217.2,22.0,82.09999999999854,True,3.0,24.0,26.200000000000728,88.0,-22.0,-90.48,-92.48,-94.48,-1.0281818181818183,-1.050909090909091,-1.0736363636363637,True
2025-01-13 15:30:00-05:00,2025-01-13 15:50:00-05:00,2025-01-13,H1_MOMENTUM,-1,20164.4,20188.8,STOP,20186.4,20098.4,22.0,35.29999999999927,True,3.0,7.200000000000728,47.19999999999709,88.0,-24.399999999997817,-100.07999999999127,-102.07999999999127,-104.07999999999127,-1.1372727272726282,-1.1599999999999009,-1.1827272727271736,True
2025-01-14 15:30:00-05:00,2025-01-14 15:30:00-05:00,2025-01-14,H1_MOMENTUM,1,20133.2,20111.2,STOP,20111.2,20199.2,22.0,68.10000000000218,True,3.0,5.200000000000728,30.400000000001455,88.0,-22.0,-90.48,-92.48,-94.48,-1.0281818181818183,-1.050909090909091,-1.0736363636363637,True
2025-01-15 15:30:00-05:00,2025-01-15 15:40:00-05:00,2025-01-15,H1_MOMENTUM,1,20701.2,20679.2,STOP,20679.2,20767.2,22.0,24.100000000002183,True,3.0,6.200000000000728,23.200000000000728,88.0,-22.0,-90.48,-92.48,-94.48,-1.0281818181818183,-1.050909090909091,-1.0736363636363637,True
2025-01-16 15:35:00-05:00,2025-01-16 15:55:00-05:00,2025-01-16,H1_MOMENTUM,-1,20598.4,20532.4,TARGET,20620.4,20532.4,22.0,62.69999999999709,True,3.0,78.0,14.599999999998545,88.0,66.0,261.52,260.52,259.52,2.9718181818181817,2.9604545454545454,2.9490909090909088,True
2025-01-17 15:30:00-05:00,2025-01-17 15:55:00-05:00,2025-01-17,H1_MOMENTUM,1,20872.2,20858.3,STOP,20858.3,20913.900000000005,13.900000000001455,13.900000000001455,False,3.0,33.0,21.400000000001455,55.60000000000582,-13.900000000001455,-58.08000000000582,-60.08000000000582,-62.08000000000582,-1.0446043165467578,-1.0805755395683367,-1.1165467625899157,True
2025-01-21 15:30:00-05:00,2025-01-21 15:35:00-05:00,2025-01-21,H1_MOMENTUM,1,21012.8,20990.8,STOP,20990.8,21078.8,22.0,23.899999999997817,True,3.0,10.400000000001455,24.0,88.0,-22.0,-90.48,-92.48,-94.48,-1.0281818181818183,-1.050909090909091,-1.0736363636363637,True
2025-01-22 15:35:00-05:00,2025-01-22 15:35:00-05:00,2025-01-22,H1_MOMENTUM,1,21288.8,21276.1,STOP,21276.1,21326.9,12.700000000000728,12.700000000000728,False,3.0,0.0,22.0,50.80000000000291,-12.700000000000728,-53.28000000000291,-55.28000000000291,-57.28000000000291,-1.0488188976377923,-1.0881889763779475,-1.127559055118103,True
2025-01-23 15:30:00-05:00,2025-01-23 15:45:00-05:00,2025-01-23,H1_MOMENTUM,-1,21235.6,21246.1,STOP,21246.1,21204.1,10.5,10.5,False,3.0,8.0,11.200000000000728,42.0,-10.5,-44.48,-46.48,-48.48,-1.059047619047619,-1.1066666666666667,-1.1542857142857141,True
2025-01-24 15:35:00-05:00,2025-01-24 16:00:00-05:00,2025-01-24,H1_MOMENTUM,1,21156.0,21194.0,TIME_EOD,21139.1,21206.700000000004,16.900000000001455,16.900000000001455,False,3.0,39.79999999999927,15.200000000000728,67.60000000000582,38.0,149.52,147.52,145.52,2.211834319526437,2.1822485207098716,2.152662721893306,True
2025-01-27 15:30:00-05:00,2025-01-27 15:35:00-05:00,2025-01-27,H1_MOMENTUM,-1,20493.2,20512.1,STOP,20512.1,20436.500000000007,18.899999999997817,18.899999999997817,False,3.0,12.799999999999272,29.200000000000728,75.59999999999127,-18.899999999997817,-78.07999999999127,-80.07999999999127,-82.07999999999127,-1.0328042328042366,-1.0592592592592662,-1.0857142857142956,True
2025-01-28 15:30:00-05:00,2025-01-28 15:45:00-05:00,2025-01-28,H1_MOMENTUM,-1,20908.4,20878.4,TARGET,20918.4,20878.4,10.0,8.899999999997817,True,3.0,38.400000000001455,7.599999999998545,40.0,30.0,117.52,116.52,115.52,2.9379999999999997,2.913,2.888,True
2025-01-29 15:40:00-05:00,2025-01-29 15:55:00-05:00,2025-01-29,H1_MOMENTUM,-1,20828.8,20850.8,STOP,20850.8,20762.8,22.0,63.5,True,3.0,40.79999999999927,24.400000000001455,88.0,-22.0,-90.48,-92.48,-94.48,-1.0281818181818183,-1.050909090909091,-1.0736363636363637,True
2025-01-30 10:20:00-05:00,2025-01-30 10:25:00-05:00,2025-01-30,PDH_SWEEP,-1,20879.2,20840.7,TARGET,20901.2,20840.7,22.0,24.5,True,1.75,48.0,17.200000000000728,88.0,38.5,151.52,150.52,149.52,1.721818181818182,1.7104545454545457,1.6990909090909092,True
2025-01-30 15:35:00-05:00,2025-01-30 15:35:00-05:00,2025-01-30,H1_MOMENTUM,1,20984.8,20962.8,STOP,20962.8,21050.8,22.0,27.099999999998545,True,3.0,0.0,88.79999999999927,88.0,-22.0,-90.48,-92.48,-94.48,-1.0281818181818183,-1.050909090909091,-1.0736363636363637,True
2025-01-31 15:30:00-05:00,2025-01-31 15:35:00-05:00,2025-01-31,H1_MOMENTUM,1,20869.2,20854.7,STOP,20854.7,20912.7,14.5,14.5,False,3.0,24.399999999997817,17.200000000000728,58.0,-14.5,-60.48,-62.48,-64.48,-1.042758620689655,-1.0772413793103448,-1.1117241379310345,True
2025-02-03 15:30:00-05:00,2025-02-03 15:55:00-05:00,2025-02-03,H1_MOMENTUM,-1,20768.0,20718.8,TIME_EOD,20790.0,20702.0,22.0,51.099999999998545,True,3.0,49.20000000000073,16.799999999999272,88.0,49.20000000000073,194.32000000000292,192.32000000000292,190.32000000000292,2.2081818181818513,2.185454545454579,2.162727272727306,True
2025-02-04 15:30:00-05:00,2025-02-04 15:40:00-05:00,2025-02-04,H1_MOMENTUM,1,20945.2,20975.2,TARGET,20935.2,20975.2,10.0,2.5,True,3.0,30.0,3.0,40.0,30.0,117.52,116.52,115.52,2.9379999999999997,2.913,2.888,True
2025-02-05 15:30:00-05:00,2025-02-05 15:40:00-05:00,2025-02-05,H1_MOMENTUM,-1,21055.4,21025.4,TARGET,21065.4,21025.4,10.0,9.5,True,3.0,49.0,0.0,40.0,30.0,117.52,116.52,115.52,2.9379999999999997,2.913,2.888,True
2025-02-06 15:30:00-05:00,2025-02-06 15:50:00-05:00,2025-02-06,H1_MOMENTUM,1,21110.4,21176.4,TARGET,21088.4,21176.4,22.0,55.30000000000291,True,3.0,68.0,4.80000000000291,88.0,66.0,261.52,260.52,259.52,2.9718181818181817,2.9604545454545454,2.9490909090909088,True
2025-02-07 15:45:00-05:00,2025-02-10 09:30:00-05:00,2025-02-07,H1_MOMENTUM,1,20925.6,20991.6,TARGET,20903.6,20991.6,22.0,30.899999999997817,True,3.0,174.8000000000029,11.799999999999272,88.0,66.0,261.52,260.52,259.52,2.9718181818181817,2.9604545454545454,2.9490909090909088,True
2025-02-10 15:35:00-05:00,2025-02-10 15:45:00-05:00,2025-02-10,H1_MOMENTUM,1,21179.2,21169.2,STOP,21169.2,21209.2,10.0,-1.8999999999978172,True,3.0,6.0,14.0,40.0,-10.0,-42.48,-44.48,-46.48,-1.0619999999999998,-1.1119999999999999,-1.162,True
2025-02-11 15:30:00-05:00,2025-02-11 15:55:00-05:00,2025-02-11,H1_MOMENTUM,-1,21136.0,21116.0,TIME_EOD,21158.0,21070.0,22.0,30.5,True,3.0,40.400000000001455,6.799999999999272,88.0,20.0,77.52,75.52,73.52,0.8809090909090909,0.8581818181818182,0.8354545454545454,True
2025-02-12 15:30:00-05:00,2025-02-12 15:55:00-05:00,2025-02-12,H1_MOMENTUM,-1,21143.2,21131.6,TIME_EOD,21164.5,21079.300000000003,21.299999999999272,21.299999999999272,False,3.0,35.400000000001455,5.399999999997817,85.19999999999709,11.600000000002183,43.920000000008734,41.920000000008734,39.920000000008734,0.515492957746599,0.4920187793428423,0.4685446009390857,True
2025-02-13 15:30:00-05:00,2025-02-13 15:55:00-05:00,2025-02-13,H1_MOMENTUM,1,21406.4,21435.2,TIME_EOD,21384.4,21472.4,22.0,25.30000000000291,True,3.0,41.599999999998545,18.80000000000291,88.0,28.799999999999272,112.71999999999709,110.71999999999709,108.71999999999709,1.2809090909090577,1.258181818181785,1.2354545454545123,True
2025-02-14 15:30:00-05:00,2025-02-14 15:55:00-05:00,2025-02-14,H1_MOMENTUM,1,21516.0,21521.6,TIME_EOD,21495.1,21578.700000000004,20.900000000001455,20.900000000001455,False,3.0,35.599999999998545,2.7999999999992724,83.60000000000582,5.599999999998545,19.91999999999418,17.91999999999418,15.919999999994179,0.23827751196163627,0.21435406698556136,0.1904306220094865,True
2025-02-18 10:00:00-05:00,2025-02-18 10:25:00-05:00,2025-02-18,PDH_SWEEP,-1,21529.6,21491.1,TARGET,21551.6,21491.1,22.0,26.5,True,1.75,61.79999999999927,11.600000000002183,88.0,38.5,151.52,150.52,149.52,1.721818181818182,1.7104545454545457,1.6990909090909092,True
2025-02-18 15:35:00-05:00,2025-02-18 15:55:00-05:00,2025-02-18,H1_MOMENTUM,1,21504.4,21534.4,TARGET,21494.4,21534.4,10.0,4.5,True,3.0,67.19999999999709,7.600000000002183,40.0,30.0,117.52,116.52,115.52,2.9379999999999997,2.913,2.888,True
2025-02-19 15:30:00-05:00,2025-02-19 15:30:00-05:00,2025-02-19,H1_MOMENTUM,-1,21557.6,21579.6,STOP,21579.6,21491.6,22.0,69.10000000000218,True,3.0,4.0,30.400000000001455,88.0,-22.0,-90.48,-92.48,-94.48,-1.0281818181818183,-1.050909090909091,-1.0736363636363637,True
2025-02-20 15:30:00-05:00,2025-02-20 15:45:00-05:00,2025-02-20,H1_MOMENTUM,-1,21447.0,21463.7,STOP,21463.7,21396.899999999998,16.700000000000728,16.700000000000728,False,3.0,10.599999999998545,20.599999999998545,66.80000000000291,-16.700000000000728,-69.28000000000291,-71.28000000000291,-73.28000000000291,-1.0371257485029926,-1.0670658682634702,-1.097005988023948,True
2025-02-21 15:30:00-05:00,2025-02-21 15:40:00-05:00,2025-02-21,H1_MOMENTUM,-1,21072.4,21042.4,TARGET,21082.4,21042.4,10.0,5.299999999999272,True,3.0,38.0,7.599999999998545,40.0,30.0,117.52,116.52,115.52,2.9379999999999997,2.913,2.888,True
2025-02-24 15:30:00-05:00,2025-02-24 15:30:00-05:00,2025-02-24,H1_MOMENTUM,-1,20892.0,20914.0,STOP,20914.0,20826.0,22.0,45.70000000000073,True,3.0,0.0,28.200000000000728,88.0,-22.0,-90.48,-92.48,-94.48,-1.0281818181818183,-1.050909090909091,-1.0736363636363637,True
2025-02-25 15:30:00-05:00,2025-02-25 15:40:00-05:00,2025-02-25,H1_MOMENTUM,-1,20611.2,20545.2,TARGET,20633.2,20545.2,22.0,29.700000000000728,True,3.0,66.40000000000146,0.0,88.0,66.0,261.52,260.52,259.52,2.9718181818181817,2.9604545454545454,2.9490909090909088,True
2025-02-26 15:30:00-05:00,2025-02-26 15:45:00-05:00,2025-02-26,H1_MOMENTUM,1,20534.2,20600.2,TARGET,20512.2,20600.2,22.0,62.70000000000073,True,3.0,73.79999999999927,15.400000000001455,88.0,66.0,261.52,260.52,259.52,2.9718181818181817,2.9604545454545454,2.9490909090909088,True
2025-02-27 15:30:00-05:00,2025-02-27 15:30:00-05:00,2025-02-27,H1_MOMENTUM,-1,20098.4,20120.4,STOP,20120.4,20032.4,22.0,137.09999999999854,True,3.0,2.400000000001455,36.79999999999927,88.0,-22.0,-90.48,-92.48,-94.48,-1.0281818181818183,-1.050909090909091,-1.0736363636363637,True
2025-02-28 15:30:00-05:00,2025-02-28 15:30:00-05:00,2025-02-28,H1_MOMENTUM,-1,20171.0,20141.0,TARGET,20181.0,20141.0,10.0,4.5,True,3.0,56.20000000000073,0.5999999999985448,40.0,30.0,117.52,116.52,115.52,2.9379999999999997,2.913,2.888,True
2025-03-03 15:30:00-05:00,2025-03-03 15:30:00-05:00,2025-03-03,H1_MOMENTUM,-1,19817.2,19839.2,STOP,19839.2,19751.2,22.0,193.70000000000073,True,3.0,9.600000000002183,39.20000000000073,88.0,-22.0,-90.48,-92.48,-94.48,-1.0281818181818183,-1.050909090909091,-1.0736363636363637,True
2025-03-04 15:30:00-05:00,2025-03-04 15:30:00-05:00,2025-03-04,H1_MOMENTUM,-1,20093.0,20027.0,TARGET,20115.0,20027.0,22.0,56.70000000000073,True,3.0,120.59999999999854,0.0,88.0,66.0,261.52,260.52,259.52,2.9718181818181817,2.9604545454545454,2.9490909090909088,True
2025-03-05 15:30:00-05:00,2025-03-05 15:50:00-05:00,2025-03-05,H1_MOMENTUM,-1,20109.0,20043.0,TARGET,20131.0,20043.0,22.0,35.099999999998545,True,3.0,83.40000000000146,17.0,88.0,66.0,261.52,260.52,259.52,2.9718181818181817,2.9604545454545454,2.9490909090909088,True
2025-03-06 15:30:00-05:00,2025-03-06 15:30:00-05:00,2025-03-06,H1_MOMENTUM,-1,19550.4,19572.4,STOP,19572.4,19484.4,22.0,40.099999999998545,True,3.0,11.600000000002183,33.599999999998545,88.0,-22.0,-90.48,-92.48,-94.48,-1.0281818181818183,-1.050909090909091,-1.0736363636363637,True
2025-03-07 15:30:00-05:00,2025-03-07 15:35:00-05:00,2025-03-07,H1_MOMENTUM,1,19667.6,19645.6,STOP,19645.6,19733.6,22.0,48.89999999999782,True,3.0,10.80000000000291,91.59999999999854,88.0,-22.0,-90.48,-92.48,-94.48,-1.0281818181818183,-1.050909090909091,-1.0736363636363637,True
2025-03-11 15:30:00-04:00,2025-03-11 15:50:00-04:00,2025-03-11,H1_MOMENTUM,-1,19022.8,18956.8,TARGET,19044.8,18956.8,22.0,116.10000000000218,True,3.0,104.79999999999927,11.200000000000728,88.0,66.0,261.52,260.52,259.52,2.9718181818181817,2.9604545454545454,2.9490909090909088,True
2025-03-12 15:30:00-04:00,2025-03-12 15:35:00-04:00,2025-03-12,H1_MOMENTUM,1,19108.6,19086.6,STOP,19086.6,19174.6,22.0,39.89999999999782,True,3.0,8.600000000002183,55.79999999999927,88.0,-22.0,-90.48,-92.48,-94.48,-1.0281818181818183,-1.050909090909091,-1.0736363636363637,True
2025-03-13 15:30:00-04:00,2025-03-13 15:50:00-04:00,2025-03-13,H1_MOMENTUM,-1,18749.6,18683.6,TARGET,18771.6,18683.6,22.0,127.70000000000073,True,3.0,77.59999999999854,14.400000000001455,88.0,66.0,261.52,260.52,259.52,2.9718181818181817,2.9604545454545454,2.9490909090909088,True
2025-03-14 15:30:00-04:00,2025-03-14 15:35:00-04:00,2025-03-14,H1_MOMENTUM,1,19154.0,19144.0,STOP,19144.0,19184.0,10.0,9.299999999999272,True,3.0,14.0,11.200000000000728,40.0,-10.0,-42.48,-44.48,-46.48,-1.0619999999999998,-1.1119999999999999,-1.162,True
2025-03-17 15:30:00-04:00,2025-03-17 15:45:00-04:00,2025-03-17,H1_MOMENTUM,1,19394.4,19379.9,STOP,19379.9,19437.9,14.5,14.5,False,3.0,9.19999999999709,16.600000000002183,58.0,-14.5,-60.48,-62.48,-64.48,-1.042758620689655,-1.0772413793103448,-1.1117241379310345,True
2025-03-18 15:30:00-04:00,2025-03-18 15:55:00-04:00,2025-03-18,H1_MOMENTUM,-1,19000.0,18983.4,TIME_EOD,19022.0,18934.0,22.0,36.5,True,3.0,51.20000000000073,13.400000000001455,88.0,16.599999999998545,63.91999999999418,61.91999999999418,59.91999999999418,0.7263636363635703,0.7036363636362976,0.6809090909090249,True
2025-03-19 15:30:00-04:00,2025-03-19 15:30:00-04:00,2025-03-19,H1_MOMENTUM,1,19227.4,19260.700000000008,TARGET,19216.3,19260.700000000008,11.100000000002183,11.100000000002183,False,3.0,57.0,3.400000000001455,44.40000000000873,33.30000000000655,130.7200000000262,129.7200000000262,128.7200000000262,2.9441441441441554,2.9216216216216373,2.8990990990991192,True
2025-03-20 15:30:00-04:00,2025-03-20 15:30:00-04:00,2025-03-20,H1_MOMENTUM,-1,19130.2,19152.2,STOP,19152.2,19064.2,22.0,55.5,True,3.0,1.7999999999992724,26.599999999998545,88.0,-22.0,-90.48,-92.48,-94.48,-1.0281818181818183,-1.050909090909091,-1.0736363636363637,True
2025-03-21 15:30:00-04:00,2025-03-21 15:35:00-04:00,2025-03-21,H1_MOMENTUM,-1,19134.0,19147.7,STOP,19147.7,19092.899999999998,13.700000000000728,13.700000000000728,False,3.0,3.2000000000007276,16.400000000001455,54.80000000000291,-13.700000000000728,-57.28000000000291,-59.28000000000291,-61.28000000000291,-1.0452554744525522,-1.0817518248175138,-1.1182481751824753,True
2025-03-24 15:30:00-04:00,2025-03-24 15:50:00-04:00,2025-03-24,H1_MOMENTUM,1,19619.6,19649.6,TARGET,19609.6,19649.6,10.0,7.099999999998545,True,3.0,37.0,8.399999999997817,40.0,30.0,117.52,116.52,115.52,2.9379999999999997,2.913,2.888,True
2025-03-25 15:30:00-04:00,2025-03-25 15:55:00-04:00,2025-03-25,H1_MOMENTUM,1,19692.6,19741.499999999996,TARGET,19676.3,19741.499999999996,16.299999999999272,16.299999999999272,False,3.0,49.0,0.0,65.19999999999709,48.89999999999782,193.11999999999128,192.11999999999128,191.11999999999128,2.9619631901840475,2.9466257668711635,2.9312883435582795,True
2025-03-26 15:30:00-04:00,2025-03-26 15:40:00-04:00,2025-03-26,H1_MOMENTUM,-1,19335.6,19357.6,STOP,19357.6,19269.6,22.0,31.30000000000291,True,3.0,4.399999999997817,33.20000000000073,88.0,-22.0,-90.48,-92.48,-94.48,-1.0281818181818183,-1.050909090909091,-1.0736363636363637,True
2025-03-27 15:30:00-04:00,2025-03-27 15:50:00-04:00,2025-03-27,H1_MOMENTUM,-1,19369.0,19303.0,TARGET,19391.0,19303.0,22.0,27.099999999998545,True,3.0,120.20000000000073,0.0,88.0,66.0,261.52,260.52,259.52,2.9718181818181817,2.9604545454545454,2.9490909090909088,True
2025-03-28 15:30:00-04:00,2025-03-28 15:55:00-04:00,2025-03-28,H1_MOMENTUM,-1,18761.6,18758.4,TIME_EOD,18783.6,18695.6,22.0,38.900000000001455,True,3.0,39.19999999999709,17.600000000002183,88.0,3.1999999999970896,10.319999999988358,8.319999999988358,6.319999999988358,0.11727272727259498,0.09454545454532225,0.07181818181804953,True
2025-03-31 15:30:00-04:00,2025-03-31 15:30:00-04:00,2025-03-31,H1_MOMENTUM,-1,18670.8,18692.8,STOP,18692.8,18604.8,22.0,70.10000000000218,True,3.0,0.3999999999978172,56.79999999999927,88.0,-22.0,-90.48,-92.48,-94.48,-1.0281818181818183,-1.050909090909091,-1.0736363636363637,True
2025-04-01 15:30:00-04:00,2025-04-01 15:30:00-04:00,2025-04-01,H1_MOMENTUM,-1,18781.2,18803.2,STOP,18803.2,18715.2,22.0,24.899999999997817,True,3.0,0.4000000000014552,50.39999999999782,88.0,-22.0,-90.48,-92.48,-94.48,-1.0281818181818183,-1.050909090909091,-1.0736363636363637,True
2025-04-02 15:30:00-04:00,2025-04-02 15:30:00-04:00,2025-04-02,H1_MOMENTUM,-1,18981.6,18998.5,STOP,18998.5,18930.899999999994,16.900000000001455,16.900000000001455,False,3.0,13.599999999998545,62.80000000000291,67.60000000000582,-16.900000000001455,-70.08000000000582,-72.08000000000582,-74.08000000000582,-1.0366863905325412,-1.0662721893491067,-1.0958579881656723,True
2025-04-03 15:30:00-04:00,2025-04-03 15:40:00-04:00,2025-04-03,H1_MOMENTUM,-1,18068.8,18090.8,STOP,18090.8,18002.8,22.0,126.90000000000146,True,3.0,32.79999999999927,28.0,88.0,-22.0,-90.48,-92.48,-94.48,-1.0281818181818183,-1.050909090909091,-1.0736363636363637,True
2025-04-04 15:30:00-04:00,2025-04-04 15:30:00-04:00,2025-04-04,H1_MOMENTUM,-1,17120.0,17142.0,STOP,17142.0,17054.0,22.0,46.5,True,3.0,5.200000000000728,109.40000000000146,88.0,-22.0,-90.48,-92.48,-94.48,-1.0281818181818183,-1.050909090909091,-1.0736363636363637,True
2025-04-07 15:30:00-04:00,2025-04-07 15:30:00-04:00,2025-04-07,H1_MOMENTUM,-1,16845.6,16867.6,STOP,16867.6,16779.6,22.0,194.10000000000218,True,3.0,0.0,168.40000000000146,88.0,-22.0,-90.48,-92.48,-94.48,-1.0281818181818183,-1.050909090909091,-1.0736363636363637,True
2025-04-08 15:30:00-04:00,2025-04-08 15:30:00-04:00,2025-04-08,H1_MOMENTUM,1,16657.0,16635.0,STOP,16635.0,16723.0,22.0,105.09999999999854,True,3.0,12.599999999998545,63.400000000001455,88.0,-22.0,-90.48,-92.48,-94.48,-1.0281818181818183,-1.050909090909091,-1.0736363636363637,True
2025-04-09 15:30:00-04:00,2025-04-09 15:30:00-04:00,2025-04-09,H1_MOMENTUM,1,18508.4,18486.4,STOP,18486.4,18574.4,22.0,433.7000000000007,True,3.0,85.19999999999709,22.400000000001455,88.0,-22.0,-90.48,-92.48,-94.48,-1.0281818181818183,-1.050909090909091,-1.0736363636363637,True
2025-04-10 15:30:00-04:00,2025-04-10 15:30:00-04:00,2025-04-10,H1_MOMENTUM,-1,17752.4,17774.4,STOP,17774.4,17686.4,22.0,259.09999999999854,True,3.0,0.0,110.39999999999782,88.0,-22.0,-90.48,-92.48,-94.48,-1.0281818181818183,-1.050909090909091,-1.0736363636363637,True
2025-04-11 15:30:00-04:00,2025-04-11 15:30:00-04:00,2025-04-11,H1_MOMENTUM,1,18186.0,18164.0,STOP,18164.0,18252.0,22.0,84.5,True,3.0,13.799999999999272,28.799999999999272,88.0,-22.0,-90.48,-92.48,-94.48,-1.0281818181818183,-1.050909090909091,-1.0736363636363637,True
2025-04-14 15:30:00-04:00,2025-04-14 15:30:00-04:00,2025-04-14,H1_MOMENTUM,1,18388.8,18378.8,STOP,18378.8,18418.8,10.0,9.299999999999272,True,3.0,11.400000000001455,13.200000000000728,40.0,-10.0,-42.48,-44.48,-46.48,-1.0619999999999998,-1.1119999999999999,-1.162,True
2025-04-15 15:40:00-04:00,2025-04-15 15:45:00-04:00,2025-04-15,H1_MOMENTUM,1,18314.4,18301.5,STOP,18301.5,18353.100000000006,12.900000000001455,12.900000000001455,False,3.0,12.799999999999272,31.200000000000728,51.60000000000582,-12.900000000001455,-54.08000000000582,-56.08000000000582,-58.08000000000582,-1.0480620155038705,-1.0868217054263467,-1.125581395348823,True
2025-04-16 15:30:00-04:00,2025-04-16 15:30:00-04:00,2025-04-16,H1_MOMENTUM,-1,17535.6,17557.6,STOP,17557.6,17469.6,22.0,85.30000000000291,True,3.0,0.0,54.80000000000291,88.0,-22.0,-90.48,-92.48,-94.48,-1.0281818181818183,-1.050909090909091,-1.0736363636363637,True
2025-04-17 15:30:00-04:00,2025-04-17 15:40:00-04:00,2025-04-17,H1_MOMENTUM,1,17756.8,17807.499999999993,TARGET,17739.9,17807.499999999993,16.899999999997817,16.899999999997817,False,3.0,56.400000000001455,0.0,67.59999999999127,50.69999999999345,200.31999999997382,199.31999999997382,198.31999999997382,2.963313609467451,2.948520710059165,2.933727810650879,True
2025-04-21 15:30:00-04:00,2025-04-21 15:35:00-04:00,2025-04-21,H1_MOMENTUM,-1,17198.0,17220.0,STOP,17220.0,17132.0,22.0,25.900000000001455,True,3.0,6.799999999999272,62.20000000000073,88.0,-22.0,-90.48,-92.48,-94.48,-1.0281818181818183,-1.050909090909091,-1.0736363636363637,True
2025-04-22 15:30:00-04:00,2025-04-22 15:35:00-04:00,2025-04-22,H1_MOMENTUM,1,17663.8,17653.8,STOP,17653.8,17693.8,10.0,-2.900000000001455,True,3.0,20.200000000000728,18.200000000000728,40.0,-10.0,-42.48,-44.48,-46.48,-1.0619999999999998,-1.1119999999999999,-1.162,True
2025-04-23 15:35:00-04:00,2025-04-23 15:35:00-04:00,2025-04-23,H1_MOMENTUM,1,18158.4,18142.7,STOP,18142.7,18205.500000000004,15.700000000000728,15.700000000000728,False,3.0,6.0,40.80000000000291,62.80000000000291,-15.700000000000728,-65.28000000000291,-67.28000000000291,-69.28000000000291,-1.0394904458598708,-1.071337579617831,-1.1031847133757915,True
2025-04-24 15:30:00-04:00,2025-04-24 15:45:00-04:00,2025-04-24,H1_MOMENTUM,1,18620.8,18686.8,TARGET,18598.8,18686.8,22.0,28.5,True,3.0,68.0,4.799999999999272,88.0,66.0,261.52,260.52,259.52,2.9718181818181817,2.9604545454545454,2.9490909090909088,True
2025-04-25 15:30:00-04:00,2025-04-25 15:50:00-04:00,2025-04-25,H1_MOMENTUM,-1,18844.0,18866.0,STOP,18866.0,18778.0,22.0,52.5,True,3.0,23.200000000000728,64.20000000000073,88.0,-22.0,-90.48,-92.48,-94.48,-1.0281818181818183,-1.050909090909091,-1.0736363636363637,True
2025-04-28 15:30:00-04:00,2025-04-28 15:30:00-04:00,2025-04-28,H1_MOMENTUM,-1,18878.6,18888.9,STOP,18888.9,18847.69999999999,10.30000000000291,10.30000000000291,False,3.0,7.0,15.400000000001455,41.20000000001164,-10.30000000000291,-43.68000000001164,-45.68000000001164,-47.68000000001164,-1.0601941747572645,-1.108737864077639,-1.1572815533980136,True
2025-04-29 15:30:00-04:00,2025-04-29 15:35:00-04:00,2025-04-29,H1_MOMENTUM,1,19023.2,19005.7,STOP,19005.7,19075.7,17.5,17.5,False,3.0,4.799999999999272,24.400000000001455,70.0,-17.5,-72.48,-74.48,-76.48,-1.0354285714285716,-1.064,-1.0925714285714285,True
2025-04-30 15:30:00-04:00,2025-04-30 15:35:00-04:00,2025-04-30,H1_MOMENTUM,-1,18859.6,18881.6,STOP,18881.6,18793.6,22.0,40.5,True,3.0,6.0,30.0,88.0,-22.0,-90.48,-92.48,-94.48,-1.0281818181818183,-1.050909090909091,-1.0736363636363637,True
2025-05-01 15:30:00-04:00,2025-05-01 15:35:00-04:00,2025-05-01,H1_MOMENTUM,1,19386.0,19364.0,STOP,19364.0,19452.0,22.0,45.099999999998545,True,3.0,0.4000000000014552,26.799999999999272,88.0,-22.0,-90.48,-92.48,-94.48,-1.0281818181818183,-1.050909090909091,-1.0736363636363637,True
2025-05-02 15:30:00-04:00,2025-05-02 15:35:00-04:00,2025-05-02,H1_MOMENTUM,1,19585.0,19562.0,STOP,19563.0,19651.0,22.0,37.099999999998545,True,3.0,2.400000000001455,26.400000000001455,88.0,-23.0,-94.48,-96.48,-98.48,-1.0736363636363637,-1.0963636363636364,-1.1190909090909091,True
2025-05-05 15:30:00-04:00,2025-05-05 15:50:00-04:00,2025-05-05,H1_MOMENTUM,-1,19492.8,19426.8,TARGET,19514.8,19426.8,22.0,31.299999999999272,True,3.0,68.79999999999927,17.600000000002183,88.0,66.0,261.52,260.52,259.52,2.9718181818181817,2.9604545454545454,2.9490909090909088,True
2025-05-06 15:35:00-04:00,2025-05-06 15:50:00-04:00,2025-05-06,H1_MOMENTUM,-1,19341.6,19311.6,TARGET,19351.6,19311.6,10.0,5.100000000002183,True,3.0,50.0,8.0,40.0,30.0,117.52,116.52,115.52,2.9379999999999997,2.913,2.888,True
2025-05-07 15:30:00-04:00,2025-05-07 15:35:00-04:00,2025-05-07,H1_MOMENTUM,1,19159.4,19189.4,TARGET,19149.4,19189.4,10.0,1.9000000000014552,True,3.0,61.79999999999927,3.0,40.0,30.0,117.52,116.52,115.52,2.9379999999999997,2.913,2.888,True
2025-05-08 15:30:00-04:00,2025-05-08 15:35:00-04:00,2025-05-08,H1_MOMENTUM,1,19691.2,19669.2,STOP,19669.2,19757.2,22.0,51.900000000001455,True,3.0,0.0,46.60000000000218,88.0,-22.0,-90.48,-92.48,-94.48,-1.0281818181818183,-1.050909090909091,-1.0736363636363637,True
2025-05-09 15:30:00-04:00,2025-05-09 15:30:00-04:00,2025-05-09,H1_MOMENTUM,1,19543.2,19526.3,STOP,19526.3,19593.900000000005,16.900000000001455,16.900000000001455,False,3.0,6.399999999997817,28.400000000001455,67.60000000000582,-16.900000000001455,-70.08000000000582,-72.08000000000582,-74.08000000000582,-1.0366863905325412,-1.0662721893491067,-1.0958579881656723,True
2025-05-12 15:30:00-04:00,2025-05-12 15:40:00-04:00,2025-05-12,H1_MOMENTUM,1,20242.4,20232.4,STOP,20232.4,20272.4,10.0,4.100000000002183,True,3.0,12.399999999997817,17.80000000000291,40.0,-10.0,-42.48,-44.48,-46.48,-1.0619999999999998,-1.1119999999999999,-1.162,True
2025-05-13 15:30:00-04:00,2025-05-13 15:45:00-04:00,2025-05-13,H1_MOMENTUM,1,20672.4,20662.4,STOP,20662.4,20702.4,10.0,8.900000000001455,True,3.0,13.0,16.600000000002183,40.0,-10.0,-42.48,-44.48,-46.48,-1.0619999999999998,-1.1119999999999999,-1.162,True
2025-05-14 15:30:00-04:00,2025-05-14 15:45:00-04:00,2025-05-14,H1_MOMENTUM,1,20706.4,20688.3,STOP,20688.3,20760.700000000008,18.100000000002183,18.100000000002183,False,3.0,10.0,20.80000000000291,72.40000000000873,-18.100000000002183,-74.88000000000874,-76.88000000000874,-78.88000000000874,-1.0342541436464048,-1.0618784530386667,-1.0895027624309286,True
2025-05-15 15:30:00-04:00,2025-05-15 15:30:00-04:00,2025-05-15,H1_MOMENTUM,-1,20675.6,20697.6,STOP,20697.6,20609.6,22.0,100.10000000000218,True,3.0,0.0,40.400000000001455,88.0,-22.0,-90.48,-92.48,-94.48,-1.0281818181818183,-1.050909090909091,-1.0736363636363637,True
2025-05-16 15:30:00-04:00,2025-05-16 15:35:00-04:00,2025-05-16,H1_MOMENTUM,1,20844.4,20833.5,STOP,20833.5,20877.100000000006,10.900000000001455,10.900000000001455,False,3.0,5.599999999998545,19.600000000002183,43.60000000000582,-10.900000000001455,-46.08000000000582,-48.08000000000582,-50.08000000000582,-1.0568807339449464,-1.102752293577968,-1.1486238532109894,True
2025-05-19 15:30:00-04:00,2025-05-19 15:45:00-04:00,2025-05-19,H1_MOMENTUM,-1,20820.0,20842.0,STOP,20842.0,20754.0,22.0,44.900000000001455,True,3.0,0.0,32.400000000001455,88.0,-22.0,-90.48,-92.48,-94.48,-1.0281818181818183,-1.050909090909091,-1.0736363636363637,True
2025-05-20 15:30:00-04:00,2025-05-20 15:30:00-04:00,2025-05-20,H1_MOMENTUM,-1,20746.6,20756.6,STOP,20756.6,20716.6,10.0,5.900000000001455,True,3.0,0.0,27.0,40.0,-10.0,-42.48,-44.48,-46.48,-1.0619999999999998,-1.1119999999999999,-1.162,True
2025-05-21 15:30:00-04:00,2025-05-21 15:30:00-04:00,2025-05-21,H1_MOMENTUM,-1,20482.4,20504.4,STOP,20504.4,20416.4,22.0,93.29999999999927,True,3.0,0.8000000000029104,46.79999999999927,88.0,-22.0,-90.48,-92.48,-94.48,-1.0281818181818183,-1.050909090909091,-1.0736363636363637,True
2025-05-22 15:30:00-04:00,2025-05-22 15:30:00-04:00,2025-05-22,H1_MOMENTUM,1,20695.2,20673.9,STOP,20673.9,20759.1,21.299999999999272,21.299999999999272,False,3.0,2.0,23.200000000000728,85.19999999999709,-21.299999999999272,-87.6799999999971,-89.6799999999971,-91.6799999999971,-1.0291079812206583,-1.052582159624415,-1.0760563380281716,True
2025-05-23 15:30:00-04:00,2025-05-23 15:30:00-04:00,2025-05-23,H1_MOMENTUM,-1,20404.0,20426.0,STOP,20426.0,20338.0,22.0,56.099999999998545,True,3.0,1.5999999999985448,22.400000000001455,88.0,-22.0,-90.48,-92.48,-94.48,-1.0281818181818183,-1.050909090909091,-1.0736363636363637,True
2025-05-27 15:30:00-04:00,2025-05-27 15:30:00-04:00,2025-05-27,H1_MOMENTUM,1,20818.4,20808.4,STOP,20808.4,20848.4,10.0,7.700000000000728,True,3.0,0.0,18.0,40.0,-10.0,-42.48,-44.48,-46.48,-1.0619999999999998,-1.1119999999999999,-1.162,True
2025-05-28 15:30:00-04:00,2025-05-28 15:35:00-04:00,2025-05-28,H1_MOMENTUM,1,20839.2,20829.2,STOP,20829.2,20869.2,10.0,3.2999999999992724,True,3.0,3.399999999997817,30.400000000001455,40.0,-10.0,-42.48,-44.48,-46.48,-1.0619999999999998,-1.1119999999999999,-1.162,True
2025-05-29 15:30:00-04:00,2025-05-29 15:55:00-04:00,2025-05-29,H1_MOMENTUM,1,20771.2,20804.0,TIME_EOD,20749.2,20837.2,22.0,40.5,True,3.0,65.20000000000073,9.400000000001455,88.0,32.79999999999927,128.7199999999971,126.71999999999709,124.71999999999709,1.4627272727272398,1.4399999999999669,1.4172727272726942,True
2025-05-30 15:30:00-04:00,2025-05-30 15:30:00-04:00,2025-05-30,H1_MOMENTUM,-1,20784.8,20754.8,TARGET,20794.8,20754.8,10.0,9.299999999999272,True,3.0,34.20000000000073,0.0,40.0,30.0,117.52,116.52,115.52,2.9379999999999997,2.913,2.888,True
2025-06-02 15:30:00-04:00,2025-06-02 15:55:00-04:00,2025-06-02,H1_MOMENTUM,-1,20921.8,20928.8,TIME_EOD,20938.5,20871.699999999997,16.700000000000728,16.700000000000728,False,3.0,28.599999999998545,12.200000000000728,66.80000000000291,-7.0,-30.48,-32.48,-34.48,-0.45628742514968074,-0.4862275449101584,-0.5161676646706361,True
2025-06-03 15:30:00-04:00,2025-06-03 15:40:00-04:00,2025-06-03,H1_MOMENTUM,1,21102.8,21084.5,STOP,21084.5,21157.699999999997,18.299999999999272,18.299999999999272,False,3.0,3.400000000001455,26.0,73.19999999999709,-18.299999999999272,-75.6799999999971,-77.6799999999971,-79.6799999999971,-1.0338797814207665,-1.0612021857923521,-1.088524590163938,True
2025-06-04 10:00:00-04:00,2025-06-04 10:00:00-04:00,2025-06-04,PDH_SWEEP,-1,21134.0,21105.125,TARGET,21150.5,21105.125,16.5,16.5,False,1.75,43.20000000000073,0.7999999999992724,66.0,28.875,113.02,112.02,111.02,1.7124242424242424,1.6972727272727273,1.6821212121212121,True
2025-06-04 15:30:00-04:00,2025-06-04 15:40:00-04:00,2025-06-04,H1_MOMENTUM,1,21175.2,21165.2,STOP,21165.2,21205.2,10.0,6.100000000002183,True,3.0,7.599999999998545,16.799999999999272,40.0,-10.0,-42.48,-44.48,-46.48,-1.0619999999999998,-1.1119999999999999,-1.162,True
2025-06-05 15:30:00-04:00,2025-06-05 15:35:00-04:00,2025-06-05,H1_MOMENTUM,-1,20994.4,21016.4,STOP,21016.4,20928.4,22.0,99.69999999999709,True,3.0,5.80000000000291,77.59999999999854,88.0,-22.0,-90.48,-92.48,-94.48,-1.0281818181818183,-1.050909090909091,-1.0736363636363637,True
2025-06-06 15:30:00-04:00,2025-06-06 15:40:00-04:00,2025-06-06,H1_MOMENTUM,1,21209.2,21199.2,STOP,21199.2,21239.2,10.0,5.700000000000728,True,3.0,8.399999999997817,12.400000000001455,40.0,-10.0,-42.48,-44.48,-46.48,-1.0619999999999998,-1.1119999999999999,-1.162,True
2025-06-09 15:30:00-04:00,2025-06-09 15:35:00-04:00,2025-06-09,H1_MOMENTUM,1,21262.0,21252.0,STOP,21252.0,21292.0,10.0,8.5,True,3.0,8.400000000001455,10.400000000001455,40.0,-10.0,-42.48,-44.48,-46.48,-1.0619999999999998,-1.1119999999999999,-1.162,True
2025-06-10 15:30:00-04:00,2025-06-10 15:40:00-04:00,2025-06-10,H1_MOMENTUM,1,21366.0,21346.3,STOP,21346.3,21425.100000000002,19.700000000000728,19.700000000000728,False,3.0,0.0,36.79999999999927,78.80000000000291,-19.700000000000728,-81.28000000000291,-83.28000000000291,-85.28000000000291,-1.031472081218273,-1.0568527918781705,-1.082233502538068,True
2025-06-11 12:10:00-04:00,2025-06-11 12:20:00-04:00,2025-06-11,PDH_SWEEP,-1,21370.8,21332.3,TARGET,21392.8,21332.3,22.0,28.5,True,1.75,40.0,3.600000000002183,88.0,38.5,151.52,150.52,149.52,1.721818181818182,1.7104545454545457,1.6990909090909092,True
2025-06-11 15:30:00-04:00,2025-06-11 15:30:00-04:00,2025-06-11,H1_MOMENTUM,1,21263.2,21241.2,STOP,21241.2,21329.2,22.0,24.100000000002183,True,3.0,12.799999999999272,22.200000000000728,88.0,-22.0,-90.48,-92.48,-94.48,-1.0281818181818183,-1.050909090909091,-1.0736363636363637,True
2025-06-12 15:30:00-04:00,2025-06-12 15:55:00-04:00,2025-06-12,H1_MOMENTUM,-1,21337.0,21345.2,TIME_EOD,21359.0,21271.0,22.0,25.099999999998545,True,3.0,31.799999999999272,8.200000000000728,88.0,-8.200000000000728,-35.28000000000291,-37.28000000000291,-39.28000000000291,-0.40090909090912397,-0.4236363636363967,-0.4463636363636694,True
2025-06-13 15:30:00-04:00,2025-06-13 15:35:00-04:00,2025-06-13,H1_MOMENTUM,-1,21062.0,21084.0,STOP,21084.0,20996.0,22.0,50.5,True,3.0,17.200000000000728,37.20000000000073,88.0,-22.0,-90.48,-92.48,-94.48,-1.0281818181818183,-1.050909090909091,-1.0736363636363637,True
2025-06-16 15:30:00-04:00,2025-06-16 15:55:00-04:00,2025-06-16,H1_MOMENTUM,1,21361.2,21339.2,STOP,21339.2,21427.2,22.0,22.900000000001455,True,3.0,13.200000000000728,22.799999999999272,88.0,-22.0,-90.48,-92.48,-94.48,-1.0281818181818183,-1.050909090909091,-1.0736363636363637,True
2025-06-17 15:30:00-04:00,2025-06-17 15:55:00-04:00,2025-06-17,H1_MOMENTUM,-1,21197.2,21167.2,TARGET,21207.2,21167.2,10.0,-4.5,True,3.0,44.79999999999927,4.799999999999272,40.0,30.0,117.52,116.52,115.52,2.9379999999999997,2.913,2.888,True
2025-06-18 15:30:00-04:00,2025-06-18 15:40:00-04:00,2025-06-18,H1_MOMENTUM,1,21132.8,21198.8,TARGET,21110.8,21198.8,22.0,24.899999999997817,True,3.0,77.20000000000073,4.799999999999272,88.0,66.0,261.52,260.52,259.52,2.9718181818181817,2.9604545454545454,2.9490909090909088,True
2025-06-20 15:30:00-04:00,2025-06-20 15:55:00-04:00,2025-06-20,H1_MOMENTUM,1,21045.8,21069.6,TIME_EOD,21033.1,21083.9,12.700000000000728,12.700000000000728,False,3.0,37.400000000001455,11.0,50.80000000000291,23.799999999999272,92.71999999999709,90.71999999999709,88.71999999999709,1.825196850393539,1.7858267716533835,1.7464566929132284,True
2025-06-23 15:30:00-04:00,2025-06-23 15:55:00-04:00,2025-06-23,H1_MOMENTUM,1,21247.2,21267.0,TIME_EOD,21225.2,21313.2,22.0,27.700000000000728,True,3.0,38.79999999999927,19.600000000002183,88.0,19.799999999999272,76.71999999999709,74.71999999999709,72.71999999999709,0.8718181818181487,0.8490909090908759,0.8263636363636032,True
2025-06-24 15:30:00-04:00,2025-06-24 15:55:00-04:00,2025-06-24,H1_MOMENTUM,1,21600.6,21591.6,TIME_EOD,21590.6,21630.6,10.0,-2.3000000000029104,True,3.0,14.400000000001455,9.0,40.0,-9.0,-38.48,-40.48,-42.48,-0.962,-1.012,-1.0619999999999998,True
2025-06-25 12:20:00-04:00,2025-06-25 13:00:00-04:00,2025-06-25,PDH_SWEEP,-1,21612.0,21629.9,STOP,21629.9,21580.674999999996,17.900000000001455,17.900000000001455,False,1.75,10.599999999998545,18.200000000000728,71.60000000000582,-17.900000000001455,-74.08000000000582,-76.08000000000582,-78.08000000000582,-1.0346368715083771,-1.0625698324022297,-1.090502793296082,True
2025-06-25 15:30:00-04:00,2025-06-25 15:55:00-04:00,2025-06-25,H1_MOMENTUM,1,21623.2,21644.8,TIME_EOD,21602.7,21684.7,20.5,20.5,False,3.0,23.799999999999272,16.400000000001455,82.0,21.599999999998545,83.91999999999418,81.91999999999418,79.91999999999418,1.0234146341462704,0.9990243902438314,0.9746341463413923,True
2025-06-26 15:30:00-04:00,2025-06-26 15:40:00-04:00,2025-06-26,H1_MOMENTUM,1,21843.6,21832.3,STOP,21832.3,21877.499999999996,11.299999999999272,11.299999999999272,False,3.0,6.400000000001455,11.599999999998545,45.19999999999709,-11.299999999999272,-47.67999999999709,-49.67999999999709,-51.67999999999709,-1.0548672566371715,-1.099115044247794,-1.1433628318584161,True
2025-06-27 15:30:00-04:00,2025-06-27 15:55:00-04:00,2025-06-27,H1_MOMENTUM,1,21856.4,21922.4,TARGET,21834.4,21922.4,22.0,63.70000000000073,True,3.0,77.39999999999782,2.0,88.0,66.0,261.52,260.52,259.52,2.9718181818181817,2.9604545454545454,2.9490909090909088,True
2025-06-30 15:30:00-04:00,2025-06-30 15:55:00-04:00,2025-06-30,H1_MOMENTUM,1,22052.6,22064.0,TIME_EOD,22030.6,22118.6,22.0,25.69999999999709,True,3.0,58.60000000000218,7.0,88.0,11.400000000001455,43.120000000005824,41.120000000005824,39.120000000005824,0.49000000000006616,0.46727272727279345,0.44454545454552075,True
2025-07-01 15:30:00-04:00,2025-07-01 15:35:00-04:00,2025-07-01,H1_MOMENTUM,-1,21911.2,21881.2,TARGET,21921.2,21881.2,10.0,0.5,True,3.0,34.79999999999927,1.3999999999978172,40.0,30.0,117.52,116.52,115.52,2.9379999999999997,2.913,2.888,True
2025-07-02 15:30:00-04:00,2025-07-02 15:55:00-04:00,2025-07-02,H1_MOMENTUM,1,22008.8,22038.8,TARGET,21998.8,22038.8,10.0,2.5,True,3.0,30.400000000001455,5.599999999998545,40.0,30.0,117.52,116.52,115.52,2.9379999999999997,2.913,2.888,True
2025-07-07 15:30:00-04:00,2025-07-07 15:50:00-04:00,2025-07-07,H1_MOMENTUM,-1,22048.4,22070.4,STOP,22070.4,21982.4,22.0,38.099999999998545,True,3.0,5.80000000000291,26.0,88.0,-22.0,-90.48,-92.48,-94.48,-1.0281818181818183,-1.050909090909091,-1.0736363636363637,True
2025-07-08 15:30:00-04:00,2025-07-08 15:40:00-04:00,2025-07-08,H1_MOMENTUM,1,22087.2,22074.3,STOP,22074.3,22125.900000000005,12.900000000001455,12.900000000001455,False,3.0,5.200000000000728,13.200000000000728,51.60000000000582,-12.900000000001455,-54.08000000000582,-56.08000000000582,-58.08000000000582,-1.0480620155038705,-1.0868217054263467,-1.125581395348823,True
2025-07-09 11:05:00-04:00,2025-07-09 11:05:00-04:00,2025-07-09,PDH_SWEEP,-1,22155.6,22138.1,TARGET,22165.6,22138.1,10.0,6.900000000001455,True,1.75,20.399999999997817,2.8000000000029104,40.0,17.5,67.52,66.52,65.52,1.688,1.6629999999999998,1.638,True
2025-07-09 15:30:00-04:00,2025-07-09 15:55:00-04:00,2025-07-09,H1_MOMENTUM,1,22233.6,22249.2,TIME_EOD,22221.9,22268.69999999999,11.69999999999709,11.69999999999709,False,3.0,21.200000000000728,6.799999999999272,46.79999999998836,15.600000000002183,59.920000000008734,57.920000000008734,55.920000000008734,1.2803418803423854,1.2376068376073321,1.1948717948722787,True
2025-07-10 15:30:00-04:00,2025-07-10 15:55:00-04:00,2025-07-10,H1_MOMENTUM,-1,22231.8,22214.8,TIME_EOD,22246.3,22188.3,14.5,14.5,False,3.0,32.599999999998545,13.0,58.0,17.0,65.52,63.52,61.52,1.129655172413793,1.0951724137931036,1.0606896551724139,True
2025-07-11 15:30:00-04:00,2025-07-11 15:55:00-04:00,2025-07-11,H1_MOMENTUM,-1,22184.4,22170.4,TIME_EOD,22206.4,22118.4,22.0,23.69999999999709,True,3.0,16.400000000001455,8.0,88.0,14.0,53.52,51.52,49.52,0.6081818181818183,0.5854545454545454,0.5627272727272727,True
2025-07-14 15:30:00-04:00,2025-07-14 15:55:00-04:00,2025-07-14,H1_MOMENTUM,-1,22252.8,22244.6,TIME_EOD,22270.5,22199.699999999997,17.700000000000728,17.700000000000728,False,3.0,22.0,2.2000000000007276,70.80000000000291,8.200000000000728,30.32000000000291,28.32000000000291,26.32000000000291,0.428248587570645,0.40000000000002467,0.37175141242940435,True
2025-07-15 15:30:00-04:00,2025-07-15 15:55:00-04:00,2025-07-15,H1_MOMENTUM,1,22308.4,22295.7,STOP,22295.7,22346.500000000004,12.700000000000728,12.700000000000728,False,3.0,17.599999999998545,41.20000000000073,50.80000000000291,-12.700000000000728,-53.28000000000291,-55.28000000000291,-57.28000000000291,-1.0488188976377923,-1.0881889763779475,-1.127559055118103,True
2025-07-16 15:30:00-04:00,2025-07-16 15:35:00-04:00,2025-07-16,H1_MOMENTUM,-1,22286.0,22297.5,STOP,22297.5,22251.5,11.5,11.5,False,3.0,0.2000000000007276,19.0,46.0,-11.5,-48.48,-50.48,-52.48,-1.0539130434782609,-1.097391304347826,-1.1408695652173912,True
2025-07-17 15:30:00-04:00,2025-07-17 15:55:00-04:00,2025-07-17,H1_MOMENTUM,1,22474.0,22464.0,STOP,22464.0,22504.0,10.0,9.299999999999272,True,3.0,15.400000000001455,13.400000000001455,40.0,-10.0,-42.48,-44.48,-46.48,-1.0619999999999998,-1.1119999999999999,-1.162,True
2025-07-18 10:05:00-04:00,2025-07-18 10:15:00-04:00,2025-07-18,PDH_SWEEP,-1,22472.8,22434.3,TARGET,22494.8,22434.3,22.0,34.10000000000218,True,1.75,40.0,6.799999999999272,88.0,38.5,151.52,150.52,149.52,1.721818181818182,1.7104545454545457,1.6990909090909092,True
2025-07-18 15:30:00-04:00,2025-07-18 15:55:00-04:00,2025-07-18,H1_MOMENTUM,1,22438.0,22449.8,TIME_EOD,22424.3,22479.100000000002,13.700000000000728,13.700000000000728,False,3.0,14.400000000001455,12.400000000001455,54.80000000000291,11.799999999999272,44.71999999999709,42.71999999999709,40.71999999999709,0.8160583941604875,0.779562043795526,0.7430656934305644,True
2025-07-21 15:30:00-04:00,2025-07-21 15:40:00-04:00,2025-07-21,H1_MOMENTUM,1,22589.2,22579.2,STOP,22579.2,22619.2,10.0,7.700000000000728,True,3.0,8.799999999999272,12.799999999999272,40.0,-10.0,-42.48,-44.48,-46.48,-1.0619999999999998,-1.1119999999999999,-1.162,True
2025-07-22 15:30:00-04:00,2025-07-22 15:35:00-04:00,2025-07-22,H1_MOMENTUM,-1,22467.0,22484.3,STOP,22484.3,22415.100000000002,17.299999999999272,17.299999999999272,False,3.0,0.0,17.400000000001455,69.19999999999709,-17.299999999999272,-71.6799999999971,-73.6799999999971,-75.6799999999971,-1.0358381502890188,-1.0647398843930664,-1.0936416184971138,True
2025-07-23 15:30:00-04:00,2025-07-23 15:55:00-04:00,2025-07-23,H1_MOMENTUM,-1,22522.8,22532.8,STOP,22532.8,22492.8,10.0,8.900000000001455,True,3.0,21.0,29.200000000000728,40.0,-10.0,-42.48,-44.48,-46.48,-1.0619999999999998,-1.1119999999999999,-1.162,True
2025-07-24 15:30:00-04:00,2025-07-24 15:45:00-04:00,2025-07-24,H1_MOMENTUM,1,22641.2,22624.3,STOP,22624.3,22691.900000000005,16.900000000001455,16.900000000001455,False,3.0,5.399999999997817,26.799999999999272,67.60000000000582,-16.900000000001455,-70.08000000000582,-72.08000000000582,-74.08000000000582,-1.0366863905325412,-1.0662721893491067,-1.0958579881656723,True
2025-07-25 15:30:00-04:00,2025-07-25 15:50:00-04:00,2025-07-25,H1_MOMENTUM,1,22670.8,22660.8,STOP,22660.8,22700.8,10.0,-0.5,True,3.0,12.400000000001455,15.599999999998545,40.0,-10.0,-42.48,-44.48,-46.48,-1.0619999999999998,-1.1119999999999999,-1.162,True
2025-07-28 15:30:00-04:00,2025-07-28 15:55:00-04:00,2025-07-28,H1_MOMENTUM,1,22699.8,22728.6,TIME_EOD,22686.7,22739.099999999995,13.099999999998545,13.099999999998545,False,3.0,31.200000000000728,7.599999999998545,52.39999999999418,28.799999999999272,112.71999999999709,110.71999999999709,108.71999999999709,2.151145038168122,2.1129770992368204,2.0748091603055183,True
2025-07-29 15:30:00-04:00,2025-07-29 15:35:00-04:00,2025-07-29,H1_MOMENTUM,1,22698.0,22686.4,STOP,22688.0,22728.0,10.0,2.900000000001455,True,3.0,2.7999999999992724,35.599999999998545,40.0,-11.599999999998545,-48.879999999994176,-50.879999999994176,-52.879999999994176,-1.2219999999998543,-1.2719999999998544,-1.3219999999998544,True
2025-07-30 15:30:00-04:00,2025-07-30 15:55:00-04:00,2025-07-30,H1_MOMENTUM,1,22646.0,22712.0,TARGET,22624.0,22712.0,22.0,41.099999999998545,True,3.0,83.20000000000073,16.799999999999272,88.0,66.0,261.52,260.52,259.52,2.9718181818181817,2.9604545454545454,2.9490909090909088,True
2025-07-31 15:30:00-04:00,2025-07-31 15:35:00-04:00,2025-07-31,H1_MOMENTUM,1,22634.8,22618.9,STOP,22618.9,22682.499999999993,15.899999999997817,15.899999999997817,False,3.0,7.200000000000728,16.0,63.59999999999127,-15.899999999997817,-66.07999999999127,-68.07999999999127,-70.07999999999127,-1.0389937106918292,-1.0704402515723368,-1.1018867924528442,True
2025-08-01 15:30:00-04:00,2025-08-01 15:45:00-04:00,2025-08-01,H1_MOMENTUM,-1,22149.6,22171.6,STOP,22171.6,22083.6,22.0,22.900000000001455,True,3.0,31.19999999999709,60.80000000000291,88.0,-22.0,-90.48,-92.48,-94.48,-1.0281818181818183,-1.050909090909091,-1.0736363636363637,True
2025-08-04 15:30:00-04:00,2025-08-04 15:35:00-04:00,2025-08-04,H1_MOMENTUM,1,22532.0,22520.3,STOP,22520.3,22567.100000000002,11.700000000000728,11.700000000000728,False,3.0,2.0,12.0,46.80000000000291,-11.700000000000728,-49.28000000000291,-51.28000000000291,-53.28000000000291,-1.0529914529914497,-1.0957264957264896,-1.1384615384615298,True
2025-08-05 15:30:00-04:00,2025-08-05 15:35:00-04:00,2025-08-05,H1_MOMENTUM,1,22446.0,22424.0,STOP,22424.0,22512.0,22.0,30.900000000001455,True,3.0,3.599999999998545,22.0,88.0,-22.0,-90.48,-92.48,-94.48,-1.0281818181818183,-1.050909090909091,-1.0736363636363637,True
2025-08-06 15:30:00-04:00,2025-08-06 15:50:00-04:00,2025-08-06,H1_MOMENTUM,1,22690.8,22679.9,STOP,22679.9,22723.499999999993,10.899999999997817,10.899999999997817,False,3.0,19.200000000000728,14.0,43.59999999999127,-10.899999999997817,-46.079999999991266,-48.079999999991266,-50.079999999991266,-1.0568807339449655,-1.102752293578002,-1.1486238532110389,True
2025-08-07 15:30:00-04:00,2025-08-07 15:50:00-04:00,2025-08-07,H1_MOMENTUM,1,22673.6,22726.69999999999,TARGET,22655.9,22726.69999999999,17.69999999999709,17.69999999999709,False,3.0,57.60000000000218,5.599999999998545,70.79999999998836,53.09999999999127,209.91999999996509,208.91999999996509,207.91999999996509,2.9649717514124236,2.950847457627111,2.9367231638417977,True
2025-08-08 15:30:00-04:00,2025-08-08 15:35:00-04:00,2025-08-08,H1_MOMENTUM,1,22972.0,22962.0,STOP,22962.0,23002.0,10.0,0.2999999999992724,True,3.0,0.4000000000014552,10.799999999999272,40.0,-10.0,-42.48,-44.48,-46.48,-1.0619999999999998,-1.1119999999999999,-1.162,True
2025-08-11 11:05:00-04:00,2025-08-11 11:10:00-04:00,2025-08-11,PDH_SWEEP,-1,22994.4,23004.4,STOP,23004.4,22976.9,10.0,7.69999999999709,True,1.75,6.400000000001455,20.399999999997817,40.0,-10.0,-42.48,-44.48,-46.48,-1.0619999999999998,-1.1119999999999999,-1.162,True
2025-08-11 15:30:00-04:00,2025-08-11 15:30:00-04:00,2025-08-11,H1_MOMENTUM,1,22935.4,22925.4,STOP,22925.4,22965.4,10.0,6.100000000002183,True,3.0,3.399999999997817,12.200000000000728,40.0,-10.0,-42.48,-44.48,-46.48,-1.0619999999999998,-1.1119999999999999,-1.162,True
2025-08-12 15:30:00-04:00,2025-08-12 15:55:00-04:00,2025-08-12,H1_MOMENTUM,1,23192.2,23201.2,TIME_EOD,23170.2,23258.2,22.0,23.100000000002183,True,3.0,21.399999999997817,14.200000000000728,88.0,9.0,33.52,31.52,29.52,0.3809090909090909,0.35818181818181816,0.33545454545454545,True
2025-08-13 11:25:00-04:00,2025-08-13 11:30:00-04:00,2025-08-13,PDH_SWEEP,-1,23211.6,23194.1,TARGET,23221.6,23194.1,10.0,6.100000000002183,True,1.75,22.0,5.600000000002183,40.0,17.5,67.52,66.52,65.52,1.688,1.6629999999999998,1.638,True
2025-08-13 15:30:00-04:00,2025-08-13 15:35:00-04:00,2025-08-13,H1_MOMENTUM,1,23207.2,23193.5,STOP,23193.5,23248.300000000003,13.700000000000728,13.700000000000728,False,3.0,1.2000000000007276,20.400000000001455,54.80000000000291,-13.700000000000728,-57.28000000000291,-59.28000000000291,-61.28000000000291,-1.0452554744525522,-1.0817518248175138,-1.1182481751824753,True
2025-08-14 15:30:00-04:00,2025-08-14 15:40:00-04:00,2025-08-14,H1_MOMENTUM,-1,23199.6,23215.7,STOP,23215.7,23151.299999999992,16.100000000002183,16.100000000002183,False,3.0,6.399999999997817,18.80000000000291,64.40000000000873,-16.100000000002183,-66.88000000000874,-68.88000000000874,-70.88000000000874,-1.038509316770181,-1.069565217391295,-1.1006211180124088,True
2025-08-15 15:30:00-04:00,2025-08-15 15:35:00-04:00,2025-08-15,H1_MOMENTUM,-1,23093.6,23103.6,STOP,23103.6,23063.6,10.0,6.5,True,3.0,3.599999999998545,10.0,40.0,-10.0,-42.48,-44.48,-46.48,-1.0619999999999998,-1.1119999999999999,-1.162,True
2025-08-18 15:30:00-04:00,2025-08-18 15:50:00-04:00,2025-08-18,H1_MOMENTUM,-1,23079.2,23098.1,STOP,23098.1,23022.500000000007,18.899999999997817,18.899999999997817,False,3.0,4.0,21.200000000000728,75.59999999999127,-18.899999999997817,-78.07999999999127,-80.07999999999127,-82.07999999999127,-1.0328042328042366,-1.0592592592592662,-1.0857142857142956,True
2025-08-19 15:30:00-04:00,2025-08-19 15:40:00-04:00,2025-08-19,H1_MOMENTUM,-1,22764.8,22774.8,STOP,22774.8,22734.8,10.0,-0.2999999999992724,True,3.0,0.0,10.0,40.0,-10.0,-42.48,-44.48,-46.48,-1.0619999999999998,-1.1119999999999999,-1.162,True
2025-08-20 15:30:00-04:00,2025-08-20 15:30:00-04:00,2025-08-20,H1_MOMENTUM,-1,22627.6,22649.6,STOP,22649.6,22561.6,22.0,31.5,True,3.0,3.599999999998545,22.80000000000291,88.0,-22.0,-90.48,-92.48,-94.48,-1.0281818181818183,-1.050909090909091,-1.0736363636363637,True
2025-08-21 15:30:00-04:00,2025-08-21 15:55:00-04:00,2025-08-21,H1_MOMENTUM,-1,22546.4,22535.6,TIME_EOD,22568.4,22480.4,22.0,22.099999999998545,True,3.0,26.80000000000291,6.399999999997817,88.0,10.80000000000291,40.720000000011645,38.720000000011645,36.720000000011645,0.46272727272740505,0.44000000000013234,0.4172727272728596,True
2025-08-22 15:30:00-04:00,2025-08-22 15:35:00-04:00,2025-08-22,H1_MOMENTUM,1,22886.8,22876.8,STOP,22876.8,22916.8,10.0,6.899999999997817,True,3.0,5.400000000001455,32.0,40.0,-10.0,-42.48,-44.48,-46.48,-1.0619999999999998,-1.1119999999999999,-1.162,True
2025-08-25 15:30:00-04:00,2025-08-25 15:55:00-04:00,2025-08-25,H1_MOMENTUM,-1,22870.8,22811.699999999997,TARGET,22890.5,22811.699999999997,19.700000000000728,19.700000000000728,False,3.0,62.39999999999782,3.2000000000007276,78.80000000000291,59.10000000000218,233.92000000000874,232.92000000000874,231.92000000000874,2.968527918781727,2.9558375634517784,2.9431472081218297,True
2025-08-26 15:30:00-04:00,2025-08-26 15:30:00-04:00,2025-08-26,H1_MOMENTUM,-1,22884.8,22894.9,STOP,22894.9,22854.499999999993,10.100000000002183,10.100000000002183,False,3.0,1.2000000000007276,10.400000000001455,40.40000000000873,-10.100000000002183,-42.88000000000873,-44.88000000000873,-46.88000000000873,-1.0613861386138481,-1.1108910891088868,-1.1603960396039257,True
2025-08-27 15:30:00-04:00,2025-08-27 15:40:00-04:00,2025-08-27,H1_MOMENTUM,-1,22920.0,22942.0,STOP,22942.0,22854.0,22.0,27.900000000001455,True,3.0,0.7999999999992724,28.0,88.0,-22.0,-90.48,-92.48,-94.48,-1.0281818181818183,-1.050909090909091,-1.0736363636363637,True
2025-08-28 09:55:00-04:00,2025-08-28 09:55:00-04:00,2025-08-28,PDH_SWEEP,-1,22939.2,22900.7,TARGET,22961.2,22900.7,22.0,46.89999999999782,True,1.75,40.400000000001455,11.399999999997817,88.0,38.5,151.52,150.52,149.52,1.721818181818182,1.7104545454545457,1.6990909090909092,True
2025-08-28 15:30:00-04:00,2025-08-28 15:45:00-04:00,2025-08-28,H1_MOMENTUM,-1,23093.6,23114.1,STOP,23114.1,23032.1,20.5,20.5,False,3.0,4.399999999997817,21.200000000000728,82.0,-20.5,-84.48,-86.48,-88.48,-1.0302439024390244,-1.0546341463414635,-1.0790243902439025,True
2025-08-29 15:30:00-04:00,2025-08-29 15:45:00-04:00,2025-08-29,H1_MOMENTUM,-1,22804.0,22824.9,STOP,22824.9,22741.299999999996,20.900000000001455,20.900000000001455,False,3.0,17.599999999998545,29.400000000001455,83.60000000000582,-20.900000000001455,-86.08000000000582,-88.08000000000582,-90.08000000000582,-1.0296650717703328,-1.0535885167464079,-1.0775119617224826,True
2025-09-02 15:30:00-04:00,2025-09-02 15:30:00-04:00,2025-09-02,H1_MOMENTUM,-1,22583.6,22593.6,STOP,22593.6,22553.6,10.0,2.900000000001455,True,3.0,3.1999999999970896,11.200000000000728,40.0,-10.0,-42.48,-44.48,-46.48,-1.0619999999999998,-1.1119999999999999,-1.162,True
2025-09-03 15:30:00-04:00,2025-09-03 15:50:00-04:00,2025-09-03,H1_MOMENTUM,1,22703.6,22769.6,TARGET,22681.6,22769.6,22.0,22.299999999999272,True,3.0,76.40000000000146,0.0,88.0,66.0,261.52,260.52,259.52,2.9718181818181817,2.9604545454545454,2.9490909090909088,True
2025-09-04 15:30:00-04:00,2025-09-04 15:55:00-04:00,2025-09-04,H1_MOMENTUM,1,22973.2,23011.900000000005,TARGET,22960.3,23011.900000000005,12.900000000001455,12.900000000001455,False,3.0,50.0,6.0,51.60000000000582,38.700000000004366,152.32000000001747,151.32000000001747,150.32000000001747,2.9519379844961295,2.9325581395348914,2.9131782945736533,True
2025-09-05 10:30:00-04:00,2025-09-05 10:35:00-04:00,2025-09-05,PDH_SWEEP,-1,23004.6,22966.1,TARGET,23026.6,22966.1,22.0,28.30000000000291,True,1.75,40.19999999999709,9.0,88.0,38.5,151.52,150.52,149.52,1.721818181818182,1.7104545454545457,1.6990909090909092,True
2025-09-05 15:30:00-04:00,2025-09-05 15:30:00-04:00,2025-09-05,H1_MOMENTUM,1,23032.6,23010.6,STOP,23010.6,23098.6,22.0,37.5,True,3.0,2.600000000002183,24.19999999999709,88.0,-22.0,-90.48,-92.48,-94.48,-1.0281818181818183,-1.050909090909091,-1.0736363636363637,True
2025-09-08 15:30:00-04:00,2025-09-08 15:45:00-04:00,2025-09-08,H1_MOMENTUM,1,23123.4,23160.30000000001,TARGET,23111.1,23160.30000000001,12.30000000000291,12.30000000000291,False,3.0,37.0,1.0,49.20000000001164,36.90000000000873,145.12000000003493,144.12000000003493,143.12000000003493,2.9495934959349714,2.9292682926829436,2.9089430894309163,True
2025-09-09 15:30:00-04:00,2025-09-09 15:55:00-04:00,2025-09-09,H1_MOMENTUM,1,23208.4,23219.2,TIME_EOD,23186.7,23273.500000000004,21.700000000000728,21.700000000000728,False,3.0,28.799999999999272,20.80000000000291,86.80000000000291,10.799999999999272,40.71999999999709,38.71999999999709,36.71999999999709,0.4691244239630844,0.4460829493087073,0.42304147465433023,True
2025-09-10 15:30:00-04:00,2025-09-10 15:50:00-04:00,2025-09-10,H1_MOMENTUM,1,23165.6,23231.6,TARGET,23143.6,23231.6,22.0,23.299999999999272,True,3.0,69.20000000000073,0.0,88.0,66.0,261.52,260.52,259.52,2.9718181818181817,2.9604545454545454,2.9490909090909088,True
2025-09-11 15:30:00-04:00,2025-09-11 15:55:00-04:00,2025-09-11,H1_MOMENTUM,1,23384.4,23372.3,STOP,23372.3,23420.700000000008,12.100000000002183,12.100000000002183,False,3.0,10.0,23.600000000002183,48.40000000000873,-12.100000000002183,-50.88000000000873,-52.88000000000873,-54.88000000000873,-1.0512396694214783,-1.0925619834710576,-1.133884297520637,True
2025-09-12 15:30:00-04:00,2025-09-12 15:30:00-04:00,2025-09-12,H1_MOMENTUM,1,23481.4,23471.4,STOP,23471.4,23511.4,10.0,4.700000000000728,True,3.0,1.0,18.600000000002183,40.0,-10.0,-42.48,-44.48,-46.48,-1.0619999999999998,-1.1119999999999999,-1.162,True
2025-09-15 15:30:00-04:00,2025-09-15 15:55:00-04:00,2025-09-15,H1_MOMENTUM,1,23628.4,23658.4,TARGET,23618.4,23658.4,10.0,9.100000000002183,True,3.0,42.39999999999782,6.0,40.0,30.0,117.52,116.52,115.52,2.9379999999999997,2.913,2.888,True
2025-09-16 15:30:00-04:00,2025-09-16 15:50:00-04:00,2025-09-16,H1_MOMENTUM,-1,23659.6,23678.1,STOP,23678.1,23604.1,18.5,18.5,False,3.0,7.19999999999709,22.0,74.0,-18.5,-76.48,-78.48,-80.48,-1.0335135135135136,-1.0605405405405406,-1.0875675675675676,True
2025-09-17 15:30:00-04:00,2025-09-17 15:50:00-04:00,2025-09-17,H1_MOMENTUM,-1,23647.6,23582.499999999996,TARGET,23669.3,23582.499999999996,21.700000000000728,21.700000000000728,False,3.0,65.59999999999854,16.400000000001455,86.80000000000291,65.10000000000218,257.9200000000087,256.9200000000087,255.92000000000874,2.971428571428572,2.959907834101384,2.948387096774195,True
2025-09-18 15:30:00-04:00,2025-09-18 15:40:00-04:00,2025-09-18,H1_MOMENTUM,1,23834.0,23824.0,STOP,23824.0,23864.0,10.0,3.2999999999992724,True,3.0,10.799999999999272,12.0,40.0,-10.0,-42.48,-44.48,-46.48,-1.0619999999999998,-1.1119999999999999,-1.162,True
2025-09-19 15:30:00-04:00,2025-09-19 15:55:00-04:00,2025-09-19,H1_MOMENTUM,1,23960.8,23978.0,TIME_EOD,23938.8,24026.8,22.0,22.700000000000728,True,3.0,41.20000000000073,12.399999999997817,88.0,17.200000000000728,66.3200000000029,64.3200000000029,62.32000000000291,0.7536363636363966,0.7309090909091239,0.7081818181818513,True
2025-09-22 15:30:00-04:00,2025-09-22 15:55:00-04:00,2025-09-22,H1_MOMENTUM,-1,24104.8,24089.6,TIME_EOD,24114.9,24074.499999999993,10.100000000002183,10.100000000002183,False,3.0,24.799999999999272,1.6000000000021828,40.40000000000873,15.200000000000728,58.32000000000291,56.32000000000291,54.32000000000291,1.4435643564354037,1.3940594059403648,1.3445544554453261,True
2025-09-23 15:30:00-04:00,2025-09-23 15:40:00-04:00,2025-09-23,H1_MOMENTUM,-1,23902.0,23924.0,STOP,23924.0,23836.0,22.0,24.5,True,3.0,1.0,25.0,88.0,-22.0,-90.48,-92.48,-94.48,-1.0281818181818183,-1.050909090909091,-1.0736363636363637,True
2025-09-24 15:30:00-04:00,2025-09-24 15:55:00-04:00,2025-09-24,H1_MOMENTUM,-1,23826.4,23842.3,STOP,23842.3,23778.700000000008,15.899999999997817,15.899999999997817,False,3.0,21.80000000000291,24.799999999999272,63.59999999999127,-15.899999999997817,-66.07999999999127,-68.07999999999127,-70.07999999999127,-1.0389937106918292,-1.0704402515723368,-1.1018867924528442,True
2025-09-25 15:30:00-04:00,2025-09-25 15:50:00-04:00,2025-09-25,H1_MOMENTUM,-1,23719.4,23741.4,STOP,23741.4,23653.4,22.0,27.899999999997817,True,3.0,15.200000000000728,26.599999999998545,88.0,-22.0,-90.48,-92.48,-94.48,-1.0281818181818183,-1.050909090909091,-1.0736363636363637,True
2025-09-26 15:30:00-04:00,2025-09-26 15:50:00-04:00,2025-09-26,H1_MOMENTUM,1,23840.0,23824.5,STOP,23824.5,23886.5,15.5,15.5,False,3.0,5.200000000000728,23.200000000000728,62.0,-15.5,-64.48,-66.48,-68.48,-1.04,-1.072258064516129,-1.104516129032258,True
2025-09-29 15:30:00-04:00,2025-09-29 15:55:00-04:00,2025-09-29,H1_MOMENTUM,1,23923.0,23953.2,TIME_EOD,23901.0,23989.0,22.0,25.5,True,3.0,36.599999999998545,7.0,88.0,30.200000000000728,118.3200000000029,116.3200000000029,114.3200000000029,1.3445454545454876,1.3218181818182149,1.2990909090909422,True
2025-09-30 15:30:00-04:00,2025-09-30 15:30:00-04:00,2025-09-30,H1_MOMENTUM,-1,23977.4,23987.4,STOP,23987.4,23947.4,10.0,4.299999999999272,True,3.0,1.4000000000014552,14.19999999999709,40.0,-10.0,-42.48,-44.48,-46.48,-1.0619999999999998,-1.1119999999999999,-1.162,True
2025-10-01 15:30:00-04:00,2025-10-01 15:55:00-04:00,2025-10-01,H1_MOMENTUM,-1,24140.4,24131.2,TIME_EOD,24151.3,24107.700000000008,10.899999999997817,10.899999999997817,False,3.0,18.0,10.799999999999272,43.59999999999127,9.200000000000728,34.32000000000291,32.32000000000291,30.32000000000291,0.7871559633029768,0.7412844036699401,0.6954128440369033,True
2025-10-02 15:30:00-04:00,2025-10-02 15:35:00-04:00,2025-10-02,H1_MOMENTUM,1,24239.2,24229.2,STOP,24229.2,24269.2,10.0,9.700000000000728,True,3.0,6.399999999997817,15.0,40.0,-10.0,-42.48,-44.48,-46.48,-1.0619999999999998,-1.1119999999999999,-1.162,True
2025-10-03 15:30:00-04:00,2025-10-03 15:55:00-04:00,2025-10-03,H1_MOMENTUM,-1,24132.0,24123.6,TIME_EOD,24154.0,24066.0,22.0,26.099999999998545,True,3.0,21.0,20.799999999999272,88.0,8.400000000001455,31.12000000000582,29.12000000000582,27.12000000000582,0.35363636363642975,0.33090909090915704,0.30818181818188434,True
2025-10-06 15:30:00-04:00,2025-10-06 15:40:00-04:00,2025-10-06,H1_MOMENTUM,1,24346.0,24336.0,STOP,24336.0,24376.0,10.0,4.900000000001455,True,3.0,5.200000000000728,16.0,40.0,-10.0,-42.48,-44.48,-46.48,-1.0619999999999998,-1.1119999999999999,-1.162,True
2025-10-07 10:15:00-04:00,2025-10-07 10:25:00-04:00,2025-10-07,PDH_SWEEP,-1,24364.6,24336.074999999993,TARGET,24380.9,24336.074999999993,16.30000000000291,16.30000000000291,False,1.75,30.599999999998545,5.80000000000291,65.20000000001164,28.525000000005093,111.62000000002037,110.62000000002037,109.62000000002037,1.7119631901840557,1.696625766871175,1.6812883435582944,True
2025-10-07 15:30:00-04:00,2025-10-07 15:40:00-04:00,2025-10-07,H1_MOMENTUM,1,24168.8,24198.8,TARGET,24158.8,24198.8,10.0,1.7000000000007276,True,3.0,30.400000000001455,0.7999999999992724,40.0,30.0,117.52,116.52,115.52,2.9379999999999997,2.913,2.888,True
2025-10-08 15:30:00-04:00,2025-10-08 15:55:00-04:00,2025-10-08,H1_MOMENTUM,1,24438.0,24458.0,TIME_EOD,24416.0,24504.0,22.0,41.29999999999927,True,3.0,31.599999999998545,8.400000000001455,88.0,20.0,77.52,75.52,73.52,0.8809090909090909,0.8581818181818182,0.8354545454545454,True
2025-10-09 15:30:00-04:00,2025-10-09 15:35:00-04:00,2025-10-09,H1_MOMENTUM,-1,24398.4,24408.4,STOP,24408.4,24368.4,10.0,6.5,True,3.0,0.6000000000021828,13.599999999998545,40.0,-10.0,-42.48,-44.48,-46.48,-1.0619999999999998,-1.1119999999999999,-1.162,True
2025-10-10 15:30:00-04:00,2025-10-10 15:30:00-04:00,2025-10-10,H1_MOMENTUM,1,23710.0,23688.7,STOP,23688.7,23773.899999999998,21.299999999999272,21.299999999999272,False,3.0,7.599999999998545,27.599999999998545,85.19999999999709,-21.299999999999272,-87.6799999999971,-89.6799999999971,-91.6799999999971,-1.0291079812206583,-1.052582159624415,-1.0760563380281716,True
2025-10-13 15:30:00-04:00,2025-10-13 15:55:00-04:00,2025-10-13,H1_MOMENTUM,1,24071.6,24083.2,TIME_EOD,24049.6,24137.6,22.0,28.5,True,3.0,32.80000000000291,5.19999999999709,88.0,11.600000000002183,43.920000000008734,41.920000000008734,39.920000000008734,0.49909090909100834,0.47636363636373563,0.45363636363646287,True
2025-10-14 15:30:00-04:00,2025-10-14 15:35:00-04:00,2025-10-14,H1_MOMENTUM,-1,24059.6,23993.6,TARGET,24081.6,23993.6,22.0,24.900000000001455,True,3.0,126.79999999999927,0.0,88.0,66.0,261.52,260.52,259.52,2.9718181818181817,2.9604545454545454,2.9490909090909088,True
2025-10-15 15:30:00-04:00,2025-10-15 15:35:00-04:00,2025-10-15,H1_MOMENTUM,1,24104.8,24082.8,STOP,24082.8,24170.8,22.0,34.099999999998545,True,3.0,3.600000000002183,56.0,88.0,-22.0,-90.48,-92.48,-94.48,-1.0281818181818183,-1.050909090909091,-1.0736363636363637,True
2025-10-16 15:30:00-04:00,2025-10-16 15:30:00-04:00,2025-10-16,H1_MOMENTUM,1,23909.6,23887.6,STOP,23887.6,23975.6,22.0,39.69999999999709,True,3.0,0.0,24.799999999999272,88.0,-22.0,-90.48,-92.48,-94.48,-1.0281818181818183,-1.050909090909091,-1.0736363636363637,True
2025-10-17 15:30:00-04:00,2025-10-17 15:55:00-04:00,2025-10-17,H1_MOMENTUM,-1,24192.4,24153.6,TIME_EOD,24214.4,24126.4,22.0,28.099999999998545,True,3.0,42.0,0.0,88.0,38.80000000000291,152.72000000001165,150.72000000001165,148.72000000001165,1.735454545454678,1.7127272727274052,1.6900000000001325,True
2025-10-20 15:30:00-04:00,2025-10-20 15:55:00-04:00,2025-10-20,H1_MOMENTUM,1,24480.8,24461.6,TIME_EOD,24458.8,24546.8,22.0,22.899999999997817,True,3.0,13.200000000000728,19.599999999998545,88.0,-19.200000000000728,-79.28000000000291,-81.28000000000291,-83.28000000000291,-0.9009090909091241,-0.9236363636363968,-0.9463636363636695,True
2025-10-21 15:30:00-04:00,2025-10-21 15:50:00-04:00,2025-10-21,H1_MOMENTUM,-1,24472.2,24486.1,STOP,24486.1,24430.500000000007,13.899999999997817,13.899999999997817,False,3.0,7.799999999999272,25.0,55.59999999999127,-13.899999999997817,-58.079999999991266,-60.079999999991266,-62.079999999991266,-1.0446043165467696,-1.0805755395683578,-1.1165467625899463,True
2025-10-22 15:30:00-04:00,2025-10-22 15:55:00-04:00,2025-10-22,H1_MOMENTUM,1,24194.0,24218.0,TIME_EOD,24172.0,24260.0,22.0,86.90000000000146,True,3.0,38.400000000001455,6.0,88.0,24.0,93.52,91.52,89.52,1.0627272727272727,1.04,1.0172727272727273,True
2025-10-23 15:30:00-04:00,2025-10-23 15:35:00-04:00,2025-10-23,H1_MOMENTUM,1,24444.8,24432.9,STOP,24432.9,24480.499999999993,11.899999999997817,11.899999999997817,False,3.0,0.4000000000014552,16.0,47.59999999999127,-11.899999999997817,-50.079999999991266,-52.079999999991266,-54.079999999991266,-1.052100840336144,-1.0941176470588407,-1.1361344537815374,True
2025-10-24 15:30:00-04:00,2025-10-24 15:40:00-04:00,2025-10-24,H1_MOMENTUM,1,24728.0,24713.7,STOP,24713.7,24770.899999999998,14.299999999999272,14.299999999999272,False,3.0,3.0,17.799999999999272,57.19999999999709,-14.299999999999272,-59.67999999999709,-61.67999999999709,-63.67999999999709,-1.0433566433566455,-1.0783216783216822,-1.113286713286719,True
2025-10-27 15:30:00-04:00,2025-10-27 15:50:00-04:00,2025-10-27,H1_MOMENTUM,1,25089.6,25119.6,TARGET,25079.6,25119.6,10.0,6.099999999998545,True,3.0,50.80000000000291,1.5999999999985448,40.0,30.0,117.52,116.52,115.52,2.9379999999999997,2.913,2.888,True
2025-10-28 15:30:00-04:00,2025-10-28 15:40:00-04:00,2025-10-28,H1_MOMENTUM,1,25380.6,25358.6,STOP,25358.6,25446.6,22.0,43.89999999999782,True,3.0,5.200000000000728,39.79999999999927,88.0,-22.0,-90.48,-92.48,-94.48,-1.0281818181818183,-1.050909090909091,-1.0736363636363637,True
2025-10-29 15:30:00-04:00,2025-10-29 15:30:00-04:00,2025-10-29,H1_MOMENTUM,1,25350.0,25328.0,STOP,25328.0,25416.0,22.0,76.09999999999854,True,3.0,13.200000000000728,22.0,88.0,-22.0,-90.48,-92.48,-94.48,-1.0281818181818183,-1.050909090909091,-1.0736363636363637,True
2025-10-30 15:30:00-04:00,2025-10-30 15:30:00-04:00,2025-10-30,H1_MOMENTUM,-1,25107.2,25129.2,STOP,25129.2,25041.2,22.0,52.89999999999782,True,3.0,4.400000000001455,22.399999999997817,88.0,-22.0,-90.48,-92.48,-94.48,-1.0281818181818183,-1.050909090909091,-1.0736363636363637,True
2025-10-31 15:30:00-04:00,2025-10-31 15:45:00-04:00,2025-10-31,H1_MOMENTUM,1,25258.0,25236.0,STOP,25236.0,25324.0,22.0,84.90000000000146,True,3.0,30.799999999999272,32.0,88.0,-22.0,-90.48,-92.48,-94.48,-1.0281818181818183,-1.050909090909091,-1.0736363636363637,True
2025-11-03 15:30:00-05:00,2025-11-03 15:30:00-05:00,2025-11-03,H1_MOMENTUM,1,25273.2,25263.2,STOP,25263.2,25303.2,10.0,8.100000000002183,True,3.0,0.0,18.200000000000728,40.0,-10.0,-42.48,-44.48,-46.48,-1.0619999999999998,-1.1119999999999999,-1.162,True
2025-11-04 15:30:00-05:00,2025-11-04 15:45:00-05:00,2025-11-04,H1_MOMENTUM,-1,24812.8,24829.7,STOP,24829.7,24762.099999999995,16.900000000001455,16.900000000001455,False,3.0,29.599999999998545,19.200000000000728,67.60000000000582,-16.900000000001455,-70.08000000000582,-72.08000000000582,-74.08000000000582,-1.0366863905325412,-1.0662721893491067,-1.0958579881656723,True
2025-11-05 15:30:00-05:00,2025-11-05 15:30:00-05:00,2025-11-05,H1_MOMENTUM,1,25020.0,25010.0,STOP,25010.0,25050.0,10.0,4.099999999998545,True,3.0,0.0,16.0,40.0,-10.0,-42.48,-44.48,-46.48,-1.0619999999999998,-1.1119999999999999,-1.162,True
2025-11-06 15:30:00-05:00,2025-11-06 15:45:00-05:00,2025-11-06,H1_MOMENTUM,-1,24562.6,24496.6,TARGET,24584.6,24496.6,22.0,59.5,True,3.0,89.39999999999782,16.600000000002183,88.0,66.0,261.52,260.52,259.52,2.9718181818181817,2.9604545454545454,2.9490909090909088,True
2025-11-07 15:30:00-05:00,2025-11-07 15:30:00-05:00,2025-11-07,H1_MOMENTUM,-1,24289.6,24311.6,STOP,24311.6,24223.6,22.0,62.10000000000218,True,3.0,0.0,34.400000000001455,88.0,-22.0,-90.48,-92.48,-94.48,-1.0281818181818183,-1.050909090909091,-1.0736363636363637,True
2025-11-10 15:30:00-05:00,2025-11-10 15:45:00-05:00,2025-11-10,H1_MOMENTUM,1,24922.6,24958.299999999992,TARGET,24910.7,24958.299999999992,11.899999999997817,11.899999999997817,False,3.0,45.80000000000291,10.19999999999709,47.59999999999127,35.69999999999345,140.31999999997382,139.31999999997382,138.31999999997382,2.9478991596638564,2.926890756302508,2.9058823529411595,True
2025-11-11 15:30:00-05:00,2025-11-11 15:50:00-05:00,2025-11-11,H1_MOMENTUM,-1,24870.4,24892.4,STOP,24892.4,24804.4,22.0,25.299999999999272,True,3.0,11.200000000000728,33.19999999999709,88.0,-22.0,-90.48,-92.48,-94.48,-1.0281818181818183,-1.050909090909091,-1.0736363636363637,True
2025-11-12 15:30:00-05:00,2025-11-12 15:30:00-05:00,2025-11-12,H1_MOMENTUM,-1,24821.2,24831.2,STOP,24831.2,24791.2,10.0,3.7000000000007276,True,3.0,5.200000000000728,34.79999999999927,40.0,-10.0,-42.48,-44.48,-46.48,-1.0619999999999998,-1.1119999999999999,-1.162,True
2025-11-13 15:30:00-05:00,2025-11-13 15:30:00-05:00,2025-11-13,H1_MOMENTUM,-1,24314.4,24324.4,STOP,24324.4,24284.4,10.0,4.099999999998545,True,3.0,6.80000000000291,19.0,40.0,-10.0,-42.48,-44.48,-46.48,-1.0619999999999998,-1.1119999999999999,-1.162,True
2025-11-14 15:30:00-05:00,2025-11-14 15:30:00-05:00,2025-11-14,H1_MOMENTUM,-1,24378.6,24400.6,STOP,24400.6,24312.6,22.0,113.10000000000218,True,3.0,5.799999999999272,27.80000000000291,88.0,-22.0,-90.48,-92.48,-94.48,-1.0281818181818183,-1.050909090909091,-1.0736363636363637,True
2025-11-17 15:30:00-05:00,2025-11-17 15:30:00-05:00,2025-11-17,H1_MOMENTUM,1,24049.2,24027.2,STOP,24027.2,24115.2,22.0,53.29999999999927,True,3.0,24.399999999997817,25.200000000000728,88.0,-22.0,-90.48,-92.48,-94.48,-1.0281818181818183,-1.050909090909091,-1.0736363636363637,True
2025-11-18 15:30:00-05:00,2025-11-18 15:45:00-05:00,2025-11-18,H1_MOMENTUM,-1,23965.2,23899.2,TARGET,23987.2,23899.2,22.0,90.89999999999782,True,3.0,72.79999999999927,8.399999999997817,88.0,66.0,261.52,260.52,259.52,2.9718181818181817,2.9604545454545454,2.9490909090909088,True
2025-11-19 15:30:00-05:00,2025-11-19 15:30:00-05:00,2025-11-19,H1_MOMENTUM,1,24044.4,24022.4,STOP,24022.4,24110.4,22.0,127.70000000000073,True,3.0,0.0,22.400000000001455,88.0,-22.0,-90.48,-92.48,-94.48,-1.0281818181818183,-1.050909090909091,-1.0736363636363637,True
2025-11-20 15:30:00-05:00,2025-11-20 15:30:00-05:00,2025-11-20,H1_MOMENTUM,1,23578.4,23556.4,STOP,23556.4,23644.4,22.0,50.10000000000218,True,3.0,15.19999999999709,33.20000000000073,88.0,-22.0,-90.48,-92.48,-94.48,-1.0281818181818183,-1.050909090909091,-1.0736363636363637,True
2025-11-21 15:30:00-05:00,2025-11-21 15:30:00-05:00,2025-11-21,H1_MOMENTUM,1,23672.8,23662.8,STOP,23662.8,23702.8,10.0,-8.299999999999272,True,3.0,16.0,29.200000000000728,40.0,-10.0,-42.48,-44.48,-46.48,-1.0619999999999998,-1.1119999999999999,-1.162,True
2025-11-24 15:30:00-05:00,2025-11-24 15:55:00-05:00,2025-11-24,H1_MOMENTUM,1,24211.6,24213.6,TIME_EOD,24189.6,24277.6,22.0,22.5,True,3.0,54.80000000000291,8.0,88.0,2.0,5.52,3.52,1.52,0.06272727272727273,0.04,0.017272727272727273,True
2025-11-25 15:30:00-05:00,2025-11-25 15:30:00-05:00,2025-11-25,H1_MOMENTUM,-1,24325.0,24335.0,STOP,24335.0,24295.0,10.0,5.099999999998545,True,3.0,0.0,31.200000000000728,40.0,-10.0,-42.48,-44.48,-46.48,-1.0619999999999998,-1.1119999999999999,-1.162,True
2025-11-26 15:30:00-05:00,2025-11-26 15:50:00-05:00,2025-11-26,H1_MOMENTUM,1,24618.6,24595.2,STOP,24596.6,24684.6,22.0,24.299999999999272,True,3.0,5.600000000002183,40.19999999999709,88.0,-23.399999999997817,-96.07999999999127,-98.07999999999127,-100.07999999999127,-1.0918181818180825,-1.1145454545453555,-1.1372727272726282,True
2025-12-01 15:30:00-05:00,2025-12-01 15:35:00-05:00,2025-12-01,H1_MOMENTUM,-1,24689.2,24699.2,STOP,24699.2,24659.2,10.0,9.5,True,3.0,14.799999999999272,13.599999999998545,40.0,-10.0,-42.48,-44.48,-46.48,-1.0619999999999998,-1.1119999999999999,-1.162,True
2025-12-02 15:30:00-05:00,2025-12-02 15:35:00-05:00,2025-12-02,H1_MOMENTUM,1,24915.4,24896.5,STOP,24896.5,24972.100000000006,18.900000000001455,18.900000000001455,False,3.0,11.399999999997817,19.400000000001455,75.60000000000582,-18.900000000001455,-78.08000000000582,-80.08000000000582,-82.08000000000582,-1.0328042328042304,-1.0592592592592547,-1.0857142857142792,True
2025-12-03 15:30:00-05:00,2025-12-03 15:50:00-05:00,2025-12-03,H1_MOMENTUM,-1,24965.8,24935.8,TARGET,24975.8,24935.8,10.0,2.900000000001455,True,3.0,35.39999999999782,0.0,40.0,30.0,117.52,116.52,115.52,2.9379999999999997,2.913,2.888,True
2025-12-04 15:30:00-05:00,2025-12-04 15:50:00-05:00,2025-12-04,H1_MOMENTUM,-1,24854.8,24876.8,STOP,24876.8,24788.8,22.0,27.299999999999272,True,3.0,1.5999999999985448,48.400000000001455,88.0,-22.0,-90.48,-92.48,-94.48,-1.0281818181818183,-1.050909090909091,-1.0736363636363637,True
2025-12-05 11:20:00-05:00,2025-12-05 11:20:00-05:00,2025-12-05,PDH_SWEEP,-1,24984.8,25004.9,STOP,25004.9,24949.624999999996,20.100000000002183,20.100000000002183,False,1.75,4.799999999999272,43.20000000000073,80.40000000000873,-20.100000000002183,-82.88000000000874,-84.88000000000874,-86.88000000000874,-1.0308457711442753,-1.05572139303482,-1.0805970149253645,True
2025-12-05 15:30:00-05:00,2025-12-05 15:40:00-05:00,2025-12-05,H1_MOMENTUM,1,25014.8,25004.8,STOP,25004.8,25044.8,10.0,8.099999999998545,True,3.0,6.600000000002183,11.200000000000728,40.0,-10.0,-42.48,-44.48,-46.48,-1.0619999999999998,-1.1119999999999999,-1.162,True
2025-12-08 15:30:00-05:00,2025-12-08 15:55:00-05:00,2025-12-08,H1_MOMENTUM,1,24914.8,24969.2,TIME_EOD,24892.8,24980.8,22.0,31.700000000000728,True,3.0,55.20000000000073,20.399999999997817,88.0,54.400000000001455,215.12000000000583,213.12000000000583,211.12000000000583,2.444545454545521,2.421818181818248,2.3990909090909756,True
2025-12-09 15:30:00-05:00,2025-12-09 15:50:00-05:00,2025-12-09,H1_MOMENTUM,-1,24997.6,25013.7,STOP,25013.7,24949.299999999992,16.100000000002183,16.100000000002183,False,3.0,6.0,24.200000000000728,64.40000000000873,-16.100000000002183,-66.88000000000874,-68.88000000000874,-70.88000000000874,-1.038509316770181,-1.069565217391295,-1.1006211180124088,True
2025-12-10 15:30:00-05:00,2025-12-10 15:30:00-05:00,2025-12-10,H1_MOMENTUM,-1,25134.0,25156.0,STOP,25156.0,25068.0,22.0,33.29999999999927,True,3.0,2.400000000001455,28.0,88.0,-22.0,-90.48,-92.48,-94.48,-1.0281818181818183,-1.050909090909091,-1.0736363636363637,True
2025-12-11 15:30:00-05:00,2025-12-11 15:50:00-05:00,2025-12-11,H1_MOMENTUM,-1,24986.0,25008.0,STOP,25008.0,24920.0,22.0,30.900000000001455,True,3.0,11.599999999998545,40.599999999998545,88.0,-22.0,-90.48,-92.48,-94.48,-1.0281818181818183,-1.050909090909091,-1.0736363636363637,True
2025-12-12 15:30:00-05:00,2025-12-12 15:55:00-05:00,2025-12-12,H1_MOMENTUM,-1,24542.0,24548.4,TIME_EOD,24564.0,24476.0,22.0,52.099999999998545,True,3.0,59.20000000000073,12.400000000001455,88.0,-6.400000000001455,-28.08000000000582,-30.08000000000582,-32.08000000000582,-0.31909090909097526,-0.34181818181824797,-0.3645454545455207,True
2025-12-15 15:30:00-05:00,2025-12-15 15:30:00-05:00,2025-12-15,H1_MOMENTUM,1,24460.4,24440.7,STOP,24440.7,24519.500000000004,19.700000000000728,19.700000000000728,False,3.0,0.0,31.200000000000728,78.80000000000291,-19.700000000000728,-81.28000000000291,-83.28000000000291,-85.28000000000291,-1.031472081218273,-1.0568527918781705,-1.082233502538068,True
2025-12-16 15:30:00-05:00,2025-12-16 15:50:00-05:00,2025-12-16,H1_MOMENTUM,1,24472.0,24538.0,TARGET,24450.0,24538.0,22.0,60.099999999998545,True,3.0,68.0,0.0,88.0,66.0,261.52,260.52,259.52,2.9718181818181817,2.9604545454545454,2.9490909090909088,True
2025-12-17 15:30:00-05:00,2025-12-17 15:55:00-05:00,2025-12-17,H1_MOMENTUM,-1,24081.6,24015.6,TARGET,24103.6,24015.6,22.0,28.700000000000728,True,3.0,70.0,16.400000000001455,88.0,66.0,261.52,260.52,259.52,2.9718181818181817,2.9604545454545454,2.9490909090909088,True
2025-12-18 15:30:00-05:00,2025-12-18 15:55:00-05:00,2025-12-18,H1_MOMENTUM,1,24418.0,24396.0,STOP,24396.0,24484.0,22.0,109.70000000000073,True,3.0,33.20000000000073,52.0,88.0,-22.0,-90.48,-92.48,-94.48,-1.0281818181818183,-1.050909090909091,-1.0736363636363637,True
2025-12-19 15:30:00-05:00,2025-12-19 15:35:00-05:00,2025-12-19,H1_MOMENTUM,1,24685.4,24674.7,STOP,24674.7,24717.500000000004,10.700000000000728,10.700000000000728,False,3.0,6.19999999999709,11.80000000000291,42.80000000000291,-10.700000000000728,-45.28000000000291,-47.28000000000291,-49.28000000000291,-1.057943925233641,-1.1046728971962545,-1.151401869158868,True
2025-12-22 15:30:00-05:00,2025-12-22 15:55:00-05:00,2025-12-22,H1_MOMENTUM,1,24765.2,24764.4,TIME_EOD,24755.2,24795.2,10.0,8.100000000002183,True,3.0,12.0,6.200000000000728,40.0,-0.7999999999992724,-5.67999999999709,-7.67999999999709,-9.67999999999709,-0.14199999999992724,-0.19199999999992726,-0.24199999999992725,True
2025-12-23 15:30:00-05:00,2025-12-23 15:50:00-05:00,2025-12-23,H1_MOMENTUM,-1,24873.6,24883.6,STOP,24883.6,24843.6,10.0,7.100000000002183,True,3.0,2.7999999999992724,12.400000000001455,40.0,-10.0,-42.48,-44.48,-46.48,-1.0619999999999998,-1.1119999999999999,-1.162,True
2025-12-26 10:00:00-05:00,2025-12-26 10:00:00-05:00,2025-12-26,PDH_SWEEP,-1,24968.8,24948.324999999997,TARGET,24980.5,24948.324999999997,11.700000000000728,11.700000000000728,False,1.75,35.20000000000073,2.0,46.80000000000291,20.475000000002183,79.42000000000873,78.42000000000873,77.42000000000873,1.697008547008628,1.6756410256411078,1.6542735042735879,True
2025-12-26 15:30:00-05:00,2025-12-26 15:50:00-05:00,2025-12-26,H1_MOMENTUM,1,24962.0,24952.0,STOP,24952.0,24992.0,10.0,5.299999999999272,True,3.0,5.799999999999272,14.799999999999272,40.0,-10.0,-42.48,-44.48,-46.48,-1.0619999999999998,-1.1119999999999999,-1.162,True
2025-12-29 15:30:00-05:00,2025-12-29 15:55:00-05:00,2025-12-29,H1_MOMENTUM,-1,24844.4,24835.4,TIME_EOD,24860.5,24796.100000000006,16.099999999998545,16.099999999998545,False,3.0,20.0,7.799999999999272,64.39999999999418,9.0,33.52,31.52,29.52,0.520496894409985,0.48944099378886413,0.4583850931677433,True
2025-12-30 15:30:00-05:00,2025-12-30 15:55:00-05:00,2025-12-30,H1_MOMENTUM,1,24804.8,24784.1,STOP,24784.1,24866.9,20.700000000000728,20.700000000000728,False,3.0,8.799999999999272,35.79999999999927,82.80000000000291,-20.700000000000728,-85.28000000000291,-87.28000000000291,-89.28000000000291,-1.029951690821255,-1.0541062801932348,-1.0782608695652147,True
2025-12-31 15:30:00-05:00,2025-12-31 15:30:00-05:00,2025-12-31,H1_MOMENTUM,-1,24593.6,24615.6,STOP,24615.6,24527.6,22.0,58.900000000001455,True,3.0,4.19999999999709,30.80000000000291,88.0,-22.0,-90.48,-92.48,-94.48,-1.0281818181818183,-1.050909090909091,-1.0736363636363637,True
2026-01-02 15:30:00-05:00,2026-01-02 15:40:00-05:00,2026-01-02,H1_MOMENTUM,1,24568.8,24546.8,STOP,24546.8,24634.8,22.0,45.70000000000073,True,3.0,1.6000000000021828,41.599999999998545,88.0,-22.0,-90.48,-92.48,-94.48,-1.0281818181818183,-1.050909090909091,-1.0736363636363637,True
2026-01-05 15:30:00-05:00,2026-01-05 15:50:00-05:00,2026-01-05,H1_MOMENTUM,1,24728.8,24706.8,STOP,24706.8,24794.8,22.0,30.5,True,3.0,13.600000000002183,27.200000000000728,88.0,-22.0,-90.48,-92.48,-94.48,-1.0281818181818183,-1.050909090909091,-1.0736363636363637,True
2026-01-06 15:30:00-05:00,2026-01-06 15:55:00-05:00,2026-01-06,H1_MOMENTUM,1,24932.0,24938.4,TIME_EOD,24922.0,24962.0,10.0,6.299999999999272,True,3.0,28.799999999999272,0.0,40.0,6.400000000001455,23.12000000000582,21.12000000000582,19.12000000000582,0.5780000000001455,0.5280000000001455,0.47800000000014553,True
2026-01-07 15:30:00-05:00,2026-01-07 15:30:00-05:00,2026-01-07,H1_MOMENTUM,1,24988.4,24978.4,STOP,24978.4,25018.4,10.0,7.30000000000291,True,3.0,1.1999999999970896,22.0,40.0,-10.0,-42.48,-44.48,-46.48,-1.0619999999999998,-1.1119999999999999,-1.162,True
2026-01-08 15:30:00-05:00,2026-01-08 15:30:00-05:00,2026-01-08,H1_MOMENTUM,-1,24812.8,24822.8,STOP,24822.8,24782.8,10.0,6.100000000002183,True,3.0,2.0,14.400000000001455,40.0,-10.0,-42.48,-44.48,-46.48,-1.0619999999999998,-1.1119999999999999,-1.162,True
2026-01-09 15:30:00-05:00,2026-01-09 15:50:00-05:00,2026-01-09,H1_MOMENTUM,1,25097.6,25081.3,STOP,25081.3,25146.499999999996,16.299999999999272,16.299999999999272,False,3.0,5.0,21.19999999999709,65.19999999999709,-16.299999999999272,-67.6799999999971,-69.6799999999971,-71.6799999999971,-1.0380368098159527,-1.068711656441721,-1.0993865030674892,True
2026-01-12 15:30:00-05:00,2026-01-12 15:55:00-05:00,2026-01-12,H1_MOMENTUM,-1,25123.6,25087.6,TIME_EOD,25145.6,25057.6,22.0,29.900000000001455,True,3.0,36.19999999999709,6.400000000001455,88.0,36.0,141.52,139.52,137.52,1.6081818181818184,1.5854545454545457,1.5627272727272727,True
2026-01-13 15:30:00-05:00,2026-01-13 15:30:00-05:00,2026-01-13,H1_MOMENTUM,1,24970.4,24960.4,STOP,24960.4,25000.4,10.0,0.5,True,3.0,1.5999999999985448,22.400000000001455,40.0,-10.0,-42.48,-44.48,-46.48,-1.0619999999999998,-1.1119999999999999,-1.162,True
2026-01-14 15:30:00-05:00,2026-01-14 15:30:00-05:00,2026-01-14,H1_MOMENTUM,-1,24718.4,24740.4,STOP,24740.4,24652.4,22.0,28.099999999998545,True,3.0,0.0,50.39999999999782,88.0,-22.0,-90.48,-92.48,-94.48,-1.0281818181818183,-1.050909090909091,-1.0736363636363637,True
2026-01-15 15:30:00-05:00,2026-01-15 15:35:00-05:00,2026-01-15,H1_MOMENTUM,1,24867.2,24845.3,STOP,24845.3,24932.900000000005,21.900000000001455,21.900000000001455,False,3.0,5.799999999999272,27.200000000000728,87.60000000000582,-21.900000000001455,-90.08000000000582,-92.08000000000582,-94.08000000000582,-1.0283105022831032,-1.0511415525114123,-1.0739726027397212,True
2026-01-16 15:30:00-05:00,2026-01-16 15:45:00-05:00,2026-01-16,H1_MOMENTUM,1,24863.0,24853.0,STOP,24853.0,24893.0,10.0,2.7000000000007276,True,3.0,14.200000000000728,14.200000000000728,40.0,-10.0,-42.48,-44.48,-46.48,-1.0619999999999998,-1.1119999999999999,-1.162,True
2026-01-20 15:30:00-05:00,2026-01-20 15:55:00-05:00,2026-01-20,H1_MOMENTUM,-1,24314.4,24317.2,TIME_EOD,24336.4,24248.4,22.0,36.099999999998545,True,3.0,32.400000000001455,10.0,88.0,-2.7999999999992724,-13.67999999999709,-15.67999999999709,-17.67999999999709,-0.1554545454545124,-0.1781818181817851,-0.20090909090905784,True
2026-01-21 15:30:00-05:00,2026-01-21 15:30:00-05:00,2026-01-21,H1_MOMENTUM,1,24650.8,24640.8,STOP,24640.8,24680.8,10.0,-11.5,True,3.0,26.600000000002183,22.399999999997817,40.0,-10.0,-42.48,-44.48,-46.48,-1.0619999999999998,-1.1119999999999999,-1.162,True
2026-01-22 15:30:00-05:00,2026-01-22 15:35:00-05:00,2026-01-22,H1_MOMENTUM,1,24776.8,24766.8,STOP,24766.8,24806.8,10.0,-3.2999999999992724,True,3.0,10.0,20.399999999997817,40.0,-10.0,-42.48,-44.48,-46.48,-1.0619999999999998,-1.1119999999999999,-1.162,True
2026-01-23 15:30:00-05:00,2026-01-23 15:55:00-05:00,2026-01-23,H1_MOMENTUM,1,24883.6,24919.899999999994,TARGET,24871.5,24919.899999999994,12.099999999998545,12.099999999998545,False,3.0,46.400000000001455,8.399999999997817,48.39999999999418,36.299999999995634,142.71999999998255,141.71999999998255,140.71999999998255,2.9487603305785064,2.9280991735537105,2.9074380165289146,True
2026-01-26 15:30:00-05:00,2026-01-26 15:50:00-05:00,2026-01-26,H1_MOMENTUM,1,25054.0,25043.1,STOP,25043.1,25086.700000000004,10.900000000001455,10.900000000001455,False,3.0,13.200000000000728,24.400000000001455,43.60000000000582,-10.900000000001455,-46.08000000000582,-48.08000000000582,-50.08000000000582,-1.0568807339449464,-1.102752293577968,-1.1486238532109894,True
2026-01-27 15:30:00-05:00,2026-01-27 15:45:00-05:00,2026-01-27,H1_MOMENTUM,1,25264.2,25252.7,STOP,25252.7,25298.7,11.5,11.5,False,3.0,4.0,12.0,46.0,-11.5,-48.48,-50.48,-52.48,-1.0539130434782609,-1.097391304347826,-1.1408695652173912,True
2026-01-28 15:30:00-05:00,2026-01-28 15:30:00-05:00,2026-01-28,H1_MOMENTUM,1,25343.2,25324.3,STOP,25324.3,25399.900000000005,18.900000000001455,18.900000000001455,False,3.0,7.399999999997817,19.600000000002183,75.60000000000582,-18.900000000001455,-78.08000000000582,-80.08000000000582,-82.08000000000582,-1.0328042328042304,-1.0592592592592547,-1.0857142857142792,True
2026-01-29 15:30:00-05:00,2026-01-29 15:35:00-05:00,2026-01-29,H1_MOMENTUM,-1,25039.6,25061.6,STOP,25061.6,24973.6,22.0,24.5,True,3.0,7.19999999999709,62.20000000000073,88.0,-22.0,-90.48,-92.48,-94.48,-1.0281818181818183,-1.050909090909091,-1.0736363636363637,True
2026-01-30 15:30:00-05:00,2026-01-30 15:30:00-05:00,2026-01-30,H1_MOMENTUM,-1,24794.4,24816.4,STOP,24816.4,24728.4,22.0,83.29999999999927,True,3.0,2.0,37.79999999999927,88.0,-22.0,-90.48,-92.48,-94.48,-1.0281818181818183,-1.050909090909091,-1.0736363636363637,True
2026-02-02 15:30:00-05:00,2026-02-02 15:50:00-05:00,2026-02-02,H1_MOMENTUM,1,25057.6,25035.6,STOP,25035.6,25123.6,22.0,38.099999999998545,True,3.0,3.2000000000007276,31.19999999999709,88.0,-22.0,-90.48,-92.48,-94.48,-1.0281818181818183,-1.050909090909091,-1.0736363636363637,True
2026-02-03 15:30:00-05:00,2026-02-03 15:30:00-05:00,2026-02-03,H1_MOMENTUM,-1,24547.4,24558.5,STOP,24558.5,24514.100000000006,11.099999999998545,11.099999999998545,False,3.0,0.0,64.19999999999709,44.39999999999418,-11.099999999998545,-46.879999999994176,-48.879999999994176,-50.879999999994176,-1.055855855855863,-1.100900900900914,-1.145945945945965,True
2026-02-04 15:30:00-05:00,2026-02-04 15:35:00-05:00,2026-02-04,H1_MOMENTUM,-1,24291.2,24313.2,STOP,24313.2,24225.2,22.0,52.5,True,3.0,19.0,24.799999999999272,88.0,-22.0,-90.48,-92.48,-94.48,-1.0281818181818183,-1.050909090909091,-1.0736363636363637,True
2026-02-05 15:30:00-05:00,2026-02-05 15:40:00-05:00,2026-02-05,H1_MOMENTUM,-1,23880.0,23902.0,STOP,23902.0,23814.0,22.0,162.5,True,3.0,29.200000000000728,34.79999999999927,88.0,-22.0,-90.48,-92.48,-94.48,-1.0281818181818183,-1.050909090909091,-1.0736363636363637,True
2026-02-06 15:30:00-05:00,2026-02-06 15:50:00-05:00,2026-02-06,H1_MOMENTUM,1,24341.6,24407.6,TARGET,24319.6,24407.6,22.0,46.89999999999782,True,3.0,113.60000000000218,2.7999999999992724,88.0,66.0,261.52,260.52,259.52,2.9718181818181817,2.9604545454545454,2.9490909090909088,True
2026-02-09 15:30:00-05:00,2026-02-09 15:50:00-05:00,2026-02-09,H1_MOMENTUM,-1,24594.4,24616.4,STOP,24616.4,24528.4,22.0,49.89999999999782,True,3.0,25.200000000000728,29.599999999998545,88.0,-22.0,-90.48,-92.48,-94.48,-1.0281818181818183,-1.050909090909091,-1.0736363636363637,True
2026-02-10 15:30:00-05:00,2026-02-10 15:30:00-05:00,2026-02-10,H1_MOMENTUM,1,24494.0,24484.0,STOP,24484.0,24524.0,10.0,9.299999999999272,True,3.0,14.400000000001455,11.599999999998545,40.0,-10.0,-42.48,-44.48,-46.48,-1.0619999999999998,-1.1119999999999999,-1.162,True
2026-02-11 15:30:00-05:00,2026-02-11 15:30:00-05:00,2026-02-11,H1_MOMENTUM,1,24525.4,24515.4,STOP,24515.4,24555.4,10.0,-0.09999999999854481,True,3.0,7.0,11.0,40.0,-10.0,-42.48,-44.48,-46.48,-1.0619999999999998,-1.1119999999999999,-1.162,True
2026-02-12 15:30:00-05:00,2026-02-12 15:40:00-05:00,2026-02-12,H1_MOMENTUM,-1,24067.4,24089.4,STOP,24089.4,24001.4,22.0,99.09999999999854,True,3.0,21.0,23.799999999999272,88.0,-22.0,-90.48,-92.48,-94.48,-1.0281818181818183,-1.050909090909091,-1.0736363636363637,True
2026-02-13 15:30:00-05:00,2026-02-13 15:45:00-05:00,2026-02-13,H1_MOMENTUM,-1,24041.6,24063.6,STOP,24063.6,23975.6,22.0,114.90000000000146,True,3.0,36.0,23.600000000002183,88.0,-22.0,-90.48,-92.48,-94.48,-1.0281818181818183,-1.050909090909091,-1.0736363636363637,True
2026-02-17 15:30:00-05:00,2026-02-17 15:40:00-05:00,2026-02-17,H1_MOMENTUM,-1,24043.2,24065.2,STOP,24065.2,23977.2,22.0,69.70000000000073,True,3.0,31.200000000000728,23.599999999998545,88.0,-22.0,-90.48,-92.48,-94.48,-1.0281818181818183,-1.050909090909091,-1.0736363636363637,True
2026-02-18 15:30:00-05:00,2026-02-18 15:35:00-05:00,2026-02-18,H1_MOMENTUM,1,24148.0,24201.100000000002,TARGET,24130.3,24201.100000000002,17.700000000000728,17.700000000000728,False,3.0,59.20000000000073,2.599999999998545,70.80000000000291,53.10000000000218,209.92000000000874,208.92000000000874,207.92000000000874,2.9649717514124307,2.9508474576271206,2.9367231638418105,True
2026-02-19 15:30:00-05:00,2026-02-19 15:30:00-05:00,2026-02-19,H1_MOMENTUM,-1,24064.6,24086.6,STOP,24086.6,23998.6,22.0,35.10000000000218,True,3.0,1.3999999999978172,29.80000000000291,88.0,-22.0,-90.48,-92.48,-94.48,-1.0281818181818183,-1.050909090909091,-1.0736363636363637,True
2026-02-20 15:30:00-05:00,2026-02-20 15:40:00-05:00,2026-02-20,H1_MOMENTUM,1,24300.0,24330.0,TARGET,24290.0,24330.0,10.0,7.700000000000728,True,3.0,37.599999999998545,3.599999999998545,40.0,30.0,117.52,116.52,115.52,2.9379999999999997,2.913,2.888,True
2026-02-23 15:30:00-05:00,2026-02-23 15:30:00-05:00,2026-02-23,H1_MOMENTUM,-1,24008.0,24018.0,STOP,24018.0,23978.0,10.0,-1.5,True,3.0,0.0,33.20000000000073,40.0,-10.0,-42.48,-44.48,-46.48,-1.0619999999999998,-1.1119999999999999,-1.162,True
2026-02-24 15:30:00-05:00,2026-02-24 15:40:00-05:00,2026-02-24,H1_MOMENTUM,1,24283.6,24313.6,TARGET,24273.6,24313.6,10.0,2.5,True,3.0,31.200000000000728,4.799999999999272,40.0,30.0,117.52,116.52,115.52,2.9379999999999997,2.913,2.888,True
2026-02-25 15:30:00-05:00,2026-02-25 15:30:00-05:00,2026-02-25,H1_MOMENTUM,1,24640.4,24630.4,STOP,24630.4,24670.4,10.0,3.5,True,3.0,0.7999999999992724,10.400000000001455,40.0,-10.0,-42.48,-44.48,-46.48,-1.0619999999999998,-1.1119999999999999,-1.162,True
2026-02-26 15:30:00-05:00,2026-02-26 15:30:00-05:00,2026-02-26,H1_MOMENTUM,-1,24318.4,24340.4,STOP,24340.4,24252.4,22.0,62.5,True,3.0,0.0,39.19999999999709,88.0,-22.0,-90.48,-92.48,-94.48,-1.0281818181818183,-1.050909090909091,-1.0736363636363637,True
2026-02-27 15:30:00-05:00,2026-02-27 15:55:00-05:00,2026-02-27,H1_MOMENTUM,-1,24275.4,24297.4,STOP,24297.4,24209.4,22.0,25.899999999997817,True,3.0,51.80000000000291,44.39999999999782,88.0,-22.0,-90.48,-92.48,-94.48,-1.0281818181818183,-1.050909090909091,-1.0736363636363637,True
2026-03-02 15:30:00-05:00,2026-03-02 15:30:00-05:00,2026-03-02,H1_MOMENTUM,-1,24269.6,24291.6,STOP,24291.6,24203.6,22.0,116.90000000000146,True,3.0,4.399999999997817,38.400000000001455,88.0,-22.0,-90.48,-92.48,-94.48,-1.0281818181818183,-1.050909090909091,-1.0736363636363637,True
2026-03-03 15:30:00-05:00,2026-03-03 15:35:00-05:00,2026-03-03,H1_MOMENTUM,-1,24091.0,24113.0,STOP,24113.0,24025.0,22.0,36.29999999999927,True,3.0,21.400000000001455,23.400000000001455,88.0,-22.0,-90.48,-92.48,-94.48,-1.0281818181818183,-1.050909090909091,-1.0736363636363637,True
2026-03-04 15:30:00-05:00,2026-03-04 15:50:00-05:00,2026-03-04,H1_MOMENTUM,1,24451.2,24429.2,STOP,24429.2,24517.2,22.0,24.900000000001455,True,3.0,17.599999999998545,33.79999999999927,88.0,-22.0,-90.48,-92.48,-94.48,-1.0281818181818183,-1.050909090909091,-1.0736363636363637,True
2026-03-05 15:30:00-05:00,2026-03-05 15:50:00-05:00,2026-03-05,H1_MOMENTUM,1,24264.0,24330.0,TARGET,24242.0,24330.0,22.0,122.90000000000146,True,3.0,75.0,10.400000000001455,88.0,66.0,261.52,260.52,259.52,2.9718181818181817,2.9604545454545454,2.9490909090909088,True
2026-03-06 15:30:00-05:00,2026-03-06 15:40:00-05:00,2026-03-06,H1_MOMENTUM,-1,23983.2,24005.2,STOP,24005.2,23917.2,22.0,191.29999999999927,True,3.0,47.20000000000073,49.20000000000073,88.0,-22.0,-90.48,-92.48,-94.48,-1.0281818181818183,-1.050909090909091,-1.0736363636363637,True
2026-03-09 15:30:00-04:00,2026-03-09 15:30:00-04:00,2026-03-09,H1_MOMENTUM,-1,24271.8,24281.8,STOP,24281.8,24241.8,10.0,5.900000000001455,True,3.0,56.20000000000073,42.20000000000073,40.0,-10.0,-42.48,-44.48,-46.48,-1.0619999999999998,-1.1119999999999999,-1.162,True
2026-03-10 15:30:00-04:00,2026-03-10 15:40:00-04:00,2026-03-10,H1_MOMENTUM,-1,24309.6,24331.6,STOP,24331.6,24243.6,22.0,82.10000000000218,True,3.0,30.0,40.80000000000291,88.0,-22.0,-90.48,-92.48,-94.48,-1.0281818181818183,-1.050909090909091,-1.0736363636363637,True
2026-03-11 15:30:00-04:00,2026-03-11 15:55:00-04:00,2026-03-11,H1_MOMENTUM,1,24261.8,24321.499999999993,TARGET,24241.9,24321.499999999993,19.899999999997817,19.899999999997817,False,3.0,67.79999999999927,5.799999999999272,79.59999999999127,59.69999999999345,236.31999999997382,235.31999999997382,234.31999999997382,2.9688442211055244,2.956281407035171,2.943718592964818,True
2026-03-12 15:30:00-04:00,2026-03-12 15:30:00-04:00,2026-03-12,H1_MOMENTUM,-1,23952.8,23966.5,STOP,23966.5,23911.699999999997,13.700000000000728,13.700000000000728,False,3.0,0.7999999999992724,25.600000000002183,54.80000000000291,-13.700000000000728,-57.28000000000291,-59.28000000000291,-61.28000000000291,-1.0452554744525522,-1.0817518248175138,-1.1182481751824753,True
2026-03-13 15:30:00-04:00,2026-03-13 15:35:00-04:00,2026-03-13,H1_MOMENTUM,1,23728.8,23718.8,STOP,23718.8,23758.8,10.0,7.700000000000728,True,3.0,18.400000000001455,16.399999999997817,40.0,-10.0,-42.48,-44.48,-46.48,-1.0619999999999998,-1.1119999999999999,-1.162,True
2026-03-16 15:30:00-04:00,2026-03-16 15:40:00-04:00,2026-03-16,H1_MOMENTUM,1,24024.4,24003.5,STOP,24003.5,24087.100000000006,20.900000000001455,20.900000000001455,False,3.0,10.399999999997817,30.400000000001455,83.60000000000582,-20.900000000001455,-86.08000000000582,-88.08000000000582,-90.08000000000582,-1.0296650717703328,-1.0535885167464079,-1.0775119617224826,True
2026-03-17 11:35:00-04:00,2026-03-17 11:35:00-04:00,2026-03-17,PDH_SWEEP,-1,24119.2,24080.7,TARGET,24141.2,24080.7,22.0,36.099999999998545,True,1.75,39.60000000000218,11.599999999998545,88.0,38.5,151.52,150.52,149.52,1.721818181818182,1.7104545454545457,1.6990909090909092,True
2026-03-17 15:30:00-04:00,2026-03-17 15:55:00-04:00,2026-03-17,H1_MOMENTUM,1,24132.8,24140.4,TIME_EOD,24110.8,24198.8,22.0,24.899999999997817,True,3.0,17.200000000000728,12.0,88.0,7.600000000002183,27.92000000000873,25.92000000000873,23.92000000000873,0.31727272727282646,0.29454545454555375,0.27181818181828105,True
2026-03-18 15:30:00-04:00,2026-03-18 15:55:00-04:00,2026-03-18,H1_MOMENTUM,-1,23862.8,23796.8,TARGET,23884.8,23796.8,22.0,75.29999999999927,True,3.0,80.39999999999782,17.600000000002183,88.0,66.0,261.52,260.52,259.52,2.9718181818181817,2.9604545454545454,2.9490909090909088,True
2026-03-19 15:30:00-04:00,2026-03-19 15:55:00-04:00,2026-03-19,H1_MOMENTUM,-1,23740.2,23720.0,TIME_EOD,23762.2,23674.2,22.0,90.29999999999927,True,3.0,45.79999999999927,16.599999999998545,88.0,20.200000000000728,78.3200000000029,76.3200000000029,74.3200000000029,0.890000000000033,0.8672727272727603,0.8445454545454876,True
2026-03-20 15:30:00-04:00,2026-03-20 15:35:00-04:00,2026-03-20,H1_MOMENTUM,-1,23228.4,23162.4,TARGET,23250.4,23162.4,22.0,57.29999999999927,True,3.0,84.40000000000146,12.399999999997817,88.0,66.0,261.52,260.52,259.52,2.9718181818181817,2.9604545454545454,2.9490909090909088,True
2026-03-23 15:30:00-04:00,2026-03-23 15:50:00-04:00,2026-03-23,H1_MOMENTUM,1,23599.0,23585.9,STOP,23585.9,23638.299999999996,13.099999999998545,13.099999999998545,False,3.0,37.599999999998545,25.200000000000728,52.39999999999418,-13.099999999998545,-54.879999999994176,-56.879999999994176,-58.879999999994176,-1.0473282442748144,-1.0854961832061163,-1.1236641221374182,True
2026-03-24 15:30:00-04:00,2026-03-24 15:55:00-04:00,2026-03-24,H1_MOMENTUM,-1,23402.0,23336.0,TARGET,23424.0,23336.0,22.0,52.5,True,3.0,70.79999999999927,11.599999999998545,88.0,66.0,261.52,260.52,259.52,2.9718181818181817,2.9604545454545454,2.9490909090909088,True
2026-03-25 11:20:00-04:00,2026-03-25 11:20:00-04:00,2026-03-25,PDH_SWEEP,-1,23454.0,23476.0,STOP,23476.0,23415.5,22.0,76.09999999999854,True,1.75,0.0,86.79999999999927,88.0,-22.0,-90.48,-92.48,-94.48,-1.0281818181818183,-1.050909090909091,-1.0736363636363637,True
2026-03-25 15:30:00-04:00,2026-03-25 15:35:00-04:00,2026-03-25,H1_MOMENTUM,1,23491.2,23469.2,STOP,23469.2,23557.2,22.0,41.29999999999927,True,3.0,1.2000000000007276,27.600000000002183,88.0,-22.0,-90.48,-92.48,-94.48,-1.0281818181818183,-1.050909090909091,-1.0736363636363637,True
2026-03-26 15:30:00-04:00,2026-03-26 15:55:00-04:00,2026-03-26,H1_MOMENTUM,-1,23004.8,22938.8,TARGET,23026.8,22938.8,22.0,42.10000000000218,True,3.0,66.79999999999927,2.7999999999992724,88.0,66.0,261.52,260.52,259.52,2.9718181818181817,2.9604545454545454,2.9490909090909088,True
2026-03-27 15:30:00-04:00,2026-03-27 15:55:00-04:00,2026-03-27,H1_MOMENTUM,-1,22524.0,22500.0,TIME_EOD,22546.0,22458.0,22.0,24.5,True,3.0,60.79999999999927,13.599999999998545,88.0,24.0,93.52,91.52,89.52,1.0627272727272727,1.04,1.0172727272727273,True
2026-03-30 15:30:00-04:00,2026-03-30 15:40:00-04:00,2026-03-30,H1_MOMENTUM,1,22237.6,22279.899999999994,TARGET,22223.5,22279.899999999994,14.099999999998545,14.099999999998545,False,3.0,47.80000000000291,9.799999999999272,56.39999999999418,42.299999999995634,166.71999999998255,165.71999999998255,164.71999999998255,2.956028368794322,2.9382978723404194,2.9205673758865167,True
2026-03-31 15:30:00-04:00,2026-03-31 15:50:00-04:00,2026-03-31,H1_MOMENTUM,1,23057.2,23123.2,TARGET,23035.2,23123.2,22.0,47.29999999999927,True,3.0,84.79999999999927,5.600000000002183,88.0,66.0,261.52,260.52,259.52,2.9718181818181817,2.9604545454545454,2.9490909090909088,True
2026-04-01 15:30:00-04:00,2026-04-01 15:30:00-04:00,2026-04-01,H1_MOMENTUM,1,23402.2,23380.2,STOP,23380.2,23468.2,22.0,77.90000000000146,True,3.0,6.200000000000728,25.0,88.0,-22.0,-90.48,-92.48,-94.48,-1.0281818181818183,-1.050909090909091,-1.0736363636363637,True
2026-04-02 15:30:00-04:00,2026-04-02 15:40:00-04:00,2026-04-02,H1_MOMENTUM,-1,23324.0,23346.0,STOP,23346.0,23258.0,22.0,33.70000000000073,True,3.0,7.599999999998545,22.400000000001455,88.0,-22.0,-90.48,-92.48,-94.48,-1.0281818181818183,-1.050909090909091,-1.0736363636363637,True
2026-04-06 15:30:00-04:00,2026-04-06 15:55:00-04:00,2026-04-06,H1_MOMENTUM,1,23513.0,23543.0,TARGET,23503.0,23543.0,10.0,3.5,True,3.0,32.20000000000073,7.400000000001455,40.0,30.0,117.52,116.52,115.52,2.9379999999999997,2.913,2.888,True
2026-04-07 15:30:00-04:00,2026-04-07 15:40:00-04:00,2026-04-07,H1_MOMENTUM,-1,23400.4,23422.4,STOP,23422.4,23334.4,22.0,68.09999999999854,True,3.0,20.0,24.399999999997817,88.0,-22.0,-90.48,-92.48,-94.48,-1.0281818181818183,-1.050909090909091,-1.0736363636363637,True
2026-04-08 15:30:00-04:00,2026-04-08 15:35:00-04:00,2026-04-08,H1_MOMENTUM,1,24120.0,24168.299999999996,TARGET,24103.9,24168.299999999996,16.099999999998545,16.099999999998545,False,3.0,52.0,0.0,64.39999999999418,48.299999999995634,190.71999999998255,189.71999999998255,188.71999999998255,2.9614906832298105,2.94596273291925,2.9304347826086894,True
2026-04-09 15:30:00-04:00,2026-04-09 15:30:00-04:00,2026-04-09,H1_MOMENTUM,-1,24375.2,24385.2,STOP,24385.2,24345.2,10.0,6.099999999998545,True,3.0,0.4000000000014552,28.799999999999272,40.0,-10.0,-42.48,-44.48,-46.48,-1.0619999999999998,-1.1119999999999999,-1.162,True
2026-04-10 15:30:00-04:00,2026-04-10 15:35:00-04:00,2026-04-10,H1_MOMENTUM,1,24452.4,24430.4,STOP,24430.4,24518.4,22.0,31.700000000000728,True,3.0,0.0,27.200000000000728,88.0,-22.0,-90.48,-92.48,-94.48,-1.0281818181818183,-1.050909090909091,-1.0736363636363637,True
2026-04-13 15:30:00-04:00,2026-04-13 15:50:00-04:00,2026-04-13,H1_MOMENTUM,1,24610.0,24676.0,TARGET,24588.0,24676.0,22.0,23.299999999999272,True,3.0,72.40000000000146,3.0,88.0,66.0,261.52,260.52,259.52,2.9718181818181817,2.9604545454545454,2.9490909090909088,True
2026-04-14 15:30:00-04:00,2026-04-14 15:35:00-04:00,2026-04-14,H1_MOMENTUM,1,25123.2,25101.2,STOP,25101.2,25189.2,22.0,68.29999999999927,True,3.0,8.799999999999272,23.600000000002183,88.0,-22.0,-90.48,-92.48,-94.48,-1.0281818181818183,-1.050909090909091,-1.0736363636363637,True
2026-04-15 15:30:00-04:00,2026-04-15 15:55:00-04:00,2026-04-15,H1_MOMENTUM,1,25463.6,25489.6,TIME_EOD,25441.6,25529.6,22.0,42.29999999999927,True,3.0,42.400000000001455,4.799999999999272,88.0,26.0,101.52,99.52,97.52,1.1536363636363636,1.1309090909090909,1.1081818181818182,True
2026-04-16 09:55:00-04:00,2026-04-16 09:55:00-04:00,2026-04-16,PDH_SWEEP,-1,25421.6,25443.6,STOP,25443.6,25383.1,22.0,93.30000000000291,True,1.75,7.599999999998545,35.20000000000073,88.0,-22.0,-90.48,-92.48,-94.48,-1.0281818181818183,-1.050909090909091,-1.0736363636363637,True
2026-04-16 15:30:00-04:00,2026-04-16 15:35:00-04:00,2026-04-16,H1_MOMENTUM,-1,25574.4,25593.5,STOP,25593.5,25517.100000000006,19.099999999998545,19.099999999998545,False,3.0,4.400000000001455,24.799999999999272,76.39999999999418,-19.099999999998545,-78.87999999999418,-80.87999999999418,-82.87999999999418,-1.0324607329842956,-1.0586387434555018,-1.0848167539267082,True
2026-04-17 15:30:00-04:00,2026-04-17 15:55:00-04:00,2026-04-17,H1_MOMENTUM,1,25903.2,25949.2,TIME_EOD,25881.2,25969.2,22.0,22.900000000001455,True,3.0,50.0,1.6000000000021828,88.0,46.0,181.52,179.52,177.52,2.062727272727273,2.04,2.0172727272727276,True
2026-04-20 15:30:00-04:00,2026-04-20 15:55:00-04:00,2026-04-20,H1_MOMENTUM,-1,25853.4,25867.3,STOP,25867.3,25811.700000000008,13.899999999997817,13.899999999997817,False,3.0,16.600000000002183,23.399999999997817,55.59999999999127,-13.899999999997817,-58.079999999991266,-60.079999999991266,-62.079999999991266,-1.0446043165467696,-1.0805755395683578,-1.1165467625899463,True
2026-04-21 10:50:00-04:00,2026-04-21 10:55:00-04:00,2026-04-21,PDH_SWEEP,-1,25920.4,25881.9,TARGET,25942.4,25881.9,22.0,34.099999999998545,True,1.75,59.60000000000218,13.19999999999709,88.0,38.5,151.52,150.52,149.52,1.721818181818182,1.7104545454545457,1.6990909090909092,True
2026-04-21 15:30:00-04:00,2026-04-21 15:35:00-04:00,2026-04-21,H1_MOMENTUM,1,25906.0,25884.0,STOP,25884.0,25972.0,22.0,54.099999999998545,True,3.0,7.200000000000728,73.59999999999854,88.0,-22.0,-90.48,-92.48,-94.48,-1.0281818181818183,-1.050909090909091,-1.0736363636363637,True
2026-04-22 15:30:00-04:00,2026-04-22 15:55:00-04:00,2026-04-22,H1_MOMENTUM,1,26164.0,26203.4,TIME_EOD,26142.0,26230.0,22.0,62.900000000001455,True,3.0,48.79999999999927,5.200000000000728,88.0,39.400000000001455,155.12000000000583,153.12000000000583,151.12000000000583,1.762727272727339,1.7400000000000662,1.7172727272727935,True
2026-04-23 15:30:00-04:00,2026-04-23 15:30:00-04:00,2026-04-23,H1_MOMENTUM,-1,26042.8,26054.1,STOP,26054.1,26008.9,11.299999999999272,11.299999999999272,False,3.0,22.0,18.799999999999272,45.19999999999709,-11.299999999999272,-47.67999999999709,-49.67999999999709,-51.67999999999709,-1.0548672566371715,-1.099115044247794,-1.1433628318584161,True
2026-04-24 15:30:00-04:00,2026-04-24 15:30:00-04:00,2026-04-24,H1_MOMENTUM,1,26545.0,26533.1,STOP,26533.1,26580.700000000004,11.900000000001455,11.900000000001455,False,3.0,3.7999999999992724,14.599999999998545,47.60000000000582,-11.900000000001455,-50.08000000000582,-52.08000000000582,-54.08000000000582,-1.052100840336128,-1.0941176470588119,-1.136134453781496,True
2026-04-27 15:30:00-04:00,2026-04-27 15:45:00-04:00,2026-04-27,H1_MOMENTUM,-1,26550.0,26560.0,STOP,26560.0,26520.0,10.0,4.099999999998545,True,3.0,12.400000000001455,20.0,40.0,-10.0,-42.48,-44.48,-46.48,-1.0619999999999998,-1.1119999999999999,-1.162,True
2026-04-28 15:30:00-04:00,2026-04-28 15:55:00-04:00,2026-04-28,H1_MOMENTUM,-1,26320.6,26303.6,TIME_EOD,26342.6,26254.6,22.0,37.5,True,3.0,28.399999999997817,4.600000000002183,88.0,17.0,65.52,63.52,61.52,0.7445454545454545,0.7218181818181818,0.6990909090909091,True
2026-04-29 12:20:00-04:00,2026-04-29 12:30:00-04:00,2026-04-29,PDH_SWEEP,-1,26345.0,26306.5,TARGET,26367.0,26306.5,22.0,45.099999999998545,True,1.75,50.400000000001455,18.599999999998545,88.0,38.5,151.52,150.52,149.52,1.721818181818182,1.7104545454545457,1.6990909090909092,True
2026-04-29 15:30:00-04:00,2026-04-29 15:30:00-04:00,2026-04-29,H1_MOMENTUM,1,26438.4,26416.4,STOP,26416.4,26504.4,22.0,40.5,True,3.0,4.799999999999272,36.80000000000291,88.0,-22.0,-90.48,-92.48,-94.48,-1.0281818181818183,-1.050909090909091,-1.0736363636363637,True
2026-04-30 09:55:00-04:00,2026-04-30 10:00:00-04:00,2026-04-30,PDH_SWEEP,-1,26377.6,26399.6,STOP,26399.6,26339.1,22.0,98.5,True,1.75,33.19999999999709,58.80000000000291,88.0,-22.0,-90.48,-92.48,-94.48,-1.0281818181818183,-1.050909090909091,-1.0736363636363637,True
2026-04-30 15:30:00-04:00,2026-04-30 15:40:00-04:00,2026-04-30,H1_MOMENTUM,-1,26714.4,26729.3,STOP,26729.3,26669.700000000008,14.899999999997817,14.899999999997817,False,3.0,6.80000000000291,26.0,59.59999999999127,-14.899999999997817,-62.079999999991266,-64.07999999999127,-66.07999999999127,-1.0416107382550397,-1.0751677852349104,-1.1087248322147811,True
2026-05-01 15:30:00-04:00,2026-05-01 15:30:00-04:00,2026-05-01,H1_MOMENTUM,1,27024.6,27002.6,STOP,27002.6,27090.6,22.0,77.89999999999782,True,3.0,1.8000000000029104,22.19999999999709,88.0,-22.0,-90.48,-92.48,-94.48,-1.0281818181818183,-1.050909090909091,-1.0736363636363637,True
2026-05-04 15:30:00-04:00,2026-05-04 15:45:00-04:00,2026-05-04,H1_MOMENTUM,1,26919.8,26897.8,STOP,26897.8,26985.8,22.0,43.89999999999782,True,3.0,7.600000000002183,22.200000000000728,88.0,-22.0,-90.48,-92.48,-94.48,-1.0281818181818183,-1.050909090909091,-1.0736363636363637,True
2026-05-05 15:30:00-04:00,2026-05-05 15:45:00-04:00,2026-05-05,H1_MOMENTUM,1,27284.8,27274.8,STOP,27274.8,27314.8,10.0,-0.2999999999992724,True,3.0,6.799999999999272,13.200000000000728,40.0,-10.0,-42.48,-44.48,-46.48,-1.0619999999999998,-1.1119999999999999,-1.162,True
2026-05-06 15:30:00-04:00,2026-05-06 15:55:00-04:00,2026-05-06,H1_MOMENTUM,1,27798.8,27824.8,TIME_EOD,27776.8,27864.8,22.0,50.89999999999782,True,3.0,38.20000000000073,20.399999999997817,88.0,26.0,101.52,99.52,97.52,1.1536363636363636,1.1309090909090909,1.1081818181818182,True
2026-05-07 15:30:00-04:00,2026-05-07 15:40:00-04:00,2026-05-07,H1_MOMENTUM,1,27725.2,27791.2,TARGET,27703.2,27791.2,22.0,22.5,True,3.0,71.59999999999854,0.4000000000014552,88.0,66.0,261.52,260.52,259.52,2.9718181818181817,2.9604545454545454,2.9490909090909088,True
2026-05-08 15:30:00-04:00,2026-05-08 15:50:00-04:00,2026-05-08,H1_MOMENTUM,1,28362.6,28421.1,TARGET,28343.1,28421.1,19.5,19.5,False,3.0,70.60000000000218,2.599999999998545,78.0,58.5,231.52,230.52,229.52,2.9682051282051285,2.9553846153846157,2.9425641025641025,True
2026-05-11 10:05:00-04:00,2026-05-11 10:05:00-04:00,2026-05-11,PDH_SWEEP,-1,28452.4,28470.1,STOP,28470.1,28421.425000000007,17.69999999999709,17.69999999999709,False,1.75,0.0,41.599999999998545,70.79999999998836,-17.69999999999709,-73.27999999998836,-75.27999999998836,-77.27999999998836,-1.0350282485875764,-1.0632768361582026,-1.0915254237288288,True
2026-05-11 15:30:00-04:00,2026-05-11 15:30:00-04:00,2026-05-11,H1_MOMENTUM,-1,28483.2,28505.2,STOP,28505.2,28417.2,22.0,54.89999999999782,True,3.0,1.4000000000014552,26.799999999999272,88.0,-22.0,-90.48,-92.48,-94.48,-1.0281818181818183,-1.050909090909091,-1.0736363636363637,True
2026-05-12 15:30:00-04:00,2026-05-12 15:30:00-04:00,2026-05-12,H1_MOMENTUM,-1,28166.0,28176.1,STOP,28176.1,28135.700000000004,10.099999999998545,10.099999999998545,False,3.0,0.0,59.599999999998545,40.39999999999418,-10.099999999998545,-42.879999999994176,-44.879999999994176,-46.879999999994176,-1.06138613861387,-1.1108910891089268,-1.1603960396039834,True
2026-05-13 15:30:00-04:00,2026-05-13 15:50:00-04:00,2026-05-13,H1_MOMENTUM,1,28627.8,28605.8,STOP,28605.8,28693.8,22.0,49.89999999999782,True,3.0,14.200000000000728,71.39999999999782,88.0,-22.0,-90.48,-92.48,-94.48,-1.0281818181818183,-1.050909090909091,-1.0736363636363637,True
2026-05-14 15:30:00-04:00,2026-05-14 15:40:00-04:00,2026-05-14,H1_MOMENTUM,1,28799.6,28829.6,TARGET,28789.6,28829.6,10.0,0.8999999999978172,True,3.0,33.80000000000291,0.0,40.0,30.0,117.52,116.52,115.52,2.9379999999999997,2.913,2.888,True
2026-05-15 15:30:00-04:00,2026-05-15 15:30:00-04:00,2026-05-15,H1_MOMENTUM,-1,28415.8,28437.8,STOP,28437.8,28349.8,22.0,102.29999999999927,True,3.0,2.2000000000007276,29.0,88.0,-22.0,-90.48,-92.48,-94.48,-1.0281818181818183,-1.050909090909091,-1.0736363636363637,True
2026-05-18 15:30:00-04:00,2026-05-18 15:35:00-04:00,2026-05-18,H1_MOMENTUM,1,28053.2,28119.2,TARGET,28031.2,28119.2,22.0,73.90000000000146,True,3.0,95.59999999999854,1.2000000000007276,88.0,66.0,261.52,260.52,259.52,2.9718181818181817,2.9604545454545454,2.9490909090909088,True
2026-05-19 15:30:00-04:00,2026-05-19 15:50:00-04:00,2026-05-19,H1_MOMENTUM,-1,28116.8,28050.8,TARGET,28138.8,28050.8,22.0,75.70000000000073,True,3.0,103.20000000000073,21.0,88.0,66.0,261.52,260.52,259.52,2.9718181818181817,2.9604545454545454,2.9490909090909088,True
2026-05-20 15:30:00-04:00,2026-05-20 15:55:00-04:00,2026-05-20,H1_MOMENTUM,1,28474.4,28522.8,TIME_EOD,28452.4,28540.4,22.0,42.900000000001455,True,3.0,49.599999999998545,14.0,88.0,48.39999999999782,191.11999999999128,189.11999999999128,187.11999999999128,2.171818181818083,2.14909090909081,2.1263636363635374,True
2026-05-21 15:30:00-04:00,2026-05-21 15:40:00-04:00,2026-05-21,H1_MOMENTUM,-1,28561.0,28571.3,STOP,28571.3,28530.100000000002,10.299999999999272,10.299999999999272,False,3.0,20.599999999998545,17.799999999999272,41.19999999999709,-10.299999999999272,-43.67999999999709,-45.67999999999709,-47.67999999999709,-1.0601941747572858,-1.1087378640776775,-1.1572815533980694,True
2026-05-22 15:30:00-04:00,2026-05-22 15:35:00-04:00,2026-05-22,H1_MOMENTUM,1,28688.8,28718.8,TARGET,28678.8,28718.8,10.0,-0.9000000000014552,True,3.0,40.79999999999927,6.399999999997817,40.0,30.0,117.52,116.52,115.52,2.9379999999999997,2.913,2.888,True
2026-05-26 15:30:00-04:00,2026-05-26 15:55:00-04:00,2026-05-26,H1_MOMENTUM,1,29182.8,29204.4,TIME_EOD,29160.8,29248.8,22.0,44.89999999999782,True,3.0,57.60000000000218,0.0,88.0,21.600000000002183,83.92000000000873,81.92000000000873,79.92000000000873,0.9536363636364628,0.93090909090919,0.9081818181819173,True
2026-05-27 15:30:00-04:00,2026-05-27 15:30:00-04:00,2026-05-27,H1_MOMENTUM,-1,29158.8,29180.8,STOP,29180.8,29092.8,22.0,34.900000000001455,True,3.0,0.0,23.200000000000728,88.0,-22.0,-90.48,-92.48,-94.48,-1.0281818181818183,-1.050909090909091,-1.0736363636363637,True
2026-05-28 15:30:00-04:00,2026-05-28 15:30:00-04:00,2026-05-28,H1_MOMENTUM,-1,29426.8,29436.8,STOP,29436.8,29396.8,10.0,6.5,True,3.0,1.5999999999985448,13.200000000000728,40.0,-10.0,-42.48,-44.48,-46.48,-1.0619999999999998,-1.1119999999999999,-1.162,True
2026-05-29 15:30:00-04:00,2026-05-29 15:55:00-04:00,2026-05-29,H1_MOMENTUM,1,29517.6,29528.4,TIME_EOD,29495.6,29583.6,22.0,64.5,True,3.0,58.80000000000291,0.0,88.0,10.80000000000291,40.720000000011645,38.720000000011645,36.720000000011645,0.46272727272740505,0.44000000000013234,0.4172727272728596,True
2026-06-01 15:30:00-04:00,2026-06-01 15:55:00-04:00,2026-06-01,H1_MOMENTUM,-1,29758.4,29704.0,TIME_EOD,29780.4,29692.4,22.0,23.299999999999272,True,3.0,64.40000000000146,0.0,88.0,54.400000000001455,215.12000000000583,213.12000000000583,211.12000000000583,2.444545454545521,2.421818181818248,2.3990909090909756,True
2026-06-02 15:30:00-04:00,2026-06-02 15:55:00-04:00,2026-06-02,H1_MOMENTUM,1,29800.4,29844.0,TIME_EOD,29779.9,29861.9,20.5,20.5,False,3.0,57.0,0.0,82.0,43.599999999998545,171.9199999999942,169.9199999999942,167.9199999999942,2.0965853658535876,2.0721951219511485,2.0478048780487095,True
2026-06-03 15:30:00-04:00,2026-06-03 15:35:00-04:00,2026-06-03,H1_MOMENTUM,-1,29773.6,29795.6,STOP,29795.6,29707.6,22.0,25.30000000000291,True,3.0,6.399999999997817,46.0,88.0,-22.0,-90.48,-92.48,-94.48,-1.0281818181818183,-1.050909090909091,-1.0736363636363637,True
2026-06-04 15:30:00-04:00,2026-06-04 15:40:00-04:00,2026-06-04,H1_MOMENTUM,-1,29730.8,29700.8,TARGET,29740.8,29700.8,10.0,1.7000000000007276,True,3.0,45.599999999998545,8.400000000001455,40.0,30.0,117.52,116.52,115.52,2.9379999999999997,2.913,2.888,True
2026-06-05 15:30:00-04:00,2026-06-05 15:30:00-04:00,2026-06-05,H1_MOMENTUM,-1,28351.6,28285.6,TARGET,28373.6,28285.6,22.0,50.10000000000218,True,3.0,83.19999999999709,0.0,88.0,66.0,261.52,260.52,259.52,2.9718181818181817,2.9604545454545454,2.9490909090909088,True
2026-06-08 15:30:00-04:00,2026-06-08 15:55:00-04:00,2026-06-08,H1_MOMENTUM,1,28624.4,28642.0,TIME_EOD,28602.4,28690.4,22.0,53.70000000000073,True,3.0,55.599999999998545,15.600000000002183,88.0,17.599999999998545,67.91999999999418,65.91999999999418,63.91999999999418,0.7718181818181157,0.7490909090908429,0.7263636363635703,True
2026-06-09 15:30:00-04:00,2026-06-09 15:35:00-04:00,2026-06-09,H1_MOMENTUM,1,28160.8,28138.8,STOP,28138.8,28226.8,22.0,109.29999999999927,True,3.0,28.0,36.79999999999927,88.0,-22.0,-90.48,-92.48,-94.48,-1.0281818181818183,-1.050909090909091,-1.0736363636363637,True
2026-06-10 15:30:00-04:00,2026-06-10 15:30:00-04:00,2026-06-10,H1_MOMENTUM,-1,27770.4,27792.4,STOP,27792.4,27704.4,22.0,110.09999999999854,True,3.0,22.200000000000728,69.19999999999709,88.0,-22.0,-90.48,-92.48,-94.48,-1.0281818181818183,-1.050909090909091,-1.0736363636363637,True
2026-06-11 15:30:00-04:00,2026-06-11 15:30:00-04:00,2026-06-11,H1_MOMENTUM,1,28625.4,28691.4,TARGET,28603.4,28691.4,22.0,189.10000000000218,True,3.0,102.19999999999709,0.0,88.0,66.0,261.52,260.52,259.52,2.9718181818181817,2.9604545454545454,2.9490909090909088,True
2026-06-12 15:30:00-04:00,2026-06-12 15:35:00-04:00,2026-06-12,H1_MOMENTUM,-1,28863.6,28797.6,TARGET,28885.6,28797.6,22.0,47.30000000000291,True,3.0,78.39999999999782,15.200000000000728,88.0,66.0,261.52,260.52,259.52,2.9718181818181817,2.9604545454545454,2.9490909090909088,True
2026-06-15 15:30:00-04:00,2026-06-15 15:40:00-04:00,2026-06-15,H1_MOMENTUM,1,29712.2,29742.2,TARGET,29702.2,29742.2,10.0,-0.7000000000007276,True,3.0,31.799999999999272,8.600000000002183,40.0,30.0,117.52,116.52,115.52,2.9379999999999997,2.913,2.888,True
2026-06-16 15:30:00-04:00,2026-06-16 15:40:00-04:00,2026-06-16,H1_MOMENTUM,-1,29324.0,29258.0,TARGET,29346.0,29258.0,22.0,35.70000000000073,True,3.0,68.0,17.200000000000728,88.0,66.0,261.52,260.52,259.52,2.9718181818181817,2.9604545454545454,2.9490909090909088,True
2026-06-17 15:30:00-04:00,2026-06-17 15:30:00-04:00,2026-06-17,H1_MOMENTUM,1,29031.2,29009.3,STOP,29009.3,29096.900000000005,21.900000000001455,21.900000000001455,False,3.0,27.599999999998545,62.79999999999927,87.60000000000582,-21.900000000001455,-90.08000000000582,-92.08000000000582,-94.08000000000582,-1.0283105022831032,-1.0511415525114123,-1.0739726027397212,True
2026-06-18 15:30:00-04:00,2026-06-18 15:30:00-04:00,2026-06-18,H1_MOMENTUM,1,29577.6,29555.6,STOP,29555.6,29643.6,22.0,40.89999999999782,True,3.0,0.8000000000029104,27.19999999999709,88.0,-22.0,-90.48,-92.48,-94.48,-1.0281818181818183,-1.050909090909091,-1.0736363636363637,True
2026-06-22 15:30:00-04:00,2026-06-22 15:50:00-04:00,2026-06-22,H1_MOMENTUM,1,29425.6,29479.899999999994,TARGET,29407.5,29479.899999999994,18.099999999998545,18.099999999998545,False,3.0,88.80000000000291,0.3999999999978172,72.39999999999418,54.299999999995634,214.71999999998255,213.71999999998255,212.71999999998255,2.9657458563535886,2.9519337016574547,2.9381215469613213,True
2026-06-23 15:30:00-04:00,2026-06-23 15:30:00-04:00,2026-06-23,H1_MOMENTUM,-1,28606.8,28628.8,STOP,28628.8,28540.8,22.0,43.29999999999927,True,3.0,25.599999999998545,29.600000000002183,88.0,-22.0,-90.48,-92.48,-94.48,-1.0281818181818183,-1.050909090909091,-1.0736363636363637,True
2026-06-24 15:30:00-04:00,2026-06-24 15:40:00-04:00,2026-06-24,H1_MOMENTUM,1,28298.8,28276.8,STOP,28276.8,28364.8,22.0,118.89999999999782,True,3.0,52.79999999999927,26.0,88.0,-22.0,-90.48,-92.48,-94.48,-1.0281818181818183,-1.050909090909091,-1.0736363636363637,True
2026-06-25 15:30:00-04:00,2026-06-25 15:55:00-04:00,2026-06-25,H1_MOMENTUM,-1,28584.8,28606.8,STOP,28606.8,28518.8,22.0,88.10000000000218,True,3.0,64.0,67.79999999999927,88.0,-22.0,-90.48,-92.48,-94.48,-1.0281818181818183,-1.050909090909091,-1.0736363636363637,True
2026-06-26 15:30:00-04:00,2026-06-26 15:30:00-04:00,2026-06-26,H1_MOMENTUM,-1,28370.4,28392.4,STOP,28392.4,28304.4,22.0,49.29999999999927,True,3.0,23.200000000000728,41.19999999999709,88.0,-22.0,-90.48,-92.48,-94.48,-1.0281818181818183,-1.050909090909091,-1.0736363636363637,True
2026-06-29 15:30:00-04:00,2026-06-29 15:50:00-04:00,2026-06-29,H1_MOMENTUM,1,28936.0,28914.0,STOP,28914.0,29002.0,22.0,24.5,True,3.0,24.400000000001455,41.599999999998545,88.0,-22.0,-90.48,-92.48,-94.48,-1.0281818181818183,-1.050909090909091,-1.0736363636363637,True
2026-06-30 15:30:00-04:00,2026-06-30 15:50:00-04:00,2026-06-30,H1_MOMENTUM,1,29476.4,29457.9,STOP,29457.9,29531.9,18.5,18.5,False,3.0,24.0,24.80000000000291,74.0,-18.5,-76.48,-78.48,-80.48,-1.0335135135135136,-1.0605405405405406,-1.0875675675675676,True
2026-07-01 15:30:00-04:00,2026-07-01 15:30:00-04:00,2026-07-01,H1_MOMENTUM,-1,29117.2,29138.9,STOP,29138.9,29052.1,21.700000000000728,21.700000000000728,False,3.0,0.0,40.0,86.80000000000291,-21.700000000000728,-89.28000000000291,-91.28000000000291,-93.28000000000291,-1.0285714285714276,-1.0516129032258048,-1.0746543778801818,True
2026-07-02 15:30:00-04:00,2026-07-02 15:50:00-04:00,2026-07-02,H1_MOMENTUM,1,28394.0,28460.0,TARGET,28372.0,28460.0,22.0,70.09999999999854,True,3.0,107.20000000000073,10.799999999999272,88.0,66.0,261.52,260.52,259.52,2.9718181818181817,2.9604545454545454,2.9490909090909088,True
2026-07-06 15:30:00-04:00,2026-07-06 15:30:00-04:00,2026-07-06,H1_MOMENTUM,1,28989.6,28967.6,STOP,28967.6,29055.6,22.0,51.69999999999709,True,3.0,0.0,30.0,88.0,-22.0,-90.48,-92.48,-94.48,-1.0281818181818183,-1.050909090909091,-1.0736363636363637,True
2026-07-07 15:30:00-04:00,2026-07-07 15:30:00-04:00,2026-07-07,H1_MOMENTUM,-1,28304.8,28326.8,STOP,28326.8,28238.8,22.0,85.70000000000073,True,3.0,0.0,47.60000000000218,88.0,-22.0,-90.48,-92.48,-94.48,-1.0281818181818183,-1.050909090909091,-1.0736363636363637,True
2026-07-08 15:30:00-04:00,2026-07-08 15:50:00-04:00,2026-07-08,H1_MOMENTUM,-1,28417.2,28429.7,STOP,28429.7,28379.7,12.5,12.5,False,3.0,36.400000000001455,37.20000000000073,50.0,-12.5,-52.48,-54.48,-56.48,-1.0495999999999999,-1.0896,-1.1296,True
2026-07-09 15:30:00-04:00,2026-07-09 15:50:00-04:00,2026-07-09,H1_MOMENTUM,1,28909.6,28887.9,STOP,28887.9,28974.69999999999,21.69999999999709,21.69999999999709,False,3.0,19.80000000000291,28.0,86.79999999998836,-21.69999999999709,-89.27999999998836,-91.27999999998836,-93.27999999998836,-1.0285714285714325,-1.0516129032258135,-1.0746543778801945,True
2026-07-10 15:30:00-04:00,2026-07-10 15:55:00-04:00,2026-07-10,H1_MOMENTUM,-1,29035.2,29023.8,TIME_EOD,29056.1,28972.500000000007,20.899999999997817,20.899999999997817,False,3.0,24.799999999999272,11.599999999998545,83.59999999999127,11.400000000001455,43.120000000005824,41.120000000005824,39.120000000005824,0.515789473684334,0.491866028708255,0.46794258373217595,True
2026-07-13 15:30:00-04:00,2026-07-13 15:40:00-04:00,2026-07-13,H1_MOMENTUM,-1,28431.0,28453.0,STOP,28453.0,28365.0,22.0,93.90000000000146,True,3.0,24.200000000000728,29.0,88.0,-22.0,-90.48,-92.48,-94.48,-1.0281818181818183,-1.050909090909091,-1.0736363636363637,True
2026-07-14 15:30:00-04:00,2026-07-14 15:30:00-04:00,2026-07-14,H1_MOMENTUM,1,28798.8,28781.1,STOP,28781.1,28851.9,17.700000000000728,17.700000000000728,False,3.0,5.200000000000728,24.0,70.80000000000291,-17.700000000000728,-73.28000000000291,-75.28000000000291,-77.28000000000291,-1.0350282485875693,-1.0632768361581895,-1.09152542372881,True
2026-07-15 15:30:00-04:00,2026-07-15 15:30:00-04:00,2026-07-15,H1_MOMENTUM,1,28654.8,28632.8,STOP,28632.8,28720.8,22.0,58.099999999998545,True,3.0,17.600000000002183,32.0,88.0,-22.0,-90.48,-92.48,-94.48,-1.0281818181818183,-1.050909090909091,-1.0736363636363637,True
2026-07-16 15:30:00-04:00,2026-07-16 15:30:00-04:00,2026-07-16,H1_MOMENTUM,-1,28159.2,28181.2,STOP,28181.2,28093.2,22.0,101.70000000000073,True,3.0,12.0,27.599999999998545,88.0,-22.0,-90.48,-92.48,-94.48,-1.0281818181818183,-1.050909090909091,-1.0736363636363637,True
2026-07-17 15:30:00-04:00,2026-07-17 15:30:00-04:00,2026-07-17,H1_MOMENTUM,-1,27858.8,27880.8,STOP,27880.8,27792.8,22.0,54.5,True,3.0,17.200000000000728,30.0,88.0,-22.0,-90.48,-92.48,-94.48,-1.0281818181818183,-1.050909090909091,-1.0736363636363637,True
2026-07-20 15:30:00-04:00,2026-07-20 15:50:00-04:00,2026-07-20,H1_MOMENTUM,1,27906.8,27884.8,STOP,27884.8,27972.8,22.0,54.5,True,3.0,35.20000000000073,61.20000000000073,88.0,-22.0,-90.48,-92.48,-94.48,-1.0281818181818183,-1.050909090909091,-1.0736363636363637,True
2026-07-21 15:30:00-04:00,2026-07-21 15:35:00-04:00,2026-07-21,H1_MOMENTUM,1,28333.6,28363.6,TARGET,28323.6,28363.6,10.0,0.09999999999854481,True,3.0,37.60000000000218,0.0,40.0,30.0,117.52,116.52,115.52,2.9379999999999997,2.913,2.888,True
2026-07-22 15:30:00-04:00,2026-07-22 15:35:00-04:00,2026-07-22,H1_MOMENTUM,-1,28296.4,28266.4,TARGET,28306.4,28266.4,10.0,8.69999999999709,True,3.0,54.0,0.0,40.0,30.0,117.52,116.52,115.52,2.9379999999999997,2.913,2.888,True
2026-07-23 15:30:00-04:00,2026-07-23 15:30:00-04:00,2026-07-23,H1_MOMENTUM,-1,27655.6,27625.6,TARGET,27665.6,27625.6,10.0,6.30000000000291,True,3.0,50.39999999999782,7.0,40.0,30.0,117.52,116.52,115.52,2.9379999999999997,2.913,2.888,True
2026-07-24 15:30:00-04:00,2026-07-24 15:30:00-04:00,2026-07-24,H1_MOMENTUM,-1,27345.2,27367.2,STOP,27367.2,27279.2,22.0,66.09999999999854,True,3.0,6.400000000001455,36.0,88.0,-22.0,-90.48,-92.48,-94.48,-1.0281818181818183,-1.050909090909091,-1.0736363636363637,True
2026-07-27 15:30:00-04:00,2026-07-27 15:35:00-04:00,2026-07-27,H1_MOMENTUM,1,27332.0,27310.0,STOP,27310.0,27398.0,22.0,73.70000000000073,True,3.0,11.200000000000728,60.0,88.0,-22.0,-90.48,-92.48,-94.48,-1.0281818181818183,-1.050909090909091,-1.0736363636363637,True
2026-07-28 15:30:00-04:00,2026-07-28 15:35:00-04:00,2026-07-28,H1_MOMENTUM,-1,27116.0,27086.0,TARGET,27126.0,27086.0,10.0,2.2999999999992724,True,3.0,70.0,3.599999999998545,40.0,30.0,117.52,116.52,115.52,2.9379999999999997,2.913,2.888,True
2026-07-29 15:30:00-04:00,2026-07-29 15:30:00-04:00,2026-07-29,H1_MOMENTUM,-1,26837.2,26859.2,STOP,26859.2,26771.2,22.0,363.2999999999993,True,3.0,139.20000000000073,23.599999999998545,88.0,-22.0,-90.48,-92.48,-94.48,-1.0281818181818183,-1.050909090909091,-1.0736363636363637,True
2026-07-30 15:30:00-04:00,2026-07-30 15:35:00-04:00,2026-07-30,H1_MOMENTUM,1,27356.8,27334.8,STOP,27334.8,27422.8,22.0,63.70000000000073,True,3.0,7.200000000000728,26.799999999999272,88.0,-22.0,-90.48,-92.48,-94.48,-1.0281818181818183,-1.050909090909091,-1.0736363636363637,True
2026-07-31 12:00:00-04:00,2026-07-31 12:00:00-04:00,2026-07-31,PDH_SWEEP,-1,27390.0,27407.3,STOP,27407.3,27359.725000000002,17.299999999999272,17.299999999999272,False,1.75,14.799999999999272,31.0,69.19999999999709,-17.299999999999272,-71.6799999999971,-73.6799999999971,-75.6799999999971,-1.0358381502890188,-1.0647398843930664,-1.0936416184971138,True
2026-07-31 15:30:00-04:00,2026-07-31 15:30:00-04:00,2026-07-31,H1_MOMENTUM,1,27590.0,27568.0,STOP,27568.0,27656.0,22.0,68.90000000000146,True,3.0,0.0,33.20000000000073,88.0,-22.0,-90.48,-92.48,-94.48,-1.0281818181818183,-1.050909090909091,-1.0736363636363637,True
2026-08-03 15:30:00-04:00,2026-08-03 15:50:00-04:00,2026-08-03,H1_MOMENTUM,1,28019.0,27997.0,STOP,27997.0,28085.0,22.0,22.299999999999272,True,3.0,17.0,22.799999999999272,88.0,-22.0,-90.48,-92.48,-94.48,-1.0281818181818183,-1.050909090909091,-1.0736363636363637,True
2026-08-04 15:30:00-04:00,2026-08-04 15:40:00-04:00,2026-08-04,H1_MOMENTUM,1,28968.4,29009.500000000004,TARGET,28954.7,29009.500000000004,13.700000000000728,13.700000000000728,False,3.0,51.19999999999709,7.600000000002183,54.80000000000291,41.10000000000218,161.92000000000874,160.92000000000874,159.92000000000874,2.954744525547448,2.9364963503649673,2.9182481751824865,True
2026-08-05 15:30:00-04:00,2026-08-05 15:30:00-04:00,2026-08-05,H1_MOMENTUM,1,28835.8,28813.8,STOP,28813.8,28901.8,22.0,37.89999999999782,True,3.0,5.0,28.200000000000728,88.0,-22.0,-90.48,-92.48,-94.48,-1.0281818181818183,-1.050909090909091,-1.0736363636363637,True
2026-08-06 15:30:00-04:00,2026-08-06 15:30:00-04:00,2026-08-06,H1_MOMENTUM,-1,28601.2,28623.2,STOP,28623.2,28535.2,22.0,52.89999999999782,True,3.0,3.600000000002183,30.799999999999272,88.0,-22.0,-90.48,-92.48,-94.48,-1.0281818181818183,-1.050909090909091,-1.0736363636363637,True
2026-08-07 15:30:00-04:00,2026-08-07 15:30:00-04:00,2026-08-07,H1_MOMENTUM,1,28893.4,28871.4,STOP,28871.4,28959.4,22.0,79.10000000000218,True,3.0,0.19999999999708962,28.600000000002183,88.0,-22.0,-90.48,-92.48,-94.48,-1.0281818181818183,-1.050909090909091,-1.0736363636363637,True
2026-08-10 15:30:00-04:00,2026-08-10 15:50:00-04:00,2026-08-10,H1_MOMENTUM,-1,28874.4,28839.30000000001,TARGET,28886.1,28839.30000000001,11.69999999999709,11.69999999999709,False,3.0,49.0,8.0,46.79999999998836,35.09999999999127,137.91999999996509,136.91999999996509,135.91999999996509,2.947008547008534,2.9256410256410073,2.9042735042734806,True
2026-08-11 15:30:00-04:00,2026-08-11 15:30:00-04:00,2026-08-11,H1_MOMENTUM,-1,28723.6,28733.6,STOP,28733.6,28693.6,10.0,0.5,True,3.0,2.599999999998545,12.600000000002183,40.0,-10.0,-42.48,-44.48,-46.48,-1.0619999999999998,-1.1119999999999999,-1.162,True
2026-08-12 15:30:00-04:00,2026-08-12 15:30:00-04:00,2026-08-12,H1_MOMENTUM,1,28962.2,28952.2,STOP,28952.2,28992.2,10.0,9.100000000002183,True,3.0,0.0,11.0,40.0,-10.0,-42.48,-44.48,-46.48,-1.0619999999999998,-1.1119999999999999,-1.162,True
2026-08-13 15:30:00-04:00,2026-08-13 15:40:00-04:00,2026-08-13,H1_MOMENTUM,1,29299.8,29289.8,STOP,29289.8,29329.8,10.0,-2.5,True,3.0,14.400000000001455,10.0,40.0,-10.0,-42.48,-44.48,-46.48,-1.0619999999999998,-1.1119999999999999,-1.162,True
2026-08-14 15:30:00-04:00,2026-08-14 15:55:00-04:00,2026-08-14,H1_MOMENTUM,1,29193.8,29241.8,TIME_EOD,29176.3,29246.3,17.5,17.5,False,3.0,51.0,2.599999999998545,70.0,48.0,189.52,187.52,185.52,2.7074285714285717,2.678857142857143,2.6502857142857144,True
2026-08-17 15:30:00-04:00,2026-08-17 15:55:00-04:00,2026-08-17,H1_MOMENTUM,1,29198.0,29187.9,STOP,29187.9,29228.299999999996,10.099999999998545,10.099999999998545,False,3.0,24.0,27.200000000000728,40.39999999999418,-10.099999999998545,-42.879999999994176,-44.879999999994176,-46.879999999994176,-1.06138613861387,-1.1108910891089268,-1.1603960396039834,True
2026-08-18 15:30:00-04:00,2026-08-18 15:50:00-04:00,2026-08-18,H1_MOMENTUM,-1,28717.2,28687.2,TARGET,28727.2,28687.2,10.0,4.5,True,3.0,38.400000000001455,6.399999999997817,40.0,30.0,117.52,116.52,115.52,2.9379999999999997,2.913,2.888,True
2026-08-19 15:30:00-04:00,2026-08-19 15:30:00-04:00,2026-08-19,H1_MOMENTUM,-1,28682.2,28700.9,STOP,28700.9,28626.1,18.700000000000728,18.700000000000728,False,3.0,3.400000000001455,27.399999999997817,74.80000000000291,-18.700000000000728,-77.28000000000291,-79.28000000000291,-81.28000000000291,-1.0331550802139025,-1.05989304812834,-1.0866310160427775,True
2026-08-20 15:30:00-04:00,2026-08-20 15:35:00-04:00,2026-08-20,H1_MOMENTUM,-1,28436.6,28446.6,STOP,28446.6,28406.6,10.0,2.900000000001455,True,3.0,11.0,28.80000000000291,40.0,-10.0,-42.48,-44.48,-46.48,-1.0619999999999998,-1.1119999999999999,-1.162,True
2026-08-21 15:30:00-04:00,2026-08-21 15:55:00-04:00,2026-08-21,H1_MOMENTUM,1,28538.0,28525.5,STOP,28525.5,28575.5,12.5,12.5,False,3.0,34.400000000001455,20.0,50.0,-12.5,-52.48,-54.48,-56.48,-1.0495999999999999,-1.0896,-1.1296,True
2026-08-24 15:30:00-04:00,2026-08-24 15:30:00-04:00,2026-08-24,H1_MOMENTUM,-1,28308.4,28318.4,STOP,28318.4,28278.4,10.0,7.69999999999709,True,3.0,11.80000000000291,13.19999999999709,40.0,-10.0,-42.48,-44.48,-46.48,-1.0619999999999998,-1.1119999999999999,-1.162,True
2026-08-25 15:30:00-04:00,2026-08-25 15:40:00-04:00,2026-08-25,H1_MOMENTUM,1,28378.2,28408.2,TARGET,28368.2,28408.2,10.0,9.900000000001455,True,3.0,32.599999999998545,9.600000000002183,40.0,30.0,117.52,116.52,115.52,2.9379999999999997,2.913,2.888,True
2026-08-26 15:30:00-04:00,2026-08-26 15:40:00-04:00,2026-08-26,H1_MOMENTUM,1,28492.0,28473.5,STOP,28473.5,28547.5,18.5,18.5,False,3.0,4.799999999999272,26.799999999999272,74.0,-18.5,-76.48,-78.48,-80.48,-1.0335135135135136,-1.0605405405405406,-1.0875675675675676,True
2026-08-27 15:30:00-04:00,2026-08-27 15:50:00-04:00,2026-08-27,H1_MOMENTUM,1,28750.4,28816.4,TARGET,28728.4,28816.4,22.0,29.700000000000728,True,3.0,84.39999999999782,0.2000000000007276,88.0,66.0,261.52,260.52,259.52,2.9718181818181817,2.9604545454545454,2.9490909090909088,True
2026-08-28 10:05:00-04:00,2026-08-28 10:05:00-04:00,2026-08-28,PDH_SWEEP,-1,28785.2,28746.7,TARGET,28807.2,28746.7,22.0,80.5,True,1.75,58.0,5.200000000000728,88.0,38.5,151.52,150.52,149.52,1.721818181818182,1.7104545454545457,1.6990909090909092,True
2026-08-28 15:30:00-04:00,2026-08-28 15:40:00-04:00,2026-08-28,H1_MOMENTUM,-1,28658.2,28669.2,STOP,28668.2,28628.2,10.0,6.700000000000728,True,3.0,10.600000000002183,15.599999999998545,40.0,-11.0,-46.48,-48.48,-50.48,-1.162,-1.212,-1.262,True
2026-08-31 15:30:00-04:00,2026-08-31 15:35:00-04:00,2026-08-31,H1_MOMENTUM,-1,28611.4,28621.4,STOP,28621.4,28581.4,10.0,9.299999999999272,True,3.0,12.0,10.799999999999272,40.0,-10.0,-42.48,-44.48,-46.48,-1.0619999999999998,-1.1119999999999999,-1.162,True
2026-09-01 15:30:00-04:00,2026-09-01 15:30:00-04:00,2026-09-01,H1_MOMENTUM,-1,28306.4,28276.4,TARGET,28316.4,28276.4,10.0,3.2999999999992724,True,3.0,31.600000000002183,0.0,40.0,30.0,117.52,116.52,115.52,2.9379999999999997,2.913,2.888,True
2026-09-02 15:30:00-04:00,2026-09-02 15:45:00-04:00,2026-09-02,H1_MOMENTUM,-1,28348.0,28359.4,STOP,28358.0,28318.0,10.0,5.299999999999272,True,3.0,8.599999999998545,18.599999999998545,40.0,-11.400000000001455,-48.08000000000582,-50.08000000000582,-52.08000000000582,-1.2020000000001454,-1.2520000000001454,-1.3020000000001455,True
2026-09-03 15:30:00-04:00,2026-09-03 15:45:00-04:00,2026-09-03,H1_MOMENTUM,1,28707.4,28697.4,STOP,28697.4,28737.4,10.0,4.700000000000728,True,3.0,6.599999999998545,14.600000000002183,40.0,-10.0,-42.48,-44.48,-46.48,-1.0619999999999998,-1.1119999999999999,-1.162,True
2026-09-04 15:30:00-04:00,2026-09-04 15:50:00-04:00,2026-09-04,H1_MOMENTUM,1,28717.2,28767.300000000003,TARGET,28700.5,28767.300000000003,16.700000000000728,16.700000000000728,False,3.0,50.39999999999782,1.7999999999992724,66.80000000000291,50.10000000000218,197.92000000000874,196.92000000000874,195.92000000000874,2.962874251497008,2.947904191616769,2.93293413173653,True
2026-09-08 15:30:00-04:00,2026-09-08 15:55:00-04:00,2026-09-08,H1_MOMENTUM,-1,28756.8,28737.2,TIME_EOD,28778.8,28690.8,22.0,22.5,True,3.0,64.79999999999927,3.2000000000007276,88.0,19.599999999998545,75.91999999999418,73.91999999999418,71.91999999999418,0.8627272727272065,0.8399999999999338,0.8172727272726611,True
2026-09-09 15:30:00-04:00,2026-09-09 15:55:00-04:00,2026-09-09,H1_MOMENTUM,1,28650.8,28629.7,STOP,28629.7,28714.099999999995,21.099999999998545,21.099999999998545,False,3.0,4.400000000001455,27.599999999998545,84.39999999999418,-21.099999999998545,-86.87999999999418,-88.87999999999418,-90.87999999999418,-1.0293838862559261,-1.0530805687203828,-1.0767772511848395,True
2026-09-10 15:30:00-04:00,2026-09-10 15:55:00-04:00,2026-09-10,H1_MOMENTUM,-1,28364.4,28349.2,TIME_EOD,28384.9,28302.9,20.5,20.5,False,3.0,31.600000000002183,12.799999999999272,82.0,15.200000000000728,58.32000000000291,56.32000000000291,54.32000000000291,0.7112195121951574,0.6868292682927185,0.6624390243902795,True
2026-09-11 15:30:00-04:00,2026-09-11 15:50:00-04:00,2026-09-11,H1_MOMENTUM,1,28624.8,28614.8,STOP,28614.8,28654.8,10.0,8.5,True,3.0,11.200000000000728,19.200000000000728,40.0,-10.0,-42.48,-44.48,-46.48,-1.0619999999999998,-1.1119999999999999,-1.162,True
2026-09-14 15:30:00-04:00,2026-09-14 15:55:00-04:00,2026-09-14,H1_MOMENTUM,-1,28442.0,28376.0,TARGET,28464.0,28376.0,22.0,32.900000000001455,True,3.0,78.0,5.200000000000728,88.0,66.0,261.52,260.52,259.52,2.9718181818181817,2.9604545454545454,2.9490909090909088,True
2026-09-15 15:30:00-04:00,2026-09-15 15:55:00-04:00,2026-09-15,H1_MOMENTUM,-1,28172.4,28184.0,TIME_EOD,28194.4,28106.4,22.0,22.099999999998545,True,3.0,27.0,11.599999999998545,88.0,-11.599999999998545,-48.879999999994176,-50.879999999994176,-52.879999999994176,-0.5554545454544793,-0.578181818181752,-0.6009090909090248,True
2026-09-16 15:30:00-04:00,2026-09-16 15:35:00-04:00,2026-09-16,H1_MOMENTUM,1,28069.8,28135.8,TARGET,28047.8,28135.8,22.0,68.70000000000073,True,3.0,69.40000000000146,0.0,88.0,66.0,261.52,260.52,259.52,2.9718181818181817,2.9604545454545454,2.9490909090909088,True
2026-09-17 15:30:00-04:00,2026-09-17 15:50:00-04:00,2026-09-17,H1_MOMENTUM,1,28662.4,28698.700000000008,TARGET,28650.3,28698.700000000008,12.100000000002183,12.100000000002183,False,3.0,58.79999999999927,0.0,48.40000000000873,36.30000000000655,142.7200000000262,141.7200000000262,140.7200000000262,2.948760330578522,2.9280991735537323,2.9074380165289426,True
2026-09-18 15:30:00-04:00,2026-09-18 15:45:00-04:00,2026-09-18,H1_MOMENTUM,1,28764.8,28794.8,TARGET,28754.8,28794.8,10.0,2.5,True,3.0,37.79999999999927,7.200000000000728,40.0,30.0,117.52,116.52,115.52,2.9379999999999997,2.913,2.888,True
2026-09-21 15:30:00-04:00,2026-09-21 15:55:00-04:00,2026-09-21,H1_MOMENTUM,1,29669.2,29656.4,TIME_EOD,29647.2,29735.2,22.0,27.700000000000728,True,3.0,59.599999999998545,17.799999999999272,88.0,-12.799999999999272,-53.67999999999709,-55.67999999999709,-57.67999999999709,-0.6099999999999669,-0.6327272727272396,-0.6554545454545123,True
2026-09-22 15:30:00-04:00,2026-09-22 15:55:00-04:00,2026-09-22,H1_MOMENTUM,1,29888.6,29897.2,TIME_EOD,29866.6,29954.6,22.0,40.5,True,3.0,43.80000000000291,3.0,88.0,8.600000000002183,31.92000000000873,29.92000000000873,27.92000000000873,0.36272727272737193,0.3400000000000992,0.31727272727282646,True
2026-09-23 15:30:00-04:00,2026-09-23 15:30:00-04:00,2026-09-23,H1_MOMENTUM,-1,29630.4,29652.4,STOP,29652.4,29564.4,22.0,31.299999999999272,True,3.0,0.8000000000029104,22.399999999997817,88.0,-22.0,-90.48,-92.48,-94.48,-1.0281818181818183,-1.050909090909091,-1.0736363636363637,True
2026-09-24 15:30:00-04:00,2026-09-24 15:50:00-04:00,2026-09-24,H1_MOMENTUM,-1,29632.4,29654.4,STOP,29654.4,29566.4,22.0,31.5,True,3.0,0.8000000000029104,40.39999999999782,88.0,-22.0,-90.48,-92.48,-94.48,-1.0281818181818183,-1.050909090909091,-1.0736363636363637,True
2026-09-25 10:10:00-04:00,2026-09-25 10:10:00-04:00,2026-09-25,PDH_SWEEP,-1,29714.0,29696.5,TARGET,29724.0,29696.5,10.0,-2.7000000000007276,True,1.75,80.0,0.4000000000014552,40.0,17.5,67.52,66.52,65.52,1.688,1.6629999999999998,1.638,True
2026-09-25 15:30:00-04:00,2026-09-25 15:30:00-04:00,2026-09-25,H1_MOMENTUM,1,29755.4,29745.4,STOP,29745.4,29785.4,10.0,6.30000000000291,True,3.0,2.1999999999970896,13.400000000001455,40.0,-10.0,-42.48,-44.48,-46.48,-1.0619999999999998,-1.1119999999999999,-1.162,True
2026-09-28 15:30:00-04:00,2026-09-28 15:55:00-04:00,2026-09-28,H1_MOMENTUM,-1,29491.6,29462.0,TIME_EOD,29513.6,29425.6,22.0,30.900000000001455,True,3.0,58.0,3.0,88.0,29.599999999998545,115.91999999999418,113.91999999999418,111.91999999999418,1.317272727272661,1.2945454545453883,1.2718181818181156,True
2026-09-29 15:30:00-04:00,2026-09-29 15:40:00-04:00,2026-09-29,H1_MOMENTUM,1,29528.0,29518.0,STOP,29518.0,29558.0,10.0,8.700000000000728,True,3.0,8.400000000001455,25.599999999998545,40.0,-10.0,-42.48,-44.48,-46.48,-1.0619999999999998,-1.1119999999999999,-1.162,True
2026-09-30 15:30:00-04:00,2026-09-30 15:50:00-04:00,2026-09-30,H1_MOMENTUM,1,29738.8,29716.8,STOP,29716.8,29804.8,22.0,26.099999999998545,True,3.0,16.0,111.20000000000073,88.0,-22.0,-90.48,-92.48,-94.48,-1.0281818181818183,-1.050909090909091,-1.0736363636363637,True
2026-10-01 15:30:00-04:00,2026-10-01 15:55:00-04:00,2026-10-01,H1_MOMENTUM,1,29715.2,29696.7,STOP,29696.7,29770.7,18.5,18.5,False,3.0,45.20000000000073,56.20000000000073,74.0,-18.5,-76.48,-78.48,-80.48,-1.0335135135135136,-1.0605405405405406,-1.0875675675675676,True
2026-10-02 15:30:00-04:00,2026-10-02 15:55:00-04:00,2026-10-02,H1_MOMENTUM,1,29967.4,29979.6,TIME_EOD,29945.4,30033.4,22.0,26.700000000000728,True,3.0,32.599999999998545,13.400000000001455,88.0,12.19999999999709,46.31999999998836,44.31999999998836,42.31999999998836,0.5263636363635041,0.5036363636362314,0.48090909090895867,True
2026-10-05 15:30:00-04:00,2026-10-05 15:45:00-04:00,2026-10-05,H1_MOMENTUM,1,30259.6,30237.6,STOP,30237.6,30325.6,22.0,26.899999999997817,True,3.0,10.80000000000291,26.399999999997817,88.0,-22.0,-90.48,-92.48,-94.48,-1.0281818181818183,-1.050909090909091,-1.0736363636363637,True
2026-10-06 15:30:00-04:00,2026-10-06 15:35:00-04:00,2026-10-06,H1_MOMENTUM,1,30432.4,30415.1,STOP,30415.1,30484.30000000001,17.30000000000291,17.30000000000291,False,3.0,0.0,27.400000000001455,69.20000000001164,-17.30000000000291,-71.68000000001165,-73.68000000001165,-75.68000000001165,-1.0358381502890113,-1.0647398843930527,-1.093641618497094,True
2026-10-07 15:30:00-04:00,2026-10-07 15:40:00-04:00,2026-10-07,H1_MOMENTUM,-1,30279.2,30300.1,STOP,30300.1,30216.500000000007,20.899999999997817,20.899999999997817,False,3.0,0.0,28.0,83.59999999999127,-20.899999999997817,-86.07999999999127,-88.07999999999127,-90.07999999999127,-1.0296650717703382,-1.0535885167464172,-1.0775119617224962,True
2026-10-08 15:30:00-04:00,2026-10-08 15:50:00-04:00,2026-10-08,H1_MOMENTUM,-1,29867.2,29890.4,STOP,29889.2,29801.2,22.0,26.099999999998545,True,3.0,25.200000000000728,23.200000000000728,88.0,-23.200000000000728,-95.28000000000291,-97.28000000000291,-99.28000000000291,-1.0827272727273058,-1.1054545454545786,-1.1281818181818513,True
