date,module,side,r_net,net_dollars,gross_pts,friction_dollars,stop_pts,contracts,is_oos
2022-01-04,H1_MOMENTUM,-1,-1.087,-43.48,-10.25,4.48,10.0,2,False
2022-01-05,H1_MOMENTUM,-1,-1.0395454545454546,-91.48,-22.25,4.48,22.0,2,False
2022-01-06,H1_MOMENTUM,-1,2.9718181818181817,261.52,66.0,4.48,22.0,2,False
2022-01-07,H1_MOMENTUM,1,-1.0780269058295988,-48.07999999999854,-11.399999999999636,4.48,11.149999999999636,2,False
2022-01-10,H1_MOMENTUM,-1,-1.0661596958174924,-56.07999999999854,-13.399999999999636,4.48,13.149999999999636,2,False
2022-01-11,H1_MOMENTUM,-1,-0.9547683923705335,-70.07999999999855,-16.899999999999636,4.48,18.350000000000364,2,False
2022-01-12,H1_MOMENTUM,1,-1.0857142857142734,-44.08000000000582,-10.400000000001455,4.48,10.150000000001455,2,False
2022-01-12,PDH_SWEEP,-1,-1.0519402985074628,-70.48,-17.0,4.48,16.75,2,False
2022-01-13,H1_MOMENTUM,1,-1.0395454545454546,-91.48,-22.25,4.48,22.0,2,False
2022-01-14,H1_MOMENTUM,1,1.04,91.52,23.5,4.48,22.0,2,False
2022-01-18,H1_MOMENTUM,-1,0.8309090909090743,73.11999999999854,18.899999999999636,4.48,22.0,2,False
2022-01-19,H1_MOMENTUM,1,-1.087,-43.48,-10.25,4.48,10.0,2,False
2022-01-20,H1_MOMENTUM,1,-1.0566775244299729,-64.87999999999418,-15.599999999998545,4.48,15.349999999998545,2,False
2022-01-21,H1_MOMENTUM,-1,-1.0395454545454546,-91.48,-22.25,4.48,22.0,2,False
2022-01-24,H1_MOMENTUM,-1,-1.0395454545454546,-91.48,-22.25,4.48,22.0,2,False
2022-01-25,H1_MOMENTUM,-1,-1.0395454545454546,-91.48,-22.25,4.48,22.0,2,False
2022-01-26,H1_MOMENTUM,1,-1.0395454545454546,-91.48,-22.25,4.48,22.0,2,False
2022-01-27,H1_MOMENTUM,1,-1.0395454545454546,-91.48,-22.25,4.48,22.0,2,False
2022-01-28,H1_MOMENTUM,-1,-1.0395454545454546,-91.48,-22.25,4.48,22.0,2,False
2022-01-31,H1_MOMENTUM,1,2.9718181818181817,261.52,66.0,4.48,22.0,2,False
2022-02-01,H1_MOMENTUM,-1,-1.087,-43.48,-10.25,4.48,10.0,2,False
2022-02-02,H1_MOMENTUM,1,0.14909090909097522,13.12000000000582,3.900000000001455,4.48,22.0,2,False
2022-02-03,H1_MOMENTUM,-1,2.9718181818181817,261.52,66.0,4.48,22.0,2,False
2022-02-04,H1_MOMENTUM,-1,2.9718181818181817,261.52,66.0,4.48,22.0,2,False
2022-02-07,H1_MOMENTUM,1,-1.087,-43.48,-10.25,4.48,10.0,2,False
2022-02-08,H1_MOMENTUM,-1,-1.0395454545454546,-91.48,-22.25,4.48,22.0,2,False
2022-02-09,H1_MOMENTUM,1,1.349090909090876,118.71999999999709,30.299999999999272,4.48,22.0,2,False
2022-02-10,H1_MOMENTUM,-1,2.9718181818181817,261.52,66.0,4.48,22.0,2,False
2022-02-11,H1_MOMENTUM,-1,2.9718181818181817,261.52,66.0,4.48,22.0,2,False
2022-02-14,H1_MOMENTUM,1,0.3672727272726777,32.31999999999564,8.699999999998909,4.48,22.0,2,False
2022-02-15,H1_MOMENTUM,1,-1.0395454545454546,-91.48,-22.25,4.48,22.0,2,False
2022-02-16,H1_MOMENTUM,-1,2.9379999999999997,117.52,30.0,4.48,10.0,2,False
2022-02-17,H1_MOMENTUM,-1,1.3945454545454214,122.71999999999709,31.299999999999272,4.48,22.0,2,False
2022-02-18,H1_MOMENTUM,1,-1.087,-43.48,-10.25,4.48,10.0,2,False
2022-02-22,H1_MOMENTUM,-1,2.9718181818181817,261.52,66.0,4.48,22.0,2,False
2022-02-23,H1_MOMENTUM,-1,2.967624020887728,227.31999999999564,57.44999999999891,4.48,19.149999999999636,2,False
2022-02-24,H1_MOMENTUM,-1,-1.0395454545454546,-91.48,-22.25,4.48,22.0,2,False
2022-02-25,H1_MOMENTUM,-1,-1.044501278772376,-81.68000000000437,-19.80000000000109,4.48,19.55000000000109,2,False
2022-02-28,H1_MOMENTUM,-1,2.9718181818181817,261.52,66.0,4.48,22.0,2,False
2022-03-01,H1_MOMENTUM,-1,2.9718181818181817,261.52,66.0,4.48,22.0,2,False
2022-03-02,H1_MOMENTUM,1,-1.0395454545454546,-91.48,-22.25,4.48,22.0,2,False
2022-03-03,H1_MOMENTUM,1,-1.0395454545454546,-91.48,-22.25,4.48,22.0,2,False
2022-03-04,H1_MOMENTUM,-1,-1.0395454545454546,-91.48,-22.25,4.48,22.0,2,False
2022-03-07,H1_MOMENTUM,-1,2.9718181818181817,261.52,66.0,4.48,22.0,2,False
2022-03-08,H1_MOMENTUM,-1,2.9718181818181817,261.52,66.0,4.48,22.0,2,False
2022-03-09,H1_MOMENTUM,1,-1.0395454545454546,-91.48,-22.25,4.48,22.0,2,False
2022-03-10,H1_MOMENTUM,-1,-1.0395454545454546,-91.48,-22.25,4.48,22.0,2,False
2022-03-11,H1_MOMENTUM,-1,2.9718181818181817,261.52,66.0,4.48,22.0,2,False
2022-03-14,H1_MOMENTUM,-1,1.2218181818181817,107.52,27.5,4.48,22.0,2,False
2022-03-15,H1_MOMENTUM,1,0.694545454545438,61.11999999999855,15.899999999999636,4.48,22.0,2,False
2022-03-16,H1_MOMENTUM,1,-1.0395454545454546,-91.48,-22.25,4.48,22.0,2,False
2022-03-17,H1_MOMENTUM,1,2.7672727272727276,243.52,61.5,4.48,22.0,2,False
2022-03-18,H1_MOMENTUM,1,0.7854545454545289,69.11999999999854,17.899999999999636,4.48,22.0,2,False
2022-03-21,H1_MOMENTUM,-1,-1.087,-43.48,-10.25,4.48,10.0,2,False
2022-03-22,H1_MOMENTUM,1,2.9379999999999997,117.52,30.0,4.48,10.0,2,False
2022-03-23,H1_MOMENTUM,-1,-1.0395454545454546,-91.48,-22.25,4.48,22.0,2,False
2022-03-24,H1_MOMENTUM,1,-1.0395454545454546,-91.48,-22.25,4.48,22.0,2,False
2022-03-25,H1_MOMENTUM,-1,-1.0395454545454546,-91.48,-22.25,4.48,22.0,2,False
2022-03-28,H1_MOMENTUM,1,-1.0395454545454546,-91.48,-22.25,4.48,22.0,2,False
2022-03-29,H1_MOMENTUM,1,-1.0395454545454546,-91.48,-22.25,4.48,22.0,2,False
2022-03-30,H1_MOMENTUM,-1,-1.0395454545454546,-91.48,-22.25,4.48,22.0,2,False
2022-03-31,H1_MOMENTUM,-1,2.9718181818181817,261.52,66.0,4.48,22.0,2,False
2022-04-01,H1_MOMENTUM,-1,-1.0395454545454546,-91.48,-22.25,4.48,22.0,2,False
2022-04-04,H1_MOMENTUM,1,1.0939172749391324,89.92000000000145,23.100000000000364,4.48,20.55000000000109,2,False
2022-04-05,H1_MOMENTUM,-1,-1.0395454545454546,-91.48,-22.25,4.48,22.0,2,False
2022-04-06,H1_MOMENTUM,-1,-1.0395454545454546,-91.48,-22.25,4.48,22.0,2,False
2022-04-07,H1_MOMENTUM,1,2.9379999999999997,117.52,30.0,4.48,10.0,2,False
2022-04-08,H1_MOMENTUM,-1,2.9718181818181817,261.52,66.0,4.48,22.0,2,False
2022-04-11,H1_MOMENTUM,-1,1.8945454545455043,166.72000000000438,42.30000000000109,4.48,22.0,2,False
2022-04-12,H1_MOMENTUM,1,2.96112852664577,188.92000000000874,47.85000000000218,4.48,15.950000000000728,2,False
2022-04-13,H1_MOMENTUM,1,-1.0395454545454546,-91.48,-22.25,4.48,22.0,2,False
2022-04-14,H1_MOMENTUM,-1,1.7127272727272398,150.7199999999971,38.29999999999927,4.48,22.0,2,False
2022-04-18,H1_MOMENTUM,-1,-1.0395454545454546,-91.48,-22.25,4.48,22.0,2,False
2022-04-19,H1_MOMENTUM,1,-1.0395454545454546,-91.48,-22.25,4.48,22.0,2,False
2022-04-20,H1_MOMENTUM,1,-1.0395454545454546,-91.48,-22.25,4.48,22.0,2,False
2022-04-21,H1_MOMENTUM,1,-1.0395454545454546,-91.48,-22.25,4.48,22.0,2,False
2022-04-22,H1_MOMENTUM,-1,-1.0395454545454546,-91.48,-22.25,4.48,22.0,2,False
2022-04-25,H1_MOMENTUM,-1,-1.087,-43.48,-10.25,4.48,10.0,2,False
2022-04-26,H1_MOMENTUM,-1,2.9490909090909088,259.52,65.5,4.48,22.0,2,False
2022-04-27,H1_MOMENTUM,1,-1.0395454545454546,-91.48,-22.25,4.48,22.0,2,False
2022-04-28,H1_MOMENTUM,1,-1.0395454545454546,-91.48,-22.25,4.48,22.0,2,False
2022-04-29,H1_MOMENTUM,1,2.9379999999999997,117.52,30.0,4.48,10.0,2,False
2022-05-02,H1_MOMENTUM,1,-1.0872727272726943,-95.6799999999971,-23.299999999999272,4.48,22.0,2,False
2022-05-03,H1_MOMENTUM,1,-1.0395454545454546,-91.48,-22.25,4.48,22.0,2,False
2022-05-04,H1_MOMENTUM,-1,-1.087,-43.48,-10.25,4.48,10.0,2,False
2022-05-05,H1_MOMENTUM,-1,-1.0395454545454546,-91.48,-22.25,4.48,22.0,2,False
2022-05-06,H1_MOMENTUM,-1,-1.0395454545454546,-91.48,-22.25,4.48,22.0,2,False
2022-05-09,H1_MOMENTUM,-1,2.9718181818181817,261.52,66.0,4.48,22.0,2,False
2022-05-10,H1_MOMENTUM,1,-1.0840579710144898,-44.88000000000145,-10.600000000000364,4.48,10.350000000000364,2,False
2022-05-11,H1_MOMENTUM,1,-1.0449612403100768,-80.88000000000146,-19.600000000000364,4.48,19.350000000000364,2,False
2022-05-12,H1_MOMENTUM,-1,-1.0395454545454546,-91.48,-22.25,4.48,22.0,2,False
2022-05-13,H1_MOMENTUM,1,-1.0395454545454546,-91.48,-22.25,4.48,22.0,2,False
2022-05-16,H1_MOMENTUM,-1,1.149090909090975,101.12000000000582,25.900000000001455,4.48,22.0,2,False
2022-05-17,H1_MOMENTUM,1,-1.0395454545454546,-91.48,-22.25,4.48,22.0,2,False
2022-05-18,H1_MOMENTUM,-1,-1.0395454545454546,-91.48,-22.25,4.48,22.0,2,False
2022-05-19,H1_MOMENTUM,-1,-1.0395454545454546,-91.48,-22.25,4.48,22.0,2,False
2022-05-20,H1_MOMENTUM,1,-1.0395454545454546,-91.48,-22.25,4.48,22.0,2,False
2022-05-23,H1_MOMENTUM,1,-1.0484679665738141,-75.28000000000291,-18.200000000000728,4.48,17.950000000000728,2,False
2022-05-24,H1_MOMENTUM,-1,-1.0495726495726465,-73.68000000000437,-17.80000000000109,4.48,17.55000000000109,2,False
2022-05-25,H1_MOMENTUM,-1,2.9718181818181817,261.52,66.0,4.48,22.0,2,False
2022-05-26,H1_MOMENTUM,1,2.9718181818181817,261.52,66.0,4.48,22.0,2,False
2022-05-27,H1_MOMENTUM,1,-1.0395454545454546,-91.48,-22.25,4.48,22.0,2,False
2022-05-31,H1_MOMENTUM,-1,-1.087,-43.48,-10.25,4.48,10.0,2,False
2022-06-01,H1_MOMENTUM,1,-1.1236363636362976,-98.87999999999418,-24.099999999998545,4.48,22.0,2,False
2022-06-01,PDH_SWEEP,-1,1.721818181818182,151.52,38.5,4.48,22.0,2,False
2022-06-02,H1_MOMENTUM,-1,-1.0395454545454546,-91.48,-22.25,4.48,22.0,2,False
2022-06-03,H1_MOMENTUM,-1,-0.21454545454547108,-18.880000000001456,-4.100000000000364,4.48,22.0,2,False
2022-06-06,H1_MOMENTUM,1,-1.0574257425742588,-64.07999999999855,-15.399999999999636,4.48,15.149999999999636,2,False
2022-06-07,H1_MOMENTUM,-1,-1.0519402985074628,-70.48,-17.0,4.48,16.75,2,False
2022-06-08,H1_MOMENTUM,1,-1.0395454545454546,-91.48,-22.25,4.48,22.0,2,False
2022-06-09,H1_MOMENTUM,1,-1.087,-43.48,-10.25,4.48,10.0,2,False
2022-06-10,H1_MOMENTUM,-1,2.9718181818181817,261.52,66.0,4.48,22.0,2,False
2022-06-13,H1_MOMENTUM,-1,-1.0395454545454546,-91.48,-22.25,4.48,22.0,2,False
2022-06-14,H1_MOMENTUM,1,2.9718181818181817,261.52,66.0,4.48,22.0,2,False
2022-06-15,H1_MOMENTUM,1,-1.0395454545454546,-91.48,-22.25,4.48,22.0,2,False
2022-06-16,H1_MOMENTUM,-1,2.9689223057644094,236.9199999999869,59.849999999996726,4.48,19.94999999999891,2,False
2022-06-17,H1_MOMENTUM,1,-1.0395454545454546,-91.48,-22.25,4.48,22.0,2,False
2022-06-21,H1_MOMENTUM,1,-1.0632727272727271,-58.48,-14.0,4.48,13.75,2,False
2022-06-22,H1_MOMENTUM,1,-1.2320000000000726,-49.28000000000291,-11.700000000000728,4.48,10.0,2,False
2022-06-23,H1_MOMENTUM,1,2.9718181818181817,261.52,66.0,4.48,22.0,2,False
2022-06-24,H1_MOMENTUM,1,2.962537764350456,196.1200000000131,49.650000000003274,4.48,16.55000000000109,2,False
2022-06-27,H1_MOMENTUM,-1,-1.0552380952380953,-66.48,-16.0,4.48,15.75,2,False
2022-06-28,H1_MOMENTUM,1,-1.0395454545454546,-91.48,-22.25,4.48,22.0,2,False
2022-06-29,H1_MOMENTUM,1,-1.0395454545454546,-91.48,-22.25,4.48,22.0,2,False
2022-06-30,H1_MOMENTUM,-1,-1.087,-43.48,-10.25,4.48,10.0,2,False
2022-07-01,H1_MOMENTUM,1,1.4763636363635704,129.9199999999942,33.099999999998545,4.48,22.0,2,False
2022-07-05,H1_MOMENTUM,-1,-1.0780269058295988,-48.07999999999854,-11.399999999999636,4.48,11.149999999999636,2,False
2022-07-06,H1_MOMENTUM,1,-1.0395454545454546,-91.48,-22.25,4.48,22.0,2,False
2022-07-06,PDH_SWEEP,-1,-1.0395454545454546,-91.48,-22.25,4.48,22.0,2,False
2022-07-07,H1_MOMENTUM,1,-1.087,-43.48,-10.25,4.48,10.0,2,False
2022-07-08,H1_MOMENTUM,-1,-0.005454545454545454,-0.48,0.5,4.48,22.0,2,False
2022-07-11,H1_MOMENTUM,-1,1.0369337979093813,59.52,15.5,4.48,14.350000000000364,2,False
2022-07-12,H1_MOMENTUM,-1,-1.0395454545454546,-91.48,-22.25,4.48,22.0,2,False
2022-07-13,H1_MOMENTUM,-1,1.4127272727273057,124.3200000000029,31.700000000000728,4.48,22.0,2,False
2022-07-14,H1_MOMENTUM,-1,2.9379999999999997,117.52,30.0,4.48,10.0,2,False
2022-07-15,H1_MOMENTUM,1,-1.087,-43.48,-10.25,4.48,10.0,2,False
2022-07-18,H1_MOMENTUM,1,-1.087,-43.48,-10.25,4.48,10.0,2,False
2022-07-19,H1_MOMENTUM,1,0.4252927400467801,36.31999999999564,9.699999999998909,4.48,21.350000000000364,2,False
2022-07-20,H1_MOMENTUM,-1,2.9379999999999997,117.52,30.0,4.48,10.0,2,False
2022-07-21,H1_MOMENTUM,1,2.500358422938938,139.52,35.5,4.48,13.950000000000728,2,False
2022-07-22,H1_MOMENTUM,-1,2.9379999999999997,117.52,30.0,4.48,10.0,2,False
2022-07-25,H1_MOMENTUM,-1,-1.0415274463007183,-87.27999999999564,-21.19999999999891,4.48,20.94999999999891,2,False
2022-07-26,H1_MOMENTUM,-1,-1.087,-43.48,-10.25,4.48,10.0,2,False
2022-07-27,H1_MOMENTUM,1,-1.0395454545454546,-91.48,-22.25,4.48,22.0,2,False
2022-07-28,H1_MOMENTUM,-1,0.714373088684955,46.71999999999709,12.299999999999272,4.48,16.350000000000364,2,False
2022-07-29,H1_MOMENTUM,1,-1.0395454545454546,-91.48,-22.25,4.48,22.0,2,False
2022-08-01,H1_MOMENTUM,1,2.9379999999999997,117.52,30.0,4.48,10.0,2,False
2022-08-02,H1_MOMENTUM,-1,-1.0623655913978463,-59.28000000000291,-14.200000000000728,4.48,13.950000000000728,2,False
2022-08-03,H1_MOMENTUM,1,-0.2396475770925354,-10.880000000001456,-2.100000000000364,4.48,11.350000000000364,2,False
2022-08-04,H1_MOMENTUM,1,-1.0395454545454546,-91.48,-22.25,4.48,22.0,2,False
2022-08-05,H1_MOMENTUM,-1,-1.087,-43.48,-10.25,4.48,10.0,2,False
2022-08-08,H1_MOMENTUM,1,1.0763636363636033,94.71999999999709,24.299999999999272,4.48,22.0,2,False
2022-08-08,PDH_SWEEP,-1,1.7195331695331926,139.97000000000438,35.61250000000109,4.48,20.350000000000364,2,False
2022-08-09,H1_MOMENTUM,-1,1.0729411764705312,54.71999999999709,14.299999999999272,4.48,12.75,2,False
2022-08-10,H1_MOMENTUM,1,0.8581818181818182,75.52,19.5,4.48,22.0,2,False
2022-08-11,H1_MOMENTUM,1,-1.0395454545454546,-91.48,-22.25,4.48,22.0,2,False
2022-08-12,H1_MOMENTUM,1,0.5127272727272563,45.11999999999855,11.899999999999636,4.48,22.0,2,False
2022-08-15,H1_MOMENTUM,1,-1.0395454545454546,-91.48,-22.25,4.48,22.0,2,False
2022-08-16,H1_MOMENTUM,-1,-1.087,-43.48,-10.25,4.48,10.0,2,False
2022-08-17,H1_MOMENTUM,-1,0.4581818181818513,40.32000000000291,10.700000000000728,4.48,22.0,2,False
2022-08-18,H1_MOMENTUM,-1,-1.068235294117647,-54.48,-13.0,4.48,12.75,2,False
2022-08-19,H1_MOMENTUM,-1,-1.087,-43.48,-10.25,4.48,10.0,2,False
2022-08-22,H1_MOMENTUM,-1,-0.42577565632456976,-35.67999999999709,-8.299999999999272,4.48,20.94999999999891,2,False
2022-08-23,H1_MOMENTUM,1,-1.087,-43.48,-10.25,4.48,10.0,2,False
2022-08-24,H1_MOMENTUM,1,-1.0431761786600504,-84.07999999999855,-20.399999999999636,4.48,20.149999999999636,2,False
2022-08-25,H1_MOMENTUM,1,2.9718181818181817,261.52,66.0,4.48,22.0,2,False
2022-08-26,H1_MOMENTUM,-1,2.7309090909091243,240.32000000000292,60.70000000000073,4.48,22.0,2,False
2022-08-29,H1_MOMENTUM,-1,2.4581818181818513,216.32000000000292,54.70000000000073,4.48,22.0,2,False
2022-08-30,H1_MOMENTUM,-1,-0.32363636363636367,-28.48,-6.5,4.48,22.0,2,False
2022-08-31,H1_MOMENTUM,1,-1.0395454545454546,-91.48,-22.25,4.48,22.0,2,False
2022-09-01,H1_MOMENTUM,-1,-1.0395454545454546,-91.48,-22.25,4.48,22.0,2,False
2022-09-02,H1_MOMENTUM,1,-1.0403712296983774,-89.6799999999971,-21.799999999999272,4.48,21.549999999999272,2,False
2022-09-06,H1_MOMENTUM,-1,0.4218181818181653,37.11999999999855,9.899999999999636,4.48,22.0,2,False
2022-09-07,H1_MOMENTUM,1,-1.0395454545454546,-91.48,-22.25,4.48,22.0,2,False
2022-09-08,H1_MOMENTUM,-1,-1.0728033472803302,-51.28000000000291,-12.200000000000728,4.48,11.950000000000728,2,False
2022-09-09,H1_MOMENTUM,1,-0.151532033426112,-10.87999999999418,-2.099999999998545,4.48,17.94999999999891,2,False
2022-09-12,H1_MOMENTUM,1,2.6879999999999997,107.52,27.5,4.48,10.0,2,False
2022-09-13,H1_MOMENTUM,-1,2.9718181818181817,261.52,66.0,4.48,22.0,2,False
2022-09-14,H1_MOMENTUM,1,2.9379999999999997,117.52,30.0,4.48,10.0,2,False
2022-09-15,H1_MOMENTUM,-1,-1.0395454545454546,-91.48,-22.25,4.48,22.0,2,False
2022-09-16,H1_MOMENTUM,-1,-1.0395454545454546,-91.48,-22.25,4.48,22.0,2,False
2022-09-19,H1_MOMENTUM,-1,-1.087,-43.48,-10.25,4.48,10.0,2,False
2022-09-20,H1_MOMENTUM,-1,-1.0671814671814635,-55.28000000000291,-13.200000000000728,4.48,12.950000000000728,2,False
2022-09-21,H1_MOMENTUM,1,-1.087,-43.48,-10.25,4.48,10.0,2,False
2022-09-22,H1_MOMENTUM,-1,-1.0395454545454546,-91.48,-22.25,4.48,22.0,2,False
2022-09-23,H1_MOMENTUM,-1,-1.087,-43.48,-10.25,4.48,10.0,2,False
2022-09-26,H1_MOMENTUM,1,-1.0436090225563894,-83.28000000000291,-20.200000000000728,4.48,19.950000000000728,2,False
2022-09-26,PDH_SWEEP,-1,1.688,67.52,17.5,4.48,10.0,2,False
2022-09-27,H1_MOMENTUM,1,-1.087,-43.48,-10.25,4.48,10.0,2,False
2022-09-28,H1_MOMENTUM,-1,-1.087,-43.48,-10.25,4.48,10.0,2,False
2022-09-29,H1_MOMENTUM,-1,-1.0395454545454546,-91.48,-22.25,4.48,22.0,2,False
2022-09-30,H1_MOMENTUM,1,-1.0395454545454546,-91.48,-22.25,4.48,22.0,2,False
2022-10-03,H1_MOMENTUM,1,-1.0395454545454546,-91.48,-22.25,4.48,22.0,2,False
2022-10-04,H1_MOMENTUM,1,1.2399999999999833,109.11999999999854,27.899999999999636,4.48,22.0,2,False
2022-10-05,H1_MOMENTUM,-1,-1.0395454545454546,-91.48,-22.25,4.48,22.0,2,False
2022-10-06,H1_MOMENTUM,-1,2.9379999999999997,117.52,30.0,4.48,10.0,2,False
2022-10-07,H1_MOMENTUM,-1,-1.0395454545454546,-91.48,-22.25,4.48,22.0,2,False
2022-10-10,H1_MOMENTUM,-1,-1.0395454545454546,-91.48,-22.25,4.48,22.0,2,False
2022-10-11,H1_MOMENTUM,-1,-1.0597938144329926,-61.67999999999709,-14.799999999999272,4.48,14.549999999999272,2,False
2022-10-12,H1_MOMENTUM,1,-1.0407494145199057,-88.88000000000146,-21.600000000000364,4.48,21.350000000000364,2,False
2022-10-13,H1_MOMENTUM,-1,-1.0395454545454546,-91.48,-22.25,4.48,22.0,2,False
2022-10-14,H1_MOMENTUM,-1,-1.0395454545454546,-91.48,-22.25,4.48,22.0,2,False
2022-10-17,H1_MOMENTUM,1,-1.0395454545454546,-91.48,-22.25,4.48,22.0,2,False
2022-10-18,H1_MOMENTUM,1,2.4400000000000497,214.72000000000438,54.30000000000109,4.48,22.0,2,False
2022-10-19,H1_MOMENTUM,-1,-1.0395454545454546,-91.48,-22.25,4.48,22.0,2,False
2022-10-20,H1_MOMENTUM,1,-1.07532467532468,-49.67999999999709,-11.799999999999272,4.48,11.549999999999272,2,False
2022-10-21,H1_MOMENTUM,1,-0.08727272727269421,-7.67999999999709,-1.2999999999992724,4.48,22.0,2,False
2022-10-24,H1_MOMENTUM,-1,2.946320346320343,136.11999999999128,34.64999999999782,4.48,11.549999999999272,2,False
2022-10-25,H1_MOMENTUM,1,-0.10545454545457854,-9.28000000000291,-1.7000000000007276,4.48,22.0,2,False
2022-10-26,H1_MOMENTUM,-1,0.8209912536443748,56.32000000000291,14.700000000000728,4.48,17.149999999999636,2,False
2022-10-27,H1_MOMENTUM,-1,-1.087,-43.48,-10.25,4.48,10.0,2,False
2022-10-28,H1_MOMENTUM,1,0.18545454545449583,16.319999999995634,4.699999999998909,4.48,22.0,2,False
2022-10-31,H1_MOMENTUM,-1,-1.0431761786600504,-84.07999999999855,-20.399999999999636,4.48,20.149999999999636,2,False
2022-11-01,H1_MOMENTUM,1,-1.087,-43.48,-10.25,4.48,10.0,2,False
2022-11-01,PDH_SWEEP,-1,1.721818181818182,151.52,38.5,4.48,22.0,2,False
2022-11-02,H1_MOMENTUM,-1,2.9718181818181817,261.52,66.0,4.48,22.0,2,False
2022-11-03,H1_MOMENTUM,-1,2.965459610027853,212.9199999999869,53.849999999996726,4.48,17.94999999999891,2,False
2022-11-04,H1_MOMENTUM,1,2.9718181818181817,261.52,66.0,4.48,22.0,2,False
2022-11-07,H1_MOMENTUM,-1,-1.087,-43.48,-10.25,4.48,10.0,2,False
2022-11-08,H1_MOMENTUM,1,-1.0395454545454546,-91.48,-22.25,4.48,22.0,2,False
2022-11-09,H1_MOMENTUM,-1,1.9309002433088647,158.7199999999971,40.29999999999927,4.48,20.55000000000109,2,False
2022-11-10,H1_MOMENTUM,1,2.2581818181817854,198.7199999999971,50.29999999999927,4.48,22.0,2,False
2022-11-11,H1_MOMENTUM,-1,-1.0395454545454546,-91.48,-22.25,4.48,22.0,2,False
2022-11-14,H1_MOMENTUM,-1,2.9718181818181817,261.52,66.0,4.48,22.0,2,False
2022-11-15,H1_MOMENTUM,1,-1.0395454545454546,-91.48,-22.25,4.48,22.0,2,False
2022-11-16,H1_MOMENTUM,-1,-1.0395454545454546,-91.48,-22.25,4.48,22.0,2,False
2022-11-17,H1_MOMENTUM,-1,-1.0395454545454546,-91.48,-22.25,4.48,22.0,2,False
2022-11-18,H1_MOMENTUM,1,-1.0395454545454546,-91.48,-22.25,4.48,22.0,2,False
2022-11-21,H1_MOMENTUM,-1,-1.0395454545454546,-91.48,-22.25,4.48,22.0,2,False
2022-11-22,H1_MOMENTUM,-1,-1.087,-43.48,-10.25,4.48,10.0,2,False
2022-11-23,H1_MOMENTUM,1,-1.0419277108433735,-86.48,-21.0,4.48,20.75,2,False
2022-11-28,H1_MOMENTUM,-1,-1.0395454545454546,-91.48,-22.25,4.48,22.0,2,False
2022-11-29,H1_MOMENTUM,-1,-1.087,-43.48,-10.25,4.48,10.0,2,False
2022-11-30,H1_MOMENTUM,1,2.9718181818181817,261.52,66.0,4.48,22.0,2,False
2022-12-01,H1_MOMENTUM,1,2.9379999999999997,117.52,30.0,4.48,10.0,2,False
2022-12-02,H1_MOMENTUM,-1,-0.14181818181818182,-12.48,-2.5,4.48,22.0,2,False
2022-12-05,H1_MOMENTUM,-1,-1.0490140845070424,-74.48,-18.0,4.48,17.75,2,False
2022-12-06,H1_MOMENTUM,-1,-1.0395454545454546,-91.48,-22.25,4.48,22.0,2,False
2022-12-07,H1_MOMENTUM,-1,-1.0395454545454546,-91.48,-22.25,4.48,22.0,2,False
2022-12-08,H1_MOMENTUM,1,-1.0395454545454546,-91.48,-22.25,4.48,22.0,2,False
2022-12-09,H1_MOMENTUM,-1,2.9718181818181817,261.52,66.0,4.48,22.0,2,False
2022-12-12,H1_MOMENTUM,1,1.294545454545471,113.92000000000145,29.100000000000364,4.48,22.0,2,False
2022-12-13,H1_MOMENTUM,1,0.27636363636366945,24.32000000000291,6.700000000000728,4.48,22.0,2,False
2022-12-14,H1_MOMENTUM,1,-1.0623655913978542,-59.27999999999563,-14.199999999998909,4.48,13.949999999998909,2,False
2022-12-15,H1_MOMENTUM,-1,2.9379999999999997,117.52,30.0,4.48,10.0,2,False
2022-12-16,H1_MOMENTUM,1,-1.0395454545454546,-91.48,-22.25,4.48,22.0,2,False
2022-12-19,H1_MOMENTUM,-1,-1.087,-43.48,-10.25,4.48,10.0,2,False
2022-12-20,H1_MOMENTUM,-1,-1.087,-43.48,-10.25,4.48,10.0,2,False
2022-12-21,H1_MOMENTUM,1,-1.087,-43.48,-10.25,4.48,10.0,2,False
2022-12-22,H1_MOMENTUM,-1,2.9379999999999997,117.52,30.0,4.48,10.0,2,False
2022-12-23,H1_MOMENTUM,-1,-1.0781818181818348,-94.88000000000146,-23.100000000000364,4.48,22.0,2,False
2022-12-27,H1_MOMENTUM,-1,-1.087,-43.48,-10.25,4.48,10.0,2,False
2022-12-28,H1_MOMENTUM,1,-1.1546798029557421,-46.88000000000145,-11.100000000000364,4.48,10.149999999999636,2,False
2022-12-29,H1_MOMENTUM,1,-0.8020671834624984,-62.07999999999854,-14.899999999999636,4.48,19.350000000000364,2,False
2022-12-30,H1_MOMENTUM,-1,-1.0395454545454546,-91.48,-22.25,4.48,22.0,2,False
2023-01-03,H1_MOMENTUM,-1,0.11272727272728926,9.920000000001455,3.100000000000364,4.48,22.0,2,False
2023-01-04,H1_MOMENTUM,1,-1.087,-43.48,-10.25,4.48,10.0,2,False
2023-01-05,H1_MOMENTUM,-1,0.6763636363636364,59.52,15.5,4.48,22.0,2,False
2023-01-06,H1_MOMENTUM,-1,0.9218181818181652,81.11999999999854,20.899999999999636,4.48,22.0,2,False
2023-01-09,H1_MOMENTUM,1,-1.0693227091633406,-53.68000000000436,-12.800000000001091,4.48,12.550000000001091,2,False
2023-01-10,H1_MOMENTUM,1,1.9017031630171346,156.32000000000292,39.70000000000073,4.48,20.549999999999272,2,False
2023-01-11,H1_MOMENTUM,1,1.5036363636363141,132.31999999999564,33.69999999999891,4.48,22.0,2,False
2023-01-12,H1_MOMENTUM,-1,-1.0525679758308182,-69.6799999999971,-16.799999999999272,4.48,16.549999999999272,2,False
2023-01-13,H1_MOMENTUM,-1,-1.087,-43.48,-10.25,4.48,10.0,2,False
2023-01-17,H1_MOMENTUM,1,-1.087,-43.48,-10.25,4.48,10.0,2,False
2023-01-17,PDH_SWEEP,-1,1.721818181818182,151.52,38.5,4.48,22.0,2,False
2023-01-18,H1_MOMENTUM,1,-1.087,-43.48,-10.25,4.48,10.0,2,False
2023-01-19,H1_MOMENTUM,-1,2.603636363636347,229.11999999999856,57.899999999999636,4.48,22.0,2,False
2023-01-20,H1_MOMENTUM,1,0.8945454545455042,78.72000000000436,20.30000000000109,4.48,22.0,2,False
2023-01-23,H1_MOMENTUM,1,1.285454545454529,113.11999999999854,28.899999999999636,4.48,22.0,2,False
2023-01-24,H1_MOMENTUM,-1,-0.2005390835579593,-14.880000000001456,-3.100000000000364,4.48,18.55000000000109,2,False
2023-01-25,H1_MOMENTUM,-1,-0.06909090909097525,-6.080000000005821,-0.9000000000014552,4.48,22.0,2,False
2023-01-26,H1_MOMENTUM,1,1.4672727272727109,129.11999999999856,32.899999999999636,4.48,22.0,2,False
2023-01-27,H1_MOMENTUM,1,-1.0395454545454546,-91.48,-22.25,4.48,22.0,2,False
2023-01-30,H1_MOMENTUM,-1,-1.0395454545454546,-91.48,-22.25,4.48,22.0,2,False
2023-01-31,H1_MOMENTUM,1,2.9379999999999997,117.52,30.0,4.48,10.0,2,False
2023-02-01,H1_MOMENTUM,1,2.9718181818181817,261.52,66.0,4.48,22.0,2,False
2023-02-02,H1_MOMENTUM,1,-1.0395454545454546,-91.48,-22.25,4.48,22.0,2,False
2023-02-03,H1_MOMENTUM,-1,0.34909090909087603,30.71999999999709,8.299999999999272,4.48,22.0,2,False
2023-02-06,H1_MOMENTUM,-1,-1.0395454545454546,-91.48,-22.25,4.48,22.0,2,False
2023-02-07,H1_MOMENTUM,-1,-1.087,-43.48,-10.25,4.48,10.0,2,False
2023-02-08,H1_MOMENTUM,-1,-1.0395454545454546,-91.48,-22.25,4.48,22.0,2,False
2023-02-09,H1_MOMENTUM,1,-1.087,-43.48,-10.25,4.48,10.0,2,False
2023-02-10,H1_MOMENTUM,-1,-1.0395454545454546,-91.48,-22.25,4.48,22.0,2,False
2023-02-13,H1_MOMENTUM,1,0.594545454545405,52.31999999999564,13.699999999998909,4.48,22.0,2,False
2023-02-14,H1_MOMENTUM,1,0.31272727272727274,27.52,7.5,4.48,22.0,2,False
2023-02-14,PDH_SWEEP,-1,1.721818181818182,151.52,38.5,4.48,22.0,2,False
2023-02-15,H1_MOMENTUM,-1,-1.054545454545452,-67.28000000000291,-16.200000000000728,4.48,15.950000000000728,2,False
2023-02-16,H1_MOMENTUM,-1,1.4581818181817687,128.31999999999564,32.69999999999891,4.48,22.0,2,False
2023-02-17,H1_MOMENTUM,-1,-1.0395454545454546,-91.48,-22.25,4.48,22.0,2,False
2023-02-21,H1_MOMENTUM,-1,0.8036363636363305,70.71999999999709,18.299999999999272,4.48,22.0,2,False
2023-02-22,H1_MOMENTUM,1,-1.055948553054665,-65.6799999999971,-15.799999999999272,4.48,15.549999999999272,2,False
2023-02-23,H1_MOMENTUM,1,-1.0395454545454546,-91.48,-22.25,4.48,22.0,2,False
2023-02-24,H1_MOMENTUM,-1,-0.7327272727272728,-64.48,-15.5,4.48,22.0,2,False
2023-02-27,H1_MOMENTUM,1,-1.0464,-78.48,-19.0,4.48,18.75,2,False
2023-02-28,H1_MOMENTUM,1,-1.087,-43.48,-10.25,4.48,10.0,2,False
2023-03-01,H1_MOMENTUM,1,1.088,43.52,11.5,4.48,10.0,2,False
2023-03-02,H1_MOMENTUM,-1,-1.087,-43.48,-10.25,4.48,10.0,2,False
2023-03-03,H1_MOMENTUM,1,-1.0589830508474576,-62.48,-15.0,4.48,14.75,2,False
2023-03-06,H1_MOMENTUM,1,0.24800000000003636,9.920000000001455,3.100000000000364,4.48,10.0,2,False
2023-03-07,H1_MOMENTUM,1,2.9379999999999997,117.52,30.0,4.48,10.0,2,False
2023-03-08,H1_MOMENTUM,1,2.9423255813953486,126.52,32.25,4.48,10.75,2,False
2023-03-09,H1_MOMENTUM,1,2.960128617363347,184.1200000000131,46.650000000003274,4.48,15.550000000001091,2,False
2023-03-10,H1_MOMENTUM,-1,0.6581818181818347,57.92000000000146,15.100000000000364,4.48,22.0,2,False
2023-03-13,H1_MOMENTUM,1,2.955555555555558,164.92000000000874,41.85000000000218,4.48,13.950000000000728,2,False
2023-03-14,H1_MOMENTUM,1,2.9718181818181817,261.52,66.0,4.48,22.0,2,False
2023-03-15,H1_MOMENTUM,-1,2.970120481927711,246.52,62.25,4.48,20.75,2,False
2023-03-16,H1_MOMENTUM,1,-1.0395454545454546,-91.48,-22.25,4.48,22.0,2,False
2023-03-17,H1_MOMENTUM,1,-1.0395454545454546,-91.48,-22.25,4.48,22.0,2,False
2023-03-20,H1_MOMENTUM,-1,-1.0566775244299662,-64.88000000000146,-15.600000000000364,4.48,15.350000000000364,2,False
2023-03-21,H1_MOMENTUM,1,0.5248157248157691,42.72000000000437,11.300000000001091,4.48,20.350000000000364,2,False
2023-03-22,H1_MOMENTUM,1,-1.0395454545454546,-91.48,-22.25,4.48,22.0,2,False
2023-03-22,PDH_SWEEP,-1,-1.087,-43.48,-10.25,4.48,10.0,2,False
2023-03-23,H1_MOMENTUM,1,2.9718181818181817,261.52,66.0,4.48,22.0,2,False
2023-03-24,H1_MOMENTUM,-1,-1.087,-43.48,-10.25,4.48,10.0,2,False
2023-03-27,H1_MOMENTUM,1,-1.0840579710144898,-44.88000000000145,-10.600000000000364,4.48,10.350000000000364,2,False
2023-03-28,H1_MOMENTUM,-1,-1.0507288629737621,-72.07999999999855,-17.399999999999636,4.48,17.149999999999636,2,False
2023-03-29,H1_MOMENTUM,1,-1.0395454545454546,-91.48,-22.25,4.48,22.0,2,False
2023-03-30,H1_MOMENTUM,1,0.1309090909090909,11.52,3.5,4.48,22.0,2,False
2023-03-31,H1_MOMENTUM,1,-1.0395454545454546,-91.48,-22.25,4.48,22.0,2,False
2023-04-03,H1_MOMENTUM,-1,-1.087,-43.48,-10.25,4.48,10.0,2,False
2023-04-04,H1_MOMENTUM,1,-1.087,-43.48,-10.25,4.48,10.0,2,False
2023-04-04,PDH_SWEEP,-1,-1.0395454545454546,-91.48,-22.25,4.48,22.0,2,False
2023-04-05,H1_MOMENTUM,-1,-1.0490140845070424,-74.48,-18.0,4.48,17.75,2,False
2023-04-06,H1_MOMENTUM,-1,-1.087,-43.48,-10.25,4.48,10.0,2,False
2023-04-10,H1_MOMENTUM,-1,-0.8283687943262382,-70.07999999999855,-16.899999999999636,4.48,21.149999999999636,2,False
2023-04-11,H1_MOMENTUM,-1,2.9379999999999997,117.52,30.0,4.48,10.0,2,False
2023-04-12,H1_MOMENTUM,-1,-1.0395454545454546,-91.48,-22.25,4.48,22.0,2,False
2023-04-13,H1_MOMENTUM,1,-1.0454308093994744,-80.08000000000582,-19.400000000001455,4.48,19.150000000001455,2,False
2023-04-14,H1_MOMENTUM,1,0.8400000000000165,73.92000000000145,19.100000000000364,4.48,22.0,2,False
2023-04-17,H1_MOMENTUM,-1,-1.087,-43.48,-10.25,4.48,10.0,2,False
2023-04-18,H1_MOMENTUM,1,1.008813559322034,59.52,15.5,4.48,14.75,2,False
2023-04-18,PDH_SWEEP,-1,-1.0395454545454546,-91.48,-22.25,4.48,22.0,2,False
2023-04-19,H1_MOMENTUM,-1,0.8611620795107288,56.32000000000291,14.700000000000728,4.48,16.350000000000364,2,False
2023-04-20,H1_MOMENTUM,-1,-1.0395454545454546,-91.48,-22.25,4.48,22.0,2,False
2023-04-21,H1_MOMENTUM,-1,-1.0606271777003544,-60.879999999994176,-14.599999999998545,4.48,14.349999999998545,2,False
2023-04-24,H1_MOMENTUM,1,0.688,27.52,7.5,4.48,10.0,2,False
2023-04-25,H1_MOMENTUM,-1,1.6231325301205346,134.72000000000438,34.30000000000109,4.48,20.75,2,False
2023-04-26,H1_MOMENTUM,1,-1.0436090225563934,-83.27999999999564,-20.19999999999891,4.48,19.94999999999891,2,False
2023-04-27,H1_MOMENTUM,1,-1.087,-43.48,-10.25,4.48,10.0,2,False
2023-04-28,H1_MOMENTUM,-1,-1.0474114441416884,-76.88000000000146,-18.600000000000364,4.48,18.350000000000364,2,False
2023-05-01,H1_MOMENTUM,-1,0.42799999999996363,17.119999999998544,4.899999999999636,4.48,10.0,2,False
2023-05-02,H1_MOMENTUM,-1,1.01741424802105,77.11999999999854,19.899999999999636,4.48,18.950000000000728,2,False
2023-05-03,H1_MOMENTUM,1,-1.087,-43.48,-10.25,4.48,10.0,2,False
2023-05-04,H1_MOMENTUM,-1,-1.0395454545454546,-91.48,-22.25,4.48,22.0,2,False
2023-05-05,H1_MOMENTUM,1,-1.0495726495726516,-73.6799999999971,-17.799999999999272,4.48,17.549999999999272,2,False
2023-05-08,H1_MOMENTUM,-1,-0.5599999999999503,-49.27999999999563,-11.699999999998909,4.48,22.0,2,False
2023-05-09,H1_MOMENTUM,-1,-0.1292479108634568,-9.279999999995635,-1.6999999999989086,4.48,17.94999999999891,2,False
2023-05-10,H1_MOMENTUM,1,-1.0395454545454546,-91.48,-22.25,4.48,22.0,2,False
2023-05-11,H1_MOMENTUM,-1,0.319999999999959,22.71999999999709,6.299999999999272,4.48,17.75,2,False
2023-05-12,H1_MOMENTUM,1,1.8631853785900758,142.7199999999971,36.29999999999927,4.48,19.149999999999636,2,False
2023-05-15,H1_MOMENTUM,-1,-0.7919999999999272,-31.67999999999709,-7.299999999999272,4.48,10.0,2,False
2023-05-16,H1_MOMENTUM,1,-1.0538699690402489,-68.07999999999855,-16.399999999999636,4.48,16.149999999999636,2,False
2023-05-17,H1_MOMENTUM,1,0.3621483375959586,28.32000000000291,7.700000000000728,4.48,19.549999999999272,2,False
2023-05-18,H1_MOMENTUM,1,1.912727272727306,168.32000000000292,42.70000000000073,4.48,22.0,2,False
2023-05-19,H1_MOMENTUM,-1,-1.0623655913978542,-59.27999999999563,-14.199999999998909,4.48,13.949999999998909,2,False
2023-05-22,H1_MOMENTUM,1,-1.0794520547945152,-47.28000000000291,-11.200000000000728,4.48,10.950000000000728,2,False
2023-05-23,H1_MOMENTUM,-1,-1.087,-43.48,-10.25,4.48,10.0,2,False
2023-05-24,H1_MOMENTUM,-1,-1.087,-43.48,-10.25,4.48,10.0,2,False
2023-05-25,H1_MOMENTUM,1,-1.0395454545454546,-91.48,-22.25,4.48,22.0,2,False
2023-05-26,H1_MOMENTUM,1,-1.0794520547945283,-47.27999999999563,-11.199999999998909,4.48,10.949999999998909,2,False
2023-05-30,H1_MOMENTUM,1,-1.051327433628322,-71.27999999999564,-17.19999999999891,4.48,16.94999999999891,2,False
2023-05-31,H1_MOMENTUM,-1,-1.087,-43.48,-10.25,4.48,10.0,2,False
2023-06-01,H1_MOMENTUM,1,-1.087,-43.48,-10.25,4.48,10.0,2,False
2023-06-02,H1_MOMENTUM,1,-0.45199999999996365,-18.079999999998545,-3.899999999999636,4.48,10.0,2,False
2023-06-05,H1_MOMENTUM,1,-0.11454545454552069,-10.080000000005821,-1.9000000000014552,4.48,22.0,2,False
2023-06-05,PDH_SWEEP,-1,-1.0395454545454546,-91.48,-22.25,4.48,22.0,2,False
2023-06-06,H1_MOMENTUM,-1,-0.12037617554853824,-7.67999999999709,-1.2999999999992724,4.48,15.950000000000728,2,False
2023-06-07,H1_MOMENTUM,1,-1.0484679665738141,-75.28000000000291,-18.200000000000728,4.48,17.950000000000728,2,False
2023-06-08,H1_MOMENTUM,1,1.867999999999927,74.71999999999709,19.299999999999272,4.48,10.0,2,False
2023-06-09,H1_MOMENTUM,1,-1.0403712296983774,-89.6799999999971,-21.799999999999272,4.48,21.549999999999272,2,False
2023-06-12,H1_MOMENTUM,1,1.3309090909090744,117.11999999999854,29.899999999999636,4.48,22.0,2,False
2023-06-13,H1_MOMENTUM,1,2.084848484848193,96.31999999999563,24.69999999999891,4.48,11.550000000001091,2,False
2023-06-14,H1_MOMENTUM,1,-1.0395454545454546,-91.48,-22.25,4.48,22.0,2,False
2023-06-15,H1_MOMENTUM,1,-1.0395454545454546,-91.48,-22.25,4.48,22.0,2,False
2023-06-16,H1_MOMENTUM,-1,-1.0395454545454546,-91.48,-22.25,4.48,22.0,2,False
2023-06-20,H1_MOMENTUM,-1,-1.087,-43.48,-10.25,4.48,10.0,2,False
2023-06-21,H1_MOMENTUM,-1,2.2763636363636697,200.32000000000292,50.70000000000073,4.48,22.0,2,False
2023-06-22,H1_MOMENTUM,1,2.9379999999999997,117.52,30.0,4.48,10.0,2,False
2023-06-23,H1_MOMENTUM,-1,0.31421188630484725,24.319999999995634,6.699999999998909,4.48,19.350000000000364,2,False
2023-06-26,H1_MOMENTUM,1,-1.087,-43.48,-10.25,4.48,10.0,2,False
2023-06-27,H1_MOMENTUM,1,-1.0395454545454546,-91.48,-22.25,4.48,22.0,2,False
2023-06-28,H1_MOMENTUM,-1,-1.039635535307519,-91.27999999999564,-22.19999999999891,4.48,21.94999999999891,2,False
2023-06-29,H1_MOMENTUM,-1,-1.087,-43.48,-10.25,4.48,10.0,2,False
2023-06-30,H1_MOMENTUM,1,-1.0395454545454546,-91.48,-22.25,4.48,22.0,2,False
2023-07-05,H1_MOMENTUM,1,-1.0495726495726516,-73.6799999999971,-17.799999999999272,4.48,17.549999999999272,2,False
2023-07-06,H1_MOMENTUM,-1,-0.1207977207977133,-8.48,-1.5,4.48,17.55000000000109,2,False
2023-07-07,H1_MOMENTUM,1,-1.087,-43.48,-10.25,4.48,10.0,2,False
2023-07-10,H1_MOMENTUM,-1,-0.8982456140351097,-71.68000000000437,-17.30000000000109,4.48,19.950000000000728,2,False
2023-07-11,H1_MOMENTUM,-1,-1.087,-43.48,-10.25,4.48,10.0,2,False
2023-07-12,H1_MOMENTUM,1,0.12792362768492502,10.71999999999709,3.2999999999992724,4.48,20.950000000000728,2,False
2023-07-13,H1_MOMENTUM,1,-0.2872727272727604,-25.28000000000291,-5.700000000000728,4.48,22.0,2,False
2023-07-14,H1_MOMENTUM,1,2.6279999999999637,105.11999999999854,26.899999999999636,4.48,10.0,2,False
2023-07-17,H1_MOMENTUM,1,-1.0395454545454546,-91.48,-22.25,4.48,22.0,2,False
2023-07-18,H1_MOMENTUM,-1,1.5441860465115989,119.52,30.5,4.48,19.350000000000364,2,False
2023-07-19,H1_MOMENTUM,1,-1.0395454545454546,-91.48,-22.25,4.48,22.0,2,False
2023-07-20,H1_MOMENTUM,-1,-1.0395454545454546,-91.48,-22.25,4.48,22.0,2,False
2023-07-21,H1_MOMENTUM,1,-1.0395454545454546,-91.48,-22.25,4.48,22.0,2,False
2023-07-24,H1_MOMENTUM,-1,-1.0395454545454546,-91.48,-22.25,4.48,22.0,2,False
2023-07-25,H1_MOMENTUM,1,-1.0671814671814635,-55.28000000000291,-13.200000000000728,4.48,12.950000000000728,2,False
2023-07-26,H1_MOMENTUM,-1,-1.0395454545454546,-91.48,-22.25,4.48,22.0,2,False
2023-07-27,H1_MOMENTUM,1,-1.0395454545454546,-91.48,-22.25,4.48,22.0,2,False
2023-07-28,H1_MOMENTUM,1,0.40799999999989084,16.319999999995634,4.699999999998909,4.48,10.0,2,False
2023-07-31,H1_MOMENTUM,-1,-1.0464,-78.48,-19.0,4.48,18.75,2,False
2023-08-01,H1_MOMENTUM,-1,0.848160535116967,50.71999999999709,13.299999999999272,4.48,14.950000000000728,2,False
2023-08-02,H1_MOMENTUM,-1,-1.0395454545454546,-91.48,-22.25,4.48,22.0,2,False
2023-08-03,H1_MOMENTUM,-1,-1.0395454545454546,-91.48,-22.25,4.48,22.0,2,False
2023-08-04,H1_MOMENTUM,-1,1.0581818181818843,93.12000000000582,23.900000000001455,4.48,22.0,2,False
2023-08-07,H1_MOMENTUM,1,2.9379999999999997,117.52,30.0,4.48,10.0,2,False
2023-08-08,H1_MOMENTUM,-1,-1.0589830508474576,-62.48,-15.0,4.48,14.75,2,False
2023-08-09,H1_MOMENTUM,-1,2.9718181818181817,261.52,66.0,4.48,22.0,2,False
2023-08-10,H1_MOMENTUM,1,-1.087,-43.48,-10.25,4.48,10.0,2,False
2023-08-10,PDH_SWEEP,-1,1.721818181818182,151.52,38.5,4.48,22.0,2,False
2023-08-11,H1_MOMENTUM,-1,-1.07532467532468,-49.67999999999709,-11.799999999999272,4.48,11.549999999999272,2,False
2023-08-14,H1_MOMENTUM,1,2.6073239436619513,185.11999999999856,46.899999999999636,4.48,17.75,2,False
2023-08-15,H1_MOMENTUM,-1,-1.0395454545454546,-91.48,-22.25,4.48,22.0,2,False
2023-08-16,H1_MOMENTUM,1,-1.0495726495726516,-73.6799999999971,-17.799999999999272,4.48,17.549999999999272,2,False
2023-08-17,H1_MOMENTUM,-1,1.094545454545405,96.31999999999563,24.69999999999891,4.48,22.0,2,False
2023-08-18,H1_MOMENTUM,-1,-1.087,-43.48,-10.25,4.48,10.0,2,False
2023-08-21,H1_MOMENTUM,1,0.42799999999996363,17.119999999998544,4.899999999999636,4.48,10.0,2,False
2023-08-22,H1_MOMENTUM,1,-1.087,-43.48,-10.25,4.48,10.0,2,False
2023-08-22,PDH_SWEEP,-1,1.6981171548116425,81.17000000000145,20.912500000000364,4.48,11.950000000000728,2,False
2023-08-23,H1_MOMENTUM,1,-1.0395454545454546,-91.48,-22.25,4.48,22.0,2,False
2023-08-24,H1_MOMENTUM,1,-1.087,-43.48,-10.25,4.48,10.0,2,False
2023-08-25,H1_MOMENTUM,1,-1.0395454545454546,-91.48,-22.25,4.48,22.0,2,False
2023-08-28,H1_MOMENTUM,1,2.9601286173633423,184.11999999999128,46.64999999999782,4.48,15.549999999999272,2,False
2023-08-29,H1_MOMENTUM,1,-1.0395454545454546,-91.48,-22.25,4.48,22.0,2,False
2023-08-30,H1_MOMENTUM,1,-1.087,-43.48,-10.25,4.48,10.0,2,False
2023-08-31,H1_MOMENTUM,1,-1.0445012787723802,-81.6799999999971,-19.799999999999272,4.48,19.549999999999272,2,False
2023-09-01,H1_MOMENTUM,1,0.2309090909090413,20.319999999995634,5.699999999998909,4.48,22.0,2,False
2023-09-05,H1_MOMENTUM,-1,0.7309090909091239,64.3200000000029,16.700000000000728,4.48,22.0,2,False
2023-09-06,H1_MOMENTUM,-1,-1.0396355353075157,-91.28000000000291,-22.200000000000728,4.48,21.950000000000728,2,False
2023-09-07,H1_MOMENTUM,-1,-1.1749077490774766,-63.68000000000436,-15.300000000001091,4.48,13.550000000001091,2,False
2023-09-08,H1_MOMENTUM,1,2.9379999999999997,117.52,30.0,4.48,10.0,2,False
2023-09-11,H1_MOMENTUM,1,-1.0395454545454546,-91.48,-22.25,4.48,22.0,2,False
2023-09-11,PDH_SWEEP,-1,-1.0395454545454546,-91.48,-22.25,4.48,22.0,2,False
2023-09-12,H1_MOMENTUM,-1,-1.0661596958174924,-56.07999999999854,-13.399999999999636,4.48,13.149999999999636,2,False
2023-09-13,H1_MOMENTUM,1,0.4036363636363637,35.52,9.5,4.48,22.0,2,False
2023-09-14,H1_MOMENTUM,1,-1.087,-43.48,-10.25,4.48,10.0,2,False
2023-09-15,H1_MOMENTUM,-1,-1.087,-43.48,-10.25,4.48,10.0,2,False
2023-09-18,H1_MOMENTUM,-1,-1.0740425531914892,-50.48,-12.0,4.48,11.75,2,False
2023-09-19,H1_MOMENTUM,-1,-1.087,-43.48,-10.25,4.48,10.0,2,False
2023-09-20,H1_MOMENTUM,1,-1.0395454545454546,-91.48,-22.25,4.48,22.0,2,False
2023-09-20,PDH_SWEEP,-1,1.721818181818182,151.52,38.5,4.48,22.0,2,False
2023-09-21,H1_MOMENTUM,-1,1.4399999999999669,126.71999999999709,32.29999999999927,4.48,22.0,2,False
2023-09-22,H1_MOMENTUM,1,-1.0395454545454546,-91.48,-22.25,4.48,22.0,2,False
2023-09-25,H1_MOMENTUM,1,2.1490909090909756,189.12000000000583,47.900000000001455,4.48,22.0,2,False
2023-09-26,H1_MOMENTUM,-1,-1.0418181818182315,-91.68000000000437,-22.30000000000109,4.48,22.0,2,False
2023-09-27,H1_MOMENTUM,1,-1.0395454545454546,-91.48,-22.25,4.48,22.0,2,False
2023-09-28,H1_MOMENTUM,1,-1.0395454545454546,-91.48,-22.25,4.48,22.0,2,False
2023-09-29,H1_MOMENTUM,1,-1.054545454545452,-67.28000000000291,-16.200000000000728,4.48,15.950000000000728,2,False
2023-09-29,PDH_SWEEP,-1,-1.0559485530546586,-65.68000000000437,-15.800000000001091,4.48,15.550000000001091,2,False
2023-10-02,H1_MOMENTUM,1,2.8763636363637026,253.12000000000583,63.900000000001455,4.48,22.0,2,False
2023-10-03,H1_MOMENTUM,-1,-1.0395454545454546,-91.48,-22.25,4.48,22.0,2,False
2023-10-04,H1_MOMENTUM,1,-0.16000000000006614,-14.080000000005821,-2.900000000001455,4.48,22.0,2,False
2023-10-05,H1_MOMENTUM,-1,0.9490909090909091,83.52,21.5,4.48,22.0,2,False
2023-10-06,H1_MOMENTUM,-1,2.9379999999999997,117.52,30.0,4.48,10.0,2,False
2023-10-09,H1_MOMENTUM,-1,0.04902506963788102,3.52,1.5,4.48,17.950000000000728,2,False
2023-10-10,H1_MOMENTUM,1,-1.0532110091743108,-68.88000000000146,-16.600000000000364,4.48,16.350000000000364,2,False
2023-10-11,H1_MOMENTUM,1,1.621818181818149,142.7199999999971,36.29999999999927,4.48,22.0,2,False
2023-10-12,H1_MOMENTUM,-1,-1.0484679665738192,-75.27999999999564,-18.19999999999891,4.48,17.94999999999891,2,False
2023-10-13,H1_MOMENTUM,1,-1.087,-43.48,-10.25,4.48,10.0,2,False
2023-10-16,H1_MOMENTUM,1,-1.0395454545454546,-91.48,-22.25,4.48,22.0,2,False
2023-10-17,H1_MOMENTUM,-1,-1.087,-43.48,-10.25,4.48,10.0,2,False
2023-10-18,H1_MOMENTUM,-1,0.27636363636358674,24.319999999995634,6.699999999998909,4.48,22.0,2,False
2023-10-19,H1_MOMENTUM,1,-1.0464,-78.48,-19.0,4.48,18.75,2,False
2023-10-20,H1_MOMENTUM,-1,1.567272727272744,137.92000000000147,35.100000000000364,4.48,22.0,2,False
2023-10-23,H1_MOMENTUM,-1,0.8763636363636198,77.11999999999854,19.899999999999636,4.48,22.0,2,False
2023-10-24,H1_MOMENTUM,1,-0.4418181818181983,-38.88000000000145,-9.100000000000364,4.48,22.0,2,False
2023-10-25,H1_MOMENTUM,-1,-1.087,-43.48,-10.25,4.48,10.0,2,False
2023-10-26,H1_MOMENTUM,-1,2.9718181818181817,261.52,66.0,4.48,22.0,2,False
2023-10-27,H1_MOMENTUM,1,-1.29636363636362,-114.07999999999855,-27.899999999999636,4.48,22.0,2,False
2023-10-30,H1_MOMENTUM,1,-1.0395454545454546,-91.48,-22.25,4.48,22.0,2,False
2023-10-30,PDH_SWEEP,-1,1.721818181818182,151.52,38.5,4.48,22.0,2,False
2023-10-31,H1_MOMENTUM,-1,-0.4219020172910994,-29.28000000000291,-6.700000000000728,4.48,17.350000000000364,2,False
2023-11-01,H1_MOMENTUM,1,0.5490909090909422,48.32000000000291,12.700000000000728,4.48,22.0,2,False
2023-11-02,H1_MOMENTUM,1,0.6479999999998545,25.91999999999418,7.099999999998545,4.48,10.0,2,False
2023-11-03,H1_MOMENTUM,1,-1.087,-43.48,-10.25,4.48,10.0,2,False
2023-11-06,H1_MOMENTUM,1,-1.087,-43.48,-10.25,4.48,10.0,2,False
2023-11-06,PDH_SWEEP,-1,1.688,67.52,17.5,4.48,10.0,2,False
2023-11-07,H1_MOMENTUM,1,-1.0395454545454546,-91.48,-22.25,4.48,22.0,2,False
2023-11-08,H1_MOMENTUM,1,1.9279999999999635,77.11999999999854,19.899999999999636,4.48,10.0,2,False
2023-11-09,H1_MOMENTUM,1,-1.0642066420664154,-57.68000000000436,-13.800000000001091,4.48,13.550000000001091,2,False
2023-11-10,H1_MOMENTUM,1,0.33090909090915704,29.12000000000582,7.900000000001455,4.48,22.0,2,False
2023-11-13,H1_MOMENTUM,-1,2.2738916256159167,92.3200000000029,23.700000000000728,4.48,10.149999999999636,2,False
2023-11-14,H1_MOMENTUM,1,-1.0395454545454546,-91.48,-22.25,4.48,22.0,2,False
2023-11-15,H1_MOMENTUM,1,-1.1723636363636365,-64.48,-15.5,4.48,13.75,2,False
2023-11-15,PDH_SWEEP,-1,1.721818181818182,151.52,38.5,4.48,22.0,2,False
2023-11-16,H1_MOMENTUM,1,2.9379999999999997,117.52,30.0,4.48,10.0,2,False
2023-11-17,H1_MOMENTUM,-1,0.5162666666666279,38.71999999999709,10.299999999999272,4.48,18.75,2,False
2023-11-20,H1_MOMENTUM,1,-1.0566775244299662,-64.88000000000146,-15.600000000000364,4.48,15.350000000000364,2,False
2023-11-21,H1_MOMENTUM,-1,0.12799999999996362,5.119999999998544,1.8999999999996362,4.48,10.0,2,False
2023-11-22,H1_MOMENTUM,1,-1.0704453441295525,-52.88000000000145,-12.600000000000364,4.48,12.350000000000364,2,False
2023-11-27,H1_MOMENTUM,-1,2.9379999999999997,117.52,30.0,4.48,10.0,2,False
2023-11-28,H1_MOMENTUM,-1,-1.054545454545452,-67.28000000000291,-16.200000000000728,4.48,15.950000000000728,2,False
2023-11-29,H1_MOMENTUM,1,0.588,23.52,6.5,4.48,10.0,2,False
2023-11-30,H1_MOMENTUM,-1,-1.0395454545454546,-91.48,-22.25,4.48,22.0,2,False
2023-12-01,H1_MOMENTUM,-1,0.5080000000000727,20.32000000000291,5.700000000000728,4.48,10.0,2,False
2023-12-04,H1_MOMENTUM,-1,-1.087,-43.48,-10.25,4.48,10.0,2,False
2023-12-05,H1_MOMENTUM,-1,-1.071604938271607,-52.07999999999854,-12.399999999999636,4.48,12.149999999999636,2,False
2023-12-06,H1_MOMENTUM,1,-1.087,-43.48,-10.25,4.48,10.0,2,False
2023-12-07,H1_MOMENTUM,1,-0.25173333333335274,-18.880000000001456,-4.100000000000364,4.48,18.75,2,False
2023-12-08,H1_MOMENTUM,-1,0.8080000000000729,32.32000000000291,8.700000000000728,4.48,10.0,2,False
2023-12-11,H1_MOMENTUM,1,1.2190476190474093,56.31999999999564,14.699999999998909,4.48,11.550000000001091,2,False
2023-12-12,H1_MOMENTUM,1,0.6318987341772336,49.92000000000146,13.100000000000364,4.48,19.75,2,False
2023-12-13,H1_MOMENTUM,1,2.667272727272777,234.72000000000438,59.30000000000109,4.48,22.0,2,False
2023-12-14,H1_MOMENTUM,1,2.008000000000073,80.3200000000029,20.700000000000728,4.48,10.0,2,False
2023-12-14,PDH_SWEEP,-1,-1.0690909090908927,-94.07999999999855,-22.899999999999636,4.48,22.0,2,False
2023-12-15,H1_MOMENTUM,1,-0.6418181818181817,-56.48,-13.5,4.48,22.0,2,False
2023-12-18,H1_MOMENTUM,1,-1.0454308093994786,-80.07999999999855,-19.399999999999636,4.48,19.149999999999636,2,False
2023-12-19,H1_MOMENTUM,1,1.716078431372549,87.52,22.5,4.48,12.75,2,False
2023-12-19,PDH_SWEEP,-1,-1.087,-43.48,-10.25,4.48,10.0,2,False
2023-12-20,H1_MOMENTUM,-1,-1.0395454545454546,-91.48,-22.25,4.48,22.0,2,False
2023-12-21,H1_MOMENTUM,1,0.4581818181818513,40.32000000000291,10.700000000000728,4.48,22.0,2,False
2023-12-22,H1_MOMENTUM,1,-1.0440506329113926,-82.48,-20.0,4.48,19.75,2,False
2023-12-26,H1_MOMENTUM,1,-1.0395454545454546,-91.48,-22.25,4.48,22.0,2,False
2023-12-27,H1_MOMENTUM,1,2.9379999999999997,117.52,30.0,4.48,10.0,2,False
2023-12-28,H1_MOMENTUM,1,-1.0840579710144749,-44.88000000000873,-10.600000000002183,4.48,10.350000000002183,2,False
2023-12-28,PDH_SWEEP,-1,-1.087,-43.48,-10.25,4.48,10.0,2,False
2023-12-29,H1_MOMENTUM,1,-1.0614840989399388,-60.079999999991266,-14.399999999997817,4.48,14.149999999997817,2,False
2024-01-02,H1_MOMENTUM,-1,-1.0614840989399308,-60.07999999999854,-14.399999999999636,4.48,14.149999999999636,2,True
2024-01-03,H1_MOMENTUM,-1,0.8036363636364132,70.72000000000436,18.30000000000109,4.48,22.0,2,True
2024-01-04,H1_MOMENTUM,-1,1.6127272727272894,141.92000000000147,36.100000000000364,4.48,22.0,2,True
2024-01-05,H1_MOMENTUM,1,2.952851711026615,155.31999999999564,39.44999999999891,4.48,13.149999999999636,2,True
2024-01-08,H1_MOMENTUM,1,2.9379999999999997,117.52,30.0,4.48,10.0,2,True
2024-01-09,H1_MOMENTUM,-1,2.954243542435422,160.11999999999128,40.64999999999782,4.48,13.549999999999272,2,True
2024-01-10,H1_MOMENTUM,1,-1.0589830508474576,-62.48,-15.0,4.48,14.75,2,True
2024-01-11,H1_MOMENTUM,1,0.7507972665148602,65.92000000000145,17.100000000000364,4.48,21.94999999999891,2,True
2024-01-12,H1_MOMENTUM,1,0.6926582278481566,54.72000000000437,14.300000000001091,4.48,19.75,2,True
2024-01-16,H1_MOMENTUM,-1,-1.068235294117647,-54.48,-13.0,4.48,12.75,2,True
2024-01-17,H1_MOMENTUM,-1,-1.0395454545454546,-91.48,-22.25,4.48,22.0,2,True
2024-01-18,H1_MOMENTUM,1,-1.0474114441416933,-76.87999999999418,-18.599999999998545,4.48,18.349999999998545,2,True
2024-01-19,H1_MOMENTUM,1,0.8930909090907504,49.11999999999127,12.899999999997817,4.48,13.75,2,True
2024-01-22,H1_MOMENTUM,1,-1.0395454545454546,-91.48,-22.25,4.48,22.0,2,True
2024-01-23,H1_MOMENTUM,1,1.3113402061851047,76.31999999998835,19.69999999999709,4.48,14.55000000000291,2,True
2024-01-24,H1_MOMENTUM,1,2.9379999999999997,117.52,30.0,4.48,10.0,2,True
2024-01-25,H1_MOMENTUM,1,2.9379999999999997,117.52,30.0,4.48,10.0,2,True
2024-01-26,H1_MOMENTUM,-1,0.5490909090909422,48.32000000000291,12.700000000000728,4.48,22.0,2,True
2024-01-29,H1_MOMENTUM,1,-1.0395454545454546,-91.48,-22.25,4.48,22.0,2,True
2024-01-30,H1_MOMENTUM,-1,1.0865116279069091,46.71999999999709,12.299999999999272,4.48,10.75,2,True
2024-01-31,H1_MOMENTUM,-1,2.412727272727306,212.32000000000292,53.70000000000073,4.48,22.0,2,True
2024-02-01,H1_MOMENTUM,1,-1.0445012787723802,-81.6799999999971,-19.799999999999272,4.48,19.549999999999272,2,True
2024-02-02,H1_MOMENTUM,1,-1.0395454545454546,-91.48,-22.25,4.48,22.0,2,True
2024-02-05,H1_MOMENTUM,-1,0.9441253263707233,72.3200000000029,18.700000000000728,4.48,19.150000000001455,2,True
2024-02-06,H1_MOMENTUM,-1,-1.0474114441416933,-76.87999999999418,-18.599999999998545,4.48,18.349999999998545,2,True
2024-02-07,H1_MOMENTUM,1,-1.087,-43.48,-10.25,4.48,10.0,2,True
2024-02-08,H1_MOMENTUM,1,-1.087,-43.48,-10.25,4.48,10.0,2,True
2024-02-09,H1_MOMENTUM,1,-0.4919999999999273,-19.67999999999709,-4.299999999999272,4.48,10.0,2,True
2024-02-12,H1_MOMENTUM,1,-1.0395454545454546,-91.48,-22.25,4.48,22.0,2,True
2024-02-13,H1_MOMENTUM,-1,-1.0552380952380953,-66.48,-16.0,4.48,15.75,2,True
2024-02-14,H1_MOMENTUM,1,1.4036363636363636,123.52,31.5,4.48,22.0,2,True
2024-02-15,H1_MOMENTUM,-1,-1.0532110091743168,-68.87999999999418,-16.599999999998545,4.48,16.349999999998545,2,True
2024-02-16,H1_MOMENTUM,-1,2.9379999999999997,117.52,30.0,4.48,10.0,2,True
2024-02-20,H1_MOMENTUM,-1,2.9379999999999997,117.52,30.0,4.48,10.0,2,True
2024-02-21,H1_MOMENTUM,-1,-1.087,-43.48,-10.25,4.48,10.0,2,True
2024-02-22,H1_MOMENTUM,1,-0.6564102564102304,-46.08000000000582,-10.900000000001455,4.48,17.55000000000291,2,True
2024-02-23,H1_MOMENTUM,1,-1.087,-43.48,-10.25,4.48,10.0,2,True
2024-02-23,PDH_SWEEP,-1,-1.0395454545454546,-91.48,-22.25,4.48,22.0,2,True
2024-02-26,H1_MOMENTUM,1,-1.070445344129563,-52.879999999994176,-12.599999999998545,4.48,12.349999999998545,2,True
2024-02-27,H1_MOMENTUM,1,-1.0427518427518383,-84.88000000000874,-20.600000000002183,4.48,20.350000000002183,2,True
2024-02-28,H1_MOMENTUM,-1,2.9379999999999997,117.52,30.0,4.48,10.0,2,True
2024-02-29,H1_MOMENTUM,1,0.7490909090910083,65.92000000000873,17.100000000002183,4.48,22.0,2,True
2024-02-29,PDH_SWEEP,-1,1.7182864450127402,134.36999999999128,34.21249999999782,4.48,19.549999999999272,2,True
2024-03-01,H1_MOMENTUM,1,-0.46909090909094214,-41.28000000000291,-9.700000000000728,4.48,22.0,2,True
2024-03-04,H1_MOMENTUM,-1,2.971753986332575,260.9200000000087,65.85000000000218,4.48,21.950000000000728,2,True
2024-03-05,H1_MOMENTUM,-1,-1.0395454545454546,-91.48,-22.25,4.48,22.0,2,True
2024-03-06,H1_MOMENTUM,1,-1.0395454545454546,-91.48,-22.25,4.48,22.0,2,True
2024-03-07,H1_MOMENTUM,1,2.9412322274881477,124.11999999999126,31.649999999997817,4.48,10.549999999999272,2,True
2024-03-08,H1_MOMENTUM,1,2.9379999999999997,117.52,30.0,4.48,10.0,2,True
2024-03-11,H1_MOMENTUM,-1,-1.0395454545454546,-91.48,-22.25,4.48,22.0,2,True
2024-03-12,H1_MOMENTUM,1,0.31272727272727274,27.52,7.5,4.48,22.0,2,True
2024-03-13,H1_MOMENTUM,-1,-1.0395454545454546,-91.48,-22.25,4.48,22.0,2,True
2024-03-14,H1_MOMENTUM,-1,-1.0395454545454546,-91.48,-22.25,4.48,22.0,2,True
2024-03-15,H1_MOMENTUM,-1,2.9497975708502113,145.7200000000262,37.05000000000655,4.48,12.350000000002183,2,True
2024-03-18,H1_MOMENTUM,1,-1.087,-43.48,-10.25,4.48,10.0,2,True
2024-03-19,H1_MOMENTUM,-1,-1.0395454545454546,-91.48,-22.25,4.48,22.0,2,True
2024-03-20,H1_MOMENTUM,-1,-1.087,-43.48,-10.25,4.48,10.0,2,True
2024-03-20,PDH_SWEEP,-1,-1.0469002695417808,-77.6799999999971,-18.799999999999272,4.48,18.549999999999272,2,True
2024-03-21,H1_MOMENTUM,1,-1.0395454545454546,-91.48,-22.25,4.48,22.0,2,True
2024-03-22,H1_MOMENTUM,-1,-1.1431325301204118,-94.87999999999418,-23.099999999998545,4.48,20.75,2,True
2024-03-25,H1_MOMENTUM,-1,-1.0395454545454546,-91.48,-22.25,4.48,22.0,2,True
2024-03-26,H1_MOMENTUM,1,-1.087,-43.48,-10.25,4.48,10.0,2,True
2024-03-28,H1_MOMENTUM,-1,2.9379999999999997,117.52,30.0,4.48,10.0,2,True
2024-04-01,H1_MOMENTUM,1,2.9379999999999997,117.52,30.0,4.48,10.0,2,True
2024-04-02,H1_MOMENTUM,-1,-1.087,-43.48,-10.25,4.48,10.0,2,True
2024-04-03,H1_MOMENTUM,-1,-1.0395454545454546,-91.48,-22.25,4.48,22.0,2,True
2024-04-04,H1_MOMENTUM,1,2.9379999999999997,117.52,30.0,4.48,10.0,2,True
2024-04-05,H1_MOMENTUM,1,0.39609120521181135,24.32000000000291,6.700000000000728,4.48,15.349999999998545,2,True
2024-04-08,H1_MOMENTUM,1,-1.0395454545454546,-91.48,-22.25,4.48,22.0,2,True
2024-04-09,H1_MOMENTUM,1,-1.0395454545454546,-91.48,-22.25,4.48,22.0,2,True
2024-04-10,H1_MOMENTUM,-1,-1.0395454545454546,-91.48,-22.25,4.48,22.0,2,True
2024-04-11,H1_MOMENTUM,1,-0.7713432835820461,-51.67999999999709,-12.299999999999272,4.48,16.75,2,True
2024-04-12,H1_MOMENTUM,-1,-1.0651685393258497,-56.879999999994176,-13.599999999998545,4.48,13.349999999998545,2,True
2024-04-15,H1_MOMENTUM,1,0.8781758957652527,53.91999999999418,14.099999999998545,4.48,15.350000000002183,2,True
2024-04-16,H1_MOMENTUM,1,-1.0395454545454546,-91.48,-22.25,4.48,22.0,2,True
2024-04-17,H1_MOMENTUM,1,-1.07532467532468,-49.67999999999709,-11.799999999999272,4.48,11.549999999999272,2,True
2024-04-18,H1_MOMENTUM,-1,-1.0395454545454546,-91.48,-22.25,4.48,22.0,2,True
2024-04-19,H1_MOMENTUM,-1,-0.042691415313354346,-3.6800000000116415,-0.3000000000029104,4.48,21.55000000000291,2,True
2024-04-22,H1_MOMENTUM,1,-1.085714285714304,-44.079999999991266,-10.399999999997817,4.48,10.149999999997817,2,True
2024-04-23,H1_MOMENTUM,1,-1.0519402985074628,-70.48,-17.0,4.48,16.75,2,True
2024-04-24,H1_MOMENTUM,1,-0.22363636363649594,-19.680000000011642,-4.30000000000291,4.48,22.0,2,True
2024-04-25,H1_MOMENTUM,-1,2.9379999999999997,117.52,30.0,4.48,10.0,2,True
2024-04-26,H1_MOMENTUM,1,-1.0395454545454546,-91.48,-22.25,4.48,22.0,2,True
2024-04-29,H1_MOMENTUM,1,2.521818181818281,221.92000000000874,56.10000000000218,4.48,22.0,2,True
2024-04-30,H1_MOMENTUM,-1,-1.087,-43.48,-10.25,4.48,10.0,2,True
2024-05-01,H1_MOMENTUM,-1,2.9718181818181817,261.52,66.0,4.48,22.0,2,True
2024-05-02,H1_MOMENTUM,1,-1.0395454545454546,-91.48,-22.25,4.48,22.0,2,True
2024-05-03,H1_MOMENTUM,1,-1.0740425531914892,-50.48,-12.0,4.48,11.75,2,True
2024-05-06,H1_MOMENTUM,1,2.9379999999999997,117.52,30.0,4.48,10.0,2,True
2024-05-07,H1_MOMENTUM,1,-0.47801857585126,-30.87999999999418,-7.099999999998545,4.48,16.150000000001455,2,True
2024-05-08,H1_MOMENTUM,-1,-1.087,-43.48,-10.25,4.48,10.0,2,True
2024-05-09,H1_MOMENTUM,-1,-0.3054545454544793,-26.87999999999418,-6.099999999998545,4.48,22.0,2,True
2024-05-10,H1_MOMENTUM,1,-1.0566775244299729,-64.87999999999418,-15.599999999998545,4.48,15.349999999998545,2,True
2024-05-10,PDH_SWEEP,-1,-1.0632727272727271,-58.48,-14.0,4.48,13.75,2,True
2024-05-13,H1_MOMENTUM,1,-0.1498622589531059,-10.87999999999418,-2.099999999998545,4.48,18.149999999997817,2,True
2024-05-14,H1_MOMENTUM,1,-0.3041322314050145,-22.08000000000582,-4.900000000001455,4.48,18.150000000001455,2,True
2024-05-15,H1_MOMENTUM,1,0.10402476780180316,6.719999999997089,2.2999999999992724,4.48,16.150000000001455,2,True
2024-05-16,H1_MOMENTUM,1,-1.087,-43.48,-10.25,4.48,10.0,2,True
2024-05-17,H1_MOMENTUM,1,0.6225080385850458,38.71999999999709,10.299999999999272,4.48,15.55000000000291,2,True
2024-05-20,H1_MOMENTUM,1,-1.087,-43.48,-10.25,4.48,10.0,2,True
2024-05-21,H1_MOMENTUM,-1,-1.087,-43.48,-10.25,4.48,10.0,2,True
2024-05-22,H1_MOMENTUM,1,-1.0395454545454546,-91.48,-22.25,4.48,22.0,2,True
2024-05-23,H1_MOMENTUM,1,2.0945454545454876,184.32000000000292,46.70000000000073,4.48,22.0,2,True
2024-05-24,H1_MOMENTUM,1,0.49454545454545457,43.52,11.5,4.48,22.0,2,True
2024-05-28,H1_MOMENTUM,-1,-1.087,-43.48,-10.25,4.48,10.0,2,True
2024-05-29,H1_MOMENTUM,-1,2.96112852664577,188.92000000000874,47.85000000000218,4.48,15.950000000000728,2,True
2024-05-30,H1_MOMENTUM,-1,2.9718181818181817,261.52,66.0,4.48,22.0,2,True
2024-05-31,H1_MOMENTUM,-1,-1.0395454545454546,-91.48,-22.25,4.48,22.0,2,True
2024-06-03,H1_MOMENTUM,1,-1.0395454545454546,-91.48,-22.25,4.48,22.0,2,True
2024-06-04,H1_MOMENTUM,-1,-1.0395454545454546,-91.48,-22.25,4.48,22.0,2,True
2024-06-05,H1_MOMENTUM,1,2.9379999999999997,117.52,30.0,4.48,10.0,2,True
2024-06-06,H1_MOMENTUM,-1,-1.0484679665738141,-75.28000000000291,-18.200000000000728,4.48,17.950000000000728,2,True
2024-06-07,H1_MOMENTUM,-1,-1.087,-43.48,-10.25,4.48,10.0,2,True
2024-06-10,H1_MOMENTUM,-1,-0.23234323432332174,-14.07999999999127,-2.899999999997817,4.48,15.149999999997817,2,True
2024-06-11,H1_MOMENTUM,-1,-1.0395454545454546,-91.48,-22.25,4.48,22.0,2,True
2024-06-12,H1_MOMENTUM,1,2.9692307692307662,239.31999999997382,60.44999999999345,4.48,20.149999999997817,2,True
2024-06-13,H1_MOMENTUM,1,-0.6326996197717467,-33.279999999988355,-7.69999999999709,4.48,13.149999999997817,2,True
2024-06-14,H1_MOMENTUM,1,-1.087,-43.48,-10.25,4.48,10.0,2,True
2024-06-17,H1_MOMENTUM,1,-1.0395454545454546,-91.48,-22.25,4.48,22.0,2,True
2024-06-18,H1_MOMENTUM,1,0.49318996415780897,27.52,7.5,4.48,13.94999999999709,2,True
2024-06-20,H1_MOMENTUM,1,0.20363636363629747,17.91999999999418,5.099999999998545,4.48,22.0,2,True
2024-06-20,PDH_SWEEP,-1,1.713848396501506,117.56999999998835,30.01249999999709,4.48,17.149999999997817,2,True
2024-06-21,H1_MOMENTUM,-1,-1.068235294117647,-54.48,-13.0,4.48,12.75,2,True
2024-06-24,H1_MOMENTUM,-1,2.9718181818181817,261.52,66.0,4.48,22.0,2,True
2024-06-25,H1_MOMENTUM,1,-0.3145454545454215,-27.67999999999709,-6.299999999999272,4.48,22.0,2,True
2024-06-26,H1_MOMENTUM,1,1.985454545454678,174.72000000001165,44.30000000000291,4.48,22.0,2,True
2024-06-26,PDH_SWEEP,-1,1.688,67.52,17.5,4.48,10.0,2,True
2024-06-27,H1_MOMENTUM,1,-1.068235294117647,-54.48,-13.0,4.48,12.75,2,True
2024-06-27,PDH_SWEEP,-1,-1.0395454545454546,-91.48,-22.25,4.48,22.0,2,True
2024-06-28,H1_MOMENTUM,1,-1.087,-43.48,-10.25,4.48,10.0,2,True
2024-07-01,H1_MOMENTUM,-1,-1.0395454545454546,-91.48,-22.25,4.48,22.0,2,True
2024-07-02,H1_MOMENTUM,1,-1.2627177700349714,-72.48,-17.5,4.48,14.349999999998545,2,True
2024-07-05,H1_MOMENTUM,1,0.2919431279621744,12.32000000000291,3.7000000000007276,4.48,10.549999999999272,2,True
2024-07-08,H1_MOMENTUM,1,2.9379999999999997,117.52,30.0,4.48,10.0,2,True
2024-07-08,PDH_SWEEP,-1,-1.0395454545454546,-91.48,-22.25,4.48,22.0,2,True
2024-07-09,H1_MOMENTUM,1,1.9679999999999271,78.71999999999709,20.299999999999272,4.48,10.0,2,True
2024-07-10,H1_MOMENTUM,1,2.9579661016949155,174.52,44.25,4.48,14.75,2,True
2024-07-11,H1_MOMENTUM,-1,-1.0395454545454546,-91.48,-22.25,4.48,22.0,2,True
2024-07-12,H1_MOMENTUM,1,-1.087,-43.48,-10.25,4.48,10.0,2,True
2024-07-15,H1_MOMENTUM,1,-1.0780269058296117,-48.079999999991266,-11.399999999997817,4.48,11.149999999997817,2,True
2024-07-16,H1_MOMENTUM,-1,-1.0490140845070424,-74.48,-18.0,4.48,17.75,2,True
2024-07-17,H1_MOMENTUM,-1,-1.087,-43.48,-10.25,4.48,10.0,2,True
2024-07-18,H1_MOMENTUM,1,2.9718181818181817,261.52,66.0,4.48,22.0,2,True
2024-07-19,H1_MOMENTUM,1,-1.0395454545454546,-91.48,-22.25,4.48,22.0,2,True
2024-07-22,H1_MOMENTUM,1,-0.10864197530868885,-5.280000000002911,-0.7000000000007276,4.48,12.150000000001455,2,True
2024-07-22,PDH_SWEEP,-1,-1.0395454545454546,-91.48,-22.25,4.48,22.0,2,True
2024-07-23,H1_MOMENTUM,1,-1.0728033472803302,-51.28000000000291,-12.200000000000728,4.48,11.950000000000728,2,True
2024-07-24,H1_MOMENTUM,-1,-1.0395454545454546,-91.48,-22.25,4.48,22.0,2,True
2024-07-25,H1_MOMENTUM,-1,2.970405727923629,248.92000000000874,62.85000000000218,4.48,20.950000000000728,2,True
2024-07-26,H1_MOMENTUM,1,-1.0395454545454546,-91.48,-22.25,4.48,22.0,2,True
2024-07-29,H1_MOMENTUM,1,-1.0395454545454546,-91.48,-22.25,4.48,22.0,2,True
2024-07-30,H1_MOMENTUM,1,-1.0501440922190244,-72.87999999999418,-17.599999999998545,4.48,17.349999999998545,2,True
2024-07-31,H1_MOMENTUM,1,2.9718181818181817,261.52,66.0,4.48,22.0,2,True
2024-08-01,H1_MOMENTUM,1,-1.0395454545454546,-91.48,-22.25,4.48,22.0,2,True
2024-08-02,H1_MOMENTUM,-1,2.9379999999999997,117.52,30.0,4.48,10.0,2,True
2024-08-05,H1_MOMENTUM,-1,-1.0794520547945152,-47.28000000000291,-11.200000000000728,4.48,10.950000000000728,2,True
2024-08-06,H1_MOMENTUM,1,-1.0395454545454546,-91.48,-22.25,4.48,22.0,2,True
2024-08-07,H1_MOMENTUM,1,-1.0395454545454546,-91.48,-22.25,4.48,22.0,2,True
2024-08-08,H1_MOMENTUM,1,-1.087,-43.48,-10.25,4.48,10.0,2,True
2024-08-09,H1_MOMENTUM,-1,-1.0545454545454647,-67.27999999998836,-16.19999999999709,4.48,15.94999999999709,2,True
2024-08-12,H1_MOMENTUM,-1,2.9573883161512007,172.11999999999128,43.64999999999782,4.48,14.549999999999272,2,True
2024-08-13,H1_MOMENTUM,1,1.7490909090910085,153.92000000000874,39.10000000000218,4.48,22.0,2,True
2024-08-14,H1_MOMENTUM,-1,-1.0395454545454546,-91.48,-22.25,4.48,22.0,2,True
2024-08-15,H1_MOMENTUM,1,-1.2762790697673063,-54.879999999994176,-13.099999999998545,4.48,10.75,2,True
2024-08-16,H1_MOMENTUM,-1,-0.17818181818195047,-15.680000000011642,-3.3000000000029104,4.48,22.0,2,True
2024-08-19,H1_MOMENTUM,-1,-1.087,-43.48,-10.25,4.48,10.0,2,True
2024-08-20,H1_MOMENTUM,1,-1.087,-43.48,-10.25,4.48,10.0,2,True
2024-08-21,H1_MOMENTUM,1,2.9718181818181817,261.52,66.0,4.48,22.0,2,True
2024-08-22,H1_MOMENTUM,1,-1.087,-43.48,-10.25,4.48,10.0,2,True
2024-08-23,H1_MOMENTUM,1,-1.1054545454545786,-97.28000000000291,-23.700000000000728,4.48,22.0,2,True
2024-08-26,H1_MOMENTUM,-1,-0.5781818181819174,-50.88000000000873,-12.100000000002183,4.48,22.0,2,True
2024-08-27,H1_MOMENTUM,-1,-1.045430809399483,-80.07999999999127,-19.399999999997817,4.48,19.149999999997817,2,True
2024-08-28,H1_MOMENTUM,-1,-1.087,-43.48,-10.25,4.48,10.0,2,True
2024-08-29,H1_MOMENTUM,1,-1.0395454545454546,-91.48,-22.25,4.48,22.0,2,True
2024-08-30,H1_MOMENTUM,1,2.9718181818181817,261.52,66.0,4.48,22.0,2,True
2024-09-03,H1_MOMENTUM,-1,2.9718181818181817,261.52,66.0,4.48,22.0,2,True
2024-09-04,H1_MOMENTUM,-1,-1.087,-43.48,-10.25,4.48,10.0,2,True
2024-09-05,H1_MOMENTUM,1,-1.0395454545454546,-91.48,-22.25,4.48,22.0,2,True
2024-09-06,H1_MOMENTUM,-1,2.9718181818181817,261.52,66.0,4.48,22.0,2,True
2024-09-09,H1_MOMENTUM,1,-1.0395454545454546,-91.48,-22.25,4.48,22.0,2,True
2024-09-10,H1_MOMENTUM,1,0.29454545454555375,25.92000000000873,7.100000000002183,4.48,22.0,2,True
2024-09-10,PDH_SWEEP,-1,1.688,67.52,17.5,4.48,10.0,2,True
2024-09-11,H1_MOMENTUM,-1,2.9379999999999997,117.52,30.0,4.48,10.0,2,True
2024-09-12,H1_MOMENTUM,1,-1.0840579710144749,-44.88000000000873,-10.600000000002183,4.48,10.350000000002183,2,True
2024-09-13,H1_MOMENTUM,1,-0.2872727272727604,-25.28000000000291,-5.700000000000728,4.48,22.0,2,True
2024-09-13,PDH_SWEEP,-1,-1.087,-43.48,-10.25,4.48,10.0,2,True
2024-09-16,H1_MOMENTUM,-1,-1.0436090225563894,-83.28000000000291,-20.200000000000728,4.48,19.950000000000728,2,True
2024-09-17,H1_MOMENTUM,1,1.349090909090876,118.71999999999709,30.299999999999272,4.48,22.0,2,True
2024-09-17,PDH_SWEEP,-1,-1.0395454545454546,-91.48,-22.25,4.48,22.0,2,True
2024-09-18,H1_MOMENTUM,1,-1.0395454545454546,-91.48,-22.25,4.48,22.0,2,True
2024-09-19,H1_MOMENTUM,1,-1.0395454545454546,-91.48,-22.25,4.48,22.0,2,True
2024-09-20,H1_MOMENTUM,-1,-1.0661596958175015,-56.079999999991266,-13.399999999997817,4.48,13.149999999997817,2,True
2024-09-23,H1_MOMENTUM,1,-1.087,-43.48,-10.25,4.48,10.0,2,True
2024-09-24,H1_MOMENTUM,1,2.388,95.52,24.5,4.48,10.0,2,True
2024-09-25,H1_MOMENTUM,1,1.9080000000000727,76.3200000000029,19.700000000000728,4.48,10.0,2,True
2024-09-25,PDH_SWEEP,-1,-1.087,-43.48,-10.25,4.48,10.0,2,True
2024-09-26,H1_MOMENTUM,1,-1.041818181818149,-91.6799999999971,-22.299999999999272,4.48,22.0,2,True
2024-09-30,H1_MOMENTUM,1,2.9706855791962146,251.31999999997382,63.44999999999345,4.48,21.149999999997817,2,True
2024-10-01,H1_MOMENTUM,-1,2.9718181818181817,261.52,66.0,4.48,22.0,2,True
2024-10-02,H1_MOMENTUM,-1,-1.087,-43.48,-10.25,4.48,10.0,2,True
2024-10-03,H1_MOMENTUM,1,2.2490909090910085,197.92000000000874,50.10000000000218,4.48,22.0,2,True
2024-10-04,H1_MOMENTUM,1,1.3036363636363306,114.71999999999709,29.299999999999272,4.48,22.0,2,True
2024-10-07,H1_MOMENTUM,-1,-1.0395454545454546,-91.48,-22.25,4.48,22.0,2,True
2024-10-08,H1_MOMENTUM,1,0.3854545454546447,33.920000000008734,9.100000000002183,4.48,22.0,2,True
2024-10-09,H1_MOMENTUM,-1,-1.087,-43.48,-10.25,4.48,10.0,2,True
2024-10-10,H1_MOMENTUM,-1,-1.087,-43.48,-10.25,4.48,10.0,2,True
2024-10-11,H1_MOMENTUM,-1,1.5951070336387527,104.31999999998835,26.69999999999709,4.48,16.350000000002183,2,True
2024-10-14,H1_MOMENTUM,1,-1.0474114441416837,-76.88000000000874,-18.600000000002183,4.48,18.350000000002183,2,True
2024-10-15,H1_MOMENTUM,1,-1.0395454545454546,-91.48,-22.25,4.48,22.0,2,True
2024-10-16,H1_MOMENTUM,-1,-0.06924829157181799,-6.080000000005821,-0.9000000000014552,4.48,21.950000000000728,2,True
2024-10-17,H1_MOMENTUM,1,-1.087,-43.48,-10.25,4.48,10.0,2,True
2024-10-18,H1_MOMENTUM,1,-1.085714285714304,-44.079999999991266,-10.399999999997817,4.48,10.149999999997817,2,True
2024-10-21,H1_MOMENTUM,1,2.04,179.52,45.5,4.48,22.0,2,True
2024-10-22,H1_MOMENTUM,-1,-1.087,-43.48,-10.25,4.48,10.0,2,True
2024-10-23,H1_MOMENTUM,-1,-1.0661596958175015,-56.079999999991266,-13.399999999997817,4.48,13.149999999997817,2,True
2024-10-24,H1_MOMENTUM,1,-0.3963636363635702,-34.879999999994176,-8.099999999998545,4.48,22.0,2,True
2024-10-25,H1_MOMENTUM,1,-1.0501440922190244,-72.87999999999418,-17.599999999998545,4.48,17.349999999998545,2,True
2024-10-28,H1_MOMENTUM,1,-1.0445012787723802,-81.6799999999971,-19.799999999999272,4.48,19.549999999999272,2,True
2024-10-29,H1_MOMENTUM,1,-1.0395454545454546,-91.48,-22.25,4.48,22.0,2,True
2024-10-30,H1_MOMENTUM,-1,2.9718181818181817,261.52,66.0,4.48,22.0,2,True
2024-10-31,H1_MOMENTUM,-1,-1.0661596958175015,-56.079999999991266,-13.399999999997817,4.48,13.149999999997817,2,True
2024-11-01,H1_MOMENTUM,1,-1.087,-43.48,-10.25,4.48,10.0,2,True
2024-11-04,H1_MOMENTUM,-1,1.2036363636364629,105.92000000000873,27.100000000002183,4.48,22.0,2,True
2024-11-05,H1_MOMENTUM,1,0.6036363636362645,53.11999999999127,13.899999999997817,4.48,22.0,2,True
2024-11-06,H1_MOMENTUM,1,-1.0395454545454546,-91.48,-22.25,4.48,22.0,2,True
2024-11-07,H1_MOMENTUM,1,-1.050144092219014,-72.88000000000874,-17.600000000002183,4.48,17.350000000002183,2,True
2024-11-08,H1_MOMENTUM,1,-1.087,-43.48,-10.25,4.48,10.0,2,True
2024-11-11,H1_MOMENTUM,-1,-1.087,-43.48,-10.25,4.48,10.0,2,True
2024-11-12,H1_MOMENTUM,1,-1.087,-43.48,-10.25,4.48,10.0,2,True
2024-11-13,H1_MOMENTUM,-1,-1.0690909090908098,-94.07999999999127,-22.899999999997817,4.48,22.0,2,True
2024-11-14,H1_MOMENTUM,-1,0.7672727272727272,67.52,17.5,4.48,22.0,2,True
2024-11-15,H1_MOMENTUM,-1,2.9379999999999997,117.52,30.0,4.48,10.0,2,True
2024-11-18,H1_MOMENTUM,1,-1.054545454545452,-67.28000000000291,-16.200000000000728,4.48,15.950000000000728,2,True
2024-11-19,H1_MOMENTUM,-1,-1.087,-43.48,-10.25,4.48,10.0,2,True
2024-11-20,H1_MOMENTUM,-1,-1.087,-43.48,-10.25,4.48,10.0,2,True
2024-11-21,H1_MOMENTUM,-1,2.9379999999999997,117.52,30.0,4.48,10.0,2,True
2024-11-22,H1_MOMENTUM,1,1.6100313479622632,102.71999999999709,26.299999999999272,4.48,15.950000000000728,2,True
2024-11-25,H1_MOMENTUM,1,2.9718181818181817,261.52,66.0,4.48,22.0,2,True
2024-11-26,H1_MOMENTUM,1,1.5672727272728266,137.92000000000874,35.10000000000218,4.48,22.0,2,True
2024-11-27,H1_MOMENTUM,-1,-0.7236363636363305,-63.67999999999709,-15.299999999999272,4.48,22.0,2,True
2024-12-02,H1_MOMENTUM,1,-1.0395454545454546,-91.48,-22.25,4.48,22.0,2,True
2024-12-03,H1_MOMENTUM,-1,-1.082464454976309,-45.67999999999709,-10.799999999999272,4.48,10.549999999999272,2,True
2024-12-04,H1_MOMENTUM,1,1.6818604651160083,72.31999999998835,18.69999999999709,4.48,10.75,2,True
2024-12-05,H1_MOMENTUM,-1,-1.1781818181817851,-103.6799999999971,-25.299999999999272,4.48,22.0,2,True
2024-12-06,H1_MOMENTUM,1,-0.32926045016078714,-20.48,-4.5,4.48,15.549999999999272,2,True
2024-12-09,H1_MOMENTUM,-1,-1.0395454545454546,-91.48,-22.25,4.48,22.0,2,True
2024-12-10,H1_MOMENTUM,1,-1.087,-43.48,-10.25,4.48,10.0,2,True
2024-12-11,H1_MOMENTUM,1,-1.0495726495726516,-73.6799999999971,-17.799999999999272,4.48,17.549999999999272,2,True
2024-12-12,H1_MOMENTUM,-1,1.406833712984008,123.52,31.5,4.48,21.950000000000728,2,True
2024-12-13,H1_MOMENTUM,1,2.9718181818181817,261.52,66.0,4.48,22.0,2,True
2024-12-16,H1_MOMENTUM,1,-1.0479338842975168,-76.08000000000582,-18.400000000001455,4.48,18.150000000001455,2,True
2024-12-17,H1_MOMENTUM,-1,-1.0581939799331075,-63.28000000000291,-15.200000000000728,4.48,14.950000000000728,2,True
2024-12-18,H1_MOMENTUM,1,-1.0794520547945152,-47.28000000000291,-11.200000000000728,4.48,10.950000000000728,2,True
2024-12-19,H1_MOMENTUM,1,-1.0395454545454546,-91.48,-22.25,4.48,22.0,2,True
2024-12-20,H1_MOMENTUM,-1,2.9718181818181817,261.52,66.0,4.48,22.0,2,True
2024-12-26,H1_MOMENTUM,-1,-1.087,-43.48,-10.25,4.48,10.0,2,True
2024-12-27,H1_MOMENTUM,-1,-1.0395454545454546,-91.48,-22.25,4.48,22.0,2,True
2024-12-30,H1_MOMENTUM,-1,-1.0395454545454546,-91.48,-22.25,4.48,22.0,2,True
2024-12-31,H1_MOMENTUM,1,-1.0395454545454546,-91.48,-22.25,4.48,22.0,2,True
2025-01-02,H1_MOMENTUM,1,-1.0395454545454546,-91.48,-22.25,4.48,22.0,2,True
2025-01-03,H1_MOMENTUM,1,-1.087,-43.48,-10.25,4.48,10.0,2,True
2025-01-06,H1_MOMENTUM,1,-1.0395454545454546,-91.48,-22.25,4.48,22.0,2,True
2025-01-07,H1_MOMENTUM,-1,-1.0395454545454546,-91.48,-22.25,4.48,22.0,2,True
2025-01-08,H1_MOMENTUM,-1,2.9379999999999997,117.52,30.0,4.48,10.0,2,True
2025-01-10,H1_MOMENTUM,-1,-1.0395454545454546,-91.48,-22.25,4.48,22.0,2,True
2025-01-13,H1_MOMENTUM,-1,-1.1599999999999009,-102.07999999999127,-24.899999999997817,4.48,22.0,2,True
2025-01-14,H1_MOMENTUM,1,-1.0395454545454546,-91.48,-22.25,4.48,22.0,2,True
2025-01-15,H1_MOMENTUM,1,-1.0395454545454546,-91.48,-22.25,4.48,22.0,2,True
2025-01-16,H1_MOMENTUM,-1,2.9718181818181817,261.52,66.0,4.48,22.0,2,True
2025-01-17,H1_MOMENTUM,1,-1.061484098939923,-60.08000000000582,-14.400000000001455,4.48,14.150000000001455,2,True
2025-01-21,H1_MOMENTUM,1,-1.0395454545454546,-91.48,-22.25,4.48,22.0,2,True
2025-01-22,H1_MOMENTUM,1,-1.0671814671814635,-55.28000000000291,-13.200000000000728,4.48,12.950000000000728,2,True
2025-01-23,H1_MOMENTUM,-1,-1.0809302325581394,-46.48,-11.0,4.48,10.75,2,True
2025-01-24,H1_MOMENTUM,1,2.1504373177840743,147.52,37.5,4.48,17.150000000001455,2,True
2025-01-27,H1_MOMENTUM,-1,-1.045430809399483,-80.07999999999127,-19.399999999997817,4.48,19.149999999997817,2,True
2025-01-28,H1_MOMENTUM,-1,2.9379999999999997,117.52,30.0,4.48,10.0,2,True
2025-01-29,H1_MOMENTUM,-1,-1.0395454545454546,-91.48,-22.25,4.48,22.0,2,True
2025-01-30,H1_MOMENTUM,1,-1.0395454545454546,-91.48,-22.25,4.48,22.0,2,True
2025-01-30,PDH_SWEEP,-1,1.721818181818182,151.52,38.5,4.48,22.0,2,True
2025-01-31,H1_MOMENTUM,1,-1.0589830508474576,-62.48,-15.0,4.48,14.75,2,True
2025-02-03,H1_MOMENTUM,-1,2.185454545454579,192.32000000000292,48.70000000000073,4.48,22.0,2,True
2025-02-04,H1_MOMENTUM,1,2.9379999999999997,117.52,30.0,4.48,10.0,2,True
2025-02-05,H1_MOMENTUM,-1,2.9379999999999997,117.52,30.0,4.48,10.0,2,True
2025-02-06,H1_MOMENTUM,1,2.9718181818181817,261.52,66.0,4.48,22.0,2,True
2025-02-07,H1_MOMENTUM,1,2.9718181818181817,261.52,66.0,4.48,22.0,2,True
2025-02-10,H1_MOMENTUM,1,-1.087,-43.48,-10.25,4.48,10.0,2,True
2025-02-11,H1_MOMENTUM,-1,0.8581818181818182,75.52,19.5,4.48,22.0,2,True
2025-02-12,H1_MOMENTUM,-1,0.48631090487250755,41.920000000008734,11.100000000002183,4.48,21.549999999999272,2,True
2025-02-13,H1_MOMENTUM,1,1.258181818181785,110.71999999999709,28.299999999999272,4.48,22.0,2,True
2025-02-14,H1_MOMENTUM,1,0.21182033096918376,17.91999999999418,5.099999999998545,4.48,21.150000000001455,2,True
2025-02-18,H1_MOMENTUM,1,2.9379999999999997,117.52,30.0,4.48,10.0,2,True
2025-02-18,PDH_SWEEP,-1,1.721818181818182,151.52,38.5,4.48,22.0,2,True
2025-02-19,H1_MOMENTUM,-1,-1.0395454545454546,-91.48,-22.25,4.48,22.0,2,True
2025-02-20,H1_MOMENTUM,-1,-1.0513274336283165,-71.28000000000291,-17.200000000000728,4.48,16.950000000000728,2,True
2025-02-21,H1_MOMENTUM,-1,2.9379999999999997,117.52,30.0,4.48,10.0,2,True
2025-02-24,H1_MOMENTUM,-1,-1.0395454545454546,-91.48,-22.25,4.48,22.0,2,True
2025-02-25,H1_MOMENTUM,-1,2.9718181818181817,261.52,66.0,4.48,22.0,2,True
2025-02-26,H1_MOMENTUM,1,2.9718181818181817,261.52,66.0,4.48,22.0,2,True
2025-02-27,H1_MOMENTUM,-1,-1.0395454545454546,-91.48,-22.25,4.48,22.0,2,True
2025-02-28,H1_MOMENTUM,-1,2.9379999999999997,117.52,30.0,4.48,10.0,2,True
2025-03-03,H1_MOMENTUM,-1,-1.0395454545454546,-91.48,-22.25,4.48,22.0,2,True
2025-03-04,H1_MOMENTUM,-1,2.9718181818181817,261.52,66.0,4.48,22.0,2,True
2025-03-05,H1_MOMENTUM,-1,2.9718181818181817,261.52,66.0,4.48,22.0,2,True
2025-03-06,H1_MOMENTUM,-1,-1.0395454545454546,-91.48,-22.25,4.48,22.0,2,True
2025-03-07,H1_MOMENTUM,1,-1.0395454545454546,-91.48,-22.25,4.48,22.0,2,True
2025-03-11,H1_MOMENTUM,-1,2.9718181818181817,261.52,66.0,4.48,22.0,2,True
2025-03-12,H1_MOMENTUM,1,-1.0395454545454546,-91.48,-22.25,4.48,22.0,2,True
2025-03-13,H1_MOMENTUM,-1,2.9718181818181817,261.52,66.0,4.48,22.0,2,True
2025-03-14,H1_MOMENTUM,1,-1.087,-43.48,-10.25,4.48,10.0,2,True
2025-03-17,H1_MOMENTUM,1,-1.0589830508474576,-62.48,-15.0,4.48,14.75,2,True
2025-03-18,H1_MOMENTUM,-1,0.7036363636362976,61.91999999999418,16.099999999998545,4.48,22.0,2,True
2025-03-19,H1_MOMENTUM,1,2.945374449339218,133.7200000000262,34.05000000000655,4.48,11.350000000002183,2,True
2025-03-20,H1_MOMENTUM,-1,-1.0395454545454546,-91.48,-22.25,4.48,22.0,2,True
2025-03-21,H1_MOMENTUM,-1,-1.0623655913978463,-59.28000000000291,-14.200000000000728,4.48,13.950000000000728,2,True
2025-03-24,H1_MOMENTUM,1,2.9379999999999997,117.52,30.0,4.48,10.0,2,True
2025-03-25,H1_MOMENTUM,1,2.8688821752268443,189.92000000000874,48.10000000000218,4.48,16.549999999999272,2,True
2025-03-26,H1_MOMENTUM,-1,-1.0395454545454546,-91.48,-22.25,4.48,22.0,2,True
2025-03-27,H1_MOMENTUM,-1,2.9718181818181817,261.52,66.0,4.48,22.0,2,True
2025-03-28,H1_MOMENTUM,-1,0.09454545454532225,8.319999999988358,2.6999999999970896,4.48,22.0,2,True
2025-03-31,H1_MOMENTUM,-1,-1.0395454545454546,-91.48,-22.25,4.48,22.0,2,True
2025-04-01,H1_MOMENTUM,-1,-1.0395454545454546,-91.48,-22.25,4.48,22.0,2,True
2025-04-02,H1_MOMENTUM,-1,-1.0507288629737568,-72.08000000000582,-17.400000000001455,4.48,17.150000000001455,2,True
2025-04-03,H1_MOMENTUM,-1,-1.0395454545454546,-91.48,-22.25,4.48,22.0,2,True
2025-04-04,H1_MOMENTUM,-1,-1.0395454545454546,-91.48,-22.25,4.48,22.0,2,True
2025-04-07,H1_MOMENTUM,-1,-1.0395454545454546,-91.48,-22.25,4.48,22.0,2,True
2025-04-08,H1_MOMENTUM,1,-1.0395454545454546,-91.48,-22.25,4.48,22.0,2,True
2025-04-09,H1_MOMENTUM,1,-1.0395454545454546,-91.48,-22.25,4.48,22.0,2,True
2025-04-10,H1_MOMENTUM,-1,-1.0395454545454546,-91.48,-22.25,4.48,22.0,2,True
2025-04-11,H1_MOMENTUM,1,-1.0395454545454546,-91.48,-22.25,4.48,22.0,2,True
2025-04-14,H1_MOMENTUM,1,-1.087,-43.48,-10.25,4.48,10.0,2,True
2025-04-15,H1_MOMENTUM,1,-1.066159695817483,-56.08000000000582,-13.400000000001455,4.48,13.150000000001455,2,True
2025-04-16,H1_MOMENTUM,-1,-1.0395454545454546,-91.48,-22.25,4.48,22.0,2,True
2025-04-17,H1_MOMENTUM,1,2.9638483965014535,203.31999999997382,51.44999999999345,4.48,17.149999999997817,2,True
2025-04-21,H1_MOMENTUM,-1,-1.0395454545454546,-91.48,-22.25,4.48,22.0,2,True
2025-04-22,H1_MOMENTUM,1,-1.087,-43.48,-10.25,4.48,10.0,2,True
2025-04-23,H1_MOMENTUM,1,-1.054545454545452,-67.28000000000291,-16.200000000000728,4.48,15.950000000000728,2,True
2025-04-24,H1_MOMENTUM,1,2.9718181818181817,261.52,66.0,4.48,22.0,2,True
2025-04-25,H1_MOMENTUM,-1,-1.0395454545454546,-91.48,-22.25,4.48,22.0,2,True
2025-04-28,H1_MOMENTUM,-1,-1.0824644549762805,-45.68000000001164,-10.80000000000291,4.48,10.55000000000291,2,True
2025-04-29,H1_MOMENTUM,1,-1.0490140845070424,-74.48,-18.0,4.48,17.75,2,True
2025-04-30,H1_MOMENTUM,-1,-1.0395454545454546,-91.48,-22.25,4.48,22.0,2,True
2025-05-01,H1_MOMENTUM,1,-1.0395454545454546,-91.48,-22.25,4.48,22.0,2,True
2025-05-02,H1_MOMENTUM,1,-1.0963636363636364,-96.48,-23.5,4.48,22.0,2,True
2025-05-05,H1_MOMENTUM,-1,2.9718181818181817,261.52,66.0,4.48,22.0,2,True
2025-05-06,H1_MOMENTUM,-1,2.9379999999999997,117.52,30.0,4.48,10.0,2,True
2025-05-07,H1_MOMENTUM,1,2.9379999999999997,117.52,30.0,4.48,10.0,2,True
2025-05-08,H1_MOMENTUM,1,-1.0395454545454546,-91.48,-22.25,4.48,22.0,2,True
2025-05-09,H1_MOMENTUM,1,-1.0507288629737568,-72.08000000000582,-17.400000000001455,4.48,17.150000000001455,2,True
2025-05-12,H1_MOMENTUM,1,-1.087,-43.48,-10.25,4.48,10.0,2,True
2025-05-13,H1_MOMENTUM,1,-1.087,-43.48,-10.25,4.48,10.0,2,True
2025-05-14,H1_MOMENTUM,1,-1.0474114441416837,-76.88000000000874,-18.600000000002183,4.48,18.350000000002183,2,True
2025-05-15,H1_MOMENTUM,-1,-1.0395454545454546,-91.48,-22.25,4.48,22.0,2,True
2025-05-16,H1_MOMENTUM,1,-1.0780269058295862,-48.08000000000582,-11.400000000001455,4.48,11.150000000001455,2,True
2025-05-19,H1_MOMENTUM,-1,-1.0395454545454546,-91.48,-22.25,4.48,22.0,2,True
2025-05-20,H1_MOMENTUM,-1,-1.087,-43.48,-10.25,4.48,10.0,2,True
2025-05-21,H1_MOMENTUM,-1,-1.0395454545454546,-91.48,-22.25,4.48,22.0,2,True
2025-05-22,H1_MOMENTUM,1,-1.0403712296983774,-89.6799999999971,-21.799999999999272,4.48,21.549999999999272,2,True
2025-05-23,H1_MOMENTUM,-1,-1.0395454545454546,-91.48,-22.25,4.48,22.0,2,True
2025-05-27,H1_MOMENTUM,1,-1.087,-43.48,-10.25,4.48,10.0,2,True
2025-05-28,H1_MOMENTUM,1,-1.087,-43.48,-10.25,4.48,10.0,2,True
2025-05-29,H1_MOMENTUM,1,1.4399999999999669,126.71999999999709,32.29999999999927,4.48,22.0,2,True
2025-05-30,H1_MOMENTUM,-1,2.9379999999999997,117.52,30.0,4.48,10.0,2,True
2025-06-02,H1_MOMENTUM,-1,-0.4790560471976195,-32.48,-7.5,4.48,16.950000000000728,2,True
2025-06-03,H1_MOMENTUM,1,-1.0469002695417808,-77.6799999999971,-18.799999999999272,4.48,18.549999999999272,2,True
2025-06-04,H1_MOMENTUM,1,-1.087,-43.48,-10.25,4.48,10.0,2,True
2025-06-04,PDH_SWEEP,-1,1.7129850746268656,114.77,29.3125,4.48,16.75,2,True
2025-06-05,H1_MOMENTUM,-1,-1.0395454545454546,-91.48,-22.25,4.48,22.0,2,True
2025-06-06,H1_MOMENTUM,1,-1.087,-43.48,-10.25,4.48,10.0,2,True
2025-06-09,H1_MOMENTUM,1,-1.087,-43.48,-10.25,4.48,10.0,2,True
2025-06-10,H1_MOMENTUM,1,-1.0436090225563894,-83.28000000000291,-20.200000000000728,4.48,19.950000000000728,2,True
2025-06-11,H1_MOMENTUM,1,-1.0395454545454546,-91.48,-22.25,4.48,22.0,2,True
2025-06-11,PDH_SWEEP,-1,1.721818181818182,151.52,38.5,4.48,22.0,2,True
2025-06-12,H1_MOMENTUM,-1,-0.4236363636363967,-37.28000000000291,-8.700000000000728,4.48,22.0,2,True
2025-06-13,H1_MOMENTUM,-1,-1.0395454545454546,-91.48,-22.25,4.48,22.0,2,True
2025-06-16,H1_MOMENTUM,1,-1.0395454545454546,-91.48,-22.25,4.48,22.0,2,True
2025-06-17,H1_MOMENTUM,-1,2.9379999999999997,117.52,30.0,4.48,10.0,2,True
2025-06-18,H1_MOMENTUM,1,2.9718181818181817,261.52,66.0,4.48,22.0,2,True
2025-06-20,H1_MOMENTUM,1,1.7513513513511967,90.71999999999709,23.299999999999272,4.48,12.950000000000728,2,True
2025-06-23,H1_MOMENTUM,1,0.8490909090908759,74.71999999999709,19.299999999999272,4.48,22.0,2,True
2025-06-24,H1_MOMENTUM,1,-1.012,-40.48,-9.5,4.48,10.0,2,True
2025-06-25,H1_MOMENTUM,1,0.9869879518071587,81.91999999999418,21.099999999998545,4.48,20.75,2,True
2025-06-25,PDH_SWEEP,-1,-1.0479338842975168,-76.08000000000582,-18.400000000001455,4.48,18.150000000001455,2,True
2025-06-26,H1_MOMENTUM,1,-1.07532467532468,-49.67999999999709,-11.799999999999272,4.48,11.549999999999272,2,True
2025-06-27,H1_MOMENTUM,1,2.9718181818181817,261.52,66.0,4.48,22.0,2,True
2025-06-30,H1_MOMENTUM,1,0.46727272727279345,41.120000000005824,10.900000000001455,4.48,22.0,2,True
2025-07-01,H1_MOMENTUM,-1,2.9379999999999997,117.52,30.0,4.48,10.0,2,True
2025-07-02,H1_MOMENTUM,1,2.9379999999999997,117.52,30.0,4.48,10.0,2,True
2025-07-07,H1_MOMENTUM,-1,-1.0395454545454546,-91.48,-22.25,4.48,22.0,2,True
2025-07-08,H1_MOMENTUM,1,-1.066159695817483,-56.08000000000582,-13.400000000001455,4.48,13.150000000001455,2,True
2025-07-09,H1_MOMENTUM,1,1.2117154811720259,57.920000000008734,15.100000000002183,4.48,11.94999999999709,2,True
2025-07-09,PDH_SWEEP,-1,1.688,67.52,17.5,4.48,10.0,2,True
2025-07-10,H1_MOMENTUM,-1,1.0766101694915255,63.52,16.5,4.48,14.75,2,True
2025-07-11,H1_MOMENTUM,-1,0.5854545454545454,51.52,13.5,4.48,22.0,2,True
2025-07-14,H1_MOMENTUM,-1,0.394428969359356,28.32000000000291,7.700000000000728,4.48,17.950000000000728,2,True
2025-07-15,H1_MOMENTUM,1,-1.0671814671814635,-55.28000000000291,-13.200000000000728,4.48,12.950000000000728,2,True
2025-07-16,H1_MOMENTUM,-1,-1.0740425531914892,-50.48,-12.0,4.48,11.75,2,True
2025-07-17,H1_MOMENTUM,1,-1.087,-43.48,-10.25,4.48,10.0,2,True
2025-07-18,H1_MOMENTUM,1,0.7655913978493704,42.71999999999709,11.299999999999272,4.48,13.950000000000728,2,True
2025-07-18,PDH_SWEEP,-1,1.721818181818182,151.52,38.5,4.48,22.0,2,True
2025-07-21,H1_MOMENTUM,1,-1.087,-43.48,-10.25,4.48,10.0,2,True
2025-07-22,H1_MOMENTUM,-1,-1.0495726495726516,-73.6799999999971,-17.799999999999272,4.48,17.549999999999272,2,True
2025-07-23,H1_MOMENTUM,-1,-1.087,-43.48,-10.25,4.48,10.0,2,True
2025-07-24,H1_MOMENTUM,1,-1.0507288629737568,-72.08000000000582,-17.400000000001455,4.48,17.150000000001455,2,True
2025-07-25,H1_MOMENTUM,1,-1.087,-43.48,-10.25,4.48,10.0,2,True
2025-07-28,H1_MOMENTUM,1,2.0734082397005458,110.71999999999709,28.299999999999272,4.48,13.349999999998545,2,True
2025-07-29,H1_MOMENTUM,1,-1.2719999999998544,-50.879999999994176,-12.099999999998545,4.48,10.0,2,True
2025-07-30,H1_MOMENTUM,1,2.9718181818181817,261.52,66.0,4.48,22.0,2,True
2025-07-31,H1_MOMENTUM,1,-1.053869969040255,-68.07999999999127,-16.399999999997817,4.48,16.149999999997817,2,True
2025-08-01,H1_MOMENTUM,-1,-1.0395454545454546,-91.48,-22.25,4.48,22.0,2,True
2025-08-04,H1_MOMENTUM,1,-1.0728033472803302,-51.28000000000291,-12.200000000000728,4.48,11.950000000000728,2,True
2025-08-05,H1_MOMENTUM,1,-1.0395454545454546,-91.48,-22.25,4.48,22.0,2,True
2025-08-06,H1_MOMENTUM,1,-1.0780269058296117,-48.079999999991266,-11.399999999997817,4.48,11.149999999997817,2,True
2025-08-07,H1_MOMENTUM,1,2.9654596100278496,212.91999999996509,53.84999999999127,4.48,17.94999999999709,2,True
2025-08-08,H1_MOMENTUM,1,-1.087,-43.48,-10.25,4.48,10.0,2,True
2025-08-11,H1_MOMENTUM,1,-1.087,-43.48,-10.25,4.48,10.0,2,True
2025-08-11,PDH_SWEEP,-1,-1.087,-43.48,-10.25,4.48,10.0,2,True
2025-08-12,H1_MOMENTUM,1,0.35818181818181816,31.52,8.5,4.48,22.0,2,True
2025-08-13,H1_MOMENTUM,1,-1.0623655913978463,-59.28000000000291,-14.200000000000728,4.48,13.950000000000728,2,True
2025-08-13,PDH_SWEEP,-1,1.688,67.52,17.5,4.48,10.0,2,True
2025-08-14,H1_MOMENTUM,-1,-1.053211009174305,-68.88000000000874,-16.600000000002183,4.48,16.350000000002183,2,True
2025-08-15,H1_MOMENTUM,-1,-1.087,-43.48,-10.25,4.48,10.0,2,True
2025-08-18,H1_MOMENTUM,-1,-1.045430809399483,-80.07999999999127,-19.399999999997817,4.48,19.149999999997817,2,True
2025-08-19,H1_MOMENTUM,-1,-1.087,-43.48,-10.25,4.48,10.0,2,True
2025-08-20,H1_MOMENTUM,-1,-1.0395454545454546,-91.48,-22.25,4.48,22.0,2,True
2025-08-21,H1_MOMENTUM,-1,0.44000000000013234,38.720000000011645,10.30000000000291,4.48,22.0,2,True
2025-08-22,H1_MOMENTUM,1,-1.087,-43.48,-10.25,4.48,10.0,2,True
2025-08-25,H1_MOMENTUM,-1,2.968922305764412,236.92000000000874,59.85000000000218,4.48,19.950000000000728,2,True
2025-08-26,H1_MOMENTUM,-1,-1.0840579710144749,-44.88000000000873,-10.600000000002183,4.48,10.350000000002183,2,True
2025-08-27,H1_MOMENTUM,-1,-1.0395454545454546,-91.48,-22.25,4.48,22.0,2,True
2025-08-28,H1_MOMENTUM,-1,-1.0419277108433735,-86.48,-21.0,4.48,20.75,2,True
2025-08-28,PDH_SWEEP,-1,1.721818181818182,151.52,38.5,4.48,22.0,2,True
2025-08-29,H1_MOMENTUM,-1,-1.041134751773047,-88.08000000000582,-21.400000000001455,4.48,21.150000000001455,2,True
2025-09-02,H1_MOMENTUM,-1,-1.087,-43.48,-10.25,4.48,10.0,2,True
2025-09-03,H1_MOMENTUM,1,2.9718181818181817,261.52,66.0,4.48,22.0,2,True
2025-09-04,H1_MOMENTUM,1,2.9528517110266215,155.32000000001747,39.450000000004366,4.48,13.150000000001455,2,True
2025-09-05,H1_MOMENTUM,1,-1.0395454545454546,-91.48,-22.25,4.48,22.0,2,True
2025-09-05,PDH_SWEEP,-1,1.721818181818182,151.52,38.5,4.48,22.0,2,True
2025-09-08,H1_MOMENTUM,1,2.2055776892424586,110.71999999999709,28.299999999999272,4.48,12.55000000000291,2,True
2025-09-09,H1_MOMENTUM,1,0.4410022779042803,38.71999999999709,10.299999999999272,4.48,21.950000000000728,2,True
2025-09-10,H1_MOMENTUM,1,2.9718181818181817,261.52,66.0,4.48,22.0,2,True
2025-09-11,H1_MOMENTUM,1,-1.070445344129542,-52.88000000000873,-12.600000000002183,4.48,12.350000000002183,2,True
2025-09-12,H1_MOMENTUM,1,-1.087,-43.48,-10.25,4.48,10.0,2,True
2025-09-15,H1_MOMENTUM,1,2.9379999999999997,117.52,30.0,4.48,10.0,2,True
2025-09-16,H1_MOMENTUM,-1,-1.0464,-78.48,-19.0,4.48,18.75,2,True
2025-09-17,H1_MOMENTUM,-1,2.971753986332575,260.9200000000087,65.85000000000218,4.48,21.950000000000728,2,True
2025-09-18,H1_MOMENTUM,1,-1.087,-43.48,-10.25,4.48,10.0,2,True
2025-09-19,H1_MOMENTUM,1,0.7309090909091239,64.3200000000029,16.700000000000728,4.48,22.0,2,True
2025-09-22,H1_MOMENTUM,-1,1.360386473429735,56.32000000000291,14.700000000000728,4.48,10.350000000002183,2,True
2025-09-23,H1_MOMENTUM,-1,-1.0395454545454546,-91.48,-22.25,4.48,22.0,2,True
2025-09-24,H1_MOMENTUM,-1,-1.053869969040255,-68.07999999999127,-16.399999999997817,4.48,16.149999999997817,2,True
2025-09-25,H1_MOMENTUM,-1,-1.0395454545454546,-91.48,-22.25,4.48,22.0,2,True
2025-09-26,H1_MOMENTUM,1,-1.0552380952380953,-66.48,-16.0,4.48,15.75,2,True
2025-09-29,H1_MOMENTUM,1,1.3218181818182149,116.3200000000029,29.700000000000728,4.48,22.0,2,True
2025-09-30,H1_MOMENTUM,-1,-1.087,-43.48,-10.25,4.48,10.0,2,True
2025-10-01,H1_MOMENTUM,-1,0.724663677130252,32.32000000000291,8.700000000000728,4.48,11.149999999997817,2,True
2025-10-02,H1_MOMENTUM,1,-1.087,-43.48,-10.25,4.48,10.0,2,True
2025-10-03,H1_MOMENTUM,-1,0.33090909090915704,29.12000000000582,7.900000000001455,4.48,22.0,2,True
2025-10-06,H1_MOMENTUM,1,-1.087,-43.48,-10.25,4.48,10.0,2,True
2025-10-07,H1_MOMENTUM,1,2.9379999999999997,117.52,30.0,4.48,10.0,2,True
2025-10-07,PDH_SWEEP,-1,1.7125377643504598,113.37000000002037,28.962500000005093,4.48,16.55000000000291,2,True
2025-10-08,H1_MOMENTUM,1,0.8581818181818182,75.52,19.5,4.48,22.0,2,True
2025-10-09,H1_MOMENTUM,-1,-1.087,-43.48,-10.25,4.48,10.0,2,True
2025-10-10,H1_MOMENTUM,1,-1.0403712296983774,-89.6799999999971,-21.799999999999272,4.48,21.549999999999272,2,True
2025-10-13,H1_MOMENTUM,1,0.47636363636373563,41.920000000008734,11.100000000002183,4.48,22.0,2,True
2025-10-14,H1_MOMENTUM,-1,2.9718181818181817,261.52,66.0,4.48,22.0,2,True
2025-10-15,H1_MOMENTUM,1,-1.0395454545454546,-91.48,-22.25,4.48,22.0,2,True
2025-10-16,H1_MOMENTUM,1,-1.0395454545454546,-91.48,-22.25,4.48,22.0,2,True
2025-10-17,H1_MOMENTUM,-1,1.7127272727274052,150.72000000001165,38.30000000000291,4.48,22.0,2,True
2025-10-20,H1_MOMENTUM,1,-0.9236363636363968,-81.28000000000291,-19.700000000000728,4.48,22.0,2,True
2025-10-21,H1_MOMENTUM,-1,-1.0614840989399388,-60.079999999991266,-14.399999999997817,4.48,14.149999999997817,2,True
2025-10-22,H1_MOMENTUM,1,1.04,91.52,23.5,4.48,22.0,2,True
2025-10-23,H1_MOMENTUM,1,-1.0716049382716177,-52.079999999991266,-12.399999999997817,4.48,12.149999999997817,2,True
2025-10-24,H1_MOMENTUM,1,-1.0597938144329926,-61.67999999999709,-14.799999999999272,4.48,14.549999999999272,2,True
2025-10-27,H1_MOMENTUM,1,2.9379999999999997,117.52,30.0,4.48,10.0,2,True
2025-10-28,H1_MOMENTUM,1,-1.0395454545454546,-91.48,-22.25,4.48,22.0,2,True
2025-10-29,H1_MOMENTUM,1,-1.0395454545454546,-91.48,-22.25,4.48,22.0,2,True
2025-10-30,H1_MOMENTUM,-1,-1.0395454545454546,-91.48,-22.25,4.48,22.0,2,True
2025-10-31,H1_MOMENTUM,1,-1.0395454545454546,-91.48,-22.25,4.48,22.0,2,True
2025-11-03,H1_MOMENTUM,1,-1.087,-43.48,-10.25,4.48,10.0,2,True
2025-11-04,H1_MOMENTUM,-1,-1.0507288629737568,-72.08000000000582,-17.400000000001455,4.48,17.150000000001455,2,True
2025-11-05,H1_MOMENTUM,1,-1.087,-43.48,-10.25,4.48,10.0,2,True
2025-11-06,H1_MOMENTUM,-1,2.9718181818181817,261.52,66.0,4.48,22.0,2,True
2025-11-07,H1_MOMENTUM,-1,-1.0395454545454546,-91.48,-22.25,4.48,22.0,2,True
2025-11-10,H1_MOMENTUM,1,2.948971193415629,143.31999999997382,36.44999999999345,4.48,12.149999999997817,2,True
2025-11-11,H1_MOMENTUM,-1,-1.0395454545454546,-91.48,-22.25,4.48,22.0,2,True
2025-11-12,H1_MOMENTUM,-1,-1.087,-43.48,-10.25,4.48,10.0,2,True
2025-11-13,H1_MOMENTUM,-1,-1.087,-43.48,-10.25,4.48,10.0,2,True
2025-11-14,H1_MOMENTUM,-1,-1.0395454545454546,-91.48,-22.25,4.48,22.0,2,True
2025-11-17,H1_MOMENTUM,1,-1.0395454545454546,-91.48,-22.25,4.48,22.0,2,True
2025-11-18,H1_MOMENTUM,-1,2.9718181818181817,261.52,66.0,4.48,22.0,2,True
2025-11-19,H1_MOMENTUM,1,-1.0395454545454546,-91.48,-22.25,4.48,22.0,2,True
2025-11-20,H1_MOMENTUM,1,-1.0395454545454546,-91.48,-22.25,4.48,22.0,2,True
2025-11-21,H1_MOMENTUM,1,-1.087,-43.48,-10.25,4.48,10.0,2,True
2025-11-24,H1_MOMENTUM,1,0.04,3.52,1.5,4.48,22.0,2,True
2025-11-25,H1_MOMENTUM,-1,-1.087,-43.48,-10.25,4.48,10.0,2,True
2025-11-26,H1_MOMENTUM,1,-1.1145454545453555,-98.07999999999127,-23.899999999997817,4.48,22.0,2,True
2025-12-01,H1_MOMENTUM,-1,-1.087,-43.48,-10.25,4.48,10.0,2,True
2025-12-02,H1_MOMENTUM,1,-1.0454308093994744,-80.08000000000582,-19.400000000001455,4.48,19.150000000001455,2,True
2025-12-03,H1_MOMENTUM,-1,2.9379999999999997,117.52,30.0,4.48,10.0,2,True
2025-12-04,H1_MOMENTUM,-1,-1.0395454545454546,-91.48,-22.25,4.48,22.0,2,True
2025-12-05,H1_MOMENTUM,1,-1.087,-43.48,-10.25,4.48,10.0,2,True
2025-12-05,PDH_SWEEP,-1,-1.0427518427518383,-84.88000000000874,-20.600000000002183,4.48,20.350000000002183,2,True
2025-12-08,H1_MOMENTUM,1,2.421818181818248,213.12000000000583,53.900000000001455,4.48,22.0,2,True
2025-12-09,H1_MOMENTUM,-1,-1.053211009174305,-68.88000000000874,-16.600000000002183,4.48,16.350000000002183,2,True
2025-12-10,H1_MOMENTUM,-1,-1.0395454545454546,-91.48,-22.25,4.48,22.0,2,True
2025-12-11,H1_MOMENTUM,-1,-1.0395454545454546,-91.48,-22.25,4.48,22.0,2,True
2025-12-12,H1_MOMENTUM,-1,-0.34181818181824797,-30.08000000000582,-6.900000000001455,4.48,22.0,2,True
2025-12-15,H1_MOMENTUM,1,-1.0436090225563894,-83.28000000000291,-20.200000000000728,4.48,19.950000000000728,2,True
2025-12-16,H1_MOMENTUM,1,2.9718181818181817,261.52,66.0,4.48,22.0,2,True
2025-12-17,H1_MOMENTUM,-1,2.9718181818181817,261.52,66.0,4.48,22.0,2,True
2025-12-18,H1_MOMENTUM,1,-1.0395454545454546,-91.48,-22.25,4.48,22.0,2,True
2025-12-19,H1_MOMENTUM,1,-1.0794520547945152,-47.28000000000291,-11.200000000000728,4.48,10.950000000000728,2,True
2025-12-22,H1_MOMENTUM,1,-0.19199999999992726,-7.67999999999709,-1.2999999999992724,4.48,10.0,2,True
2025-12-23,H1_MOMENTUM,-1,-1.1119999999999999,-44.48,-10.5,4.48,10.0,2,True
2025-12-26,H1_MOMENTUM,1,-1.087,-43.48,-10.25,4.48,10.0,2,True
2025-12-26,PDH_SWEEP,-1,1.6981171548117946,81.17000000000873,20.912500000002183,4.48,11.950000000000728,2,True
2025-12-29,H1_MOMENTUM,-1,0.4819571865443854,31.52,8.5,4.48,16.349999999998545,2,True
2025-12-30,H1_MOMENTUM,1,-1.0415274463007147,-87.28000000000291,-21.200000000000728,4.48,20.950000000000728,2,True
2025-12-31,H1_MOMENTUM,-1,-1.0395454545454546,-91.48,-22.25,4.48,22.0,2,True
2026-01-02,H1_MOMENTUM,1,-1.0395454545454546,-91.48,-22.25,4.48,22.0,2,True
2026-01-05,H1_MOMENTUM,1,-1.0395454545454546,-91.48,-22.25,4.48,22.0,2,True
2026-01-06,H1_MOMENTUM,1,0.5280000000001455,21.12000000000582,5.900000000001455,4.48,10.0,2,True
2026-01-07,H1_MOMENTUM,1,-1.087,-43.48,-10.25,4.48,10.0,2,True
2026-01-08,H1_MOMENTUM,-1,-1.087,-43.48,-10.25,4.48,10.0,2,True
2026-01-09,H1_MOMENTUM,1,-1.0525679758308182,-69.6799999999971,-16.799999999999272,4.48,16.549999999999272,2,True
2026-01-12,H1_MOMENTUM,-1,1.5854545454545457,139.52,35.5,4.48,22.0,2,True
2026-01-13,H1_MOMENTUM,1,-1.087,-43.48,-10.25,4.48,10.0,2,True
2026-01-14,H1_MOMENTUM,-1,-1.0395454545454546,-91.48,-22.25,4.48,22.0,2,True
2026-01-15,H1_MOMENTUM,1,-1.0395454545454546,-91.48,-22.25,4.48,22.0,2,True
2026-01-16,H1_MOMENTUM,1,-1.087,-43.48,-10.25,4.48,10.0,2,True
2026-01-20,H1_MOMENTUM,-1,-0.1781818181817851,-15.67999999999709,-3.2999999999992724,4.48,22.0,2,True
2026-01-21,H1_MOMENTUM,1,-1.087,-43.48,-10.25,4.48,10.0,2,True
2026-01-22,H1_MOMENTUM,1,-1.087,-43.48,-10.25,4.48,10.0,2,True
2026-01-23,H1_MOMENTUM,1,2.9497975708501967,145.71999999998255,37.049999999995634,4.48,12.349999999998545,2,True
2026-01-26,H1_MOMENTUM,1,-1.0780269058295862,-48.08000000000582,-11.400000000001455,4.48,11.150000000001455,2,True
2026-01-27,H1_MOMENTUM,1,-1.0740425531914892,-50.48,-12.0,4.48,11.75,2,True
2026-01-28,H1_MOMENTUM,1,-1.0454308093994744,-80.08000000000582,-19.400000000001455,4.48,19.150000000001455,2,True
2026-01-29,H1_MOMENTUM,-1,-1.0395454545454546,-91.48,-22.25,4.48,22.0,2,True
2026-01-30,H1_MOMENTUM,-1,-1.0395454545454546,-91.48,-22.25,4.48,22.0,2,True
2026-02-02,H1_MOMENTUM,1,-1.0395454545454546,-91.48,-22.25,4.48,22.0,2,True
2026-02-03,H1_MOMENTUM,-1,-1.0766519823788643,-48.879999999994176,-11.599999999998545,4.48,11.349999999998545,2,True
2026-02-04,H1_MOMENTUM,-1,-1.0395454545454546,-91.48,-22.25,4.48,22.0,2,True
2026-02-05,H1_MOMENTUM,-1,-1.0395454545454546,-91.48,-22.25,4.48,22.0,2,True
2026-02-06,H1_MOMENTUM,1,2.9718181818181817,261.52,66.0,4.48,22.0,2,True
2026-02-09,H1_MOMENTUM,-1,-1.0395454545454546,-91.48,-22.25,4.48,22.0,2,True
2026-02-10,H1_MOMENTUM,1,-1.087,-43.48,-10.25,4.48,10.0,2,True
2026-02-11,H1_MOMENTUM,1,-1.087,-43.48,-10.25,4.48,10.0,2,True
2026-02-12,H1_MOMENTUM,-1,-1.0395454545454546,-91.48,-22.25,4.48,22.0,2,True
2026-02-13,H1_MOMENTUM,-1,-1.0395454545454546,-91.48,-22.25,4.48,22.0,2,True
2026-02-17,H1_MOMENTUM,-1,-1.0395454545454546,-91.48,-22.25,4.48,22.0,2,True
2026-02-18,H1_MOMENTUM,1,2.9654596100278567,212.92000000000874,53.85000000000218,4.48,17.950000000000728,2,True
2026-02-19,H1_MOMENTUM,-1,-1.0395454545454546,-91.48,-22.25,4.48,22.0,2,True
2026-02-20,H1_MOMENTUM,1,2.9379999999999997,117.52,30.0,4.48,10.0,2,True
2026-02-23,H1_MOMENTUM,-1,-1.087,-43.48,-10.25,4.48,10.0,2,True
2026-02-24,H1_MOMENTUM,1,2.9379999999999997,117.52,30.0,4.48,10.0,2,True
2026-02-25,H1_MOMENTUM,1,-1.087,-43.48,-10.25,4.48,10.0,2,True
2026-02-26,H1_MOMENTUM,-1,-1.0395454545454546,-91.48,-22.25,4.48,22.0,2,True
2026-02-27,H1_MOMENTUM,-1,-1.0395454545454546,-91.48,-22.25,4.48,22.0,2,True
2026-03-02,H1_MOMENTUM,-1,-1.0395454545454546,-91.48,-22.25,4.48,22.0,2,True
2026-03-03,H1_MOMENTUM,-1,-1.0395454545454546,-91.48,-22.25,4.48,22.0,2,True
2026-03-04,H1_MOMENTUM,1,-1.0395454545454546,-91.48,-22.25,4.48,22.0,2,True
2026-03-05,H1_MOMENTUM,1,2.9718181818181817,261.52,66.0,4.48,22.0,2,True
2026-03-06,H1_MOMENTUM,-1,-1.0395454545454546,-91.48,-22.25,4.48,22.0,2,True
2026-03-09,H1_MOMENTUM,-1,-1.087,-43.48,-10.25,4.48,10.0,2,True
2026-03-10,H1_MOMENTUM,-1,-1.0395454545454546,-91.48,-22.25,4.48,22.0,2,True
2026-03-11,H1_MOMENTUM,1,2.9692307692307662,239.31999999997382,60.44999999999345,4.48,20.149999999997817,2,True
2026-03-12,H1_MOMENTUM,-1,-1.0623655913978463,-59.28000000000291,-14.200000000000728,4.48,13.950000000000728,2,True
2026-03-13,H1_MOMENTUM,1,-1.087,-43.48,-10.25,4.48,10.0,2,True
2026-03-16,H1_MOMENTUM,1,-1.041134751773047,-88.08000000000582,-21.400000000001455,4.48,21.150000000001455,2,True
2026-03-17,H1_MOMENTUM,1,0.29454545454555375,25.92000000000873,7.100000000002183,4.48,22.0,2,True
2026-03-17,PDH_SWEEP,-1,1.721818181818182,151.52,38.5,4.48,22.0,2,True
2026-03-18,H1_MOMENTUM,-1,2.9718181818181817,261.52,66.0,4.48,22.0,2,True
2026-03-19,H1_MOMENTUM,-1,0.8672727272727603,76.3200000000029,19.700000000000728,4.48,22.0,2,True
2026-03-20,H1_MOMENTUM,-1,2.9718181818181817,261.52,66.0,4.48,22.0,2,True
2026-03-23,H1_MOMENTUM,1,-1.0651685393258497,-56.879999999994176,-13.599999999998545,4.48,13.349999999998545,2,True
2026-03-24,H1_MOMENTUM,-1,2.9718181818181817,261.52,66.0,4.48,22.0,2,True
2026-03-25,H1_MOMENTUM,1,-1.0395454545454546,-91.48,-22.25,4.48,22.0,2,True
2026-03-25,PDH_SWEEP,-1,-1.0395454545454546,-91.48,-22.25,4.48,22.0,2,True
2026-03-26,H1_MOMENTUM,-1,2.9718181818181817,261.52,66.0,4.48,22.0,2,True
2026-03-27,H1_MOMENTUM,-1,1.04,91.52,23.5,4.48,22.0,2,True
2026-03-30,H1_MOMENTUM,1,2.9567944250871037,169.71999999998255,43.049999999995634,4.48,14.349999999998545,2,True
2026-03-31,H1_MOMENTUM,1,2.9718181818181817,261.52,66.0,4.48,22.0,2,True
2026-04-01,H1_MOMENTUM,1,-1.0395454545454546,-91.48,-22.25,4.48,22.0,2,True
2026-04-02,H1_MOMENTUM,-1,-1.0395454545454546,-91.48,-22.25,4.48,22.0,2,True
2026-04-06,H1_MOMENTUM,1,2.9379999999999997,117.52,30.0,4.48,10.0,2,True
2026-04-07,H1_MOMENTUM,-1,-1.0395454545454546,-91.48,-22.25,4.48,22.0,2,True
2026-04-08,H1_MOMENTUM,1,2.9620795107033606,193.71999999998255,49.049999999995634,4.48,16.349999999998545,2,True
2026-04-09,H1_MOMENTUM,-1,-1.087,-43.48,-10.25,4.48,10.0,2,True
2026-04-10,H1_MOMENTUM,1,-1.0395454545454546,-91.48,-22.25,4.48,22.0,2,True
2026-04-13,H1_MOMENTUM,1,2.9718181818181817,261.52,66.0,4.48,22.0,2,True
2026-04-14,H1_MOMENTUM,1,-1.0395454545454546,-91.48,-22.25,4.48,22.0,2,True
2026-04-15,H1_MOMENTUM,1,1.1309090909090909,99.52,25.5,4.48,22.0,2,True
2026-04-16,H1_MOMENTUM,-1,-1.044961240310081,-80.87999999999418,-19.599999999998545,4.48,19.349999999998545,2,True
2026-04-16,PDH_SWEEP,-1,-1.0395454545454546,-91.48,-22.25,4.48,22.0,2,True
2026-04-17,H1_MOMENTUM,1,2.04,179.52,45.5,4.48,22.0,2,True
2026-04-20,H1_MOMENTUM,-1,-1.0614840989399388,-60.079999999991266,-14.399999999997817,4.48,14.149999999997817,2,True
2026-04-21,H1_MOMENTUM,1,-1.0395454545454546,-91.48,-22.25,4.48,22.0,2,True
2026-04-21,PDH_SWEEP,-1,1.721818181818182,151.52,38.5,4.48,22.0,2,True
2026-04-22,H1_MOMENTUM,1,1.7400000000000662,153.12000000000583,38.900000000001455,4.48,22.0,2,True
2026-04-23,H1_MOMENTUM,-1,-1.07532467532468,-49.67999999999709,-11.799999999999272,4.48,11.549999999999272,2,True
2026-04-24,H1_MOMENTUM,1,-1.0716049382715962,-52.08000000000582,-12.400000000001455,4.48,12.150000000001455,2,True
2026-04-27,H1_MOMENTUM,-1,-1.087,-43.48,-10.25,4.48,10.0,2,True
2026-04-28,H1_MOMENTUM,-1,0.7218181818181818,63.52,16.5,4.48,22.0,2,True
2026-04-29,H1_MOMENTUM,1,-1.0395454545454546,-91.48,-22.25,4.48,22.0,2,True
2026-04-29,PDH_SWEEP,-1,1.721818181818182,151.52,38.5,4.48,22.0,2,True
2026-04-30,H1_MOMENTUM,-1,-1.0574257425742657,-64.07999999999127,-15.399999999997817,4.48,15.149999999997817,2,True
2026-04-30,PDH_SWEEP,-1,-1.0395454545454546,-91.48,-22.25,4.48,22.0,2,True
2026-05-01,H1_MOMENTUM,1,-1.0395454545454546,-91.48,-22.25,4.48,22.0,2,True
2026-05-04,H1_MOMENTUM,1,-1.0395454545454546,-91.48,-22.25,4.48,22.0,2,True
2026-05-05,H1_MOMENTUM,1,-1.087,-43.48,-10.25,4.48,10.0,2,True
2026-05-06,H1_MOMENTUM,1,1.1309090909090909,99.52,25.5,4.48,22.0,2,True
2026-05-07,H1_MOMENTUM,1,2.9718181818181817,261.52,66.0,4.48,22.0,2,True
2026-05-08,H1_MOMENTUM,1,2.968607594936709,234.52,59.25,4.48,19.75,2,True
2026-05-11,H1_MOMENTUM,-1,-1.0395454545454546,-91.48,-22.25,4.48,22.0,2,True
2026-05-11,PDH_SWEEP,-1,-1.0484679665738241,-75.27999999998836,-18.19999999999709,4.48,17.94999999999709,2,True
2026-05-12,H1_MOMENTUM,-1,-1.0840579710145044,-44.879999999994176,-10.599999999998545,4.48,10.349999999998545,2,True
2026-05-13,H1_MOMENTUM,1,-1.0395454545454546,-91.48,-22.25,4.48,22.0,2,True
2026-05-14,H1_MOMENTUM,1,2.9379999999999997,117.52,30.0,4.48,10.0,2,True
2026-05-15,H1_MOMENTUM,-1,-1.0395454545454546,-91.48,-22.25,4.48,22.0,2,True
2026-05-18,H1_MOMENTUM,1,2.9718181818181817,261.52,66.0,4.48,22.0,2,True
2026-05-19,H1_MOMENTUM,-1,2.9718181818181817,261.52,66.0,4.48,22.0,2,True
2026-05-20,H1_MOMENTUM,1,2.14909090909081,189.11999999999128,47.89999999999782,4.48,22.0,2,True
2026-05-21,H1_MOMENTUM,-1,-1.082464454976309,-45.67999999999709,-10.799999999999272,4.48,10.549999999999272,2,True
2026-05-22,H1_MOMENTUM,1,2.9379999999999997,117.52,30.0,4.48,10.0,2,True
2026-05-26,H1_MOMENTUM,1,0.93090909090919,81.92000000000873,21.100000000002183,4.48,22.0,2,True
2026-05-27,H1_MOMENTUM,-1,-1.0395454545454546,-91.48,-22.25,4.48,22.0,2,True
2026-05-28,H1_MOMENTUM,-1,-1.087,-43.48,-10.25,4.48,10.0,2,True
2026-05-29,H1_MOMENTUM,1,0.44000000000013234,38.720000000011645,10.30000000000291,4.48,22.0,2,True
2026-06-01,H1_MOMENTUM,-1,2.421818181818248,213.12000000000583,53.900000000001455,4.48,22.0,2,True
2026-06-02,H1_MOMENTUM,1,2.0472289156625805,169.9199999999942,43.099999999998545,4.48,20.75,2,True
2026-06-03,H1_MOMENTUM,-1,-1.0395454545454546,-91.48,-22.25,4.48,22.0,2,True
2026-06-04,H1_MOMENTUM,-1,2.9379999999999997,117.52,30.0,4.48,10.0,2,True
2026-06-05,H1_MOMENTUM,-1,2.9718181818181817,261.52,66.0,4.48,22.0,2,True
2026-06-08,H1_MOMENTUM,1,0.7490909090908429,65.91999999999418,17.099999999998545,4.48,22.0,2,True
2026-06-09,H1_MOMENTUM,1,-1.0395454545454546,-91.48,-22.25,4.48,22.0,2,True
2026-06-10,H1_MOMENTUM,-1,-1.0395454545454546,-91.48,-22.25,4.48,22.0,2,True
2026-06-11,H1_MOMENTUM,1,2.9718181818181817,261.52,66.0,4.48,22.0,2,True
2026-06-12,H1_MOMENTUM,-1,2.9718181818181817,261.52,66.0,4.48,22.0,2,True
2026-06-15,H1_MOMENTUM,1,2.9379999999999997,117.52,30.0,4.48,10.0,2,True
2026-06-16,H1_MOMENTUM,-1,2.9718181818181817,261.52,66.0,4.48,22.0,2,True
2026-06-17,H1_MOMENTUM,1,-1.0395454545454546,-91.48,-22.25,4.48,22.0,2,True
2026-06-18,H1_MOMENTUM,1,-1.0395454545454546,-91.48,-22.25,4.48,22.0,2,True
2026-06-22,H1_MOMENTUM,1,2.966212534059943,217.71999999998255,55.049999999995634,4.48,18.349999999998545,2,True
2026-06-23,H1_MOMENTUM,-1,-1.0395454545454546,-91.48,-22.25,4.48,22.0,2,True
2026-06-24,H1_MOMENTUM,1,-1.0395454545454546,-91.48,-22.25,4.48,22.0,2,True
2026-06-25,H1_MOMENTUM,-1,-1.0395454545454546,-91.48,-22.25,4.48,22.0,2,True
2026-06-26,H1_MOMENTUM,-1,-1.0395454545454546,-91.48,-22.25,4.48,22.0,2,True
2026-06-29,H1_MOMENTUM,1,-1.0395454545454546,-91.48,-22.25,4.48,22.0,2,True
2026-06-30,H1_MOMENTUM,1,-1.0464,-78.48,-19.0,4.48,18.75,2,True
2026-07-01,H1_MOMENTUM,-1,-1.0396355353075157,-91.28000000000291,-22.200000000000728,4.48,21.950000000000728,2,True
2026-07-02,H1_MOMENTUM,1,2.9718181818181817,261.52,66.0,4.48,22.0,2,True
2026-07-06,H1_MOMENTUM,1,-1.0395454545454546,-91.48,-22.25,4.48,22.0,2,True
2026-07-07,H1_MOMENTUM,-1,-1.0395454545454546,-91.48,-22.25,4.48,22.0,2,True
2026-07-08,H1_MOMENTUM,-1,-1.068235294117647,-54.48,-13.0,4.48,12.75,2,True
2026-07-09,H1_MOMENTUM,1,-1.0396355353075224,-91.27999999998836,-22.19999999999709,4.48,21.94999999999709,2,True
2026-07-10,H1_MOMENTUM,-1,0.48605200945638377,41.120000000005824,10.900000000001455,4.48,21.149999999997817,2,True
2026-07-13,H1_MOMENTUM,-1,-1.0395454545454546,-91.48,-22.25,4.48,22.0,2,True
2026-07-14,H1_MOMENTUM,1,-1.0484679665738141,-75.28000000000291,-18.200000000000728,4.48,17.950000000000728,2,True
2026-07-15,H1_MOMENTUM,1,-1.0395454545454546,-91.48,-22.25,4.48,22.0,2,True
2026-07-16,H1_MOMENTUM,-1,-1.0395454545454546,-91.48,-22.25,4.48,22.0,2,True
2026-07-17,H1_MOMENTUM,-1,-1.0395454545454546,-91.48,-22.25,4.48,22.0,2,True
2026-07-20,H1_MOMENTUM,1,-1.0395454545454546,-91.48,-22.25,4.48,22.0,2,True
2026-07-21,H1_MOMENTUM,1,2.9379999999999997,117.52,30.0,4.48,10.0,2,True
2026-07-22,H1_MOMENTUM,-1,2.9379999999999997,117.52,30.0,4.48,10.0,2,True
2026-07-23,H1_MOMENTUM,-1,2.9379999999999997,117.52,30.0,4.48,10.0,2,True
2026-07-24,H1_MOMENTUM,-1,-1.0395454545454546,-91.48,-22.25,4.48,22.0,2,True
2026-07-27,H1_MOMENTUM,1,-1.0395454545454546,-91.48,-22.25,4.48,22.0,2,True
2026-07-28,H1_MOMENTUM,-1,2.9379999999999997,117.52,30.0,4.48,10.0,2,True
2026-07-29,H1_MOMENTUM,-1,-1.0395454545454546,-91.48,-22.25,4.48,22.0,2,True
2026-07-30,H1_MOMENTUM,1,-1.0395454545454546,-91.48,-22.25,4.48,22.0,2,True
2026-07-31,H1_MOMENTUM,1,-1.0395454545454546,-91.48,-22.25,4.48,22.0,2,True
2026-07-31,PDH_SWEEP,-1,-1.0495726495726516,-73.6799999999971,-17.799999999999272,4.48,17.549999999999272,2,True
2026-08-03,H1_MOMENTUM,1,-1.0395454545454546,-91.48,-22.25,4.48,22.0,2,True
2026-08-04,H1_MOMENTUM,1,2.955555555555558,164.92000000000874,41.85000000000218,4.48,13.950000000000728,2,True
2026-08-05,H1_MOMENTUM,1,-1.0395454545454546,-91.48,-22.25,4.48,22.0,2,True
2026-08-06,H1_MOMENTUM,-1,-1.0395454545454546,-91.48,-22.25,4.48,22.0,2,True
2026-08-07,H1_MOMENTUM,1,-1.0395454545454546,-91.48,-22.25,4.48,22.0,2,True
2026-08-10,H1_MOMENTUM,-1,2.948117154811703,140.91999999996509,35.84999999999127,4.48,11.94999999999709,2,True
2026-08-11,H1_MOMENTUM,-1,-1.087,-43.48,-10.25,4.48,10.0,2,True
2026-08-12,H1_MOMENTUM,1,-1.087,-43.48,-10.25,4.48,10.0,2,True
2026-08-13,H1_MOMENTUM,1,-1.087,-43.48,-10.25,4.48,10.0,2,True
2026-08-14,H1_MOMENTUM,1,2.6411267605633806,187.52,47.5,4.48,17.75,2,True
2026-08-17,H1_MOMENTUM,1,-1.0840579710145044,-44.879999999994176,-10.599999999998545,4.48,10.349999999998545,2,True
2026-08-18,H1_MOMENTUM,-1,2.9379999999999997,117.52,30.0,4.48,10.0,2,True
2026-08-19,H1_MOMENTUM,-1,-1.0459102902374653,-79.28000000000291,-19.200000000000728,4.48,18.950000000000728,2,True
2026-08-20,H1_MOMENTUM,-1,-1.087,-43.48,-10.25,4.48,10.0,2,True
2026-08-21,H1_MOMENTUM,1,-1.068235294117647,-54.48,-13.0,4.48,12.75,2,True
2026-08-24,H1_MOMENTUM,-1,-1.087,-43.48,-10.25,4.48,10.0,2,True
2026-08-25,H1_MOMENTUM,1,2.9389162561576443,119.32000000001746,30.450000000004366,4.48,10.150000000001455,2,True
2026-08-26,H1_MOMENTUM,1,-1.0464,-78.48,-19.0,4.48,18.75,2,True
2026-08-27,H1_MOMENTUM,1,2.9718181818181817,261.52,66.0,4.48,22.0,2,True
2026-08-28,H1_MOMENTUM,-1,-1.212,-48.48,-11.5,4.48,10.0,2,True
2026-08-28,PDH_SWEEP,-1,1.721818181818182,151.52,38.5,4.48,22.0,2,True
2026-08-31,H1_MOMENTUM,-1,-1.087,-43.48,-10.25,4.48,10.0,2,True
2026-09-01,H1_MOMENTUM,-1,2.9379999999999997,117.52,30.0,4.48,10.0,2,True
2026-09-02,H1_MOMENTUM,-1,-1.2520000000001454,-50.08000000000582,-11.900000000001455,4.48,10.0,2,True
2026-09-03,H1_MOMENTUM,1,-1.087,-43.48,-10.25,4.48,10.0,2,True
2026-09-04,H1_MOMENTUM,1,2.9634218289085563,200.92000000000874,50.85000000000218,4.48,16.950000000000728,2,True
2026-09-08,H1_MOMENTUM,-1,0.8399999999999338,73.91999999999418,19.099999999998545,4.48,22.0,2,True
2026-09-09,H1_MOMENTUM,1,-1.0407494145199092,-88.87999999999418,-21.599999999998545,4.48,21.349999999998545,2,True
2026-09-10,H1_MOMENTUM,-1,0.678554216867505,56.32000000000291,14.700000000000728,4.48,20.75,2,True
2026-09-11,H1_MOMENTUM,1,-1.087,-43.48,-10.25,4.48,10.0,2,True
2026-09-14,H1_MOMENTUM,-1,2.9718181818181817,261.52,66.0,4.48,22.0,2,True
2026-09-15,H1_MOMENTUM,-1,-0.578181818181752,-50.879999999994176,-12.099999999998545,4.48,22.0,2,True
2026-09-16,H1_MOMENTUM,1,2.9718181818181817,261.52,66.0,4.48,22.0,2,True
2026-09-17,H1_MOMENTUM,1,2.9497975708502113,145.7200000000262,37.05000000000655,4.48,12.350000000002183,2,True
2026-09-18,H1_MOMENTUM,1,2.9379999999999997,117.52,30.0,4.48,10.0,2,True
2026-09-21,H1_MOMENTUM,1,-0.6327272727272396,-55.67999999999709,-13.299999999999272,4.48,22.0,2,True
2026-09-22,H1_MOMENTUM,1,0.3400000000000992,29.92000000000873,8.100000000002183,4.48,22.0,2,True
2026-09-23,H1_MOMENTUM,-1,-1.0395454545454546,-91.48,-22.25,4.48,22.0,2,True
2026-09-24,H1_MOMENTUM,-1,-1.0395454545454546,-91.48,-22.25,4.48,22.0,2,True
2026-09-25,H1_MOMENTUM,1,-1.087,-43.48,-10.25,4.48,10.0,2,True
2026-09-25,PDH_SWEEP,-1,1.688,67.52,17.5,4.48,10.0,2,True
2026-09-28,H1_MOMENTUM,-1,1.2945454545453883,113.91999999999418,29.099999999998545,4.48,22.0,2,True
2026-09-29,H1_MOMENTUM,1,-1.087,-43.48,-10.25,4.48,10.0,2,True
2026-09-30,H1_MOMENTUM,1,-1.0395454545454546,-91.48,-22.25,4.48,22.0,2,True
2026-10-01,H1_MOMENTUM,1,-1.0464,-78.48,-19.0,4.48,18.75,2,True
2026-10-02,H1_MOMENTUM,1,0.5036363636362314,44.31999999998836,11.69999999999709,4.48,22.0,2,True
2026-10-05,H1_MOMENTUM,1,-1.0395454545454546,-91.48,-22.25,4.48,22.0,2,True
2026-10-06,H1_MOMENTUM,1,-1.0495726495726414,-73.68000000001165,-17.80000000000291,4.48,17.55000000000291,2,True
2026-10-07,H1_MOMENTUM,-1,-1.041134751773054,-88.07999999999127,-21.399999999997817,4.48,21.149999999997817,2,True
2026-10-08,H1_MOMENTUM,-1,-1.1054545454545786,-97.28000000000291,-23.700000000000728,4.48,22.0,2,True
