timestamp,open,high,low,close,volume
2026-01-05 09:30:00,20250.0,20252.0,20250.0,20251.5,6927
2026-01-05 09:31:00,20251.5,20253.5,20244.25,20248.75,5633
2026-01-05 09:32:00,20248.75,20248.75,20245.5,20247.0,6079
2026-01-05 09:33:00,20247.0,20247.75,20245.25,20247.25,3768
2026-01-05 09:34:00,20247.25,20248.5,20246.0,20248.0,5702
2026-01-05 09:35:00,20248.0,20249.75,20247.5,20248.0,4363
2026-01-05 09:36:00,20248.0,20249.0,20247.0,20247.75,3407
2026-01-05 09:37:00,20247.75,20249.0,20247.5,20248.75,8824
2026-01-05 09:38:00,20248.75,20255.0,20247.75,20253.0,7460
2026-01-05 09:39:00,20253.0,20253.75,20250.5,20251.25,7098
2026-01-05 09:40:00,20251.25,20252.5,20249.0,20249.5,5777
2026-01-05 09:41:00,20249.5,20253.0,20248.0,20251.0,3779
2026-01-05 09:42:00,20251.0,20253.0,20248.0,20249.75,3583
2026-01-05 09:43:00,20249.75,20250.75,20249.5,20250.25,4874
2026-01-05 09:44:00,20250.25,20250.75,20248.25,20250.5,7996
2026-01-05 09:45:00,20250.5,20251.25,20247.0,20247.5,4199
2026-01-05 09:46:00,20247.5,20247.75,20245.5,20247.0,6033
2026-01-05 09:47:00,20247.0,20251.25,20239.25,20249.0,6412
2026-01-05 09:48:00,20249.0,20251.75,20248.25,20250.25,6447
2026-01-05 09:49:00,20250.25,20251.75,20248.75,20249.5,6808
2026-01-05 09:50:00,20249.5,20250.0,20246.75,20247.0,4659
2026-01-05 09:51:00,20247.0,20251.75,20245.75,20248.0,5451
2026-01-05 09:52:00,20248.0,20250.25,20247.5,20248.25,3757
2026-01-05 09:53:00,20248.25,20249.5,20248.0,20249.25,6342
2026-01-05 09:54:00,20249.25,20250.0,20246.25,20246.75,3636
2026-01-05 09:55:00,20246.75,20247.0,20244.0,20246.75,3540
2026-01-05 09:56:00,20246.75,20247.0,20245.75,20246.5,5973
2026-01-05 09:57:00,20246.5,20246.5,20242.25,20243.0,5676
2026-01-05 09:58:00,20243.0,20248.25,20240.0,20243.75,5033
2026-01-05 09:59:00,20243.75,20249.0,20242.75,20246.5,8771
2026-01-05 10:00:00,20246.5,20246.75,20244.5,20246.25,3867
2026-01-05 10:01:00,20246.25,20247.5,20246.0,20247.25,2848
2026-01-05 10:02:00,20247.25,20247.75,20244.75,20246.5,3925
2026-01-05 10:03:00,20246.5,20247.5,20245.75,20245.75,3237
2026-01-05 10:04:00,20245.75,20245.75,20245.25,20245.5,1920
2026-01-05 10:05:00,20245.5,20246.5,20244.75,20245.75,3252
2026-01-05 10:06:00,20245.75,20249.75,20245.0,20247.5,3481
2026-01-05 10:07:00,20247.5,20247.75,20245.0,20246.5,1933
2026-01-05 10:08:00,20246.5,20251.0,20245.75,20246.25,3337
2026-01-05 10:09:00,20246.25,20246.75,20245.5,20246.5,3272
2026-01-05 10:10:00,20246.5,20247.5,20245.75,20247.0,3513
2026-01-05 10:11:00,20247.0,20248.0,20246.5,20247.25,2972
2026-01-05 10:12:00,20247.25,20248.5,20245.0,20247.0,4049
2026-01-05 10:13:00,20247.0,20249.75,20246.75,20246.75,2816
2026-01-05 10:14:00,20246.75,20248.75,20246.5,20246.75,3497
2026-01-05 10:15:00,20246.75,20249.0,20246.0,20248.0,3516
2026-01-05 10:16:00,20248.0,20248.75,20245.5,20247.25,2209
2026-01-05 10:17:00,20247.25,20249.0,20247.0,20248.25,1612
2026-01-05 10:18:00,20248.25,20248.75,20247.0,20248.0,3404
2026-01-05 10:19:00,20248.0,20248.75,20247.0,20248.5,2372
2026-01-05 10:20:00,20248.5,20250.0,20247.75,20248.75,4408
2026-01-05 10:21:00,20248.75,20249.5,20247.75,20248.5,4477
2026-01-05 10:22:00,20248.5,20249.0,20248.0,20248.0,1566
2026-01-05 10:23:00,20248.0,20250.5,20246.0,20249.75,3816
2026-01-05 10:24:00,20249.75,20252.5,20249.25,20251.75,4343
2026-01-05 10:25:00,20251.75,20252.0,20248.25,20251.25,2222
2026-01-05 10:26:00,20251.25,20251.5,20248.5,20250.25,1634
2026-01-05 10:27:00,20250.25,20250.5,20250.25,20250.25,2089
2026-01-05 10:28:00,20250.25,20252.0,20250.25,20250.25,2022
2026-01-05 10:29:00,20250.25,20251.0,20247.75,20250.25,2188
2026-01-05 10:30:00,20250.25,20251.0,20248.5,20249.75,2751
2026-01-05 10:31:00,20249.75,20250.0,20249.5,20249.75,2099
2026-01-05 10:32:00,20249.75,20250.5,20248.25,20249.25,1742
2026-01-05 10:33:00,20249.25,20251.75,20248.0,20250.75,2692
2026-01-05 10:34:00,20250.75,20252.25,20250.5,20251.0,2997
2026-01-05 10:35:00,20251.0,20251.75,20249.25,20251.0,1574
2026-01-05 10:36:00,20251.0,20253.5,20249.75,20250.0,1997
2026-01-05 10:37:00,20250.0,20250.0,20249.25,20249.25,3288
2026-01-05 10:38:00,20249.25,20249.75,20246.75,20248.5,2363
2026-01-05 10:39:00,20248.5,20249.25,20245.5,20247.25,3988
2026-01-05 10:40:00,20247.25,20248.5,20244.5,20246.25,2369
2026-01-05 10:41:00,20246.25,20246.5,20243.75,20244.5,2737
2026-01-05 10:42:00,20244.5,20246.75,20244.5,20246.75,4483
2026-01-05 10:43:00,20246.75,20246.75,20246.0,20246.25,3738
2026-01-05 10:44:00,20246.25,20248.75,20245.75,20246.0,2456
2026-01-05 10:45:00,20246.0,20246.25,20245.25,20245.5,2431
2026-01-05 10:46:00,20245.5,20245.5,20243.75,20245.25,3120
2026-01-05 10:47:00,20245.25,20247.0,20244.5,20246.5,1563
2026-01-05 10:48:00,20246.5,20247.0,20246.5,20246.5,4453
2026-01-05 10:49:00,20246.5,20246.5,20246.0,20246.5,3013
2026-01-05 10:50:00,20246.5,20246.75,20244.25,20245.5,4346
2026-01-05 10:51:00,20245.5,20246.25,20244.25,20244.25,2748
2026-01-05 10:52:00,20244.25,20244.5,20241.25,20242.25,2712
2026-01-05 10:53:00,20242.25,20245.0,20239.75,20241.0,4274
2026-01-05 10:54:00,20241.0,20241.25,20239.75,20240.75,3383
2026-01-05 10:55:00,20240.75,20241.75,20240.0,20241.0,3427
2026-01-05 10:56:00,20241.0,20242.0,20240.75,20241.25,3852
2026-01-05 10:57:00,20241.25,20241.5,20239.0,20239.25,2655
2026-01-05 10:58:00,20239.25,20241.25,20238.75,20240.25,2514
2026-01-05 10:59:00,20240.25,20240.5,20238.0,20239.0,2602
2026-01-05 11:00:00,20239.0,20241.5,20238.5,20241.0,3512
2026-01-05 11:01:00,20241.0,20245.0,20240.25,20243.0,4249
2026-01-05 11:02:00,20243.0,20243.5,20242.0,20243.0,3159
2026-01-05 11:03:00,20243.0,20243.25,20239.0,20241.5,3098
2026-01-05 11:04:00,20241.5,20243.0,20239.5,20243.0,4256
2026-01-05 11:05:00,20243.0,20245.25,20242.75,20243.75,1896
2026-01-05 11:06:00,20243.75,20244.75,20242.25,20243.25,4379
2026-01-05 11:07:00,20243.25,20244.5,20241.75,20242.5,4376
2026-01-05 11:08:00,20242.5,20247.0,20241.0,20241.75,3665
2026-01-05 11:09:00,20241.75,20243.5,20240.75,20243.0,3270
2026-01-05 11:10:00,20243.0,20245.0,20242.25,20243.0,3537
2026-01-05 11:11:00,20243.0,20243.5,20240.5,20240.5,3067
2026-01-05 11:12:00,20240.5,20244.0,20240.25,20242.25,3857
2026-01-05 11:13:00,20242.25,20244.25,20241.5,20241.5,1851
2026-01-05 11:14:00,20241.5,20242.25,20241.0,20241.75,3714
2026-01-05 11:15:00,20241.75,20242.0,20241.5,20241.5,4195
2026-01-05 11:16:00,20241.5,20242.0,20240.0,20240.25,1758
2026-01-05 11:17:00,20240.25,20244.0,20237.5,20239.25,4308
2026-01-05 11:18:00,20239.25,20240.25,20238.5,20239.25,3338
2026-01-05 11:19:00,20239.25,20240.5,20238.25,20240.25,2938
2026-01-05 11:20:00,20240.25,20241.25,20235.75,20237.75,4133
2026-01-05 11:21:00,20237.75,20238.25,20236.5,20238.0,3411
2026-01-05 11:22:00,20238.0,20238.25,20236.0,20236.0,2793
2026-01-05 11:23:00,20236.0,20237.25,20235.75,20236.5,2386
2026-01-05 11:24:00,20236.5,20237.0,20235.25,20236.5,2672
2026-01-05 11:25:00,20236.5,20238.75,20236.5,20237.25,4491
2026-01-05 11:26:00,20237.25,20238.25,20236.75,20238.0,3542
2026-01-05 11:27:00,20238.0,20238.5,20234.75,20238.25,4191
2026-01-05 11:28:00,20238.25,20238.25,20237.75,20238.0,2366
2026-01-05 11:29:00,20238.0,20243.25,20235.25,20235.75,3468
2026-01-05 11:30:00,20235.75,20236.5,20234.5,20235.25,945
2026-01-05 11:31:00,20235.25,20236.25,20234.5,20235.25,1619
2026-01-05 11:32:00,20235.25,20235.5,20234.5,20234.75,1135
2026-01-05 11:33:00,20234.75,20236.5,20234.25,20235.5,648
2026-01-05 11:34:00,20235.5,20235.5,20234.0,20234.5,1138
2026-01-05 11:35:00,20234.5,20235.5,20234.25,20235.0,786
2026-01-05 11:36:00,20235.0,20235.0,20232.5,20234.5,1211
2026-01-05 11:37:00,20234.5,20234.75,20233.25,20233.5,665
2026-01-05 11:38:00,20233.5,20234.25,20232.5,20232.75,1524
2026-01-05 11:39:00,20232.75,20233.5,20232.5,20232.75,820
2026-01-05 11:40:00,20232.75,20234.25,20232.5,20232.5,897
2026-01-05 11:41:00,20232.5,20233.0,20232.25,20232.25,1735
2026-01-05 11:42:00,20232.25,20232.5,20232.25,20232.5,1153
2026-01-05 11:43:00,20232.5,20232.5,20232.25,20232.5,1210
2026-01-05 11:44:00,20232.5,20233.75,20232.0,20232.75,1337
2026-01-05 11:45:00,20232.75,20233.0,20231.75,20232.25,1113
2026-01-05 11:46:00,20232.25,20232.25,20231.75,20232.0,1321
2026-01-05 11:47:00,20232.0,20232.75,20232.0,20232.75,980
2026-01-05 11:48:00,20232.75,20232.75,20232.5,20232.5,1307
2026-01-05 11:49:00,20232.5,20232.75,20232.0,20232.25,1442
2026-01-05 11:50:00,20232.25,20234.25,20231.25,20233.75,1235
2026-01-05 11:51:00,20233.75,20234.25,20233.5,20233.75,1351
2026-01-05 11:52:00,20233.75,20234.0,20232.75,20233.25,1480
2026-01-05 11:53:00,20233.25,20234.25,20233.25,20233.75,1224
2026-01-05 11:54:00,20233.75,20234.25,20233.5,20234.0,693
2026-01-05 11:55:00,20234.0,20234.0,20232.0,20233.0,936
2026-01-05 11:56:00,20233.0,20234.0,20232.0,20233.75,1447
2026-01-05 11:57:00,20233.75,20234.25,20232.0,20232.75,1627
2026-01-05 11:58:00,20232.75,20233.25,20232.0,20233.0,691
2026-01-05 11:59:00,20233.0,20233.5,20231.25,20232.0,1794
2026-01-05 12:00:00,20232.0,20232.5,20231.75,20232.5,1000
2026-01-05 12:01:00,20232.5,20232.5,20231.75,20232.0,612
2026-01-05 12:02:00,20232.0,20232.25,20231.5,20232.0,1561
2026-01-05 12:03:00,20232.0,20233.25,20231.5,20232.75,1788
2026-01-05 12:04:00,20232.75,20233.25,20232.0,20232.5,1175
2026-01-05 12:05:00,20232.5,20233.0,20232.0,20232.75,1163
2026-01-05 12:06:00,20232.75,20234.0,20232.75,20233.5,833
2026-01-05 12:07:00,20233.5,20235.0,20232.25,20232.5,1188
2026-01-05 12:08:00,20232.5,20232.75,20232.25,20232.25,1267
2026-01-05 12:09:00,20232.25,20232.5,20231.5,20231.75,1378
2026-01-05 12:10:00,20231.75,20232.75,20231.25,20232.0,1717
2026-01-05 12:11:00,20232.0,20233.5,20231.5,20232.0,1613
2026-01-05 12:12:00,20232.0,20232.0,20231.0,20231.25,744
2026-01-05 12:13:00,20231.25,20231.5,20231.0,20231.5,1620
2026-01-05 12:14:00,20231.5,20232.0,20229.75,20232.0,610
2026-01-05 12:15:00,20232.0,20232.5,20231.75,20232.25,1006
2026-01-05 12:16:00,20232.25,20233.0,20232.0,20232.5,1279
2026-01-05 12:17:00,20232.5,20232.75,20231.0,20231.75,608
2026-01-05 12:18:00,20231.75,20232.75,20230.0,20232.0,1781
2026-01-05 12:19:00,20232.0,20233.5,20231.75,20231.75,1513
2026-01-05 12:20:00,20231.75,20232.0,20230.25,20231.0,1208
2026-01-05 12:21:00,20231.0,20233.75,20230.75,20232.0,1478
2026-01-05 12:22:00,20232.0,20232.0,20229.25,20231.0,1585
2026-01-05 12:23:00,20231.0,20232.25,20229.0,20230.75,1480
2026-01-05 12:24:00,20230.75,20231.25,20230.75,20231.0,990
2026-01-05 12:25:00,20231.0,20231.5,20229.5,20230.75,1773
2026-01-05 12:26:00,20230.75,20231.75,20230.75,20231.0,1133
2026-01-05 12:27:00,20231.0,20231.5,20230.25,20230.5,1587
2026-01-05 12:28:00,20230.5,20230.75,20229.75,20230.0,1388
2026-01-05 12:29:00,20230.0,20230.25,20230.0,20230.25,1528
2026-01-05 12:30:00,20230.25,20230.75,20229.75,20230.25,880
2026-01-05 12:31:00,20230.25,20231.5,20229.75,20230.5,1629
2026-01-05 12:32:00,20230.5,20231.0,20229.75,20230.0,1332
2026-01-05 12:33:00,20230.0,20231.75,20229.5,20231.5,1405
2026-01-05 12:34:00,20231.5,20232.0,20231.0,20231.25,1138
2026-01-05 12:35:00,20231.25,20231.5,20231.0,20231.5,1076
2026-01-05 12:36:00,20231.5,20233.75,20231.0,20232.75,1109
2026-01-05 12:37:00,20232.75,20233.5,20231.25,20232.75,1568
2026-01-05 12:38:00,20232.75,20233.0,20232.25,20232.5,672
2026-01-05 12:39:00,20232.5,20233.75,20232.5,20233.5,1070
2026-01-05 12:40:00,20233.5,20234.5,20232.75,20233.0,1265
2026-01-05 12:41:00,20233.0,20233.75,20232.5,20232.75,621
2026-01-05 12:42:00,20232.75,20233.25,20232.5,20232.5,1203
2026-01-05 12:43:00,20232.5,20233.75,20231.0,20231.5,1249
2026-01-05 12:44:00,20231.5,20232.5,20231.25,20232.0,1780
2026-01-05 12:45:00,20232.0,20232.25,20231.25,20231.25,1490
2026-01-05 12:46:00,20231.25,20231.5,20231.25,20231.5,1016
2026-01-05 12:47:00,20231.5,20231.5,20230.75,20231.5,1649
2026-01-05 12:48:00,20231.5,20231.75,20229.0,20231.25,1739
2026-01-05 12:49:00,20231.25,20231.5,20230.75,20231.0,1793
2026-01-05 12:50:00,20231.0,20232.5,20230.5,20230.75,983
2026-01-05 12:51:00,20230.75,20230.75,20227.5,20230.5,722
2026-01-05 12:52:00,20230.5,20230.5,20229.0,20229.0,952
2026-01-05 12:53:00,20229.0,20229.5,20228.75,20229.0,649
2026-01-05 12:54:00,20229.0,20229.0,20228.25,20229.0,1622
2026-01-05 12:55:00,20229.0,20229.0,20228.25,20228.5,733
2026-01-05 12:56:00,20228.5,20228.5,20228.0,20228.5,876
2026-01-05 12:57:00,20228.5,20228.75,20228.25,20228.5,1099
2026-01-05 12:58:00,20228.5,20229.75,20228.25,20229.0,635
2026-01-05 12:59:00,20229.0,20229.0,20228.75,20229.0,999
2026-01-05 13:00:00,20229.0,20229.25,20227.25,20228.5,1697
2026-01-05 13:01:00,20228.5,20229.0,20227.5,20229.0,1175
2026-01-05 13:02:00,20229.0,20229.0,20228.75,20229.0,1636
2026-01-05 13:03:00,20229.0,20229.25,20229.0,20229.25,1453
2026-01-05 13:04:00,20229.25,20229.75,20228.25,20228.25,1579
2026-01-05 13:05:00,20228.25,20230.0,20226.25,20229.0,637
2026-01-05 13:06:00,20229.0,20229.75,20229.0,20229.5,1192
2026-01-05 13:07:00,20229.5,20231.0,20229.0,20229.25,605
2026-01-05 13:08:00,20229.25,20229.5,20228.5,20228.75,898
2026-01-05 13:09:00,20228.75,20229.0,20227.25,20228.25,1702
2026-01-05 13:10:00,20228.25,20229.25,20228.0,20229.0,735
2026-01-05 13:11:00,20229.0,20229.5,20228.75,20229.5,1320
2026-01-05 13:12:00,20229.5,20231.0,20228.25,20229.25,1060
2026-01-05 13:13:00,20229.25,20230.5,20228.0,20230.25,622
2026-01-05 13:14:00,20230.25,20230.25,20229.75,20230.25,777
2026-01-05 13:15:00,20230.25,20230.5,20229.75,20230.5,1312
2026-01-05 13:16:00,20230.5,20231.25,20230.25,20230.5,917
2026-01-05 13:17:00,20230.5,20231.25,20230.0,20230.75,604
2026-01-05 13:18:00,20230.75,20230.75,20230.0,20230.75,798
2026-01-05 13:19:00,20230.75,20231.25,20230.5,20231.0,1346
2026-01-05 13:20:00,20231.0,20231.5,20231.0,20231.5,827
2026-01-05 13:21:00,20231.5,20232.5,20230.0,20231.5,621
2026-01-05 13:22:00,20231.5,20231.75,20231.0,20231.75,1230
2026-01-05 13:23:00,20231.75,20232.25,20231.0,20231.75,1075
2026-01-05 13:24:00,20231.75,20232.25,20231.25,20231.75,1709
2026-01-05 13:25:00,20231.75,20231.75,20231.0,20231.5,1217
2026-01-05 13:26:00,20231.5,20231.75,20231.0,20231.75,1388
2026-01-05 13:27:00,20231.75,20231.75,20228.25,20231.5,1074
2026-01-05 13:28:00,20231.5,20232.75,20230.0,20230.75,1780
2026-01-05 13:29:00,20230.75,20230.75,20230.25,20230.75,1695
2026-01-05 13:30:00,20230.75,20232.0,20227.5,20227.75,1630
2026-01-05 13:31:00,20227.75,20229.5,20226.0,20226.5,3328
2026-01-05 13:32:00,20226.5,20227.0,20225.75,20226.25,3639
2026-01-05 13:33:00,20226.25,20227.75,20225.75,20226.0,3475
2026-01-05 13:34:00,20226.0,20226.75,20225.25,20226.0,3492
2026-01-05 13:35:00,20226.0,20229.75,20225.5,20229.5,3270
2026-01-05 13:36:00,20229.5,20230.75,20229.0,20229.0,1426
2026-01-05 13:37:00,20229.0,20229.5,20228.75,20229.0,2964
2026-01-05 13:38:00,20229.0,20230.25,20228.75,20229.5,2263
2026-01-05 13:39:00,20229.5,20232.75,20226.5,20228.0,1823
2026-01-05 13:40:00,20228.0,20229.25,20227.75,20229.0,2293
2026-01-05 13:41:00,20229.0,20229.75,20228.25,20228.25,2123
2026-01-05 13:42:00,20228.25,20233.5,20228.0,20229.0,1422
2026-01-05 13:43:00,20229.0,20229.75,20226.25,20226.75,2651
2026-01-05 13:44:00,20226.75,20227.0,20226.0,20226.75,2212
2026-01-05 13:45:00,20226.75,20227.0,20225.0,20225.5,3388
2026-01-05 13:46:00,20225.5,20226.0,20221.75,20222.75,1978
2026-01-05 13:47:00,20222.75,20223.0,20221.5,20222.25,2837
2026-01-05 13:48:00,20222.25,20223.75,20220.0,20223.5,2581
2026-01-05 13:49:00,20223.5,20224.75,20223.0,20224.0,1816
2026-01-05 13:50:00,20224.0,20224.25,20222.75,20223.75,1688
2026-01-05 13:51:00,20223.75,20227.75,20223.75,20226.0,3376
2026-01-05 13:52:00,20226.0,20226.0,20224.25,20224.75,2400
2026-01-05 13:53:00,20224.75,20225.5,20224.25,20225.25,2087
2026-01-05 13:54:00,20225.25,20227.25,20224.75,20226.75,1748
2026-01-05 13:55:00,20226.75,20227.0,20223.5,20224.75,3613
2026-01-05 13:56:00,20224.75,20225.25,20224.0,20224.0,1593
2026-01-05 13:57:00,20224.0,20225.25,20223.0,20223.75,3708
2026-01-05 13:58:00,20223.75,20225.25,20223.5,20223.75,2339
2026-01-05 13:59:00,20223.75,20224.75,20223.5,20224.5,1742
2026-01-05 14:00:00,20224.5,20227.5,20224.0,20225.5,3673
2026-01-05 14:01:00,20225.5,20226.75,20225.25,20226.0,1478
2026-01-05 14:02:00,20226.0,20227.5,20225.0,20226.25,2774
2026-01-05 14:03:00,20226.25,20227.5,20225.75,20226.75,2782
2026-01-05 14:04:00,20226.75,20230.75,20225.75,20228.25,2853
2026-01-05 14:05:00,20228.25,20229.25,20227.75,20228.25,1530
2026-01-05 14:06:00,20228.25,20229.25,20227.25,20227.25,1947
2026-01-05 14:07:00,20227.25,20228.0,20225.75,20225.75,3801
2026-01-05 14:08:00,20225.75,20226.0,20225.25,20225.75,2433
2026-01-05 14:09:00,20225.75,20228.25,20225.25,20226.0,2591
2026-01-05 14:10:00,20226.0,20227.5,20225.25,20227.25,2476
2026-01-05 14:11:00,20227.25,20229.75,20226.5,20227.75,3288
2026-01-05 14:12:00,20227.75,20230.25,20227.75,20228.5,2845
2026-01-05 14:13:00,20228.5,20231.0,20226.75,20227.0,1860
2026-01-05 14:14:00,20227.0,20229.5,20226.5,20226.75,2122
2026-01-05 14:15:00,20226.75,20229.0,20225.75,20228.5,3978
2026-01-05 14:16:00,20228.5,20229.0,20227.25,20229.0,2424
2026-01-05 14:17:00,20229.0,20230.25,20228.75,20229.25,2448
2026-01-05 14:18:00,20229.25,20229.25,20228.0,20228.75,2447
2026-01-05 14:19:00,20228.75,20229.75,20228.0,20229.25,2290
2026-01-05 14:20:00,20229.25,20230.0,20229.0,20229.75,3305
2026-01-05 14:21:00,20229.75,20231.5,20229.0,20229.25,3123
2026-01-05 14:22:00,20229.25,20229.75,20229.0,20229.25,3774
2026-01-05 14:23:00,20229.25,20230.5,20228.0,20230.0,3136
2026-01-05 14:24:00,20230.0,20232.25,20229.5,20230.75,3328
2026-01-05 14:25:00,20230.75,20231.0,20227.25,20228.25,1926
2026-01-05 14:26:00,20228.25,20230.5,20227.5,20229.5,1566
2026-01-05 14:27:00,20229.5,20230.25,20227.75,20230.0,2233
2026-01-05 14:28:00,20230.0,20232.25,20228.75,20229.5,3902
2026-01-05 14:29:00,20229.5,20230.0,20228.5,20228.5,2986
2026-01-05 14:30:00,20228.5,20228.75,20226.0,20227.75,2551
2026-01-05 14:31:00,20227.75,20229.25,20227.0,20228.25,3043
2026-01-05 14:32:00,20228.25,20228.75,20227.75,20228.0,1454
2026-01-05 14:33:00,20228.0,20228.25,20225.0,20226.5,3336
2026-01-05 14:34:00,20226.5,20228.0,20226.25,20226.75,3047
2026-01-05 14:35:00,20226.75,20230.75,20226.0,20228.25,2152
2026-01-05 14:36:00,20228.25,20228.75,20226.5,20228.25,2884
2026-01-05 14:37:00,20228.25,20230.25,20227.5,20229.75,1836
2026-01-05 14:38:00,20229.75,20230.0,20229.25,20229.5,2972
2026-01-05 14:39:00,20229.5,20233.25,20227.0,20232.5,1700
2026-01-05 14:40:00,20232.5,20233.75,20231.75,20232.25,3044
2026-01-05 14:41:00,20232.25,20232.75,20232.0,20232.25,1581
2026-01-05 14:42:00,20232.25,20233.5,20232.0,20233.0,3248
2026-01-05 14:43:00,20233.0,20234.0,20232.5,20233.0,3564
2026-01-05 14:44:00,20233.0,20234.5,20232.75,20234.25,1403
2026-01-05 14:45:00,20234.25,20235.75,20234.25,20235.5,3979
2026-01-05 14:46:00,20235.5,20235.75,20233.25,20234.25,2358
2026-01-05 14:47:00,20234.25,20235.0,20232.5,20233.25,3147
2026-01-05 14:48:00,20233.25,20233.5,20231.25,20233.0,2011
2026-01-05 14:49:00,20233.0,20235.5,20233.0,20233.0,3346
2026-01-05 14:50:00,20233.0,20233.5,20233.0,20233.5,2247
2026-01-05 14:51:00,20233.5,20233.75,20232.25,20233.5,1799
2026-01-05 14:52:00,20233.5,20234.75,20233.0,20233.25,1656
2026-01-05 14:53:00,20233.25,20237.25,20232.0,20233.0,1490
2026-01-05 14:54:00,20233.0,20233.0,20231.0,20232.25,2838
2026-01-05 14:55:00,20232.25,20234.0,20232.0,20233.75,2801
2026-01-05 14:56:00,20233.75,20235.0,20232.0,20233.75,1923
2026-01-05 14:57:00,20233.75,20234.0,20230.5,20231.5,2710
2026-01-05 14:58:00,20231.5,20232.25,20231.25,20232.0,3900
2026-01-05 14:59:00,20232.0,20234.0,20231.25,20233.25,1709
2026-01-05 15:00:00,20233.25,20234.5,20232.5,20234.0,3968
2026-01-05 15:01:00,20234.0,20236.75,20233.75,20235.75,3099
2026-01-05 15:02:00,20235.75,20236.5,20234.0,20235.25,3004
2026-01-05 15:03:00,20235.25,20236.0,20228.5,20234.25,1974
2026-01-05 15:04:00,20234.25,20234.5,20233.5,20233.75,2364
2026-01-05 15:05:00,20233.75,20234.0,20230.75,20231.75,3247
2026-01-05 15:06:00,20231.75,20232.0,20229.5,20230.0,2072
2026-01-05 15:07:00,20230.0,20231.25,20229.75,20230.5,3370
2026-01-05 15:08:00,20230.5,20230.5,20229.5,20229.5,2571
2026-01-05 15:09:00,20229.5,20230.0,20227.0,20228.0,2866
2026-01-05 15:10:00,20228.0,20228.75,20227.5,20227.75,3423
2026-01-05 15:11:00,20227.75,20227.75,20227.25,20227.5,1847
2026-01-05 15:12:00,20227.5,20228.75,20225.75,20226.25,2632
2026-01-05 15:13:00,20226.25,20226.5,20224.25,20225.0,2923
2026-01-05 15:14:00,20225.0,20226.0,20224.0,20225.0,2755
2026-01-05 15:15:00,20225.0,20225.0,20223.75,20224.25,1857
2026-01-05 15:16:00,20224.25,20225.5,20221.0,20225.25,2289
2026-01-05 15:17:00,20225.25,20225.25,20224.5,20224.5,2088
2026-01-05 15:18:00,20224.5,20224.5,20220.75,20222.0,1532
2026-01-05 15:19:00,20222.0,20223.25,20220.5,20222.0,1699
2026-01-05 15:20:00,20222.0,20223.0,20220.25,20221.0,1772
2026-01-05 15:21:00,20221.0,20221.75,20219.75,20220.25,3991
2026-01-05 15:22:00,20220.25,20220.5,20215.75,20219.0,3804
2026-01-05 15:23:00,20219.0,20219.25,20215.5,20216.5,1842
2026-01-05 15:24:00,20216.5,20217.0,20216.25,20216.5,3466
2026-01-05 15:25:00,20216.5,20218.5,20215.5,20218.25,2920
2026-01-05 15:26:00,20218.25,20218.5,20216.25,20217.75,2901
2026-01-05 15:27:00,20217.75,20218.75,20216.75,20217.25,2332
2026-01-05 15:28:00,20217.25,20219.0,20216.5,20218.25,3409
2026-01-05 15:29:00,20218.25,20220.5,20217.25,20218.5,2256
2026-01-05 15:30:00,20218.5,20219.0,20218.0,20218.5,8351
2026-01-05 15:31:00,20218.5,20220.75,20218.0,20220.25,5228
2026-01-05 15:32:00,20220.25,20220.75,20219.5,20220.25,7402
2026-01-05 15:33:00,20220.25,20221.5,20218.75,20221.5,6313
2026-01-05 15:34:00,20221.5,20224.75,20221.25,20224.0,8461
2026-01-05 15:35:00,20224.0,20224.0,20223.5,20224.0,3762
2026-01-05 15:36:00,20224.0,20225.5,20221.0,20223.75,8067
2026-01-05 15:37:00,20223.75,20225.25,20220.25,20220.25,6313
2026-01-05 15:38:00,20220.25,20221.0,20216.5,20218.0,6339
2026-01-05 15:39:00,20218.0,20220.0,20217.25,20219.5,7433
2026-01-05 15:40:00,20219.5,20220.25,20213.75,20216.0,5673
2026-01-05 15:41:00,20216.0,20216.75,20212.0,20213.25,7374
2026-01-05 15:42:00,20213.25,20214.0,20212.25,20213.25,8155
2026-01-05 15:43:00,20213.25,20216.0,20211.75,20214.25,6471
2026-01-05 15:44:00,20214.25,20215.0,20209.5,20212.5,6690
2026-01-05 15:45:00,20212.5,20212.75,20210.75,20212.0,8410
2026-01-05 15:46:00,20212.0,20213.75,20211.5,20212.75,4606
2026-01-05 15:47:00,20212.75,20213.0,20211.0,20212.5,7688
2026-01-05 15:48:00,20212.5,20213.75,20210.5,20211.25,5668
2026-01-05 15:49:00,20211.25,20211.25,20208.5,20208.5,6950
2026-01-05 15:50:00,20208.5,20209.25,20205.0,20205.75,8305
2026-01-05 15:51:00,20205.75,20206.0,20199.0,20202.5,6111
2026-01-05 15:52:00,20202.5,20205.5,20202.25,20203.25,4493
2026-01-05 15:53:00,20203.25,20205.0,20201.25,20204.25,5524
2026-01-05 15:54:00,20204.25,20205.0,20201.0,20205.0,5299
2026-01-05 15:55:00,20205.0,20206.5,20203.0,20203.25,5645
2026-01-05 15:56:00,20203.25,20208.75,20203.0,20204.75,4517
2026-01-05 15:57:00,20204.75,20210.75,20204.25,20205.75,7028
2026-01-05 15:58:00,20205.75,20209.25,20205.25,20209.0,4913
2026-01-05 15:59:00,20209.0,20211.5,20207.0,20208.25,3799
2026-01-06 09:30:00,20208.25,20208.5,20204.5,20204.75,8935
2026-01-06 09:31:00,20204.75,20206.5,20204.5,20205.5,3378
2026-01-06 09:32:00,20205.5,20210.5,20202.0,20207.5,7043
2026-01-06 09:33:00,20207.5,20210.75,20205.0,20207.25,8203
2026-01-06 09:34:00,20207.25,20209.5,20206.75,20207.75,5328
2026-01-06 09:35:00,20207.75,20209.25,20199.25,20201.75,6260
2026-01-06 09:36:00,20201.75,20202.25,20201.25,20201.75,4679
2026-01-06 09:37:00,20201.75,20205.25,20195.75,20202.25,5169
2026-01-06 09:38:00,20202.25,20202.5,20200.75,20201.0,8010
2026-01-06 09:39:00,20201.0,20205.25,20200.5,20204.75,6673
2026-01-06 09:40:00,20204.75,20205.25,20201.75,20201.75,6985
2026-01-06 09:41:00,20201.75,20202.0,20200.75,20201.25,8617
2026-01-06 09:42:00,20201.25,20202.0,20200.0,20201.75,3891
2026-01-06 09:43:00,20201.75,20205.25,20200.75,20202.75,6411
2026-01-06 09:44:00,20202.75,20206.25,20202.25,20205.25,6911
2026-01-06 09:45:00,20205.25,20211.0,20204.75,20209.75,8184
2026-01-06 09:46:00,20209.75,20211.5,20208.5,20209.25,8096
2026-01-06 09:47:00,20209.25,20214.5,20203.5,20212.0,5269
2026-01-06 09:48:00,20212.0,20214.75,20212.0,20213.75,3972
2026-01-06 09:49:00,20213.75,20214.0,20213.0,20213.0,5608
2026-01-06 09:50:00,20213.0,20214.5,20212.25,20213.5,6533
2026-01-06 09:51:00,20213.5,20214.0,20206.25,20207.5,5985
2026-01-06 09:52:00,20207.5,20212.25,20207.0,20208.25,8530
2026-01-06 09:53:00,20208.25,20208.25,20205.0,20208.0,5530
2026-01-06 09:54:00,20208.0,20210.5,20207.0,20207.25,3103
2026-01-06 09:55:00,20207.25,20208.75,20202.25,20208.25,5814
2026-01-06 09:56:00,20208.25,20210.75,20206.25,20208.0,8420
2026-01-06 09:57:00,20208.0,20214.25,20206.75,20211.5,5569
2026-01-06 09:58:00,20211.5,20212.5,20208.25,20209.75,8579
2026-01-06 09:59:00,20209.75,20212.25,20206.25,20209.75,8763
2026-01-06 10:00:00,20209.75,20209.75,20207.25,20207.5,3097
2026-01-06 10:01:00,20207.5,20209.0,20204.25,20207.5,2146
2026-01-06 10:02:00,20207.5,20211.25,20207.25,20210.0,3697
2026-01-06 10:03:00,20210.0,20212.0,20209.5,20212.0,2317
2026-01-06 10:04:00,20212.0,20213.25,20211.75,20212.25,2067
2026-01-06 10:05:00,20212.25,20213.75,20212.0,20213.25,4148
2026-01-06 10:06:00,20213.25,20213.5,20211.25,20212.5,2667
2026-01-06 10:07:00,20212.5,20212.75,20209.5,20211.25,2320
2026-01-06 10:08:00,20211.25,20212.5,20207.75,20209.75,2220
2026-01-06 10:09:00,20209.75,20210.25,20208.0,20209.0,3846
2026-01-06 10:10:00,20209.0,20209.25,20208.25,20208.75,2045
2026-01-06 10:11:00,20208.75,20209.5,20208.5,20208.5,2029
2026-01-06 10:12:00,20208.5,20210.0,20208.25,20209.0,2596
2026-01-06 10:13:00,20209.0,20210.25,20206.25,20207.0,1892
2026-01-06 10:14:00,20207.0,20208.25,20204.75,20206.5,2594
2026-01-06 10:15:00,20206.5,20207.5,20205.75,20206.25,2993
2026-01-06 10:16:00,20206.25,20208.75,20204.75,20206.0,3780
2026-01-06 10:17:00,20206.0,20207.5,20204.5,20206.5,1743
2026-01-06 10:18:00,20206.5,20209.5,20205.25,20208.75,3427
2026-01-06 10:19:00,20208.75,20210.0,20205.75,20206.75,4009
2026-01-06 10:20:00,20206.75,20207.75,20205.0,20206.5,1884
2026-01-06 10:21:00,20206.5,20208.75,20204.25,20204.25,2704
2026-01-06 10:22:00,20204.25,20204.25,20199.25,20202.25,2146
2026-01-06 10:23:00,20202.25,20202.75,20201.0,20201.75,2009
2026-01-06 10:24:00,20201.75,20202.75,20201.5,20202.5,3512
2026-01-06 10:25:00,20202.5,20202.75,20200.5,20202.0,2075
2026-01-06 10:26:00,20202.0,20202.25,20199.5,20200.75,4497
2026-01-06 10:27:00,20200.75,20201.25,20198.0,20200.75,3943
2026-01-06 10:28:00,20200.75,20201.5,20199.25,20200.5,3598
2026-01-06 10:29:00,20200.5,20200.75,20198.75,20198.75,2259
2026-01-06 10:30:00,20198.75,20198.75,20196.0,20196.0,3215
2026-01-06 10:31:00,20196.0,20196.25,20195.75,20195.75,3213
2026-01-06 10:32:00,20195.75,20196.5,20193.5,20193.75,1921
2026-01-06 10:33:00,20193.75,20194.25,20192.0,20192.5,2685
2026-01-06 10:34:00,20192.5,20193.25,20190.75,20192.25,3723
2026-01-06 10:35:00,20192.25,20193.25,20191.5,20192.75,4085
2026-01-06 10:36:00,20192.75,20195.25,20192.5,20194.0,1760
2026-01-06 10:37:00,20194.0,20194.5,20193.5,20193.5,3763
2026-01-06 10:38:00,20193.5,20196.0,20192.5,20193.25,2076
2026-01-06 10:39:00,20193.25,20193.5,20192.75,20192.75,3888
2026-01-06 10:40:00,20192.75,20193.5,20188.5,20193.25,1570
2026-01-06 10:41:00,20193.25,20193.75,20193.25,20193.5,4331
2026-01-06 10:42:00,20193.5,20194.75,20192.75,20194.25,3859
2026-01-06 10:43:00,20194.25,20196.25,20192.25,20196.0,3417
2026-01-06 10:44:00,20196.0,20198.0,20194.75,20195.0,3124
2026-01-06 10:45:00,20195.0,20196.25,20193.5,20195.25,2417
2026-01-06 10:46:00,20195.25,20195.5,20194.25,20195.25,4425
2026-01-06 10:47:00,20195.25,20197.5,20194.75,20195.75,2823
2026-01-06 10:48:00,20195.75,20196.25,20191.0,20194.0,2770
2026-01-06 10:49:00,20194.0,20196.75,20190.0,20195.25,1853
2026-01-06 10:50:00,20195.25,20197.75,20194.0,20196.75,4383
2026-01-06 10:51:00,20196.75,20197.0,20195.75,20196.5,4239
2026-01-06 10:52:00,20196.5,20198.5,20194.75,20197.25,2861
2026-01-06 10:53:00,20197.25,20197.5,20195.0,20195.75,4381
2026-01-06 10:54:00,20195.75,20195.75,20188.5,20194.75,1713
2026-01-06 10:55:00,20194.75,20199.0,20194.0,20195.0,4459
2026-01-06 10:56:00,20195.0,20195.75,20192.25,20195.0,3330
2026-01-06 10:57:00,20195.0,20195.25,20191.25,20193.0,4439
2026-01-06 10:58:00,20193.0,20194.0,20191.25,20192.5,4304
2026-01-06 10:59:00,20192.5,20193.0,20191.75,20191.75,3988
2026-01-06 11:00:00,20191.75,20191.75,20189.75,20191.0,2857
2026-01-06 11:01:00,20191.0,20192.0,20190.5,20192.0,2544
2026-01-06 11:02:00,20192.0,20193.25,20189.5,20190.25,3116
2026-01-06 11:03:00,20190.25,20190.5,20185.25,20188.75,2272
2026-01-06 11:04:00,20188.75,20188.75,20182.75,20186.5,3897
2026-01-06 11:05:00,20186.5,20188.25,20184.25,20185.75,2237
2026-01-06 11:06:00,20185.75,20189.25,20184.75,20188.0,4284
2026-01-06 11:07:00,20188.0,20189.75,20185.25,20189.25,3094
2026-01-06 11:08:00,20189.25,20190.25,20185.75,20190.0,1674
2026-01-06 11:09:00,20190.0,20190.75,20189.75,20190.0,2548
2026-01-06 11:10:00,20190.0,20190.25,20188.0,20188.25,3983
2026-01-06 11:11:00,20188.25,20190.0,20187.25,20187.5,2007
2026-01-06 11:12:00,20187.5,20188.25,20185.25,20186.25,1590
2026-01-06 11:13:00,20186.25,20186.75,20185.0,20186.25,1897
2026-01-06 11:14:00,20186.25,20187.75,20184.25,20184.5,2819
2026-01-06 11:15:00,20184.5,20184.75,20181.75,20182.75,3066
2026-01-06 11:16:00,20182.75,20183.5,20181.5,20182.25,3844
2026-01-06 11:17:00,20182.25,20183.0,20179.0,20180.5,2282
2026-01-06 11:18:00,20180.5,20181.75,20180.25,20180.75,4144
2026-01-06 11:19:00,20180.75,20182.0,20178.5,20179.75,1733
2026-01-06 11:20:00,20179.75,20181.5,20179.25,20181.0,4454
2026-01-06 11:21:00,20181.0,20184.75,20180.75,20183.5,3206
2026-01-06 11:22:00,20183.5,20186.0,20182.25,20182.5,2482
2026-01-06 11:23:00,20182.5,20182.75,20180.75,20181.25,3580
2026-01-06 11:24:00,20181.25,20183.5,20179.5,20180.0,4488
2026-01-06 11:25:00,20180.0,20181.75,20179.0,20179.5,2167
2026-01-06 11:26:00,20179.5,20183.0,20178.75,20181.5,4382
2026-01-06 11:27:00,20181.5,20182.25,20179.0,20179.75,2917
2026-01-06 11:28:00,20179.75,20181.0,20179.25,20180.75,4496
2026-01-06 11:29:00,20180.75,20181.5,20178.75,20179.5,3712
2026-01-06 11:30:00,20179.5,20179.5,20178.25,20178.5,1761
2026-01-06 11:31:00,20178.5,20178.5,20177.25,20177.5,1754
2026-01-06 11:32:00,20177.5,20177.5,20176.25,20176.25,1039
2026-01-06 11:33:00,20176.25,20176.75,20176.0,20176.0,1523
2026-01-06 11:34:00,20176.0,20176.5,20175.5,20176.25,1082
2026-01-06 11:35:00,20176.25,20176.5,20176.0,20176.25,1351
2026-01-06 11:36:00,20176.25,20176.25,20175.75,20176.25,1733
2026-01-06 11:37:00,20176.25,20176.5,20175.25,20176.25,1200
2026-01-06 11:38:00,20176.25,20177.5,20175.5,20176.75,1500
2026-01-06 11:39:00,20176.75,20177.25,20175.25,20175.5,1792
2026-01-06 11:40:00,20175.5,20175.75,20174.75,20175.0,1054
2026-01-06 11:41:00,20175.0,20177.0,20174.75,20175.75,1234
2026-01-06 11:42:00,20175.75,20176.25,20175.5,20176.0,645
2026-01-06 11:43:00,20176.0,20176.25,20175.75,20176.0,985
2026-01-06 11:44:00,20176.0,20176.25,20175.5,20175.5,1569
2026-01-06 11:45:00,20175.5,20175.75,20174.25,20174.5,1000
2026-01-06 11:46:00,20174.5,20174.5,20173.5,20173.75,725
2026-01-06 11:47:00,20173.75,20174.0,20173.25,20173.25,1511
2026-01-06 11:48:00,20173.25,20174.0,20173.25,20173.5,1424
2026-01-06 11:49:00,20173.5,20174.0,20173.0,20174.0,677
2026-01-06 11:50:00,20174.0,20174.0,20173.0,20173.25,874
2026-01-06 11:51:00,20173.25,20173.25,20173.0,20173.25,1133
2026-01-06 11:52:00,20173.25,20173.25,20172.75,20173.0,1312
2026-01-06 11:53:00,20173.0,20173.25,20172.5,20172.5,1684
2026-01-06 11:54:00,20172.5,20172.75,20171.0,20171.25,1751
2026-01-06 11:55:00,20171.25,20172.5,20171.25,20172.0,1743
2026-01-06 11:56:00,20172.0,20172.0,20171.5,20171.75,725
2026-01-06 11:57:00,20171.75,20172.0,20171.75,20171.75,1022
2026-01-06 11:58:00,20171.75,20172.0,20171.0,20172.0,1226
2026-01-06 11:59:00,20172.0,20172.5,20171.25,20171.25,1572
2026-01-06 12:00:00,20171.25,20171.5,20170.25,20170.25,1637
2026-01-06 12:01:00,20170.25,20171.25,20169.5,20169.5,868
2026-01-06 12:02:00,20169.5,20170.25,20167.25,20169.25,1330
2026-01-06 12:03:00,20169.25,20170.25,20169.0,20169.25,1715
2026-01-06 12:04:00,20169.25,20170.0,20168.75,20168.75,835
2026-01-06 12:05:00,20168.75,20168.75,20165.0,20167.0,1687
2026-01-06 12:06:00,20167.0,20167.75,20165.5,20167.5,1177
2026-01-06 12:07:00,20167.5,20168.0,20165.75,20166.75,1100
2026-01-06 12:08:00,20166.75,20167.0,20166.5,20166.75,1228
2026-01-06 12:09:00,20166.75,20166.75,20166.0,20166.0,1166
2026-01-06 12:10:00,20166.0,20166.5,20165.5,20165.75,1052
2026-01-06 12:11:00,20165.75,20166.0,20164.25,20164.75,863
2026-01-06 12:12:00,20164.75,20165.75,20163.5,20164.25,839
2026-01-06 12:13:00,20164.25,20164.75,20163.75,20164.25,1622
2026-01-06 12:14:00,20164.25,20164.75,20162.75,20163.0,1250
2026-01-06 12:15:00,20163.0,20163.25,20161.75,20162.5,780
2026-01-06 12:16:00,20162.5,20163.25,20161.25,20161.25,768
2026-01-06 12:17:00,20161.25,20161.25,20160.0,20160.5,942
2026-01-06 12:18:00,20160.5,20161.25,20160.0,20160.0,901
2026-01-06 12:19:00,20160.0,20160.0,20159.5,20159.75,1380
2026-01-06 12:20:00,20159.75,20160.0,20159.5,20159.75,759
2026-01-06 12:21:00,20159.75,20160.25,20159.75,20160.25,656
2026-01-06 12:22:00,20160.25,20161.5,20159.75,20161.25,1110
2026-01-06 12:23:00,20161.25,20161.25,20159.75,20160.0,638
2026-01-06 12:24:00,20160.0,20160.5,20160.0,20160.0,1002
2026-01-06 12:25:00,20160.0,20160.25,20159.75,20159.75,1147
2026-01-06 12:26:00,20159.75,20160.25,20159.25,20159.25,1358
2026-01-06 12:27:00,20159.25,20160.0,20159.25,20159.5,1218
2026-01-06 12:28:00,20159.5,20159.5,20159.5,20159.5,1775
2026-01-06 12:29:00,20159.5,20159.75,20159.25,20159.25,1321
2026-01-06 12:30:00,20159.25,20159.5,20159.0,20159.5,1039
2026-01-06 12:31:00,20159.5,20160.0,20158.5,20160.0,1133
2026-01-06 12:32:00,20160.0,20160.75,20159.25,20160.25,723
2026-01-06 12:33:00,20160.25,20160.75,20160.25,20160.5,1611
2026-01-06 12:34:00,20160.5,20161.25,20160.25,20160.5,1471
2026-01-06 12:35:00,20160.5,20161.5,20160.25,20160.75,1734
2026-01-06 12:36:00,20160.75,20161.0,20160.25,20160.75,1784
2026-01-06 12:37:00,20160.75,20160.75,20159.25,20159.75,1765
2026-01-06 12:38:00,20159.75,20160.5,20159.0,20159.5,1635
2026-01-06 12:39:00,20159.5,20159.75,20159.25,20159.75,1067
2026-01-06 12:40:00,20159.75,20160.0,20157.75,20159.5,1275
2026-01-06 12:41:00,20159.5,20159.75,20159.25,20159.5,840
2026-01-06 12:42:00,20159.5,20159.5,20158.25,20159.0,964
2026-01-06 12:43:00,20159.0,20159.5,20159.0,20159.25,1460
2026-01-06 12:44:00,20159.25,20160.0,20158.5,20159.75,1277
2026-01-06 12:45:00,20159.75,20160.0,20159.5,20159.75,1193
2026-01-06 12:46:00,20159.75,20160.5,20158.25,20159.25,871
2026-01-06 12:47:00,20159.25,20159.5,20159.0,20159.25,1327
2026-01-06 12:48:00,20159.25,20159.75,20159.25,20159.75,1538
2026-01-06 12:49:00,20159.75,20159.75,20159.5,20159.5,813
2026-01-06 12:50:00,20159.5,20159.5,20159.0,20159.25,1511
2026-01-06 12:51:00,20159.25,20159.5,20158.25,20158.5,888
2026-01-06 12:52:00,20158.5,20158.5,20157.75,20158.0,1776
2026-01-06 12:53:00,20158.0,20158.75,20155.75,20157.25,1006
2026-01-06 12:54:00,20157.25,20158.25,20155.75,20156.75,1558
2026-01-06 12:55:00,20156.75,20158.0,20156.25,20157.0,1238
2026-01-06 12:56:00,20157.0,20157.75,20156.0,20157.5,746
2026-01-06 12:57:00,20157.5,20157.5,20156.0,20156.25,1520
2026-01-06 12:58:00,20156.25,20156.75,20155.25,20156.0,760
2026-01-06 12:59:00,20156.0,20156.25,20155.0,20155.25,641
2026-01-06 13:00:00,20155.25,20155.5,20155.25,20155.5,1774
2026-01-06 13:01:00,20155.5,20156.0,20154.25,20155.75,1097
2026-01-06 13:02:00,20155.75,20156.0,20155.25,20155.75,822
2026-01-06 13:03:00,20155.75,20156.0,20155.5,20155.75,924
2026-01-06 13:04:00,20155.75,20156.25,20155.25,20155.75,1049
2026-01-06 13:05:00,20155.75,20156.0,20155.75,20156.0,1203
2026-01-06 13:06:00,20156.0,20160.0,20155.5,20155.75,1403
2026-01-06 13:07:00,20155.75,20155.75,20154.75,20155.75,1763
2026-01-06 13:08:00,20155.75,20156.0,20155.5,20155.5,963
2026-01-06 13:09:00,20155.5,20156.0,20155.5,20155.75,1300
2026-01-06 13:10:00,20155.75,20156.25,20155.75,20156.25,1004
2026-01-06 13:11:00,20156.25,20156.75,20156.0,20156.25,1317
2026-01-06 13:12:00,20156.25,20156.25,20156.0,20156.25,1079
2026-01-06 13:13:00,20156.25,20156.25,20155.0,20155.75,1724
2026-01-06 13:14:00,20155.75,20156.25,20155.0,20155.0,1165
2026-01-06 13:15:00,20155.0,20155.5,20155.0,20155.25,787
2026-01-06 13:16:00,20155.25,20155.75,20154.5,20154.75,1301
2026-01-06 13:17:00,20154.75,20155.5,20153.75,20154.0,1715
2026-01-06 13:18:00,20154.0,20154.5,20154.0,20154.0,1261
2026-01-06 13:19:00,20154.0,20154.5,20153.75,20154.25,1678
2026-01-06 13:20:00,20154.25,20155.25,20152.25,20153.0,1306
2026-01-06 13:21:00,20153.0,20153.0,20152.75,20153.0,1386
2026-01-06 13:22:00,20153.0,20153.5,20152.75,20153.25,1726
2026-01-06 13:23:00,20153.25,20153.5,20152.25,20152.5,1042
2026-01-06 13:24:00,20152.5,20152.75,20151.5,20152.25,825
2026-01-06 13:25:00,20152.25,20153.5,20150.5,20151.75,836
2026-01-06 13:26:00,20151.75,20153.25,20150.75,20152.0,620
2026-01-06 13:27:00,20152.0,20152.5,20151.5,20151.75,1054
2026-01-06 13:28:00,20151.75,20152.75,20151.75,20152.25,1453
2026-01-06 13:29:00,20152.25,20153.5,20152.25,20153.25,1114
2026-01-06 13:30:00,20153.25,20155.5,20151.5,20153.0,3231
2026-01-06 13:31:00,20153.0,20153.25,20152.75,20153.0,3353
2026-01-06 13:32:00,20153.0,20153.0,20148.0,20151.75,2936
2026-01-06 13:33:00,20151.75,20153.75,20151.5,20152.25,3590
2026-01-06 13:34:00,20152.25,20152.5,20149.0,20151.0,2669
2026-01-06 13:35:00,20151.0,20151.0,20147.5,20150.0,2492
2026-01-06 13:36:00,20150.0,20150.5,20148.0,20149.0,3249
2026-01-06 13:37:00,20149.0,20149.25,20147.25,20148.0,3386
2026-01-06 13:38:00,20148.0,20149.5,20147.25,20147.25,2976
2026-01-06 13:39:00,20147.25,20149.0,20145.25,20147.0,2177
2026-01-06 13:40:00,20147.0,20148.0,20146.5,20147.75,2214
2026-01-06 13:41:00,20147.75,20148.0,20146.0,20146.25,3366
2026-01-06 13:42:00,20146.25,20148.0,20145.25,20146.75,2161
2026-01-06 13:43:00,20146.75,20147.0,20145.75,20146.5,2955
2026-01-06 13:44:00,20146.5,20147.5,20144.5,20146.25,2114
2026-01-06 13:45:00,20146.25,20146.75,20145.25,20146.75,1853
2026-01-06 13:46:00,20146.75,20147.0,20146.5,20146.75,3339
2026-01-06 13:47:00,20146.75,20147.0,20144.25,20144.5,1608
2026-01-06 13:48:00,20144.5,20145.75,20143.0,20144.75,2212
2026-01-06 13:49:00,20144.75,20146.0,20144.5,20145.5,3549
2026-01-06 13:50:00,20145.5,20146.0,20144.5,20146.0,3098
2026-01-06 13:51:00,20146.0,20147.75,20145.25,20145.5,1579
2026-01-06 13:52:00,20145.5,20145.5,20144.5,20144.5,3975
2026-01-06 13:53:00,20144.5,20146.0,20143.75,20144.0,3642
2026-01-06 13:54:00,20144.0,20144.75,20143.25,20144.25,2622
2026-01-06 13:55:00,20144.25,20145.0,20144.25,20144.25,2825
2026-01-06 13:56:00,20144.25,20144.75,20142.5,20144.5,2887
2026-01-06 13:57:00,20144.5,20146.0,20144.0,20145.0,3559
2026-01-06 13:58:00,20145.0,20148.0,20144.75,20147.5,3551
2026-01-06 13:59:00,20147.5,20149.75,20147.25,20148.75,2488
2026-01-06 14:00:00,20148.75,20153.0,20148.5,20149.25,3648
2026-01-06 14:01:00,20149.25,20151.0,20146.5,20149.25,2349
2026-01-06 14:02:00,20149.25,20149.5,20149.25,20149.5,1654
2026-01-06 14:03:00,20149.5,20152.25,20149.5,20149.5,2017
2026-01-06 14:04:00,20149.5,20151.75,20148.75,20150.25,2272
2026-01-06 14:05:00,20150.25,20150.25,20147.5,20148.0,3344
2026-01-06 14:06:00,20148.0,20148.25,20147.75,20147.75,1912
2026-01-06 14:07:00,20147.75,20149.25,20147.5,20148.5,3977
2026-01-06 14:08:00,20148.5,20149.75,20148.0,20148.75,3198
2026-01-06 14:09:00,20148.75,20149.0,20148.25,20148.75,3357
2026-01-06 14:10:00,20148.75,20151.0,20148.0,20150.5,2788
2026-01-06 14:11:00,20150.5,20151.5,20150.5,20151.0,3823
2026-01-06 14:12:00,20151.0,20151.0,20149.75,20150.5,2413
2026-01-06 14:13:00,20150.5,20150.75,20148.5,20149.25,2015
2026-01-06 14:14:00,20149.25,20153.5,20148.75,20148.75,3578
2026-01-06 14:15:00,20148.75,20149.5,20147.0,20148.0,1652
2026-01-06 14:16:00,20148.0,20151.5,20147.5,20148.75,1553
2026-01-06 14:17:00,20148.75,20152.25,20148.0,20149.5,3553
2026-01-06 14:18:00,20149.5,20151.5,20148.5,20150.75,1895
2026-01-06 14:19:00,20150.75,20152.5,20150.25,20151.0,3127
2026-01-06 14:20:00,20151.0,20152.0,20150.0,20150.75,1551
2026-01-06 14:21:00,20150.75,20151.25,20150.0,20150.25,1527
2026-01-06 14:22:00,20150.25,20150.75,20149.0,20149.25,2142
2026-01-06 14:23:00,20149.25,20151.0,20147.5,20148.75,3454
2026-01-06 14:24:00,20148.75,20150.75,20146.0,20150.5,2260
2026-01-06 14:25:00,20150.5,20152.5,20149.75,20151.75,1635
2026-01-06 14:26:00,20151.75,20153.0,20150.25,20152.25,2169
2026-01-06 14:27:00,20152.25,20153.25,20151.75,20151.75,2280
2026-01-06 14:28:00,20151.75,20153.25,20150.0,20153.0,3435
2026-01-06 14:29:00,20153.0,20153.5,20152.75,20153.0,1771
2026-01-06 14:30:00,20153.0,20153.25,20151.0,20151.75,1987
2026-01-06 14:31:00,20151.75,20152.0,20150.0,20150.5,2279
2026-01-06 14:32:00,20150.5,20150.75,20150.0,20150.75,3743
2026-01-06 14:33:00,20150.75,20152.25,20150.0,20150.75,3893
2026-01-06 14:34:00,20150.75,20153.0,20150.75,20151.5,3070
2026-01-06 14:35:00,20151.5,20153.75,20150.75,20151.0,1950
2026-01-06 14:36:00,20151.0,20152.25,20150.0,20150.5,3262
2026-01-06 14:37:00,20150.5,20151.25,20149.0,20150.0,2120
2026-01-06 14:38:00,20150.0,20150.5,20147.75,20148.0,3174
2026-01-06 14:39:00,20148.0,20148.5,20146.25,20146.5,2491
2026-01-06 14:40:00,20146.5,20147.0,20145.0,20145.5,3778
2026-01-06 14:41:00,20145.5,20146.75,20142.25,20146.25,2826
2026-01-06 14:42:00,20146.25,20149.0,20143.5,20146.5,2529
2026-01-06 14:43:00,20146.5,20149.25,20145.5,20146.5,1792
2026-01-06 14:44:00,20146.5,20148.0,20145.5,20146.0,2736
2026-01-06 14:45:00,20146.0,20147.0,20146.0,20146.25,3195
2026-01-06 14:46:00,20146.25,20147.25,20145.5,20146.25,3498
2026-01-06 14:47:00,20146.25,20146.5,20146.0,20146.25,2725
2026-01-06 14:48:00,20146.25,20147.75,20145.5,20147.5,3838
2026-01-06 14:49:00,20147.5,20147.75,20144.75,20145.0,2164
2026-01-06 14:50:00,20145.0,20146.25,20145.0,20145.25,3980
2026-01-06 14:51:00,20145.25,20148.25,20144.5,20146.5,1465
2026-01-06 14:52:00,20146.5,20147.75,20146.5,20147.5,2045
2026-01-06 14:53:00,20147.5,20150.75,20145.25,20149.25,2743
2026-01-06 14:54:00,20149.25,20150.0,20147.75,20149.25,3112
2026-01-06 14:55:00,20149.25,20150.0,20147.0,20147.25,2849
2026-01-06 14:56:00,20147.25,20147.75,20146.75,20147.75,3815
2026-01-06 14:57:00,20147.75,20150.25,20147.75,20149.75,1717
2026-01-06 14:58:00,20149.75,20151.0,20149.25,20150.75,2965
2026-01-06 14:59:00,20150.75,20152.5,20148.75,20151.25,2557
2026-01-06 15:00:00,20151.25,20157.25,20150.75,20152.25,3428
2026-01-06 15:01:00,20152.25,20154.25,20151.0,20152.75,3096
2026-01-06 15:02:00,20152.75,20152.75,20151.0,20152.25,2534
2026-01-06 15:03:00,20152.25,20152.75,20150.0,20151.75,2469
2026-01-06 15:04:00,20151.75,20153.0,20150.25,20152.25,3489
2026-01-06 15:05:00,20152.25,20153.25,20149.75,20151.75,2004
2026-01-06 15:06:00,20151.75,20152.25,20147.25,20149.25,1624
2026-01-06 15:07:00,20149.25,20151.0,20149.0,20150.75,2104
2026-01-06 15:08:00,20150.75,20153.0,20150.5,20152.5,3764
2026-01-06 15:09:00,20152.5,20153.5,20151.75,20152.75,3894
2026-01-06 15:10:00,20152.75,20155.25,20152.25,20155.25,1555
2026-01-06 15:11:00,20155.25,20156.5,20155.0,20155.25,2150
2026-01-06 15:12:00,20155.25,20155.25,20153.25,20154.0,1880
2026-01-06 15:13:00,20154.0,20155.75,20152.0,20152.75,2514
2026-01-06 15:14:00,20152.75,20153.5,20151.5,20153.25,3979
2026-01-06 15:15:00,20153.25,20155.25,20153.0,20154.75,2894
2026-01-06 15:16:00,20154.75,20157.5,20152.75,20157.0,1841
2026-01-06 15:17:00,20157.0,20157.75,20154.25,20155.25,3600
2026-01-06 15:18:00,20155.25,20155.5,20152.75,20153.0,1942
2026-01-06 15:19:00,20153.0,20155.5,20152.5,20154.5,2425
2026-01-06 15:20:00,20154.5,20155.0,20152.5,20153.5,2870
2026-01-06 15:21:00,20153.5,20154.75,20153.0,20154.25,2039
2026-01-06 15:22:00,20154.25,20154.75,20152.5,20153.5,2184
2026-01-06 15:23:00,20153.5,20154.25,20151.5,20152.75,2997
2026-01-06 15:24:00,20152.75,20155.5,20151.75,20154.5,3438
2026-01-06 15:25:00,20154.5,20156.25,20154.25,20156.0,3526
2026-01-06 15:26:00,20156.0,20158.0,20155.5,20157.5,3129
2026-01-06 15:27:00,20157.5,20157.5,20155.5,20157.25,2141
2026-01-06 15:28:00,20157.25,20158.75,20156.0,20157.25,2410
2026-01-06 15:29:00,20157.25,20158.75,20157.25,20158.0,2391
2026-01-06 15:30:00,20158.0,20162.25,20157.75,20159.0,8218
2026-01-06 15:31:00,20159.0,20159.75,20157.5,20158.75,5466
2026-01-06 15:32:00,20158.75,20159.75,20157.5,20158.5,3608
2026-01-06 15:33:00,20158.5,20159.5,20157.75,20159.0,5842
2026-01-06 15:34:00,20159.0,20159.5,20158.75,20159.25,5003
2026-01-06 15:35:00,20159.25,20163.75,20158.0,20159.25,4748
2026-01-06 15:36:00,20159.25,20160.25,20158.5,20160.0,6084
2026-01-06 15:37:00,20160.0,20161.25,20157.0,20159.25,6061
2026-01-06 15:38:00,20159.25,20162.0,20158.5,20158.5,5039
2026-01-06 15:39:00,20158.5,20158.75,20157.0,20157.25,4183
2026-01-06 15:40:00,20157.25,20158.75,20155.25,20158.0,6261
2026-01-06 15:41:00,20158.0,20160.75,20158.0,20160.5,4860
2026-01-06 15:42:00,20160.5,20164.75,20159.25,20162.5,5009
2026-01-06 15:43:00,20162.5,20163.25,20160.75,20161.25,7722
2026-01-06 15:44:00,20161.25,20161.75,20159.25,20160.75,7354
2026-01-06 15:45:00,20160.75,20160.75,20156.0,20158.5,5985
2026-01-06 15:46:00,20158.5,20161.75,20156.25,20160.75,5528
2026-01-06 15:47:00,20160.75,20161.75,20159.75,20161.0,7487
2026-01-06 15:48:00,20161.0,20161.0,20157.75,20159.0,6566
2026-01-06 15:49:00,20159.0,20161.0,20158.0,20159.25,4002
2026-01-06 15:50:00,20159.25,20160.25,20157.0,20159.75,7582
2026-01-06 15:51:00,20159.75,20161.75,20158.0,20160.75,8455
2026-01-06 15:52:00,20160.75,20161.0,20160.5,20160.75,6780
2026-01-06 15:53:00,20160.75,20163.0,20159.75,20162.5,6742
2026-01-06 15:54:00,20162.5,20164.0,20156.25,20159.5,4602
2026-01-06 15:55:00,20159.5,20160.5,20158.5,20158.75,5257
2026-01-06 15:56:00,20158.75,20162.5,20155.0,20156.5,6195
2026-01-06 15:57:00,20156.5,20156.75,20154.25,20156.5,7679
2026-01-06 15:58:00,20156.5,20160.75,20156.25,20160.5,7265
2026-01-06 15:59:00,20160.5,20161.75,20159.75,20161.5,7351
2026-01-07 09:30:00,20161.5,20164.0,20161.25,20163.75,6428
2026-01-07 09:31:00,20163.75,20165.5,20163.5,20165.25,7386
2026-01-07 09:32:00,20165.25,20168.25,20161.5,20165.5,5857
2026-01-07 09:33:00,20165.5,20167.0,20164.25,20167.0,6352
2026-01-07 09:34:00,20167.0,20169.25,20165.0,20165.75,6658
2026-01-07 09:35:00,20165.75,20168.75,20164.0,20167.75,3324
2026-01-07 09:36:00,20167.75,20172.5,20167.0,20171.5,6132
2026-01-07 09:37:00,20171.5,20175.25,20170.75,20173.5,7418
2026-01-07 09:38:00,20173.5,20174.25,20172.75,20172.75,8719
2026-01-07 09:39:00,20172.75,20174.5,20168.5,20172.0,6898
2026-01-07 09:40:00,20172.0,20172.0,20170.5,20170.75,7551
2026-01-07 09:41:00,20170.75,20174.75,20170.25,20171.5,4472
2026-01-07 09:42:00,20171.5,20174.0,20169.5,20170.5,6737
2026-01-07 09:43:00,20170.5,20173.75,20165.75,20170.25,5281
2026-01-07 09:44:00,20170.25,20173.5,20168.5,20171.75,8743
2026-01-07 09:45:00,20171.75,20173.25,20169.5,20173.0,5590
2026-01-07 09:46:00,20173.0,20176.25,20166.25,20174.75,8009
2026-01-07 09:47:00,20174.75,20176.0,20170.25,20175.0,3743
2026-01-07 09:48:00,20175.0,20175.5,20170.25,20172.25,3101
2026-01-07 09:49:00,20172.25,20173.5,20171.5,20171.5,3121
2026-01-07 09:50:00,20171.5,20172.5,20168.5,20168.5,3749
2026-01-07 09:51:00,20168.5,20170.5,20168.5,20170.25,3971
2026-01-07 09:52:00,20170.25,20170.25,20166.5,20168.25,5955
2026-01-07 09:53:00,20168.25,20173.5,20165.25,20172.25,8648
2026-01-07 09:54:00,20172.25,20174.5,20170.25,20174.25,7398
2026-01-07 09:55:00,20174.25,20175.75,20171.75,20175.25,3530
2026-01-07 09:56:00,20175.25,20179.0,20174.75,20177.75,4843
2026-01-07 09:57:00,20177.75,20180.0,20173.5,20180.0,3895
2026-01-07 09:58:00,20180.0,20180.25,20176.75,20178.0,5360
2026-01-07 09:59:00,20178.0,20181.75,20177.75,20179.75,6406
2026-01-07 10:00:00,20179.75,20181.5,20178.5,20181.5,3966
2026-01-07 10:01:00,20181.5,20183.5,20181.25,20183.5,2232
2026-01-07 10:02:00,20183.5,20186.25,20182.0,20182.5,1862
2026-01-07 10:03:00,20182.5,20183.5,20180.75,20181.75,3522
2026-01-07 10:04:00,20181.75,20184.25,20181.0,20182.5,3043
2026-01-07 10:05:00,20182.5,20183.5,20182.0,20183.25,3282
2026-01-07 10:06:00,20183.25,20183.25,20180.25,20181.0,3635
2026-01-07 10:07:00,20181.0,20183.75,20179.25,20179.5,1757
2026-01-07 10:08:00,20179.5,20180.25,20178.75,20180.0,3491
2026-01-07 10:09:00,20180.0,20184.25,20180.0,20181.5,2350
2026-01-07 10:10:00,20181.5,20183.5,20180.5,20181.75,1781
2026-01-07 10:11:00,20181.75,20182.25,20180.75,20180.75,3830
2026-01-07 10:12:00,20180.75,20181.25,20179.0,20180.0,2475
2026-01-07 10:13:00,20180.0,20181.5,20178.25,20178.75,2243
2026-01-07 10:14:00,20178.75,20181.0,20178.25,20179.75,4280
2026-01-07 10:15:00,20179.75,20182.0,20179.0,20181.0,3128
2026-01-07 10:16:00,20181.0,20182.75,20180.0,20182.5,2260
2026-01-07 10:17:00,20182.5,20184.5,20181.25,20183.25,1884
2026-01-07 10:18:00,20183.25,20184.0,20180.5,20180.75,3335
2026-01-07 10:19:00,20180.75,20183.0,20180.0,20182.75,4125
2026-01-07 10:20:00,20182.75,20183.0,20181.25,20182.0,2992
2026-01-07 10:21:00,20182.0,20183.0,20181.0,20181.25,1682
2026-01-07 10:22:00,20181.25,20182.25,20180.5,20181.75,4241
2026-01-07 10:23:00,20181.75,20182.5,20180.75,20181.0,3146
2026-01-07 10:24:00,20181.0,20181.5,20179.25,20180.25,3357
2026-01-07 10:25:00,20180.25,20183.75,20178.25,20182.0,3987
2026-01-07 10:26:00,20182.0,20184.0,20181.0,20183.5,3102
2026-01-07 10:27:00,20183.5,20183.75,20183.0,20183.5,1832
2026-01-07 10:28:00,20183.5,20187.0,20183.5,20184.5,3084
2026-01-07 10:29:00,20184.5,20185.75,20182.75,20185.5,2335
2026-01-07 10:30:00,20185.5,20186.75,20182.25,20183.0,2551
2026-01-07 10:31:00,20183.0,20184.0,20180.5,20183.25,3726
2026-01-07 10:32:00,20183.25,20184.5,20183.0,20183.25,1513
2026-01-07 10:33:00,20183.25,20184.25,20182.5,20183.25,3307
2026-01-07 10:34:00,20183.25,20186.5,20182.0,20184.5,4234
2026-01-07 10:35:00,20184.5,20186.25,20182.75,20184.0,1514
2026-01-07 10:36:00,20184.0,20184.25,20182.25,20182.5,2667
2026-01-07 10:37:00,20182.5,20182.75,20180.25,20181.75,3748
2026-01-07 10:38:00,20181.75,20183.0,20180.75,20181.5,2963
2026-01-07 10:39:00,20181.5,20181.75,20180.5,20181.0,1792
2026-01-07 10:40:00,20181.0,20183.5,20180.75,20182.75,3013
2026-01-07 10:41:00,20182.75,20183.75,20182.0,20182.75,2309
2026-01-07 10:42:00,20182.75,20185.0,20181.25,20181.5,4241
2026-01-07 10:43:00,20181.5,20182.5,20180.5,20181.25,2729
2026-01-07 10:44:00,20181.25,20182.25,20179.0,20179.5,3117
2026-01-07 10:45:00,20179.5,20179.75,20177.0,20177.25,3670
2026-01-07 10:46:00,20177.25,20181.5,20176.75,20180.25,2216
2026-01-07 10:47:00,20180.25,20180.75,20180.25,20180.5,2165
2026-01-07 10:48:00,20180.5,20182.75,20179.5,20181.75,2893
2026-01-07 10:49:00,20181.75,20183.75,20177.25,20181.25,2860
2026-01-07 10:50:00,20181.25,20182.0,20180.5,20181.75,1887
2026-01-07 10:51:00,20181.75,20182.0,20180.5,20181.75,2896
2026-01-07 10:52:00,20181.75,20182.75,20181.25,20181.75,3618
2026-01-07 10:53:00,20181.75,20182.5,20181.0,20182.25,3782
2026-01-07 10:54:00,20182.25,20183.0,20181.0,20182.25,2344
2026-01-07 10:55:00,20182.25,20184.25,20182.0,20183.75,2405
2026-01-07 10:56:00,20183.75,20184.5,20183.75,20184.0,3787
2026-01-07 10:57:00,20184.0,20185.0,20183.75,20184.75,3519
2026-01-07 10:58:00,20184.75,20185.5,20183.5,20183.75,1687
2026-01-07 10:59:00,20183.75,20185.75,20182.5,20183.25,2071
2026-01-07 11:00:00,20183.25,20183.25,20181.5,20182.5,2201
2026-01-07 11:01:00,20182.5,20185.25,20182.5,20182.75,4203
2026-01-07 11:02:00,20182.75,20182.75,20182.25,20182.75,1713
2026-01-07 11:03:00,20182.75,20184.5,20181.75,20183.75,3830
2026-01-07 11:04:00,20183.75,20186.0,20183.75,20185.25,1702
2026-01-07 11:05:00,20185.25,20186.5,20183.25,20183.25,3635
2026-01-07 11:06:00,20183.25,20183.25,20182.0,20182.0,2687
2026-01-07 11:07:00,20182.0,20182.0,20180.25,20181.5,2058
2026-01-07 11:08:00,20181.5,20182.75,20180.5,20181.75,1861
2026-01-07 11:09:00,20181.75,20182.0,20181.0,20181.0,4393
2026-01-07 11:10:00,20181.0,20182.5,20177.0,20179.75,3122
2026-01-07 11:11:00,20179.75,20183.75,20176.25,20182.25,1729
2026-01-07 11:12:00,20182.25,20183.5,20182.25,20183.25,2523
2026-01-07 11:13:00,20183.25,20185.75,20182.75,20183.5,1620
2026-01-07 11:14:00,20183.5,20183.5,20180.5,20182.5,3945
2026-01-07 11:15:00,20182.5,20183.5,20181.75,20183.5,2974
2026-01-07 11:16:00,20183.5,20184.0,20182.0,20183.5,2372
2026-01-07 11:17:00,20183.5,20185.0,20182.5,20184.0,2085
2026-01-07 11:18:00,20184.0,20185.75,20183.5,20184.25,3236
2026-01-07 11:19:00,20184.25,20185.5,20183.25,20184.75,1782
2026-01-07 11:20:00,20184.75,20184.75,20184.0,20184.0,3075
2026-01-07 11:21:00,20184.0,20184.0,20183.25,20183.5,4284
2026-01-07 11:22:00,20183.5,20185.25,20183.25,20184.25,2022
2026-01-07 11:23:00,20184.25,20188.0,20183.75,20188.0,3603
2026-01-07 11:24:00,20188.0,20190.75,20187.5,20188.5,1724
2026-01-07 11:25:00,20188.5,20191.0,20188.5,20190.75,2491
2026-01-07 11:26:00,20190.75,20192.5,20190.0,20190.0,2385
2026-01-07 11:27:00,20190.0,20190.0,20189.0,20189.75,3444
2026-01-07 11:28:00,20189.75,20191.25,20189.0,20190.5,1546
2026-01-07 11:29:00,20190.5,20191.5,20188.75,20189.75,1897
2026-01-07 11:30:00,20189.75,20189.75,20189.0,20189.25,1455
2026-01-07 11:31:00,20189.25,20190.0,20189.25,20189.75,1702
2026-01-07 11:32:00,20189.75,20189.75,20188.75,20188.75,962
2026-01-07 11:33:00,20188.75,20189.25,20188.0,20189.25,1167
2026-01-07 11:34:00,20189.25,20189.75,20189.0,20189.0,705
2026-01-07 11:35:00,20189.0,20189.75,20188.25,20188.25,721
2026-01-07 11:36:00,20188.25,20188.25,20187.5,20187.5,617
2026-01-07 11:37:00,20187.5,20188.75,20187.5,20187.75,1172
2026-01-07 11:38:00,20187.75,20188.5,20186.5,20187.0,1725
2026-01-07 11:39:00,20187.0,20187.25,20186.5,20186.75,1751
2026-01-07 11:40:00,20186.75,20187.5,20186.75,20187.5,1099
2026-01-07 11:41:00,20187.5,20187.75,20187.5,20187.75,1240
2026-01-07 11:42:00,20187.75,20188.0,20187.75,20187.75,1606
2026-01-07 11:43:00,20187.75,20189.0,20187.0,20188.5,1366
2026-01-07 11:44:00,20188.5,20189.75,20188.0,20189.5,885
2026-01-07 11:45:00,20189.5,20189.5,20187.0,20188.5,1184
2026-01-07 11:46:00,20188.5,20188.5,20188.5,20188.5,1170
2026-01-07 11:47:00,20188.5,20188.75,20188.25,20188.25,983
2026-01-07 11:48:00,20188.25,20188.5,20187.25,20188.0,739
2026-01-07 11:49:00,20188.0,20188.5,20187.5,20188.5,1720
2026-01-07 11:50:00,20188.5,20188.75,20188.0,20188.0,1641
2026-01-07 11:51:00,20188.0,20189.25,20186.25,20188.25,722
2026-01-07 11:52:00,20188.25,20189.0,20188.0,20188.75,1260
2026-01-07 11:53:00,20188.75,20189.25,20188.0,20188.75,1325
2026-01-07 11:54:00,20188.75,20189.25,20188.5,20189.0,1179
2026-01-07 11:55:00,20189.0,20189.25,20187.75,20188.5,929
2026-01-07 11:56:00,20188.5,20189.0,20187.75,20188.75,1568
2026-01-07 11:57:00,20188.75,20189.5,20188.5,20189.0,950
2026-01-07 11:58:00,20189.0,20189.25,20187.0,20188.5,1141
2026-01-07 11:59:00,20188.5,20188.5,20188.5,20188.5,1406
2026-01-07 12:00:00,20188.5,20189.5,20188.5,20189.25,1673
2026-01-07 12:01:00,20189.25,20190.0,20188.75,20189.0,646
2026-01-07 12:02:00,20189.0,20190.0,20188.75,20189.75,809
2026-01-07 12:03:00,20189.75,20190.0,20188.75,20189.0,1400
2026-01-07 12:04:00,20189.0,20189.25,20188.75,20189.0,1303
2026-01-07 12:05:00,20189.0,20189.5,20189.0,20189.5,1432
2026-01-07 12:06:00,20189.5,20189.5,20188.0,20189.25,1036
2026-01-07 12:07:00,20189.25,20191.0,20189.25,20190.5,1208
2026-01-07 12:08:00,20190.5,20191.25,20190.25,20191.0,766
2026-01-07 12:09:00,20191.0,20191.5,20189.0,20190.5,1639
2026-01-07 12:10:00,20190.5,20190.5,20190.25,20190.5,1227
2026-01-07 12:11:00,20190.5,20191.25,20189.75,20191.0,1127
2026-01-07 12:12:00,20191.0,20191.75,20190.75,20191.5,1635
2026-01-07 12:13:00,20191.5,20191.75,20191.5,20191.75,1712
2026-01-07 12:14:00,20191.75,20192.75,20191.25,20192.25,1128
2026-01-07 12:15:00,20192.25,20192.25,20192.0,20192.25,1228
2026-01-07 12:16:00,20192.25,20192.25,20191.5,20192.0,1468
2026-01-07 12:17:00,20192.0,20192.0,20191.5,20192.0,720
2026-01-07 12:18:00,20192.0,20192.0,20191.75,20191.75,1122
2026-01-07 12:19:00,20191.75,20192.75,20191.25,20192.25,1344
2026-01-07 12:20:00,20192.25,20192.75,20192.0,20192.5,731
2026-01-07 12:21:00,20192.5,20193.25,20191.5,20192.5,1083
2026-01-07 12:22:00,20192.5,20192.5,20192.25,20192.25,1472
2026-01-07 12:23:00,20192.25,20193.5,20191.75,20191.75,1275
2026-01-07 12:24:00,20191.75,20192.0,20191.75,20192.0,1313
2026-01-07 12:25:00,20192.0,20193.0,20190.75,20191.25,1315
2026-01-07 12:26:00,20191.25,20191.75,20189.0,20191.5,624
2026-01-07 12:27:00,20191.5,20192.5,20190.75,20190.75,1414
2026-01-07 12:28:00,20190.75,20192.0,20189.75,20191.25,636
2026-01-07 12:29:00,20191.25,20191.25,20190.5,20191.25,642
2026-01-07 12:30:00,20191.25,20191.25,20191.0,20191.0,908
2026-01-07 12:31:00,20191.0,20191.5,20190.75,20191.0,1141
2026-01-07 12:32:00,20191.0,20192.0,20189.5,20190.5,1067
2026-01-07 12:33:00,20190.5,20190.75,20189.75,20190.0,961
2026-01-07 12:34:00,20190.0,20190.5,20189.0,20190.0,1050
2026-01-07 12:35:00,20190.0,20190.75,20189.75,20190.25,1263
2026-01-07 12:36:00,20190.25,20190.5,20189.0,20189.5,1008
2026-01-07 12:37:00,20189.5,20190.75,20189.25,20190.5,1446
2026-01-07 12:38:00,20190.5,20191.5,20189.0,20190.5,952
2026-01-07 12:39:00,20190.5,20191.0,20190.25,20190.75,1305
2026-01-07 12:40:00,20190.75,20191.25,20190.5,20191.0,1497
2026-01-07 12:41:00,20191.0,20191.75,20190.75,20191.75,1509
2026-01-07 12:42:00,20191.75,20192.0,20190.25,20191.25,1762
2026-01-07 12:43:00,20191.25,20192.0,20189.75,20191.5,1461
2026-01-07 12:44:00,20191.5,20192.25,20190.0,20190.5,1323
2026-01-07 12:45:00,20190.5,20190.75,20190.5,20190.75,1448
2026-01-07 12:46:00,20190.75,20191.0,20190.25,20191.0,684
2026-01-07 12:47:00,20191.0,20192.75,20191.0,20192.25,1252
2026-01-07 12:48:00,20192.25,20193.25,20192.0,20193.0,1789
2026-01-07 12:49:00,20193.0,20193.75,20193.0,20193.75,1118
2026-01-07 12:50:00,20193.75,20194.5,20193.5,20194.25,631
2026-01-07 12:51:00,20194.25,20195.5,20194.25,20195.25,1168
2026-01-07 12:52:00,20195.25,20196.0,20194.0,20195.25,877
2026-01-07 12:53:00,20195.25,20195.25,20194.25,20194.5,964
2026-01-07 12:54:00,20194.5,20196.0,20193.5,20195.75,1106
2026-01-07 12:55:00,20195.75,20197.0,20195.5,20196.75,1176
2026-01-07 12:56:00,20196.75,20198.5,20196.5,20197.5,777
2026-01-07 12:57:00,20197.5,20199.5,20196.5,20198.0,1223
2026-01-07 12:58:00,20198.0,20198.75,20198.0,20198.0,1226
2026-01-07 12:59:00,20198.0,20199.0,20198.0,20198.75,1453
2026-01-07 13:00:00,20198.75,20199.5,20198.75,20199.25,619
2026-01-07 13:01:00,20199.25,20199.5,20199.0,20199.25,1179
2026-01-07 13:02:00,20199.25,20200.75,20199.0,20199.5,938
2026-01-07 13:03:00,20199.5,20200.25,20199.25,20200.25,986
2026-01-07 13:04:00,20200.25,20201.25,20199.75,20200.25,1350
2026-01-07 13:05:00,20200.25,20200.25,20199.25,20199.5,1550
2026-01-07 13:06:00,20199.5,20200.0,20198.75,20199.75,1495
2026-01-07 13:07:00,20199.75,20200.25,20199.75,20200.25,1535
2026-01-07 13:08:00,20200.25,20201.0,20200.0,20200.5,1170
2026-01-07 13:09:00,20200.5,20201.0,20200.25,20200.5,1797
2026-01-07 13:10:00,20200.5,20200.75,20200.25,20200.5,1128
2026-01-07 13:11:00,20200.5,20200.75,20199.5,20200.0,1722
2026-01-07 13:12:00,20200.0,20200.25,20198.75,20199.25,1079
2026-01-07 13:13:00,20199.25,20199.75,20199.25,20199.25,993
2026-01-07 13:14:00,20199.25,20199.25,20198.5,20198.5,1609
2026-01-07 13:15:00,20198.5,20199.25,20197.75,20199.0,984
2026-01-07 13:16:00,20199.0,20199.0,20198.25,20199.0,1009
2026-01-07 13:17:00,20199.0,20199.0,20198.5,20198.75,1272
2026-01-07 13:18:00,20198.75,20198.75,20197.75,20198.5,1528
2026-01-07 13:19:00,20198.5,20199.25,20197.25,20197.5,1098
2026-01-07 13:20:00,20197.5,20198.5,20197.25,20197.75,1374
2026-01-07 13:21:00,20197.75,20198.5,20197.5,20198.25,931
2026-01-07 13:22:00,20198.25,20199.75,20198.0,20199.25,884
2026-01-07 13:23:00,20199.25,20199.5,20198.5,20198.5,1067
2026-01-07 13:24:00,20198.5,20199.25,20198.25,20199.0,1514
2026-01-07 13:25:00,20199.0,20199.0,20199.0,20199.0,981
2026-01-07 13:26:00,20199.0,20199.5,20198.75,20199.25,1697
2026-01-07 13:27:00,20199.25,20200.0,20199.25,20199.75,1690
2026-01-07 13:28:00,20199.75,20200.25,20198.75,20200.0,1763
2026-01-07 13:29:00,20200.0,20200.5,20198.5,20200.25,1055
2026-01-07 13:30:00,20200.25,20202.0,20199.75,20201.75,3438
2026-01-07 13:31:00,20201.75,20202.5,20201.25,20201.5,3683
2026-01-07 13:32:00,20201.5,20202.0,20199.5,20199.5,3975
2026-01-07 13:33:00,20199.5,20203.5,20198.0,20202.25,2506
2026-01-07 13:34:00,20202.25,20203.75,20202.25,20203.25,2310
2026-01-07 13:35:00,20203.25,20205.75,20202.25,20204.25,2391
2026-01-07 13:36:00,20204.25,20204.25,20202.75,20203.75,2136
2026-01-07 13:37:00,20203.75,20204.25,20203.0,20204.0,2178
2026-01-07 13:38:00,20204.0,20204.25,20202.25,20203.25,3966
2026-01-07 13:39:00,20203.25,20205.0,20202.75,20203.75,3179
2026-01-07 13:40:00,20203.75,20205.25,20203.0,20203.75,3262
2026-01-07 13:41:00,20203.75,20204.75,20201.25,20204.5,3655
2026-01-07 13:42:00,20204.5,20206.25,20202.75,20204.5,2929
2026-01-07 13:43:00,20204.5,20205.75,20203.25,20204.25,2635
2026-01-07 13:44:00,20204.25,20205.5,20202.25,20202.5,3623
2026-01-07 13:45:00,20202.5,20203.0,20200.75,20201.75,3900
2026-01-07 13:46:00,20201.75,20204.25,20201.0,20201.5,3116
2026-01-07 13:47:00,20201.5,20203.25,20201.0,20203.25,2905
2026-01-07 13:48:00,20203.25,20204.75,20203.0,20203.75,2604
2026-01-07 13:49:00,20203.75,20204.5,20200.75,20202.75,1891
2026-01-07 13:50:00,20202.75,20203.0,20201.75,20202.25,3383
2026-01-07 13:51:00,20202.25,20203.25,20200.0,20200.5,2204
2026-01-07 13:52:00,20200.5,20200.75,20200.25,20200.75,2369
2026-01-07 13:53:00,20200.75,20205.75,20200.75,20201.5,2293
2026-01-07 13:54:00,20201.5,20202.75,20200.5,20202.25,2215
2026-01-07 13:55:00,20202.25,20202.75,20201.0,20201.75,2046
2026-01-07 13:56:00,20201.75,20202.75,20197.0,20200.75,3104
2026-01-07 13:57:00,20200.75,20202.75,20199.0,20201.25,3843
2026-01-07 13:58:00,20201.25,20203.25,20201.25,20201.25,3007
2026-01-07 13:59:00,20201.25,20203.75,20201.0,20202.75,1603
2026-01-07 14:00:00,20202.75,20204.0,20201.5,20201.75,2326
2026-01-07 14:01:00,20201.75,20202.25,20200.75,20200.75,2764
2026-01-07 14:02:00,20200.75,20201.0,20200.0,20200.5,3184
2026-01-07 14:03:00,20200.5,20201.75,20199.25,20200.5,2244
2026-01-07 14:04:00,20200.5,20200.5,20200.25,20200.5,3076
2026-01-07 14:05:00,20200.5,20200.5,20199.5,20199.75,2479
2026-01-07 14:06:00,20199.75,20201.0,20198.5,20200.25,1531
2026-01-07 14:07:00,20200.25,20201.75,20199.75,20201.25,1809
2026-01-07 14:08:00,20201.25,20202.5,20200.75,20201.5,3684
2026-01-07 14:09:00,20201.5,20202.5,20201.25,20201.75,2866
2026-01-07 14:10:00,20201.75,20202.5,20200.75,20201.5,3481
2026-01-07 14:11:00,20201.5,20202.25,20200.0,20201.0,3586
2026-01-07 14:12:00,20201.0,20201.5,20198.25,20199.25,2143
2026-01-07 14:13:00,20199.25,20200.25,20198.75,20200.0,2103
2026-01-07 14:14:00,20200.0,20201.5,20199.25,20201.0,2871
2026-01-07 14:15:00,20201.0,20204.0,20200.25,20200.75,2622
2026-01-07 14:16:00,20200.75,20201.25,20199.75,20200.5,2328
2026-01-07 14:17:00,20200.5,20201.75,20199.5,20200.5,3174
2026-01-07 14:18:00,20200.5,20200.75,20199.5,20200.0,2740
2026-01-07 14:19:00,20200.0,20201.25,20199.75,20200.75,2014
2026-01-07 14:20:00,20200.75,20201.5,20200.25,20201.25,2084
2026-01-07 14:21:00,20201.25,20201.5,20200.75,20200.75,1971
2026-01-07 14:22:00,20200.75,20202.5,20200.25,20202.0,3707
2026-01-07 14:23:00,20202.0,20202.75,20200.75,20202.5,3157
2026-01-07 14:24:00,20202.5,20202.5,20200.25,20200.5,3139
2026-01-07 14:25:00,20200.5,20202.5,20199.0,20202.5,2614
2026-01-07 14:26:00,20202.5,20204.25,20201.5,20202.0,1773
2026-01-07 14:27:00,20202.0,20204.75,20201.0,20203.0,1451
2026-01-07 14:28:00,20203.0,20204.0,20199.75,20201.25,1989
2026-01-07 14:29:00,20201.25,20201.5,20200.5,20201.25,1502
2026-01-07 14:30:00,20201.25,20202.0,20200.75,20201.75,2656
2026-01-07 14:31:00,20201.75,20202.25,20200.5,20201.0,2741
2026-01-07 14:32:00,20201.0,20202.25,20199.75,20201.5,2818
2026-01-07 14:33:00,20201.5,20202.0,20199.25,20201.25,1900
2026-01-07 14:34:00,20201.25,20201.75,20201.0,20201.25,1651
2026-01-07 14:35:00,20201.25,20202.0,20199.75,20201.0,3513
2026-01-07 14:36:00,20201.0,20202.0,20200.5,20200.75,2137
2026-01-07 14:37:00,20200.75,20202.75,20200.25,20201.75,2404
2026-01-07 14:38:00,20201.75,20202.75,20199.75,20200.75,2672
2026-01-07 14:39:00,20200.75,20201.75,20199.25,20200.0,1966
2026-01-07 14:40:00,20200.0,20201.0,20199.5,20200.0,3342
2026-01-07 14:41:00,20200.0,20201.0,20198.5,20198.5,3554
2026-01-07 14:42:00,20198.5,20199.0,20197.75,20198.75,2976
2026-01-07 14:43:00,20198.75,20202.0,20198.5,20201.75,2692
2026-01-07 14:44:00,20201.75,20204.0,20200.75,20201.0,3811
2026-01-07 14:45:00,20201.0,20201.25,20200.75,20201.25,1882
2026-01-07 14:46:00,20201.25,20202.25,20199.75,20201.0,3654
2026-01-07 14:47:00,20201.0,20202.75,20201.0,20201.75,3676
2026-01-07 14:48:00,20201.75,20203.0,20200.25,20200.5,1520
2026-01-07 14:49:00,20200.5,20201.0,20200.25,20201.0,2942
2026-01-07 14:50:00,20201.0,20202.25,20200.25,20200.5,1736
2026-01-07 14:51:00,20200.5,20201.5,20200.5,20201.0,3206
2026-01-07 14:52:00,20201.0,20204.25,20200.5,20201.5,3035
2026-01-07 14:53:00,20201.5,20202.0,20201.5,20202.0,3880
2026-01-07 14:54:00,20202.0,20204.5,20200.75,20201.0,3096
2026-01-07 14:55:00,20201.0,20201.5,20199.5,20200.25,1762
2026-01-07 14:56:00,20200.25,20200.5,20198.75,20199.25,1423
2026-01-07 14:57:00,20199.25,20200.25,20197.75,20197.75,2367
2026-01-07 14:58:00,20197.75,20197.75,20196.0,20196.25,3584
2026-01-07 14:59:00,20196.25,20199.75,20196.0,20199.0,2241
2026-01-07 15:00:00,20199.0,20200.25,20197.25,20197.5,3079
2026-01-07 15:01:00,20197.5,20197.75,20196.0,20197.0,3261
2026-01-07 15:02:00,20197.0,20198.0,20196.5,20196.75,3473
2026-01-07 15:03:00,20196.75,20199.25,20196.5,20197.25,1796
2026-01-07 15:04:00,20197.25,20198.75,20196.75,20198.0,2504
2026-01-07 15:05:00,20198.0,20199.75,20197.25,20199.0,2869
2026-01-07 15:06:00,20199.0,20200.0,20197.75,20198.0,3948
2026-01-07 15:07:00,20198.0,20201.0,20198.0,20199.25,1902
2026-01-07 15:08:00,20199.25,20199.75,20198.75,20199.5,3083
2026-01-07 15:09:00,20199.5,20199.5,20198.75,20199.25,3753
2026-01-07 15:10:00,20199.25,20202.0,20197.0,20200.75,3107
2026-01-07 15:11:00,20200.75,20202.25,20198.5,20198.75,2214
2026-01-07 15:12:00,20198.75,20202.0,20198.0,20201.5,3148
2026-01-07 15:13:00,20201.5,20202.25,20199.75,20201.5,3804
2026-01-07 15:14:00,20201.5,20202.0,20199.5,20201.0,1870
2026-01-07 15:15:00,20201.0,20203.0,20200.5,20202.5,3139
2026-01-07 15:16:00,20202.5,20203.0,20200.75,20201.75,1708
2026-01-07 15:17:00,20201.75,20202.5,20201.0,20201.25,2427
2026-01-07 15:18:00,20201.25,20202.75,20200.5,20201.5,1752
2026-01-07 15:19:00,20201.5,20202.5,20200.75,20202.0,3451
2026-01-07 15:20:00,20202.0,20203.0,20201.5,20203.0,2965
2026-01-07 15:21:00,20203.0,20205.75,20202.5,20202.75,2491
2026-01-07 15:22:00,20202.75,20203.5,20200.5,20201.5,3823
2026-01-07 15:23:00,20201.5,20201.5,20199.5,20200.5,2571
2026-01-07 15:24:00,20200.5,20200.75,20199.75,20199.75,2173
2026-01-07 15:25:00,20199.75,20204.0,20198.25,20201.0,2802
2026-01-07 15:26:00,20201.0,20202.25,20200.5,20201.25,2535
2026-01-07 15:27:00,20201.25,20204.0,20199.75,20203.75,1884
2026-01-07 15:28:00,20203.75,20206.5,20203.0,20204.25,2543
2026-01-07 15:29:00,20204.25,20204.75,20203.75,20204.75,2167
2026-01-07 15:30:00,20204.75,20205.5,20204.25,20205.0,3750
2026-01-07 15:31:00,20205.0,20211.5,20203.75,20206.75,7139
2026-01-07 15:32:00,20206.75,20209.25,20206.0,20207.5,5198
2026-01-07 15:33:00,20207.5,20208.25,20205.25,20206.0,7339
2026-01-07 15:34:00,20206.0,20207.5,20201.0,20205.75,6242
2026-01-07 15:35:00,20205.75,20207.5,20205.0,20206.75,7491
2026-01-07 15:36:00,20206.75,20213.75,20206.0,20210.5,6081
2026-01-07 15:37:00,20210.5,20211.25,20210.25,20210.25,8043
2026-01-07 15:38:00,20210.25,20211.0,20207.25,20208.0,4124
2026-01-07 15:39:00,20208.0,20209.0,20207.75,20207.75,6015
2026-01-07 15:40:00,20207.75,20209.5,20207.75,20209.25,3763
2026-01-07 15:41:00,20209.25,20210.75,20208.0,20208.5,5414
2026-01-07 15:42:00,20208.5,20208.75,20207.25,20208.0,8428
2026-01-07 15:43:00,20208.0,20209.0,20207.75,20209.0,4749
2026-01-07 15:44:00,20209.0,20209.75,20207.0,20208.0,6896
2026-01-07 15:45:00,20208.0,20209.0,20205.0,20206.75,5754
2026-01-07 15:46:00,20206.75,20207.5,20204.0,20206.5,3662
2026-01-07 15:47:00,20206.5,20214.5,20205.25,20209.0,4744
2026-01-07 15:48:00,20209.0,20211.25,20207.25,20208.25,5004
2026-01-07 15:49:00,20208.25,20211.5,20206.25,20210.25,8478
2026-01-07 15:50:00,20210.25,20212.25,20209.75,20212.0,6897
2026-01-07 15:51:00,20212.0,20212.75,20206.25,20209.25,7994
2026-01-07 15:52:00,20209.25,20209.5,20208.75,20209.5,6761
2026-01-07 15:53:00,20209.5,20215.5,20208.25,20210.5,4020
2026-01-07 15:54:00,20210.5,20211.75,20210.25,20211.25,6535
2026-01-07 15:55:00,20211.25,20211.75,20211.25,20211.5,7679
2026-01-07 15:56:00,20211.5,20213.0,20209.25,20213.0,6911
2026-01-07 15:57:00,20213.0,20218.75,20213.0,20215.5,4525
2026-01-07 15:58:00,20215.5,20215.5,20212.5,20214.5,6903
2026-01-07 15:59:00,20214.5,20215.25,20213.25,20213.5,3808
2026-01-08 09:30:00,20213.5,20213.75,20210.0,20212.0,3515
2026-01-08 09:31:00,20212.0,20213.5,20212.0,20212.75,4113
2026-01-08 09:32:00,20212.75,20214.0,20209.25,20212.0,7481
2026-01-08 09:33:00,20212.0,20214.5,20210.75,20214.0,5006
2026-01-08 09:34:00,20214.0,20214.0,20210.5,20211.75,5459
2026-01-08 09:35:00,20211.75,20212.25,20211.25,20212.0,4534
2026-01-08 09:36:00,20212.0,20220.0,20210.25,20219.0,5919
2026-01-08 09:37:00,20219.0,20223.5,20216.75,20221.75,5305
2026-01-08 09:38:00,20221.75,20224.75,20221.5,20221.5,6170
2026-01-08 09:39:00,20221.5,20226.5,20220.75,20224.5,7308
2026-01-08 09:40:00,20224.5,20225.25,20219.5,20223.25,4682
2026-01-08 09:41:00,20223.25,20225.5,20220.0,20225.25,3898
2026-01-08 09:42:00,20225.25,20233.5,20224.0,20226.25,6012
2026-01-08 09:43:00,20226.25,20228.75,20220.75,20226.75,8737
2026-01-08 09:44:00,20226.75,20231.5,20223.0,20227.75,7239
2026-01-08 09:45:00,20227.75,20229.5,20226.0,20227.75,6070
2026-01-08 09:46:00,20227.75,20229.25,20225.75,20228.5,3556
2026-01-08 09:47:00,20228.5,20229.0,20226.75,20226.75,4269
2026-01-08 09:48:00,20226.75,20232.25,20225.25,20231.5,8862
2026-01-08 09:49:00,20231.5,20235.25,20230.25,20232.25,5132
2026-01-08 09:50:00,20232.25,20234.25,20232.0,20234.25,6472
2026-01-08 09:51:00,20234.25,20234.75,20230.25,20232.0,8965
2026-01-08 09:52:00,20232.0,20233.5,20226.25,20228.5,5464
2026-01-08 09:53:00,20228.5,20229.0,20225.0,20226.75,5417
2026-01-08 09:54:00,20226.75,20229.5,20226.75,20229.5,4123
2026-01-08 09:55:00,20229.5,20232.75,20227.75,20231.25,8983
2026-01-08 09:56:00,20231.25,20233.0,20230.25,20231.75,3085
2026-01-08 09:57:00,20231.75,20233.5,20228.75,20231.5,6764
2026-01-08 09:58:00,20231.5,20235.75,20230.75,20235.0,7881
2026-01-08 09:59:00,20235.0,20237.25,20234.75,20236.0,7727
2026-01-08 10:00:00,20236.0,20236.5,20235.75,20236.5,3951
2026-01-08 10:01:00,20236.5,20237.0,20235.5,20235.5,2104
2026-01-08 10:02:00,20235.5,20236.25,20233.5,20234.25,3440
2026-01-08 10:03:00,20234.25,20235.0,20234.25,20235.0,4319
2026-01-08 10:04:00,20235.0,20235.75,20235.0,20235.75,3887
2026-01-08 10:05:00,20235.75,20236.0,20233.0,20234.25,3033
2026-01-08 10:06:00,20234.25,20236.25,20234.0,20234.5,2530
2026-01-08 10:07:00,20234.5,20235.25,20234.5,20235.0,4348
2026-01-08 10:08:00,20235.0,20236.5,20233.5,20234.5,3585
2026-01-08 10:09:00,20234.5,20235.0,20231.25,20233.5,3467
2026-01-08 10:10:00,20233.5,20235.75,20232.5,20235.25,3381
2026-01-08 10:11:00,20235.25,20237.75,20235.25,20236.5,3725
2026-01-08 10:12:00,20236.5,20236.5,20235.0,20235.5,2658
2026-01-08 10:13:00,20235.5,20235.75,20234.75,20235.75,2926
2026-01-08 10:14:00,20235.75,20236.0,20233.75,20234.5,1751
2026-01-08 10:15:00,20234.5,20236.75,20234.5,20235.0,1996
2026-01-08 10:16:00,20235.0,20235.25,20233.75,20234.5,4376
2026-01-08 10:17:00,20234.5,20237.25,20230.75,20231.5,3065
2026-01-08 10:18:00,20231.5,20234.0,20230.75,20233.5,3044
2026-01-08 10:19:00,20233.5,20233.75,20232.75,20233.25,1962
2026-01-08 10:20:00,20233.25,20233.5,20231.0,20232.25,1646
2026-01-08 10:21:00,20232.25,20233.5,20230.5,20232.75,2578
2026-01-08 10:22:00,20232.75,20233.25,20232.25,20232.5,3836
2026-01-08 10:23:00,20232.5,20233.75,20231.5,20231.5,3739
2026-01-08 10:24:00,20231.5,20232.0,20231.5,20231.75,2614
2026-01-08 10:25:00,20231.75,20232.0,20228.25,20228.75,4125
2026-01-08 10:26:00,20228.75,20229.25,20228.75,20229.0,4324
2026-01-08 10:27:00,20229.0,20229.0,20228.25,20228.75,3825
2026-01-08 10:28:00,20228.75,20233.25,20228.25,20232.25,3043
2026-01-08 10:29:00,20232.25,20232.25,20230.25,20230.5,3340
2026-01-08 10:30:00,20230.5,20232.5,20230.5,20231.75,2359
2026-01-08 10:31:00,20231.75,20232.25,20228.75,20229.5,1589
2026-01-08 10:32:00,20229.5,20231.5,20228.75,20230.75,3913
2026-01-08 10:33:00,20230.75,20231.0,20229.5,20230.75,3986
2026-01-08 10:34:00,20230.75,20231.25,20228.0,20228.25,3526
2026-01-08 10:35:00,20228.25,20229.0,20227.5,20227.5,4235
2026-01-08 10:36:00,20227.5,20228.5,20224.0,20224.75,1892
2026-01-08 10:37:00,20224.75,20225.25,20224.0,20224.5,4026
2026-01-08 10:38:00,20224.5,20226.0,20222.5,20223.25,3515
2026-01-08 10:39:00,20223.25,20224.25,20221.75,20222.75,3252
2026-01-08 10:40:00,20222.75,20223.75,20221.25,20223.0,3498
2026-01-08 10:41:00,20223.0,20223.25,20218.75,20220.25,2024
2026-01-08 10:42:00,20220.25,20220.25,20219.0,20220.0,4269
2026-01-08 10:43:00,20220.0,20220.25,20218.5,20219.25,2335
2026-01-08 10:44:00,20219.25,20220.25,20214.25,20216.5,3439
2026-01-08 10:45:00,20216.5,20217.0,20214.5,20215.75,3985
2026-01-08 10:46:00,20215.75,20216.5,20215.5,20216.25,3348
2026-01-08 10:47:00,20216.25,20216.5,20215.5,20215.75,2340
2026-01-08 10:48:00,20215.75,20218.0,20214.75,20217.25,1518
2026-01-08 10:49:00,20217.25,20218.0,20215.75,20215.75,2314
2026-01-08 10:50:00,20215.75,20216.75,20214.25,20214.5,3519
2026-01-08 10:51:00,20214.5,20215.5,20213.5,20213.75,2865
2026-01-08 10:52:00,20213.75,20217.0,20212.25,20215.25,2654
2026-01-08 10:53:00,20215.25,20215.75,20215.0,20215.0,3768
2026-01-08 10:54:00,20215.0,20216.5,20214.5,20215.75,2186
2026-01-08 10:55:00,20215.75,20215.75,20214.25,20214.75,2400
2026-01-08 10:56:00,20214.75,20216.5,20213.25,20216.25,4375
2026-01-08 10:57:00,20216.25,20218.75,20214.25,20214.5,3820
2026-01-08 10:58:00,20214.5,20215.0,20214.25,20214.5,4481
2026-01-08 10:59:00,20214.5,20214.75,20212.5,20212.75,3152
2026-01-08 11:00:00,20212.75,20214.25,20212.5,20213.0,1561
2026-01-08 11:01:00,20213.0,20213.75,20212.25,20212.5,3498
2026-01-08 11:02:00,20212.5,20213.0,20207.25,20209.75,3073
2026-01-08 11:03:00,20209.75,20210.0,20208.75,20209.75,2324
2026-01-08 11:04:00,20209.75,20211.5,20209.0,20211.25,2205
2026-01-08 11:05:00,20211.25,20212.25,20210.75,20211.0,1504
2026-01-08 11:06:00,20211.0,20214.0,20210.5,20213.75,2602
2026-01-08 11:07:00,20213.75,20213.75,20212.75,20213.0,3611
2026-01-08 11:08:00,20213.0,20215.0,20211.5,20214.25,4447
2026-01-08 11:09:00,20214.25,20216.5,20214.0,20214.75,3765
2026-01-08 11:10:00,20214.75,20215.0,20212.0,20213.75,3611
2026-01-08 11:11:00,20213.75,20216.5,20213.5,20215.75,2592
2026-01-08 11:12:00,20215.75,20217.0,20214.25,20216.0,3541
2026-01-08 11:13:00,20216.0,20216.5,20214.25,20216.5,3533
2026-01-08 11:14:00,20216.5,20216.75,20215.25,20216.75,2775
2026-01-08 11:15:00,20216.75,20217.25,20215.25,20215.5,4238
2026-01-08 11:16:00,20215.5,20215.75,20214.0,20214.25,1897
2026-01-08 11:17:00,20214.25,20216.75,20213.75,20214.5,4434
2026-01-08 11:18:00,20214.5,20215.5,20213.75,20214.75,3430
2026-01-08 11:19:00,20214.75,20216.75,20214.5,20216.0,4459
2026-01-08 11:20:00,20216.0,20218.25,20215.0,20217.75,1816
2026-01-08 11:21:00,20217.75,20218.5,20216.5,20216.5,4419
2026-01-08 11:22:00,20216.5,20218.75,20216.0,20218.0,3246
2026-01-08 11:23:00,20218.0,20221.5,20217.25,20219.0,1908
2026-01-08 11:24:00,20219.0,20220.0,20216.25,20216.75,4264
2026-01-08 11:25:00,20216.75,20216.75,20214.75,20215.5,4198
2026-01-08 11:26:00,20215.5,20216.5,20213.0,20214.0,1954
2026-01-08 11:27:00,20214.0,20214.25,20211.25,20213.0,2841
2026-01-08 11:28:00,20213.0,20215.5,20213.0,20215.0,2015
2026-01-08 11:29:00,20215.0,20215.5,20214.75,20215.25,2027
2026-01-08 11:30:00,20215.25,20215.75,20215.0,20215.5,1285
2026-01-08 11:31:00,20215.5,20216.0,20213.75,20214.25,1793
2026-01-08 11:32:00,20214.25,20215.0,20211.25,20212.5,1142
2026-01-08 11:33:00,20212.5,20213.25,20211.75,20212.0,751
2026-01-08 11:34:00,20212.0,20212.25,20212.0,20212.25,946
2026-01-08 11:35:00,20212.25,20213.0,20211.75,20212.5,1423
2026-01-08 11:36:00,20212.5,20213.0,20212.5,20212.75,1726
2026-01-08 11:37:00,20212.75,20213.25,20212.5,20212.5,1008
2026-01-08 11:38:00,20212.5,20212.5,20212.25,20212.5,645
2026-01-08 11:39:00,20212.5,20212.5,20211.5,20212.0,733
2026-01-08 11:40:00,20212.0,20212.5,20211.25,20212.0,1007
2026-01-08 11:41:00,20212.0,20213.0,20211.75,20212.25,1484
2026-01-08 11:42:00,20212.25,20213.0,20212.0,20212.5,1109
2026-01-08 11:43:00,20212.5,20213.25,20211.5,20212.5,1472
2026-01-08 11:44:00,20212.5,20213.0,20212.25,20212.75,1666
2026-01-08 11:45:00,20212.75,20212.75,20212.5,20212.5,1530
2026-01-08 11:46:00,20212.5,20213.0,20212.0,20212.25,1201
2026-01-08 11:47:00,20212.25,20213.0,20210.5,20212.5,1113
2026-01-08 11:48:00,20212.5,20213.5,20212.5,20213.0,1127
2026-01-08 11:49:00,20213.0,20213.25,20212.5,20213.0,1280
2026-01-08 11:50:00,20213.0,20213.5,20213.0,20213.0,823
2026-01-08 11:51:00,20213.0,20213.75,20212.0,20212.25,1251
2026-01-08 11:52:00,20212.25,20212.5,20211.25,20212.0,671
2026-01-08 11:53:00,20212.0,20213.75,20211.0,20213.0,1326
2026-01-08 11:54:00,20213.0,20213.25,20212.75,20213.25,1056
2026-01-08 11:55:00,20213.25,20213.5,20213.0,20213.25,1495
2026-01-08 11:56:00,20213.25,20213.25,20212.75,20212.75,1145
2026-01-08 11:57:00,20212.75,20214.0,20211.5,20212.0,1534
2026-01-08 11:58:00,20212.0,20212.75,20210.75,20211.25,1701
2026-01-08 11:59:00,20211.25,20213.75,20208.75,20209.25,732
2026-01-08 12:00:00,20209.25,20210.25,20208.5,20210.0,1169
2026-01-08 12:01:00,20210.0,20210.5,20207.75,20210.0,1098
2026-01-08 12:02:00,20210.0,20210.25,20209.25,20209.5,1594
2026-01-08 12:03:00,20209.5,20209.5,20208.0,20208.75,1208
2026-01-08 12:04:00,20208.75,20208.75,20208.5,20208.75,653
2026-01-08 12:05:00,20208.75,20208.75,20207.75,20208.75,1372
2026-01-08 12:06:00,20208.75,20209.0,20208.25,20208.5,1161
2026-01-08 12:07:00,20208.5,20211.25,20207.75,20210.0,698
2026-01-08 12:08:00,20210.0,20211.25,20209.5,20211.0,1077
2026-01-08 12:09:00,20211.0,20211.75,20210.5,20210.75,1760
2026-01-08 12:10:00,20210.75,20211.0,20210.75,20210.75,1578
2026-01-08 12:11:00,20210.75,20211.25,20210.5,20211.25,620
2026-01-08 12:12:00,20211.25,20211.5,20211.0,20211.25,1415
2026-01-08 12:13:00,20211.25,20211.75,20210.25,20210.75,1611
2026-01-08 12:14:00,20210.75,20211.0,20210.0,20210.5,1761
2026-01-08 12:15:00,20210.5,20210.75,20209.25,20210.5,1475
2026-01-08 12:16:00,20210.5,20211.25,20210.5,20210.75,1637
2026-01-08 12:17:00,20210.75,20211.5,20210.25,20211.25,1209
2026-01-08 12:18:00,20211.25,20211.5,20209.75,20210.0,1683
2026-01-08 12:19:00,20210.0,20210.5,20209.75,20210.25,1262
2026-01-08 12:20:00,20210.25,20211.0,20210.0,20210.5,1605
2026-01-08 12:21:00,20210.5,20211.25,20209.75,20211.0,814
2026-01-08 12:22:00,20211.0,20211.75,20211.0,20211.5,1329
2026-01-08 12:23:00,20211.5,20212.0,20208.0,20209.75,1488
2026-01-08 12:24:00,20209.75,20210.5,20209.5,20209.75,1126
2026-01-08 12:25:00,20209.75,20210.0,20208.75,20209.0,1109
2026-01-08 12:26:00,20209.0,20209.25,20208.0,20208.75,1113
2026-01-08 12:27:00,20208.75,20208.75,20208.5,20208.5,763
2026-01-08 12:28:00,20208.5,20209.5,20208.5,20209.0,755
2026-01-08 12:29:00,20209.0,20209.25,20208.5,20208.75,1739
2026-01-08 12:30:00,20208.75,20209.5,20208.5,20208.75,941
2026-01-08 12:31:00,20208.75,20209.0,20207.5,20208.0,925
2026-01-08 12:32:00,20208.0,20208.75,20207.0,20208.25,1701
2026-01-08 12:33:00,20208.25,20208.75,20207.75,20207.75,1362
2026-01-08 12:34:00,20207.75,20208.0,20207.0,20207.25,1551
2026-01-08 12:35:00,20207.25,20207.5,20206.75,20207.25,866
2026-01-08 12:36:00,20207.25,20207.25,20206.5,20206.5,1026
2026-01-08 12:37:00,20206.5,20207.75,20206.0,20207.25,1008
2026-01-08 12:38:00,20207.25,20208.0,20206.25,20207.0,1167
2026-01-08 12:39:00,20207.0,20208.0,20205.25,20206.25,1130
2026-01-08 12:40:00,20206.25,20207.25,20206.0,20207.0,1456
2026-01-08 12:41:00,20207.0,20207.25,20206.25,20207.0,1550
2026-01-08 12:42:00,20207.0,20209.0,20207.0,20208.0,1008
2026-01-08 12:43:00,20208.0,20208.25,20205.75,20206.0,1655
2026-01-08 12:44:00,20206.0,20206.5,20205.0,20205.5,1691
2026-01-08 12:45:00,20205.5,20206.5,20205.25,20205.75,1729
2026-01-08 12:46:00,20205.75,20206.0,20205.0,20206.0,1787
2026-01-08 12:47:00,20206.0,20207.0,20205.75,20206.5,1067
2026-01-08 12:48:00,20206.5,20206.75,20205.75,20206.0,1387
2026-01-08 12:49:00,20206.0,20206.25,20205.75,20206.0,1181
2026-01-08 12:50:00,20206.0,20206.25,20205.0,20206.0,1180
2026-01-08 12:51:00,20206.0,20206.0,20205.0,20205.75,1357
2026-01-08 12:52:00,20205.75,20207.0,20205.0,20205.25,1058
2026-01-08 12:53:00,20205.25,20206.25,20205.0,20205.5,664
2026-01-08 12:54:00,20205.5,20206.75,20205.25,20206.25,1560
2026-01-08 12:55:00,20206.25,20208.0,20205.0,20205.0,1386
2026-01-08 12:56:00,20205.0,20205.25,20204.5,20204.5,1725
2026-01-08 12:57:00,20204.5,20205.25,20204.5,20205.25,884
2026-01-08 12:58:00,20205.25,20205.25,20204.25,20204.25,677
2026-01-08 12:59:00,20204.25,20204.75,20204.25,20204.75,1183
2026-01-08 13:00:00,20204.75,20204.75,20204.5,20204.75,1341
2026-01-08 13:01:00,20204.75,20206.0,20204.5,20206.0,1345
2026-01-08 13:02:00,20206.0,20207.5,20204.75,20205.0,671
2026-01-08 13:03:00,20205.0,20205.0,20204.5,20204.75,1158
2026-01-08 13:04:00,20204.75,20205.5,20204.75,20205.0,1559
2026-01-08 13:05:00,20205.0,20205.5,20204.25,20204.5,792
2026-01-08 13:06:00,20204.5,20205.0,20203.5,20203.75,1144
2026-01-08 13:07:00,20203.75,20204.0,20203.0,20203.0,608
2026-01-08 13:08:00,20203.0,20203.5,20202.5,20203.25,1751
2026-01-08 13:09:00,20203.25,20204.25,20202.5,20202.75,1165
2026-01-08 13:10:00,20202.75,20203.5,20202.0,20203.0,1726
2026-01-08 13:11:00,20203.0,20204.0,20203.0,20203.75,652
2026-01-08 13:12:00,20203.75,20204.25,20202.75,20202.75,1334
2026-01-08 13:13:00,20202.75,20203.75,20201.75,20202.25,1238
2026-01-08 13:14:00,20202.25,20202.75,20202.0,20202.25,1188
2026-01-08 13:15:00,20202.25,20202.5,20202.0,20202.25,1321
2026-01-08 13:16:00,20202.25,20203.0,20202.0,20203.0,991
2026-01-08 13:17:00,20203.0,20203.0,20201.25,20202.5,1331
2026-01-08 13:18:00,20202.5,20202.75,20202.5,20202.75,681
2026-01-08 13:19:00,20202.75,20202.75,20202.0,20202.75,655
2026-01-08 13:20:00,20202.75,20203.5,20202.25,20203.25,1741
2026-01-08 13:21:00,20203.25,20203.25,20203.0,20203.25,1515
2026-01-08 13:22:00,20203.25,20204.25,20203.0,20204.0,1760
2026-01-08 13:23:00,20204.0,20204.0,20203.25,20203.5,790
2026-01-08 13:24:00,20203.5,20204.25,20201.75,20203.0,1258
2026-01-08 13:25:00,20203.0,20203.5,20203.0,20203.25,929
2026-01-08 13:26:00,20203.25,20204.25,20202.75,20203.0,1688
2026-01-08 13:27:00,20203.0,20204.25,20203.0,20204.0,962
2026-01-08 13:28:00,20204.0,20204.5,20203.75,20204.5,889
2026-01-08 13:29:00,20204.5,20206.75,20204.0,20204.25,1203
2026-01-08 13:30:00,20204.25,20204.75,20201.5,20201.75,2634
2026-01-08 13:31:00,20201.75,20202.0,20200.75,20201.0,1788
2026-01-08 13:32:00,20201.0,20201.5,20200.0,20200.25,3628
2026-01-08 13:33:00,20200.25,20200.75,20198.75,20199.0,3825
2026-01-08 13:34:00,20199.0,20199.0,20196.25,20197.25,1445
2026-01-08 13:35:00,20197.25,20197.5,20195.25,20197.25,3373
2026-01-08 13:36:00,20197.25,20197.75,20195.0,20197.75,2001
2026-01-08 13:37:00,20197.75,20200.0,20197.75,20199.75,2864
2026-01-08 13:38:00,20199.75,20201.25,20199.75,20200.0,3538
2026-01-08 13:39:00,20200.0,20201.0,20197.75,20198.25,2149
2026-01-08 13:40:00,20198.25,20199.25,20197.75,20198.75,1616
2026-01-08 13:41:00,20198.75,20200.0,20197.75,20199.5,1703
2026-01-08 13:42:00,20199.5,20199.75,20197.75,20199.0,2855
2026-01-08 13:43:00,20199.0,20200.0,20198.75,20199.25,2197
2026-01-08 13:44:00,20199.25,20199.75,20197.75,20198.25,3429
2026-01-08 13:45:00,20198.25,20199.25,20196.0,20196.75,3783
2026-01-08 13:46:00,20196.75,20197.25,20196.5,20197.0,3929
2026-01-08 13:47:00,20197.0,20199.0,20195.75,20196.25,2700
2026-01-08 13:48:00,20196.25,20198.0,20195.25,20197.5,2858
2026-01-08 13:49:00,20197.5,20197.75,20196.5,20197.0,2229
2026-01-08 13:50:00,20197.0,20198.25,20196.5,20197.75,3401
2026-01-08 13:51:00,20197.75,20198.75,20197.75,20198.5,2119
2026-01-08 13:52:00,20198.5,20199.5,20195.75,20196.75,2492
2026-01-08 13:53:00,20196.75,20197.5,20194.75,20194.75,2244
2026-01-08 13:54:00,20194.75,20195.5,20193.0,20195.0,3656
2026-01-08 13:55:00,20195.0,20196.5,20194.5,20196.5,2479
2026-01-08 13:56:00,20196.5,20197.75,20196.25,20196.5,3066
2026-01-08 13:57:00,20196.5,20196.75,20196.5,20196.5,3262
2026-01-08 13:58:00,20196.5,20197.5,20195.25,20196.5,2968
2026-01-08 13:59:00,20196.5,20196.5,20196.0,20196.5,1411
2026-01-08 14:00:00,20196.5,20196.5,20195.0,20195.25,2288
2026-01-08 14:01:00,20195.25,20196.75,20194.0,20195.5,1541
2026-01-08 14:02:00,20195.5,20198.0,20194.0,20196.75,1940
2026-01-08 14:03:00,20196.75,20200.0,20196.0,20198.75,3172
2026-01-08 14:04:00,20198.75,20199.25,20198.5,20199.25,3346
2026-01-08 14:05:00,20199.25,20200.75,20197.75,20198.5,3358
2026-01-08 14:06:00,20198.5,20198.75,20198.0,20198.25,3066
2026-01-08 14:07:00,20198.25,20198.5,20196.25,20197.0,1451
2026-01-08 14:08:00,20197.0,20198.0,20196.75,20197.25,1766
2026-01-08 14:09:00,20197.25,20197.25,20196.75,20197.25,3903
2026-01-08 14:10:00,20197.25,20200.0,20197.25,20199.75,1582
2026-01-08 14:11:00,20199.75,20200.5,20197.5,20198.75,1718
2026-01-08 14:12:00,20198.75,20199.0,20198.75,20198.75,3832
2026-01-08 14:13:00,20198.75,20200.25,20197.5,20198.25,1757
2026-01-08 14:14:00,20198.25,20199.0,20197.75,20198.0,2251
2026-01-08 14:15:00,20198.0,20200.75,20197.75,20199.75,2453
2026-01-08 14:16:00,20199.75,20200.0,20198.75,20199.0,2111
2026-01-08 14:17:00,20199.0,20199.75,20195.75,20197.25,1760
2026-01-08 14:18:00,20197.25,20200.5,20196.5,20198.75,2484
2026-01-08 14:19:00,20198.75,20199.25,20195.25,20199.0,1923
2026-01-08 14:20:00,20199.0,20199.75,20198.75,20199.0,2556
2026-01-08 14:21:00,20199.0,20199.5,20198.25,20198.5,3354
2026-01-08 14:22:00,20198.5,20202.75,20197.75,20199.0,2258
2026-01-08 14:23:00,20199.0,20199.0,20197.25,20198.5,2921
2026-01-08 14:24:00,20198.5,20200.75,20198.25,20200.25,1733
2026-01-08 14:25:00,20200.25,20201.0,20198.5,20198.75,3784
2026-01-08 14:26:00,20198.75,20201.25,20198.0,20200.25,3960
2026-01-08 14:27:00,20200.25,20201.5,20199.0,20199.5,3366
2026-01-08 14:28:00,20199.5,20200.0,20199.25,20199.25,3920
2026-01-08 14:29:00,20199.25,20200.0,20198.25,20199.25,3964
2026-01-08 14:30:00,20199.25,20200.25,20197.0,20198.0,2708
2026-01-08 14:31:00,20198.0,20201.0,20196.25,20198.75,2981
2026-01-08 14:32:00,20198.75,20201.0,20198.75,20201.0,2133
2026-01-08 14:33:00,20201.0,20202.75,20198.75,20202.5,3977
2026-01-08 14:34:00,20202.5,20202.75,20202.0,20202.25,2774
2026-01-08 14:35:00,20202.25,20203.0,20201.75,20202.5,2272
2026-01-08 14:36:00,20202.5,20203.75,20201.75,20202.5,3929
2026-01-08 14:37:00,20202.5,20205.0,20201.75,20203.0,2302
2026-01-08 14:38:00,20203.0,20205.25,20202.0,20204.0,3386
2026-01-08 14:39:00,20204.0,20204.0,20203.25,20203.25,2253
2026-01-08 14:40:00,20203.25,20205.25,20201.5,20202.25,3796
2026-01-08 14:41:00,20202.25,20202.75,20201.75,20202.0,2965
2026-01-08 14:42:00,20202.0,20202.25,20199.75,20200.5,2562
2026-01-08 14:43:00,20200.5,20202.0,20199.25,20199.75,1818
2026-01-08 14:44:00,20199.75,20200.0,20198.75,20198.75,3674
2026-01-08 14:45:00,20198.75,20199.5,20195.25,20199.25,2283
2026-01-08 14:46:00,20199.25,20199.75,20198.5,20199.5,3353
2026-01-08 14:47:00,20199.5,20200.25,20199.0,20199.5,3346
2026-01-08 14:48:00,20199.5,20201.0,20198.0,20200.5,3426
2026-01-08 14:49:00,20200.5,20203.0,20199.75,20202.75,3751
2026-01-08 14:50:00,20202.75,20208.5,20201.0,20203.0,1481
2026-01-08 14:51:00,20203.0,20205.5,20201.75,20203.75,1600
2026-01-08 14:52:00,20203.75,20205.25,20202.0,20204.75,1513
2026-01-08 14:53:00,20204.75,20206.0,20202.0,20205.75,3553
2026-01-08 14:54:00,20205.75,20207.75,20205.0,20207.25,2173
2026-01-08 14:55:00,20207.25,20209.5,20206.5,20208.0,2064
2026-01-08 14:56:00,20208.0,20209.75,20206.25,20206.25,3878
2026-01-08 14:57:00,20206.25,20208.25,20205.0,20207.25,1891
2026-01-08 14:58:00,20207.25,20211.0,20206.75,20207.0,1953
2026-01-08 14:59:00,20207.0,20208.5,20206.25,20207.75,2860
2026-01-08 15:00:00,20207.75,20207.75,20206.25,20207.0,2179
2026-01-08 15:01:00,20207.0,20207.25,20204.5,20205.0,2246
2026-01-08 15:02:00,20205.0,20207.75,20204.75,20207.0,1714
2026-01-08 15:03:00,20207.0,20208.25,20205.5,20205.75,2837
2026-01-08 15:04:00,20205.75,20206.0,20204.5,20204.75,1685
2026-01-08 15:05:00,20204.75,20206.75,20203.0,20206.75,3414
2026-01-08 15:06:00,20206.75,20209.75,20205.5,20209.25,2585
2026-01-08 15:07:00,20209.25,20209.25,20208.0,20208.25,1784
2026-01-08 15:08:00,20208.25,20211.0,20204.75,20207.25,1744
2026-01-08 15:09:00,20207.25,20208.5,20206.5,20208.5,3079
2026-01-08 15:10:00,20208.5,20210.25,20208.0,20208.0,3508
2026-01-08 15:11:00,20208.0,20208.25,20206.75,20206.75,3110
2026-01-08 15:12:00,20206.75,20208.0,20205.75,20207.75,1592
2026-01-08 15:13:00,20207.75,20208.0,20204.75,20205.5,1735
2026-01-08 15:14:00,20205.5,20206.0,20204.75,20204.75,2447
2026-01-08 15:15:00,20204.75,20207.25,20204.5,20206.5,2315
2026-01-08 15:16:00,20206.5,20207.5,20206.25,20207.0,3888
2026-01-08 15:17:00,20207.0,20207.5,20205.25,20207.25,3822
2026-01-08 15:18:00,20207.25,20209.0,20207.25,20208.0,3042
2026-01-08 15:19:00,20208.0,20209.25,20207.5,20209.25,1687
2026-01-08 15:20:00,20209.25,20209.25,20208.0,20209.0,3146
2026-01-08 15:21:00,20209.0,20211.5,20208.5,20210.5,1651
2026-01-08 15:22:00,20210.5,20212.25,20208.75,20210.75,3795
2026-01-08 15:23:00,20210.75,20210.75,20209.25,20210.75,1944
2026-01-08 15:24:00,20210.75,20212.5,20210.0,20210.25,1479
2026-01-08 15:25:00,20210.25,20211.0,20210.0,20210.25,3697
2026-01-08 15:26:00,20210.25,20213.25,20208.0,20212.25,3782
2026-01-08 15:27:00,20212.25,20213.25,20211.75,20212.25,3124
2026-01-08 15:28:00,20212.25,20212.25,20211.25,20212.0,1991
2026-01-08 15:29:00,20212.0,20213.25,20209.5,20213.0,1461
2026-01-08 15:30:00,20213.0,20213.25,20211.25,20212.5,6147
2026-01-08 15:31:00,20212.5,20214.75,20212.0,20214.5,5312
2026-01-08 15:32:00,20214.5,20217.25,20211.75,20217.0,3937
2026-01-08 15:33:00,20217.0,20217.5,20216.25,20216.5,5840
2026-01-08 15:34:00,20216.5,20217.25,20213.5,20214.0,6594
2026-01-08 15:35:00,20214.0,20214.25,20210.25,20212.5,6350
2026-01-08 15:36:00,20212.5,20214.75,20209.25,20214.5,8154
2026-01-08 15:37:00,20214.5,20215.0,20211.5,20214.0,5031
2026-01-08 15:38:00,20214.0,20214.5,20212.0,20214.25,5382
2026-01-08 15:39:00,20214.25,20217.0,20214.0,20214.25,7260
2026-01-08 15:40:00,20214.25,20216.75,20213.75,20216.25,3573
2026-01-08 15:41:00,20216.25,20222.0,20213.75,20218.5,6492
2026-01-08 15:42:00,20218.5,20218.5,20217.25,20218.0,4171
2026-01-08 15:43:00,20218.0,20218.5,20214.5,20216.0,5773
2026-01-08 15:44:00,20216.0,20217.25,20214.25,20214.75,7850
2026-01-08 15:45:00,20214.75,20216.5,20214.75,20216.5,5013
2026-01-08 15:46:00,20216.5,20216.75,20208.5,20214.5,4842
2026-01-08 15:47:00,20214.5,20215.0,20207.25,20213.25,4373
2026-01-08 15:48:00,20213.25,20214.75,20211.75,20214.0,3810
2026-01-08 15:49:00,20214.0,20215.25,20210.5,20215.25,4240
2026-01-08 15:50:00,20215.25,20217.5,20211.5,20212.5,6484
2026-01-08 15:51:00,20212.5,20213.5,20209.0,20212.75,6883
2026-01-08 15:52:00,20212.75,20213.75,20210.75,20211.0,7194
2026-01-08 15:53:00,20211.0,20213.25,20207.25,20207.75,7083
2026-01-08 15:54:00,20207.75,20208.75,20207.25,20208.5,6557
2026-01-08 15:55:00,20208.5,20217.0,20207.0,20208.25,7455
2026-01-08 15:56:00,20208.25,20209.0,20205.75,20208.75,6008
2026-01-08 15:57:00,20208.75,20210.75,20207.5,20207.75,5874
2026-01-08 15:58:00,20207.75,20210.5,20203.5,20205.75,3833
2026-01-08 15:59:00,20205.75,20208.5,20205.0,20207.25,3787
2026-01-09 09:30:00,20207.25,20210.75,20207.0,20210.0,5626
2026-01-09 09:31:00,20210.0,20214.0,20209.5,20213.75,6762
2026-01-09 09:32:00,20213.75,20216.0,20213.25,20213.25,4664
2026-01-09 09:33:00,20213.25,20214.25,20210.75,20212.0,4870
2026-01-09 09:34:00,20212.0,20213.75,20211.75,20213.0,3487
2026-01-09 09:35:00,20213.0,20213.25,20211.75,20212.0,3353
2026-01-09 09:36:00,20212.0,20214.5,20212.0,20212.0,5513
2026-01-09 09:37:00,20212.0,20212.25,20209.25,20209.5,7012
2026-01-09 09:38:00,20209.5,20217.25,20209.25,20209.5,6782
2026-01-09 09:39:00,20209.5,20210.0,20205.75,20206.25,7703
2026-01-09 09:40:00,20206.25,20206.75,20204.75,20206.25,4680
2026-01-09 09:41:00,20206.25,20207.75,20203.75,20204.25,4096
2026-01-09 09:42:00,20204.25,20207.0,20201.75,20206.0,7239
2026-01-09 09:43:00,20206.0,20206.75,20205.0,20206.75,8471
2026-01-09 09:44:00,20206.75,20208.5,20205.0,20205.25,3754
2026-01-09 09:45:00,20205.25,20207.25,20204.25,20205.5,3780
2026-01-09 09:46:00,20205.5,20206.0,20194.75,20201.0,8816
2026-01-09 09:47:00,20201.0,20205.25,20200.5,20201.25,6691
2026-01-09 09:48:00,20201.25,20201.5,20198.5,20201.0,8925
2026-01-09 09:49:00,20201.0,20203.0,20197.25,20203.0,6468
2026-01-09 09:50:00,20203.0,20203.0,20202.5,20202.5,8124
2026-01-09 09:51:00,20202.5,20203.75,20200.75,20202.0,5523
2026-01-09 09:52:00,20202.0,20203.0,20198.75,20200.75,3511
2026-01-09 09:53:00,20200.75,20202.0,20200.0,20201.5,3633
2026-01-09 09:54:00,20201.5,20201.75,20199.5,20199.75,7001
2026-01-09 09:55:00,20199.75,20201.5,20197.0,20197.25,8124
2026-01-09 09:56:00,20197.25,20198.25,20196.25,20196.5,3536
2026-01-09 09:57:00,20196.5,20202.75,20194.25,20198.75,5487
2026-01-09 09:58:00,20198.75,20199.0,20196.25,20197.0,4922
2026-01-09 09:59:00,20197.0,20198.0,20196.5,20198.0,8898
2026-01-09 10:00:00,20198.0,20200.0,20197.0,20198.75,2490
2026-01-09 10:01:00,20198.75,20199.25,20198.25,20198.75,1693
2026-01-09 10:02:00,20198.75,20200.0,20198.0,20199.25,2738
2026-01-09 10:03:00,20199.25,20201.75,20198.0,20198.25,4218
2026-01-09 10:04:00,20198.25,20200.75,20196.0,20199.75,2966
2026-01-09 10:05:00,20199.75,20200.75,20197.0,20199.5,4356
2026-01-09 10:06:00,20199.5,20201.25,20199.25,20199.75,4093
2026-01-09 10:07:00,20199.75,20200.25,20198.0,20198.75,3863
2026-01-09 10:08:00,20198.75,20200.25,20196.75,20198.25,1648
2026-01-09 10:09:00,20198.25,20198.5,20196.5,20198.25,4402
2026-01-09 10:10:00,20198.25,20199.25,20198.25,20199.0,2174
2026-01-09 10:11:00,20199.0,20201.25,20197.25,20200.5,1928
2026-01-09 10:12:00,20200.5,20200.75,20198.25,20198.25,2529
2026-01-09 10:13:00,20198.25,20198.5,20191.5,20195.75,4295
2026-01-09 10:14:00,20195.75,20196.25,20195.5,20195.75,3945
2026-01-09 10:15:00,20195.75,20197.25,20195.25,20197.0,3903
2026-01-09 10:16:00,20197.0,20197.25,20194.25,20194.75,3503
2026-01-09 10:17:00,20194.75,20195.0,20192.25,20192.75,3146
2026-01-09 10:18:00,20192.75,20193.75,20192.25,20193.25,3935
2026-01-09 10:19:00,20193.25,20196.25,20192.5,20194.0,4137
2026-01-09 10:20:00,20194.0,20195.75,20193.5,20193.5,2011
2026-01-09 10:21:00,20193.5,20194.75,20192.0,20193.75,1842
2026-01-09 10:22:00,20193.75,20196.25,20192.5,20194.75,4172
2026-01-09 10:23:00,20194.75,20196.0,20194.25,20194.5,2741
2026-01-09 10:24:00,20194.5,20195.0,20194.5,20195.0,3816
2026-01-09 10:25:00,20195.0,20196.5,20193.5,20194.25,3991
2026-01-09 10:26:00,20194.25,20195.25,20193.25,20195.25,3311
2026-01-09 10:27:00,20195.25,20196.75,20191.75,20194.75,3881
2026-01-09 10:28:00,20194.75,20196.5,20194.5,20196.5,2938
2026-01-09 10:29:00,20196.5,20196.5,20194.75,20195.25,3662
2026-01-09 10:30:00,20195.25,20197.0,20194.25,20197.0,3053
2026-01-09 10:31:00,20197.0,20199.0,20197.0,20197.25,3875
2026-01-09 10:32:00,20197.25,20197.5,20196.75,20196.75,4226
2026-01-09 10:33:00,20196.75,20197.25,20196.5,20196.75,4121
2026-01-09 10:34:00,20196.75,20199.5,20193.25,20197.25,3429
2026-01-09 10:35:00,20197.25,20198.25,20197.0,20198.25,3202
2026-01-09 10:36:00,20198.25,20198.25,20196.0,20196.5,3541
2026-01-09 10:37:00,20196.5,20198.75,20195.75,20195.75,4484
2026-01-09 10:38:00,20195.75,20197.0,20194.5,20196.5,3483
2026-01-09 10:39:00,20196.5,20196.75,20196.0,20196.5,3041
2026-01-09 10:40:00,20196.5,20198.5,20195.5,20197.75,4474
2026-01-09 10:41:00,20197.75,20198.0,20197.25,20197.75,3519
2026-01-09 10:42:00,20197.75,20198.25,20195.25,20195.5,3173
2026-01-09 10:43:00,20195.5,20195.75,20193.25,20193.25,2368
2026-01-09 10:44:00,20193.25,20194.0,20193.25,20193.75,1562
2026-01-09 10:45:00,20193.75,20196.0,20193.25,20194.75,3637
2026-01-09 10:46:00,20194.75,20194.75,20193.25,20194.5,2640
2026-01-09 10:47:00,20194.5,20197.25,20193.5,20195.75,1626
2026-01-09 10:48:00,20195.75,20195.75,20194.5,20194.75,2464
2026-01-09 10:49:00,20194.75,20196.25,20190.0,20190.5,3053
2026-01-09 10:50:00,20190.5,20192.75,20190.25,20192.75,4381
2026-01-09 10:51:00,20192.75,20193.5,20191.5,20192.0,1683
2026-01-09 10:52:00,20192.0,20193.75,20191.5,20193.25,3176
2026-01-09 10:53:00,20193.25,20194.5,20192.0,20194.5,3406
2026-01-09 10:54:00,20194.5,20194.75,20194.0,20194.5,3156
2026-01-09 10:55:00,20194.5,20197.75,20193.75,20194.0,2317
2026-01-09 10:56:00,20194.0,20195.25,20193.5,20193.75,3099
2026-01-09 10:57:00,20193.75,20193.75,20190.25,20192.5,2897
2026-01-09 10:58:00,20192.5,20192.5,20191.0,20192.5,3688
2026-01-09 10:59:00,20192.5,20193.0,20191.0,20191.25,3951
2026-01-09 11:00:00,20191.25,20191.75,20190.5,20191.5,1784
2026-01-09 11:01:00,20191.5,20195.25,20189.25,20190.75,2302
2026-01-09 11:02:00,20190.75,20192.25,20190.25,20190.25,3381
2026-01-09 11:03:00,20190.25,20190.25,20189.0,20190.0,3282
2026-01-09 11:04:00,20190.0,20191.0,20189.25,20190.5,3093
2026-01-09 11:05:00,20190.5,20191.5,20189.5,20191.25,2605
2026-01-09 11:06:00,20191.25,20191.75,20190.5,20191.75,2132
2026-01-09 11:07:00,20191.75,20191.75,20190.0,20190.0,3423
2026-01-09 11:08:00,20190.0,20190.75,20190.0,20190.5,4450
2026-01-09 11:09:00,20190.5,20191.0,20189.25,20190.0,2992
2026-01-09 11:10:00,20190.0,20190.25,20188.25,20190.25,3318
2026-01-09 11:11:00,20190.25,20191.75,20187.0,20187.75,3897
2026-01-09 11:12:00,20187.75,20188.0,20185.5,20186.0,3535
2026-01-09 11:13:00,20186.0,20186.75,20183.5,20186.0,3767
2026-01-09 11:14:00,20186.0,20187.75,20186.0,20187.0,3336
2026-01-09 11:15:00,20187.0,20189.5,20186.5,20187.0,2509
2026-01-09 11:16:00,20187.0,20188.25,20183.5,20185.25,3438
2026-01-09 11:17:00,20185.25,20186.25,20184.25,20186.0,1824
2026-01-09 11:18:00,20186.0,20188.25,20185.5,20187.25,4308
2026-01-09 11:19:00,20187.25,20187.75,20185.25,20187.75,3947
2026-01-09 11:20:00,20187.75,20190.5,20187.25,20189.25,3350
2026-01-09 11:21:00,20189.25,20190.25,20189.25,20189.5,3466
2026-01-09 11:22:00,20189.5,20189.75,20187.75,20188.0,2011
2026-01-09 11:23:00,20188.0,20189.75,20186.75,20187.25,3378
2026-01-09 11:24:00,20187.25,20187.5,20186.0,20186.75,2891
2026-01-09 11:25:00,20186.75,20189.75,20186.75,20187.5,4436
2026-01-09 11:26:00,20187.5,20188.5,20187.25,20188.5,3679
2026-01-09 11:27:00,20188.5,20190.75,20188.5,20190.5,1850
2026-01-09 11:28:00,20190.5,20193.25,20190.25,20190.5,4245
2026-01-09 11:29:00,20190.5,20193.0,20190.25,20192.5,4482
2026-01-09 11:30:00,20192.5,20192.5,20191.75,20192.25,1557
2026-01-09 11:31:00,20192.25,20193.75,20191.75,20193.25,606
2026-01-09 11:32:00,20193.25,20194.75,20193.25,20193.5,1459
2026-01-09 11:33:00,20193.5,20193.5,20193.25,20193.5,1118
2026-01-09 11:34:00,20193.5,20194.25,20193.25,20193.5,1391
2026-01-09 11:35:00,20193.5,20193.75,20192.75,20193.75,1284
2026-01-09 11:36:00,20193.75,20195.75,20193.75,20195.25,1595
2026-01-09 11:37:00,20195.25,20195.5,20193.25,20194.5,998
2026-01-09 11:38:00,20194.5,20194.5,20194.25,20194.5,690
2026-01-09 11:39:00,20194.5,20195.0,20194.0,20194.25,660
2026-01-09 11:40:00,20194.25,20194.25,20193.5,20193.5,1666
2026-01-09 11:41:00,20193.5,20193.75,20193.25,20193.75,682
2026-01-09 11:42:00,20193.75,20193.75,20191.75,20192.0,1424
2026-01-09 11:43:00,20192.0,20192.5,20192.0,20192.5,1560
2026-01-09 11:44:00,20192.5,20193.75,20190.75,20191.0,661
2026-01-09 11:45:00,20191.0,20191.0,20190.0,20190.5,1339
2026-01-09 11:46:00,20190.5,20190.75,20189.5,20190.0,1058
2026-01-09 11:47:00,20190.0,20191.0,20188.0,20190.75,767
2026-01-09 11:48:00,20190.75,20191.0,20190.25,20190.75,884
2026-01-09 11:49:00,20190.75,20191.5,20190.0,20190.25,1775
2026-01-09 11:50:00,20190.25,20190.75,20189.75,20190.5,841
2026-01-09 11:51:00,20190.5,20191.25,20190.5,20190.5,1742
2026-01-09 11:52:00,20190.5,20191.75,20190.0,20190.0,875
2026-01-09 11:53:00,20190.0,20190.25,20189.5,20189.5,667
2026-01-09 11:54:00,20189.5,20190.0,20189.0,20189.75,1764
2026-01-09 11:55:00,20189.75,20190.75,20189.25,20189.5,606
2026-01-09 11:56:00,20189.5,20190.0,20187.5,20188.25,930
2026-01-09 11:57:00,20188.25,20188.5,20188.0,20188.0,995
2026-01-09 11:58:00,20188.0,20189.25,20187.5,20189.0,1503
2026-01-09 11:59:00,20189.0,20190.25,20188.5,20189.0,788
2026-01-09 12:00:00,20189.0,20190.0,20186.0,20187.25,1480
2026-01-09 12:01:00,20187.25,20187.25,20186.25,20186.25,1702
2026-01-09 12:02:00,20186.25,20186.5,20186.25,20186.5,851
2026-01-09 12:03:00,20186.5,20188.0,20185.5,20186.0,716
2026-01-09 12:04:00,20186.0,20188.0,20185.75,20186.5,1705
2026-01-09 12:05:00,20186.5,20186.5,20185.25,20185.5,1009
2026-01-09 12:06:00,20185.5,20185.5,20184.25,20184.5,610
2026-01-09 12:07:00,20184.5,20184.5,20183.0,20184.0,1438
2026-01-09 12:08:00,20184.0,20185.0,20183.75,20185.0,1231
2026-01-09 12:09:00,20185.0,20185.5,20183.5,20184.75,1448
2026-01-09 12:10:00,20184.75,20185.25,20184.0,20184.25,1340
2026-01-09 12:11:00,20184.25,20184.5,20184.0,20184.25,1392
2026-01-09 12:12:00,20184.25,20184.5,20184.0,20184.25,657
2026-01-09 12:13:00,20184.25,20184.75,20183.5,20184.75,1607
2026-01-09 12:14:00,20184.75,20184.75,20183.5,20184.0,1326
2026-01-09 12:15:00,20184.0,20184.5,20183.25,20184.25,778
2026-01-09 12:16:00,20184.25,20184.75,20182.75,20184.75,1065
2026-01-09 12:17:00,20184.75,20185.0,20184.5,20184.75,1074
2026-01-09 12:18:00,20184.75,20185.75,20184.0,20185.75,1357
2026-01-09 12:19:00,20185.75,20186.25,20185.5,20186.0,1318
2026-01-09 12:20:00,20186.0,20186.0,20185.0,20185.25,1086
2026-01-09 12:21:00,20185.25,20185.25,20185.0,20185.25,1133
2026-01-09 12:22:00,20185.25,20186.75,20185.0,20186.5,786
2026-01-09 12:23:00,20186.5,20186.75,20185.0,20185.0,973
2026-01-09 12:24:00,20185.0,20185.25,20183.5,20184.0,1126
2026-01-09 12:25:00,20184.0,20185.25,20183.75,20185.0,1022
2026-01-09 12:26:00,20185.0,20185.5,20184.5,20184.75,626
2026-01-09 12:27:00,20184.75,20186.0,20183.75,20185.25,812
2026-01-09 12:28:00,20185.25,20186.5,20185.0,20185.25,1025
2026-01-09 12:29:00,20185.25,20185.75,20183.75,20184.75,1339
2026-01-09 12:30:00,20184.75,20185.5,20184.25,20185.5,1590
2026-01-09 12:31:00,20185.5,20185.5,20184.75,20185.25,732
2026-01-09 12:32:00,20185.25,20186.0,20185.0,20186.0,1464
2026-01-09 12:33:00,20186.0,20186.0,20185.5,20185.75,1143
2026-01-09 12:34:00,20185.75,20186.25,20185.75,20186.25,681
2026-01-09 12:35:00,20186.25,20186.25,20184.5,20185.25,865
2026-01-09 12:36:00,20185.25,20186.0,20184.75,20185.5,829
2026-01-09 12:37:00,20185.5,20185.75,20185.25,20185.5,1499
2026-01-09 12:38:00,20185.5,20186.0,20185.25,20185.5,833
2026-01-09 12:39:00,20185.5,20185.75,20184.75,20185.25,1272
2026-01-09 12:40:00,20185.25,20186.5,20184.75,20186.25,1627
2026-01-09 12:41:00,20186.25,20188.25,20185.5,20186.0,1689
2026-01-09 12:42:00,20186.0,20187.0,20185.0,20186.75,1121
2026-01-09 12:43:00,20186.75,20187.5,20186.0,20186.25,1758
2026-01-09 12:44:00,20186.25,20187.5,20186.0,20187.25,692
2026-01-09 12:45:00,20187.25,20188.0,20186.5,20187.0,1431
2026-01-09 12:46:00,20187.0,20187.5,20186.25,20186.5,1664
2026-01-09 12:47:00,20186.5,20187.5,20186.25,20187.5,783
2026-01-09 12:48:00,20187.5,20189.75,20187.5,20188.25,1484
2026-01-09 12:49:00,20188.25,20189.0,20187.0,20187.5,1638
2026-01-09 12:50:00,20187.5,20188.0,20187.0,20187.5,682
2026-01-09 12:51:00,20187.5,20188.0,20185.5,20185.75,899
2026-01-09 12:52:00,20185.75,20185.75,20183.5,20184.5,918
2026-01-09 12:53:00,20184.5,20185.25,20183.5,20183.5,1112
2026-01-09 12:54:00,20183.5,20183.75,20182.75,20183.25,1000
2026-01-09 12:55:00,20183.25,20183.5,20182.0,20182.5,1142
2026-01-09 12:56:00,20182.5,20183.25,20182.0,20182.25,1694
2026-01-09 12:57:00,20182.25,20183.0,20182.25,20182.5,1527
2026-01-09 12:58:00,20182.5,20182.75,20182.25,20182.5,1105
2026-01-09 12:59:00,20182.5,20183.0,20182.5,20182.5,1731
2026-01-09 13:00:00,20182.5,20183.5,20182.25,20183.25,1733
2026-01-09 13:01:00,20183.25,20183.5,20182.5,20182.75,1643
2026-01-09 13:02:00,20182.75,20184.25,20182.75,20183.5,934
2026-01-09 13:03:00,20183.5,20184.0,20182.0,20183.75,661
2026-01-09 13:04:00,20183.75,20184.75,20182.75,20184.25,902
2026-01-09 13:05:00,20184.25,20184.25,20184.0,20184.0,949
2026-01-09 13:06:00,20184.0,20184.25,20183.25,20183.75,825
2026-01-09 13:07:00,20183.75,20184.0,20182.75,20183.25,1652
2026-01-09 13:08:00,20183.25,20183.75,20181.25,20183.0,1782
2026-01-09 13:09:00,20183.0,20183.25,20182.25,20182.75,982
2026-01-09 13:10:00,20182.75,20183.0,20182.25,20182.25,1247
2026-01-09 13:11:00,20182.25,20182.25,20181.0,20182.0,1576
2026-01-09 13:12:00,20182.0,20183.75,20181.0,20181.5,1362
2026-01-09 13:13:00,20181.5,20182.75,20181.25,20181.5,1754
2026-01-09 13:14:00,20181.5,20181.5,20180.75,20181.0,1185
2026-01-09 13:15:00,20181.0,20181.5,20179.5,20180.25,1736
2026-01-09 13:16:00,20180.25,20180.75,20178.5,20179.75,741
2026-01-09 13:17:00,20179.75,20179.75,20179.0,20179.25,1009
2026-01-09 13:18:00,20179.25,20180.0,20178.5,20179.75,878
2026-01-09 13:19:00,20179.75,20180.25,20178.5,20180.0,1073
2026-01-09 13:20:00,20180.0,20181.25,20179.5,20179.75,1224
2026-01-09 13:21:00,20179.75,20181.5,20179.5,20180.75,1318
2026-01-09 13:22:00,20180.75,20182.75,20180.5,20182.25,1439
2026-01-09 13:23:00,20182.25,20183.0,20181.75,20182.25,1693
2026-01-09 13:24:00,20182.25,20183.0,20182.0,20182.25,610
2026-01-09 13:25:00,20182.25,20183.25,20181.75,20183.0,1420
2026-01-09 13:26:00,20183.0,20183.5,20181.25,20181.75,1782
2026-01-09 13:27:00,20181.75,20182.25,20181.5,20182.25,1496
2026-01-09 13:28:00,20182.25,20182.5,20181.0,20182.0,998
2026-01-09 13:29:00,20182.0,20184.0,20181.75,20183.25,1458
2026-01-09 13:30:00,20183.25,20184.5,20181.25,20181.5,1562
2026-01-09 13:31:00,20181.5,20181.5,20181.25,20181.5,2978
2026-01-09 13:32:00,20181.5,20181.75,20179.75,20181.25,2498
2026-01-09 13:33:00,20181.25,20185.75,20179.5,20182.25,2303
2026-01-09 13:34:00,20182.25,20182.25,20180.0,20181.5,3763
2026-01-09 13:35:00,20181.5,20182.75,20180.5,20181.25,2061
2026-01-09 13:36:00,20181.25,20182.75,20180.75,20182.75,2908
2026-01-09 13:37:00,20182.75,20183.0,20180.0,20180.75,1817
2026-01-09 13:38:00,20180.75,20181.75,20179.0,20179.25,3151
2026-01-09 13:39:00,20179.25,20179.25,20176.75,20179.0,3778
2026-01-09 13:40:00,20179.0,20179.5,20177.75,20177.75,2051
2026-01-09 13:41:00,20177.75,20178.25,20176.5,20177.5,1521
2026-01-09 13:42:00,20177.5,20177.75,20173.0,20176.5,1931
2026-01-09 13:43:00,20176.5,20178.75,20175.75,20178.25,1788
2026-01-09 13:44:00,20178.25,20180.0,20177.75,20179.5,2027
2026-01-09 13:45:00,20179.5,20181.5,20178.75,20181.5,2566
2026-01-09 13:46:00,20181.5,20181.5,20180.5,20181.0,2005
2026-01-09 13:47:00,20181.0,20181.75,20179.25,20181.5,1617
2026-01-09 13:48:00,20181.5,20182.75,20180.25,20180.75,1489
2026-01-09 13:49:00,20180.75,20182.0,20180.25,20181.5,2714
2026-01-09 13:50:00,20181.5,20182.0,20178.0,20180.5,1583
2026-01-09 13:51:00,20180.5,20182.25,20180.25,20181.0,3599
2026-01-09 13:52:00,20181.0,20181.5,20179.75,20180.25,1619
2026-01-09 13:53:00,20180.25,20180.5,20177.5,20178.5,3583
2026-01-09 13:54:00,20178.5,20179.25,20178.0,20178.25,3121
2026-01-09 13:55:00,20178.25,20178.25,20176.75,20177.0,1997
2026-01-09 13:56:00,20177.0,20179.0,20176.5,20177.0,3266
2026-01-09 13:57:00,20177.0,20178.5,20176.5,20177.75,2895
2026-01-09 13:58:00,20177.75,20179.25,20175.75,20177.0,2096
2026-01-09 13:59:00,20177.0,20178.75,20176.0,20177.0,2976
2026-01-09 14:00:00,20177.0,20178.75,20175.5,20175.75,2315
2026-01-09 14:01:00,20175.75,20178.25,20175.75,20177.75,3533
2026-01-09 14:02:00,20177.75,20178.0,20174.5,20174.75,1480
2026-01-09 14:03:00,20174.75,20177.5,20173.75,20176.25,3913
2026-01-09 14:04:00,20176.25,20176.25,20174.25,20174.25,3965
2026-01-09 14:05:00,20174.25,20174.75,20173.25,20173.25,3998
2026-01-09 14:06:00,20173.25,20173.75,20172.25,20173.5,3600
2026-01-09 14:07:00,20173.5,20176.5,20173.25,20174.75,1697
2026-01-09 14:08:00,20174.75,20176.0,20174.25,20174.75,2817
2026-01-09 14:09:00,20174.75,20174.75,20173.25,20174.75,1682
2026-01-09 14:10:00,20174.75,20175.0,20173.75,20174.25,3279
2026-01-09 14:11:00,20174.25,20175.25,20173.75,20174.5,1726
2026-01-09 14:12:00,20174.5,20174.5,20173.5,20173.75,2047
2026-01-09 14:13:00,20173.75,20175.0,20172.75,20174.75,1407
2026-01-09 14:14:00,20174.75,20177.75,20174.25,20175.5,3122
2026-01-09 14:15:00,20175.5,20176.5,20175.25,20176.25,3160
2026-01-09 14:16:00,20176.25,20177.5,20176.25,20177.0,3808
2026-01-09 14:17:00,20177.0,20177.25,20175.25,20175.75,3226
2026-01-09 14:18:00,20175.75,20175.75,20173.25,20173.25,3313
2026-01-09 14:19:00,20173.25,20173.5,20170.75,20173.0,3033
2026-01-09 14:20:00,20173.0,20174.25,20172.75,20173.75,2912
2026-01-09 14:21:00,20173.75,20174.5,20172.0,20173.75,3972
2026-01-09 14:22:00,20173.75,20174.25,20170.75,20173.25,2809
2026-01-09 14:23:00,20173.25,20174.25,20173.0,20173.25,3448
2026-01-09 14:24:00,20173.25,20174.25,20172.75,20173.75,3269
2026-01-09 14:25:00,20173.75,20175.75,20173.25,20175.25,3260
2026-01-09 14:26:00,20175.25,20177.5,20175.0,20176.25,3060
2026-01-09 14:27:00,20176.25,20178.75,20175.5,20175.5,2726
2026-01-09 14:28:00,20175.5,20177.5,20174.25,20176.0,1661
2026-01-09 14:29:00,20176.0,20176.25,20173.75,20174.25,2589
2026-01-09 14:30:00,20174.25,20175.0,20174.25,20174.5,1470
2026-01-09 14:31:00,20174.5,20175.5,20173.25,20175.5,3849
2026-01-09 14:32:00,20175.5,20176.75,20175.0,20176.5,3694
2026-01-09 14:33:00,20176.5,20176.75,20172.25,20173.75,3527
2026-01-09 14:34:00,20173.75,20176.0,20173.75,20175.5,3777
2026-01-09 14:35:00,20175.5,20176.0,20174.0,20174.25,2008
2026-01-09 14:36:00,20174.25,20174.5,20172.0,20172.5,2529
2026-01-09 14:37:00,20172.5,20174.0,20171.75,20173.5,2782
2026-01-09 14:38:00,20173.5,20176.75,20172.5,20175.25,1499
2026-01-09 14:39:00,20175.25,20175.75,20173.75,20175.25,3029
2026-01-09 14:40:00,20175.25,20175.5,20174.0,20174.5,1455
2026-01-09 14:41:00,20174.5,20174.5,20174.0,20174.25,2385
2026-01-09 14:42:00,20174.25,20175.25,20171.75,20172.25,1773
2026-01-09 14:43:00,20172.25,20174.25,20172.25,20173.5,3354
2026-01-09 14:44:00,20173.5,20173.75,20169.75,20173.0,2992
2026-01-09 14:45:00,20173.0,20175.25,20172.5,20174.25,3940
2026-01-09 14:46:00,20174.25,20174.5,20174.0,20174.0,2193
2026-01-09 14:47:00,20174.0,20174.25,20171.5,20172.25,1557
2026-01-09 14:48:00,20172.25,20172.5,20170.0,20172.25,1692
2026-01-09 14:49:00,20172.25,20172.5,20171.75,20171.75,3198
2026-01-09 14:50:00,20171.75,20172.25,20171.0,20171.75,2340
2026-01-09 14:51:00,20171.75,20173.0,20171.0,20172.5,3476
2026-01-09 14:52:00,20172.5,20172.75,20171.75,20172.25,3895
2026-01-09 14:53:00,20172.25,20174.75,20172.0,20173.5,3162
2026-01-09 14:54:00,20173.5,20173.75,20173.0,20173.75,1501
2026-01-09 14:55:00,20173.75,20174.25,20173.0,20173.5,2306
2026-01-09 14:56:00,20173.5,20174.25,20170.0,20170.75,1543
2026-01-09 14:57:00,20170.75,20172.25,20170.75,20170.75,2824
2026-01-09 14:58:00,20170.75,20171.0,20168.5,20170.75,2901
2026-01-09 14:59:00,20170.75,20172.25,20170.25,20170.5,3103
2026-01-09 15:00:00,20170.5,20171.5,20169.75,20170.75,3447
2026-01-09 15:01:00,20170.75,20171.75,20170.5,20171.25,2250
2026-01-09 15:02:00,20171.25,20173.0,20169.0,20171.5,1698
2026-01-09 15:03:00,20171.5,20172.0,20166.0,20170.0,2844
2026-01-09 15:04:00,20170.0,20170.25,20168.75,20170.25,2113
2026-01-09 15:05:00,20170.25,20170.5,20169.25,20170.0,3409
2026-01-09 15:06:00,20170.0,20170.25,20169.0,20170.0,1670
2026-01-09 15:07:00,20170.0,20170.5,20167.0,20168.75,1675
2026-01-09 15:08:00,20168.75,20169.5,20167.0,20169.25,2233
2026-01-09 15:09:00,20169.25,20169.5,20168.25,20169.0,2673
2026-01-09 15:10:00,20169.0,20172.0,20168.0,20171.5,1635
2026-01-09 15:11:00,20171.5,20172.75,20170.0,20170.75,3336
2026-01-09 15:12:00,20170.75,20171.75,20167.75,20170.5,2079
2026-01-09 15:13:00,20170.5,20171.25,20168.75,20171.0,1545
2026-01-09 15:14:00,20171.0,20174.25,20170.75,20173.5,3446
2026-01-09 15:15:00,20173.5,20176.0,20170.5,20175.5,1607
2026-01-09 15:16:00,20175.5,20177.0,20174.5,20175.0,2608
2026-01-09 15:17:00,20175.0,20175.5,20173.5,20173.75,2460
2026-01-09 15:18:00,20173.75,20174.25,20173.75,20174.25,2263
2026-01-09 15:19:00,20174.25,20174.5,20173.0,20173.5,1965
2026-01-09 15:20:00,20173.5,20173.75,20172.75,20173.0,3211
2026-01-09 15:21:00,20173.0,20175.25,20172.0,20174.75,1512
2026-01-09 15:22:00,20174.75,20174.75,20173.75,20174.75,1769
2026-01-09 15:23:00,20174.75,20175.5,20174.75,20175.5,1988
2026-01-09 15:24:00,20175.5,20177.25,20171.75,20175.5,3680
2026-01-09 15:25:00,20175.5,20176.25,20174.0,20174.25,3095
2026-01-09 15:26:00,20174.25,20174.75,20173.5,20174.0,3467
2026-01-09 15:27:00,20174.0,20174.75,20173.25,20173.25,2982
2026-01-09 15:28:00,20173.25,20174.5,20172.75,20174.5,1666
2026-01-09 15:29:00,20174.5,20174.5,20172.25,20172.5,1722
2026-01-09 15:30:00,20172.5,20173.0,20169.75,20170.0,7084
2026-01-09 15:31:00,20170.0,20173.5,20169.25,20173.0,6978
2026-01-09 15:32:00,20173.0,20180.25,20171.25,20175.5,5682
2026-01-09 15:33:00,20175.5,20177.25,20174.75,20176.25,7235
2026-01-09 15:34:00,20176.25,20180.0,20176.0,20176.25,7012
2026-01-09 15:35:00,20176.25,20176.75,20175.75,20176.0,6472
2026-01-09 15:36:00,20176.0,20177.25,20173.25,20176.75,5203
2026-01-09 15:37:00,20176.75,20180.75,20175.5,20179.5,4802
2026-01-09 15:38:00,20179.5,20182.25,20176.25,20179.0,4854
2026-01-09 15:39:00,20179.0,20179.0,20177.25,20177.75,6984
2026-01-09 15:40:00,20177.75,20178.5,20174.5,20175.25,4810
2026-01-09 15:41:00,20175.25,20176.5,20174.0,20175.25,7041
2026-01-09 15:42:00,20175.25,20176.0,20170.5,20173.75,8107
2026-01-09 15:43:00,20173.75,20176.75,20171.0,20176.25,7071
2026-01-09 15:44:00,20176.25,20179.0,20175.25,20178.75,5642
2026-01-09 15:45:00,20178.75,20185.25,20173.75,20175.75,7084
2026-01-09 15:46:00,20175.75,20177.75,20175.75,20177.0,5170
2026-01-09 15:47:00,20177.0,20178.0,20175.25,20175.75,4378
2026-01-09 15:48:00,20175.75,20177.5,20174.5,20175.0,6119
2026-01-09 15:49:00,20175.0,20180.0,20174.25,20177.5,6488
2026-01-09 15:50:00,20177.5,20178.5,20176.0,20178.5,7611
2026-01-09 15:51:00,20178.5,20181.75,20178.25,20180.25,3635
2026-01-09 15:52:00,20180.25,20182.5,20178.25,20179.5,5437
2026-01-09 15:53:00,20179.5,20179.75,20179.25,20179.75,7332
2026-01-09 15:54:00,20179.75,20181.75,20178.5,20180.0,8160
2026-01-09 15:55:00,20180.0,20181.25,20178.0,20178.25,4139
2026-01-09 15:56:00,20178.25,20181.0,20176.0,20180.25,6136
2026-01-09 15:57:00,20180.25,20180.75,20178.5,20179.5,5456
2026-01-09 15:58:00,20179.5,20182.5,20179.5,20181.0,3515
2026-01-09 15:59:00,20181.0,20182.25,20180.75,20181.0,7950
2026-01-12 09:30:00,20181.0,20184.75,20178.5,20184.5,6543
2026-01-12 09:31:00,20184.5,20184.5,20184.25,20184.5,3033
2026-01-12 09:32:00,20184.5,20186.75,20178.5,20179.0,3208
2026-01-12 09:33:00,20179.0,20181.75,20177.75,20181.5,6320
2026-01-12 09:34:00,20181.5,20185.25,20180.25,20181.5,4627
2026-01-12 09:35:00,20181.5,20182.75,20181.25,20181.5,6598
2026-01-12 09:36:00,20181.5,20183.25,20181.25,20182.5,5735
2026-01-12 09:37:00,20182.5,20187.0,20181.75,20185.75,3743
2026-01-12 09:38:00,20185.75,20186.75,20184.0,20184.5,3679
2026-01-12 09:39:00,20184.5,20185.0,20180.0,20181.5,6961
2026-01-12 09:40:00,20181.5,20183.5,20181.25,20181.25,5499
2026-01-12 09:41:00,20181.25,20182.75,20179.25,20179.5,6060
2026-01-12 09:42:00,20179.5,20179.75,20175.75,20176.0,3447
2026-01-12 09:43:00,20176.0,20176.5,20175.25,20175.25,5296
2026-01-12 09:44:00,20175.25,20176.75,20169.25,20173.25,3418
2026-01-12 09:45:00,20173.25,20174.0,20170.5,20171.0,4640
2026-01-12 09:46:00,20171.0,20171.5,20167.0,20170.75,3090
2026-01-12 09:47:00,20170.75,20179.5,20169.5,20170.0,7246
2026-01-12 09:48:00,20170.0,20170.25,20166.0,20167.75,7888
2026-01-12 09:49:00,20167.75,20173.5,20166.25,20168.75,4366
2026-01-12 09:50:00,20168.75,20169.0,20167.5,20168.75,8285
2026-01-12 09:51:00,20168.75,20170.25,20168.0,20170.0,4249
2026-01-12 09:52:00,20170.0,20170.75,20165.0,20166.75,5322
2026-01-12 09:53:00,20166.75,20167.0,20162.75,20166.0,5879
2026-01-12 09:54:00,20166.0,20166.0,20161.5,20163.0,4708
2026-01-12 09:55:00,20163.0,20165.0,20162.25,20163.0,5012
2026-01-12 09:56:00,20163.0,20165.75,20156.25,20161.5,7784
2026-01-12 09:57:00,20161.5,20163.75,20160.25,20163.25,4623
2026-01-12 09:58:00,20163.25,20164.5,20157.5,20162.25,6380
2026-01-12 09:59:00,20162.25,20163.0,20161.0,20161.75,6506
2026-01-12 10:00:00,20161.75,20162.5,20161.0,20161.0,4159
2026-01-12 10:01:00,20161.0,20164.0,20160.75,20162.5,2189
2026-01-12 10:02:00,20162.5,20164.75,20162.0,20163.5,4424
2026-01-12 10:03:00,20163.5,20165.25,20162.25,20164.75,4493
2026-01-12 10:04:00,20164.75,20165.5,20161.75,20164.25,4310
2026-01-12 10:05:00,20164.25,20164.5,20163.25,20164.0,1891
2026-01-12 10:06:00,20164.0,20165.75,20163.25,20164.5,3909
2026-01-12 10:07:00,20164.5,20169.25,20163.25,20166.25,1968
2026-01-12 10:08:00,20166.25,20168.5,20165.0,20166.5,1942
2026-01-12 10:09:00,20166.5,20166.75,20164.25,20166.25,2517
2026-01-12 10:10:00,20166.25,20166.75,20164.25,20164.25,1928
2026-01-12 10:11:00,20164.25,20165.5,20163.25,20163.75,3732
2026-01-12 10:12:00,20163.75,20166.25,20162.0,20162.5,2018
2026-01-12 10:13:00,20162.5,20162.5,20160.5,20161.0,3212
2026-01-12 10:14:00,20161.0,20161.25,20160.25,20161.0,2891
2026-01-12 10:15:00,20161.0,20162.25,20160.75,20160.75,1565
2026-01-12 10:16:00,20160.75,20165.25,20158.0,20159.0,2581
2026-01-12 10:17:00,20159.0,20159.75,20157.75,20158.75,1846
2026-01-12 10:18:00,20158.75,20159.0,20156.5,20156.75,2621
2026-01-12 10:19:00,20156.75,20157.0,20152.5,20155.0,2570
2026-01-12 10:20:00,20155.0,20157.25,20153.75,20155.25,2550
2026-01-12 10:21:00,20155.25,20156.5,20155.0,20155.75,3079
2026-01-12 10:22:00,20155.75,20157.5,20155.25,20157.25,2710
2026-01-12 10:23:00,20157.25,20157.25,20155.0,20155.5,4151
2026-01-12 10:24:00,20155.5,20156.75,20155.0,20156.0,3334
2026-01-12 10:25:00,20156.0,20157.0,20153.5,20156.0,3131
2026-01-12 10:26:00,20156.0,20156.75,20154.75,20156.75,4437
2026-01-12 10:27:00,20156.75,20156.75,20155.0,20155.25,3304
2026-01-12 10:28:00,20155.25,20158.75,20155.25,20157.75,2256
2026-01-12 10:29:00,20157.75,20158.5,20157.75,20158.5,2141
2026-01-12 10:30:00,20158.5,20160.0,20158.25,20159.0,2210
2026-01-12 10:31:00,20159.0,20161.75,20158.75,20161.25,2457
2026-01-12 10:32:00,20161.25,20161.75,20160.0,20160.5,3800
2026-01-12 10:33:00,20160.5,20162.25,20159.75,20161.75,3317
2026-01-12 10:34:00,20161.75,20163.75,20161.25,20163.75,1810
2026-01-12 10:35:00,20163.75,20165.0,20163.5,20164.0,2369
2026-01-12 10:36:00,20164.0,20168.75,20163.5,20165.5,3035
2026-01-12 10:37:00,20165.5,20165.75,20163.75,20165.0,3041
2026-01-12 10:38:00,20165.0,20168.0,20164.75,20166.25,4191
2026-01-12 10:39:00,20166.25,20167.25,20165.25,20167.25,3635
2026-01-12 10:40:00,20167.25,20168.75,20165.25,20168.25,1961
2026-01-12 10:41:00,20168.25,20170.25,20165.75,20166.25,1663
2026-01-12 10:42:00,20166.25,20168.25,20163.75,20167.75,2535
2026-01-12 10:43:00,20167.75,20169.5,20166.5,20167.5,1563
2026-01-12 10:44:00,20167.5,20168.5,20167.25,20168.25,2928
2026-01-12 10:45:00,20168.25,20169.5,20167.25,20168.0,3719
2026-01-12 10:46:00,20168.0,20169.0,20168.0,20168.75,2544
2026-01-12 10:47:00,20168.75,20170.5,20167.75,20170.25,3892
2026-01-12 10:48:00,20170.25,20171.75,20168.0,20170.5,3890
2026-01-12 10:49:00,20170.5,20171.0,20168.75,20168.75,1933
2026-01-12 10:50:00,20168.75,20169.75,20167.75,20169.25,2130
2026-01-12 10:51:00,20169.25,20170.0,20168.75,20168.75,2868
2026-01-12 10:52:00,20168.75,20169.0,20168.0,20168.75,3934
2026-01-12 10:53:00,20168.75,20169.0,20167.25,20168.25,3861
2026-01-12 10:54:00,20168.25,20170.75,20166.25,20167.5,2464
2026-01-12 10:55:00,20167.5,20168.0,20165.5,20165.75,2434
2026-01-12 10:56:00,20165.75,20168.75,20164.75,20165.5,3682
2026-01-12 10:57:00,20165.5,20167.0,20165.5,20166.25,1610
2026-01-12 10:58:00,20166.25,20167.5,20164.0,20167.0,1923
2026-01-12 10:59:00,20167.0,20169.5,20166.5,20169.25,2330
2026-01-12 11:00:00,20169.25,20169.75,20169.0,20169.5,4292
2026-01-12 11:01:00,20169.5,20170.0,20169.25,20169.75,4205
2026-01-12 11:02:00,20169.75,20171.25,20169.75,20170.75,3395
2026-01-12 11:03:00,20170.75,20173.75,20170.75,20173.0,4133
2026-01-12 11:04:00,20173.0,20175.75,20170.75,20172.5,1744
2026-01-12 11:05:00,20172.5,20174.5,20170.75,20173.0,1610
2026-01-12 11:06:00,20173.0,20174.0,20172.5,20172.75,2300
2026-01-12 11:07:00,20172.75,20173.75,20172.0,20173.0,1923
2026-01-12 11:08:00,20173.0,20174.75,20172.0,20173.75,2762
2026-01-12 11:09:00,20173.75,20174.5,20172.25,20173.0,2052
2026-01-12 11:10:00,20173.0,20173.25,20171.5,20172.25,1631
2026-01-12 11:11:00,20172.25,20172.5,20169.75,20172.0,4021
2026-01-12 11:12:00,20172.0,20173.5,20171.25,20173.0,2780
2026-01-12 11:13:00,20173.0,20173.25,20172.25,20172.5,2777
2026-01-12 11:14:00,20172.5,20172.5,20171.75,20171.75,2194
2026-01-12 11:15:00,20171.75,20172.5,20170.5,20170.5,3868
2026-01-12 11:16:00,20170.5,20172.25,20166.75,20168.75,1899
2026-01-12 11:17:00,20168.75,20169.25,20168.5,20168.75,2148
2026-01-12 11:18:00,20168.75,20170.5,20168.0,20169.5,2568
2026-01-12 11:19:00,20169.5,20170.25,20168.25,20169.75,2264
2026-01-12 11:20:00,20169.75,20175.25,20169.0,20170.75,4218
2026-01-12 11:21:00,20170.75,20171.75,20167.75,20169.5,3267
2026-01-12 11:22:00,20169.5,20171.75,20168.75,20171.5,2619
2026-01-12 11:23:00,20171.5,20171.5,20170.75,20171.25,4006
2026-01-12 11:24:00,20171.25,20172.75,20168.0,20168.5,1883
2026-01-12 11:25:00,20168.5,20168.75,20166.0,20167.0,2348
2026-01-12 11:26:00,20167.0,20168.5,20165.0,20165.75,4498
2026-01-12 11:27:00,20165.75,20165.75,20164.25,20165.75,4286
2026-01-12 11:28:00,20165.75,20165.75,20162.75,20165.0,4488
2026-01-12 11:29:00,20165.0,20166.0,20164.75,20165.0,1768
2026-01-12 11:30:00,20165.0,20165.5,20164.5,20165.25,1480
2026-01-12 11:31:00,20165.25,20165.75,20165.25,20165.5,784
2026-01-12 11:32:00,20165.5,20166.25,20164.75,20166.0,921
2026-01-12 11:33:00,20166.0,20166.75,20165.25,20165.5,1102
2026-01-12 11:34:00,20165.5,20165.75,20165.0,20165.0,1026
2026-01-12 11:35:00,20165.0,20165.25,20164.75,20164.75,1383
2026-01-12 11:36:00,20164.75,20165.75,20164.0,20165.0,1418
2026-01-12 11:37:00,20165.0,20165.75,20164.5,20164.75,855
2026-01-12 11:38:00,20164.75,20164.75,20164.5,20164.75,1578
2026-01-12 11:39:00,20164.75,20165.25,20164.0,20165.0,1153
2026-01-12 11:40:00,20165.0,20165.5,20164.5,20165.0,1234
2026-01-12 11:41:00,20165.0,20165.25,20164.75,20164.75,1203
2026-01-12 11:42:00,20164.75,20166.0,20164.75,20165.0,1162
2026-01-12 11:43:00,20165.0,20165.75,20164.75,20164.75,792
2026-01-12 11:44:00,20164.75,20165.0,20164.25,20164.75,1467
2026-01-12 11:45:00,20164.75,20165.0,20163.5,20164.0,1202
2026-01-12 11:46:00,20164.0,20164.5,20162.0,20162.5,1780
2026-01-12 11:47:00,20162.5,20163.5,20162.25,20163.0,1239
2026-01-12 11:48:00,20163.0,20163.75,20162.5,20162.75,1441
2026-01-12 11:49:00,20162.75,20164.0,20162.25,20162.75,1254
2026-01-12 11:50:00,20162.75,20162.75,20162.5,20162.75,1693
2026-01-12 11:51:00,20162.75,20163.0,20162.0,20162.25,1035
2026-01-12 11:52:00,20162.25,20163.0,20162.0,20162.75,749
2026-01-12 11:53:00,20162.75,20163.25,20162.75,20163.0,876
2026-01-12 11:54:00,20163.0,20163.75,20162.25,20163.25,859
2026-01-12 11:55:00,20163.25,20166.0,20163.0,20163.25,1069
2026-01-12 11:56:00,20163.25,20163.5,20162.5,20162.75,841
2026-01-12 11:57:00,20162.75,20163.5,20161.5,20162.0,921
2026-01-12 11:58:00,20162.0,20162.0,20161.75,20161.75,1166
2026-01-12 11:59:00,20161.75,20162.5,20161.5,20161.75,1238
2026-01-12 12:00:00,20161.75,20162.25,20161.75,20162.25,1358
2026-01-12 12:01:00,20162.25,20162.75,20160.5,20161.5,865
2026-01-12 12:02:00,20161.5,20161.5,20159.75,20160.75,1658
2026-01-12 12:03:00,20160.75,20162.25,20160.5,20160.5,1696
2026-01-12 12:04:00,20160.5,20161.0,20159.75,20160.25,1393
2026-01-12 12:05:00,20160.25,20160.75,20160.25,20160.75,1360
2026-01-12 12:06:00,20160.75,20161.0,20160.0,20160.0,615
2026-01-12 12:07:00,20160.0,20160.25,20160.0,20160.25,610
2026-01-12 12:08:00,20160.25,20161.0,20160.0,20160.5,1420
2026-01-12 12:09:00,20160.5,20160.5,20159.5,20160.5,1616
2026-01-12 12:10:00,20160.5,20161.5,20160.0,20160.25,646
2026-01-12 12:11:00,20160.25,20160.75,20158.25,20158.5,1045
2026-01-12 12:12:00,20158.5,20158.75,20158.0,20158.25,1225
2026-01-12 12:13:00,20158.25,20158.5,20157.25,20157.75,1444
2026-01-12 12:14:00,20157.75,20158.0,20157.5,20157.75,1427
2026-01-12 12:15:00,20157.75,20158.0,20157.25,20157.75,1534
2026-01-12 12:16:00,20157.75,20158.5,20157.5,20157.75,1058
2026-01-12 12:17:00,20157.75,20158.75,20157.75,20158.5,1098
2026-01-12 12:18:00,20158.5,20158.5,20157.0,20157.25,1257
2026-01-12 12:19:00,20157.25,20157.25,20156.5,20156.75,983
2026-01-12 12:20:00,20156.75,20158.0,20156.5,20157.0,1244
2026-01-12 12:21:00,20157.0,20157.75,20157.0,20157.75,1682
2026-01-12 12:22:00,20157.75,20158.25,20156.75,20157.75,1033
2026-01-12 12:23:00,20157.75,20158.5,20157.75,20158.25,739
2026-01-12 12:24:00,20158.25,20160.25,20157.75,20159.0,1467
2026-01-12 12:25:00,20159.0,20159.0,20158.25,20159.0,1697
2026-01-12 12:26:00,20159.0,20160.0,20158.5,20158.5,1773
2026-01-12 12:27:00,20158.5,20158.75,20158.5,20158.75,980
2026-01-12 12:28:00,20158.75,20159.25,20158.75,20159.25,848
2026-01-12 12:29:00,20159.25,20160.0,20158.0,20158.75,1514
2026-01-12 12:30:00,20158.75,20158.75,20158.0,20158.25,1685
2026-01-12 12:31:00,20158.25,20158.5,20157.75,20158.0,1384
2026-01-12 12:32:00,20158.0,20158.0,20155.5,20156.25,1364
2026-01-12 12:33:00,20156.25,20156.75,20156.0,20156.5,1214
2026-01-12 12:34:00,20156.5,20156.75,20154.75,20155.75,923
2026-01-12 12:35:00,20155.75,20158.0,20154.0,20154.75,918
2026-01-12 12:36:00,20154.75,20155.0,20153.75,20155.0,1230
2026-01-12 12:37:00,20155.0,20156.5,20154.75,20155.5,1620
2026-01-12 12:38:00,20155.5,20155.75,20155.0,20155.25,653
2026-01-12 12:39:00,20155.25,20155.5,20154.0,20154.25,638
2026-01-12 12:40:00,20154.25,20156.0,20154.25,20154.75,1404
2026-01-12 12:41:00,20154.75,20155.75,20154.25,20154.75,1596
2026-01-12 12:42:00,20154.75,20155.0,20154.5,20154.75,637
2026-01-12 12:43:00,20154.75,20154.75,20152.75,20153.25,1112
2026-01-12 12:44:00,20153.25,20153.25,20152.75,20153.0,1044
2026-01-12 12:45:00,20153.0,20153.75,20151.75,20153.25,1535
2026-01-12 12:46:00,20153.25,20153.5,20152.5,20152.75,1502
2026-01-12 12:47:00,20152.75,20153.25,20151.5,20153.0,1522
2026-01-12 12:48:00,20153.0,20153.25,20151.75,20152.25,1740
2026-01-12 12:49:00,20152.25,20152.75,20151.25,20152.0,1071
2026-01-12 12:50:00,20152.0,20154.0,20151.5,20153.0,779
2026-01-12 12:51:00,20153.0,20154.0,20153.0,20153.5,1001
2026-01-12 12:52:00,20153.5,20153.75,20153.5,20153.5,643
2026-01-12 12:53:00,20153.5,20154.0,20153.25,20153.5,1128
2026-01-12 12:54:00,20153.5,20154.0,20152.0,20153.75,604
2026-01-12 12:55:00,20153.75,20154.5,20152.75,20153.25,1249
2026-01-12 12:56:00,20153.25,20154.25,20152.75,20152.75,1307
2026-01-12 12:57:00,20152.75,20153.25,20152.75,20153.0,1618
2026-01-12 12:58:00,20153.0,20153.5,20153.0,20153.25,1607
2026-01-12 12:59:00,20153.25,20153.25,20153.0,20153.25,1021
2026-01-12 13:00:00,20153.25,20154.75,20153.25,20154.0,747
2026-01-12 13:01:00,20154.0,20154.0,20152.5,20153.0,1052
2026-01-12 13:02:00,20153.0,20153.0,20152.0,20152.5,969
2026-01-12 13:03:00,20152.5,20153.0,20151.5,20152.0,1420
2026-01-12 13:04:00,20152.0,20152.5,20151.5,20152.0,841
2026-01-12 13:05:00,20152.0,20152.5,20151.0,20151.25,953
2026-01-12 13:06:00,20151.25,20152.0,20150.25,20150.25,1417
2026-01-12 13:07:00,20150.25,20150.5,20149.5,20150.0,1248
2026-01-12 13:08:00,20150.0,20151.75,20149.0,20151.0,788
2026-01-12 13:09:00,20151.0,20151.25,20150.0,20150.75,1482
2026-01-12 13:10:00,20150.75,20150.75,20149.5,20150.25,1657
2026-01-12 13:11:00,20150.25,20150.5,20149.25,20150.0,1024
2026-01-12 13:12:00,20150.0,20150.75,20149.5,20150.0,1766
2026-01-12 13:13:00,20150.0,20150.0,20149.75,20150.0,636
2026-01-12 13:14:00,20150.0,20150.75,20149.25,20149.75,612
2026-01-12 13:15:00,20149.75,20150.25,20149.25,20149.5,1264
2026-01-12 13:16:00,20149.5,20150.5,20149.0,20150.5,1118
2026-01-12 13:17:00,20150.5,20151.0,20150.5,20150.75,903
2026-01-12 13:18:00,20150.75,20150.75,20150.0,20150.25,790
2026-01-12 13:19:00,20150.25,20150.5,20148.5,20149.0,1760
2026-01-12 13:20:00,20149.0,20149.0,20146.75,20147.25,906
2026-01-12 13:21:00,20147.25,20147.25,20147.0,20147.25,1462
2026-01-12 13:22:00,20147.25,20147.5,20147.0,20147.0,1410
2026-01-12 13:23:00,20147.0,20147.0,20146.25,20146.5,728
2026-01-12 13:24:00,20146.5,20146.75,20146.0,20146.25,1419
2026-01-12 13:25:00,20146.25,20146.5,20145.75,20145.75,1607
2026-01-12 13:26:00,20145.75,20146.5,20145.75,20146.5,1489
2026-01-12 13:27:00,20146.5,20148.25,20145.75,20146.5,1609
2026-01-12 13:28:00,20146.5,20146.75,20146.25,20146.5,1499
2026-01-12 13:29:00,20146.5,20146.5,20146.0,20146.0,1156
2026-01-12 13:30:00,20146.0,20146.25,20143.75,20144.0,3997
2026-01-12 13:31:00,20144.0,20144.5,20143.25,20144.25,2079
2026-01-12 13:32:00,20144.25,20144.5,20143.75,20144.5,2785
2026-01-12 13:33:00,20144.5,20145.5,20144.0,20145.25,3865
2026-01-12 13:34:00,20145.25,20147.75,20144.25,20146.5,3459
2026-01-12 13:35:00,20146.5,20148.0,20145.5,20146.0,2174
2026-01-12 13:36:00,20146.0,20148.5,20144.5,20146.0,3212
2026-01-12 13:37:00,20146.0,20148.75,20144.5,20144.75,1789
2026-01-12 13:38:00,20144.75,20147.5,20144.25,20146.0,2330
2026-01-12 13:39:00,20146.0,20146.5,20145.0,20145.25,2333
2026-01-12 13:40:00,20145.25,20146.5,20144.5,20145.25,3878
2026-01-12 13:41:00,20145.25,20145.75,20141.5,20145.5,3555
2026-01-12 13:42:00,20145.5,20148.5,20145.25,20147.25,3793
2026-01-12 13:43:00,20147.25,20148.5,20146.5,20148.0,3741
2026-01-12 13:44:00,20148.0,20149.0,20146.25,20147.0,3154
2026-01-12 13:45:00,20147.0,20147.5,20145.25,20146.0,2425
2026-01-12 13:46:00,20146.0,20147.75,20144.75,20146.5,1970
2026-01-12 13:47:00,20146.5,20147.0,20141.25,20144.25,1412
2026-01-12 13:48:00,20144.25,20145.75,20143.5,20145.25,1533
2026-01-12 13:49:00,20145.25,20146.0,20143.5,20144.0,2194
2026-01-12 13:50:00,20144.0,20145.5,20143.5,20144.25,1586
2026-01-12 13:51:00,20144.25,20144.75,20143.5,20144.5,3188
2026-01-12 13:52:00,20144.5,20147.25,20143.75,20144.0,2563
2026-01-12 13:53:00,20144.0,20146.5,20141.5,20143.0,3751
2026-01-12 13:54:00,20143.0,20143.25,20142.25,20143.0,2378
2026-01-12 13:55:00,20143.0,20144.0,20142.75,20143.25,2335
2026-01-12 13:56:00,20143.25,20144.0,20142.75,20143.0,3727
2026-01-12 13:57:00,20143.0,20143.0,20141.5,20141.75,3246
2026-01-12 13:58:00,20141.75,20142.25,20141.75,20142.25,2400
2026-01-12 13:59:00,20142.25,20143.75,20141.0,20142.0,3056
2026-01-12 14:00:00,20142.0,20142.25,20140.25,20141.75,2727
2026-01-12 14:01:00,20141.75,20142.25,20137.5,20141.25,3891
2026-01-12 14:02:00,20141.25,20143.75,20140.25,20140.75,2967
2026-01-12 14:03:00,20140.75,20141.75,20140.0,20140.0,3397
2026-01-12 14:04:00,20140.0,20142.0,20140.0,20141.5,3520
2026-01-12 14:05:00,20141.5,20142.75,20141.0,20142.5,3854
2026-01-12 14:06:00,20142.5,20144.25,20141.75,20143.5,1918
2026-01-12 14:07:00,20143.5,20143.75,20142.75,20143.75,2003
2026-01-12 14:08:00,20143.75,20144.0,20142.25,20142.75,1453
2026-01-12 14:09:00,20142.75,20143.5,20138.5,20139.75,3226
2026-01-12 14:10:00,20139.75,20141.25,20139.25,20141.25,1624
2026-01-12 14:11:00,20141.25,20141.75,20140.75,20141.5,3159
2026-01-12 14:12:00,20141.5,20143.25,20139.0,20142.25,2900
2026-01-12 14:13:00,20142.25,20142.75,20141.5,20141.75,3026
2026-01-12 14:14:00,20141.75,20143.25,20139.75,20142.25,3270
2026-01-12 14:15:00,20142.25,20142.75,20139.5,20140.75,2406
2026-01-12 14:16:00,20140.75,20145.25,20140.0,20140.75,3483
2026-01-12 14:17:00,20140.75,20140.75,20139.75,20140.0,2230
2026-01-12 14:18:00,20140.0,20142.0,20140.0,20140.5,2877
2026-01-12 14:19:00,20140.5,20141.25,20140.25,20141.25,1842
2026-01-12 14:20:00,20141.25,20142.0,20140.25,20140.75,2008
2026-01-12 14:21:00,20140.75,20141.75,20140.5,20140.75,3942
2026-01-12 14:22:00,20140.75,20141.5,20139.25,20139.5,3398
2026-01-12 14:23:00,20139.5,20140.0,20136.25,20138.25,3833
2026-01-12 14:24:00,20138.25,20140.0,20138.0,20139.25,1806
2026-01-12 14:25:00,20139.25,20139.25,20138.25,20139.0,2005
2026-01-12 14:26:00,20139.0,20140.25,20138.5,20139.75,3620
2026-01-12 14:27:00,20139.75,20139.75,20138.5,20138.75,1726
2026-01-12 14:28:00,20138.75,20141.0,20137.0,20140.5,3356
2026-01-12 14:29:00,20140.5,20141.25,20139.5,20139.75,1422
2026-01-12 14:30:00,20139.75,20140.25,20138.75,20139.75,3085
2026-01-12 14:31:00,20139.75,20141.0,20139.0,20139.0,2901
2026-01-12 14:32:00,20139.0,20141.0,20138.5,20140.0,1773
2026-01-12 14:33:00,20140.0,20141.0,20139.25,20141.0,2281
2026-01-12 14:34:00,20141.0,20142.0,20140.75,20141.75,2309
2026-01-12 14:35:00,20141.75,20146.0,20139.0,20140.5,2575
2026-01-12 14:36:00,20140.5,20142.25,20139.75,20140.25,2697
2026-01-12 14:37:00,20140.25,20140.5,20139.75,20139.75,1467
2026-01-12 14:38:00,20139.75,20142.5,20137.25,20142.25,3759
2026-01-12 14:39:00,20142.25,20142.75,20140.5,20141.25,3861
2026-01-12 14:40:00,20141.25,20141.5,20137.5,20141.25,2272
2026-01-12 14:41:00,20141.25,20144.75,20140.75,20143.25,3286
2026-01-12 14:42:00,20143.25,20143.5,20142.25,20142.5,2474
2026-01-12 14:43:00,20142.5,20143.75,20141.25,20142.0,2490
2026-01-12 14:44:00,20142.0,20142.25,20140.5,20142.0,1891
2026-01-12 14:45:00,20142.0,20143.5,20141.75,20142.25,3543
2026-01-12 14:46:00,20142.25,20142.5,20142.0,20142.25,1826
2026-01-12 14:47:00,20142.25,20143.25,20140.5,20140.75,2134
2026-01-12 14:48:00,20140.75,20141.0,20138.75,20140.25,3954
2026-01-12 14:49:00,20140.25,20141.5,20138.5,20140.5,1936
2026-01-12 14:50:00,20140.5,20140.75,20138.0,20138.75,1986
2026-01-12 14:51:00,20138.75,20141.0,20138.25,20140.25,3022
2026-01-12 14:52:00,20140.25,20140.5,20138.75,20139.25,2879
2026-01-12 14:53:00,20139.25,20140.0,20139.0,20139.75,2837
2026-01-12 14:54:00,20139.75,20140.25,20138.5,20139.0,3571
2026-01-12 14:55:00,20139.0,20139.25,20137.5,20137.75,3908
2026-01-12 14:56:00,20137.75,20138.5,20136.75,20138.25,2023
2026-01-12 14:57:00,20138.25,20138.5,20138.0,20138.25,2886
2026-01-12 14:58:00,20138.25,20138.75,20137.5,20137.5,2790
2026-01-12 14:59:00,20137.5,20139.0,20133.75,20136.0,2437
2026-01-12 15:00:00,20136.0,20138.0,20133.25,20134.5,3956
2026-01-12 15:01:00,20134.5,20135.5,20134.25,20134.75,3610
2026-01-12 15:02:00,20134.75,20134.75,20132.25,20134.25,2588
2026-01-12 15:03:00,20134.25,20136.25,20134.0,20134.25,2564
2026-01-12 15:04:00,20134.25,20135.0,20132.75,20134.75,3985
2026-01-12 15:05:00,20134.75,20135.25,20132.5,20133.5,2363
2026-01-12 15:06:00,20133.5,20134.75,20132.25,20132.75,2003
2026-01-12 15:07:00,20132.75,20134.0,20132.25,20133.5,2016
2026-01-12 15:08:00,20133.5,20135.0,20133.0,20134.5,3866
2026-01-12 15:09:00,20134.5,20135.5,20134.25,20134.75,3437
2026-01-12 15:10:00,20134.75,20135.25,20134.25,20135.0,1457
2026-01-12 15:11:00,20135.0,20135.25,20133.5,20134.75,3868
2026-01-12 15:12:00,20134.75,20135.5,20133.5,20134.25,1420
2026-01-12 15:13:00,20134.25,20134.5,20131.25,20132.0,1686
2026-01-12 15:14:00,20132.0,20133.0,20130.75,20131.0,1860
2026-01-12 15:15:00,20131.0,20131.5,20130.75,20131.5,3985
2026-01-12 15:16:00,20131.5,20131.5,20129.0,20131.25,1496
2026-01-12 15:17:00,20131.25,20133.75,20131.0,20132.75,1535
2026-01-12 15:18:00,20132.75,20133.5,20131.5,20131.75,2794
2026-01-12 15:19:00,20131.75,20133.25,20130.25,20132.0,3393
2026-01-12 15:20:00,20132.0,20133.0,20131.0,20132.75,2910
2026-01-12 15:21:00,20132.75,20133.75,20132.5,20133.5,3907
2026-01-12 15:22:00,20133.5,20133.5,20132.0,20132.5,2235
2026-01-12 15:23:00,20132.5,20133.5,20132.0,20133.25,3934
2026-01-12 15:24:00,20133.25,20135.75,20132.75,20134.5,3455
2026-01-12 15:25:00,20134.5,20134.75,20134.25,20134.5,2235
2026-01-12 15:26:00,20134.5,20134.5,20133.75,20134.0,1777
2026-01-12 15:27:00,20134.0,20136.5,20133.0,20135.25,2442
2026-01-12 15:28:00,20135.25,20135.5,20132.75,20133.75,3335
2026-01-12 15:29:00,20133.75,20133.75,20132.5,20133.25,1422
2026-01-12 15:30:00,20133.25,20133.75,20131.25,20133.0,8469
2026-01-12 15:31:00,20133.0,20133.25,20131.5,20133.0,7023
2026-01-12 15:32:00,20133.0,20137.5,20127.5,20129.0,5594
2026-01-12 15:33:00,20129.0,20130.25,20128.75,20130.25,6836
2026-01-12 15:34:00,20130.25,20132.25,20128.75,20129.5,8436
2026-01-12 15:35:00,20129.5,20130.0,20127.25,20127.25,4523
2026-01-12 15:36:00,20127.25,20128.25,20123.25,20126.25,3648
2026-01-12 15:37:00,20126.25,20128.0,20122.25,20123.75,6220
2026-01-12 15:38:00,20123.75,20124.75,20121.5,20122.5,6771
2026-01-12 15:39:00,20122.5,20124.25,20120.0,20120.25,7506
2026-01-12 15:40:00,20120.25,20120.5,20116.75,20118.5,4922
2026-01-12 15:41:00,20118.5,20121.25,20117.25,20121.0,6924
2026-01-12 15:42:00,20121.0,20125.25,20120.5,20122.75,5170
2026-01-12 15:43:00,20122.75,20123.5,20122.5,20122.75,6859
2026-01-12 15:44:00,20122.75,20125.25,20121.25,20123.5,3560
2026-01-12 15:45:00,20123.5,20126.5,20116.75,20125.25,3753
2026-01-12 15:46:00,20125.25,20127.0,20122.25,20122.25,4063
2026-01-12 15:47:00,20122.25,20125.0,20120.0,20122.0,6873
2026-01-12 15:48:00,20122.0,20125.75,20121.5,20123.25,5643
2026-01-12 15:49:00,20123.25,20125.0,20123.0,20123.25,5364
2026-01-12 15:50:00,20123.25,20124.25,20120.0,20122.0,5162
2026-01-12 15:51:00,20122.0,20122.0,20118.0,20121.75,5609
2026-01-12 15:52:00,20121.75,20123.5,20119.5,20121.5,4461
2026-01-12 15:53:00,20121.5,20122.0,20121.5,20122.0,7682
2026-01-12 15:54:00,20122.0,20123.75,20121.0,20121.75,6475
2026-01-12 15:55:00,20121.75,20122.5,20119.25,20120.0,4359
2026-01-12 15:56:00,20120.0,20123.0,20120.0,20123.0,4071
2026-01-12 15:57:00,20123.0,20125.5,20122.5,20125.0,5674
2026-01-12 15:58:00,20125.0,20126.25,20123.0,20123.25,7859
2026-01-12 15:59:00,20123.25,20124.25,20118.75,20120.25,8413
2026-01-13 09:30:00,20120.25,20121.75,20112.75,20118.0,4787
2026-01-13 09:31:00,20118.0,20126.75,20114.0,20120.5,4133
2026-01-13 09:32:00,20120.5,20123.5,20116.25,20118.5,6815
2026-01-13 09:33:00,20118.5,20120.5,20116.75,20120.25,4766
2026-01-13 09:34:00,20120.25,20120.75,20118.0,20118.5,6162
2026-01-13 09:35:00,20118.5,20119.0,20114.25,20117.75,6934
2026-01-13 09:36:00,20117.75,20118.0,20116.75,20118.0,6473
2026-01-13 09:37:00,20118.0,20118.75,20117.25,20118.5,6554
2026-01-13 09:38:00,20118.5,20120.75,20117.0,20117.75,4683
2026-01-13 09:39:00,20117.75,20119.25,20117.0,20118.25,5522
2026-01-13 09:40:00,20118.25,20121.25,20117.5,20121.25,5799
2026-01-13 09:41:00,20121.25,20123.0,20118.25,20121.75,5476
2026-01-13 09:42:00,20121.75,20124.75,20119.75,20124.5,8919
2026-01-13 09:43:00,20124.5,20124.75,20119.5,20124.25,8651
2026-01-13 09:44:00,20124.25,20126.0,20121.0,20124.5,4791
2026-01-13 09:45:00,20124.5,20125.75,20122.5,20125.0,8355
2026-01-13 09:46:00,20125.0,20126.5,20123.5,20125.0,4345
2026-01-13 09:47:00,20125.0,20125.75,20121.75,20125.5,6919
2026-01-13 09:48:00,20125.5,20127.0,20124.75,20126.75,4374
2026-01-13 09:49:00,20126.75,20133.75,20126.5,20132.25,7811
2026-01-13 09:50:00,20132.25,20132.5,20130.0,20130.25,3359
2026-01-13 09:51:00,20130.25,20131.25,20125.75,20131.0,4681
2026-01-13 09:52:00,20131.0,20131.25,20130.0,20130.75,7168
2026-01-13 09:53:00,20130.75,20131.5,20123.0,20128.75,8029
2026-01-13 09:54:00,20128.75,20129.25,20124.5,20128.25,8385
2026-01-13 09:55:00,20128.25,20131.25,20127.0,20128.5,5425
2026-01-13 09:56:00,20128.5,20130.25,20127.5,20128.0,5176
2026-01-13 09:57:00,20128.0,20134.5,20127.75,20130.25,3036
2026-01-13 09:58:00,20130.25,20132.5,20124.5,20127.5,4729
2026-01-13 09:59:00,20127.5,20130.75,20127.25,20128.75,6415
2026-01-13 10:00:00,20128.75,20130.5,20128.0,20129.0,2384
2026-01-13 10:01:00,20129.0,20130.25,20128.0,20128.25,4380
2026-01-13 10:02:00,20128.25,20131.5,20127.75,20130.75,2926
2026-01-13 10:03:00,20130.75,20132.5,20129.75,20130.5,3352
2026-01-13 10:04:00,20130.5,20133.5,20130.5,20131.25,2241
2026-01-13 10:05:00,20131.25,20133.75,20127.75,20130.25,3584
2026-01-13 10:06:00,20130.25,20133.25,20130.0,20133.0,3402
2026-01-13 10:07:00,20133.0,20133.25,20132.75,20133.0,2192
2026-01-13 10:08:00,20133.0,20135.0,20132.75,20134.75,2362
2026-01-13 10:09:00,20134.75,20135.75,20131.75,20133.25,2442
2026-01-13 10:10:00,20133.25,20133.5,20129.75,20131.25,3716
2026-01-13 10:11:00,20131.25,20132.5,20129.5,20129.5,3484
2026-01-13 10:12:00,20129.5,20130.75,20123.5,20128.0,2550
2026-01-13 10:13:00,20128.0,20130.5,20127.75,20130.0,3533
2026-01-13 10:14:00,20130.0,20130.25,20126.5,20130.0,2019
2026-01-13 10:15:00,20130.0,20131.5,20128.25,20131.0,2241
2026-01-13 10:16:00,20131.0,20131.5,20129.75,20130.25,2551
2026-01-13 10:17:00,20130.25,20131.25,20129.0,20129.0,3383
2026-01-13 10:18:00,20129.0,20130.75,20128.0,20130.75,3404
2026-01-13 10:19:00,20130.75,20131.75,20128.5,20128.5,2280
2026-01-13 10:20:00,20128.5,20129.0,20125.75,20126.25,3090
2026-01-13 10:21:00,20126.25,20126.75,20124.75,20125.25,4045
2026-01-13 10:22:00,20125.25,20127.5,20125.25,20127.0,3248
2026-01-13 10:23:00,20127.0,20128.0,20125.75,20126.5,1630
2026-01-13 10:24:00,20126.5,20129.0,20126.25,20127.0,3476
2026-01-13 10:25:00,20127.0,20131.0,20126.5,20127.5,2780
2026-01-13 10:26:00,20127.5,20128.0,20127.0,20127.0,4398
2026-01-13 10:27:00,20127.0,20128.75,20127.0,20128.0,2167
2026-01-13 10:28:00,20128.0,20129.0,20127.75,20128.0,3361
2026-01-13 10:29:00,20128.0,20129.25,20124.75,20127.0,1845
2026-01-13 10:30:00,20127.0,20128.5,20126.25,20128.0,2040
2026-01-13 10:31:00,20128.0,20128.5,20124.75,20128.5,3303
2026-01-13 10:32:00,20128.5,20131.5,20128.0,20130.0,2266
2026-01-13 10:33:00,20130.0,20131.0,20130.0,20130.0,2733
2026-01-13 10:34:00,20130.0,20130.75,20127.25,20130.0,1713
2026-01-13 10:35:00,20130.0,20130.5,20127.5,20129.75,2936
2026-01-13 10:36:00,20129.75,20129.75,20128.0,20128.5,2154
2026-01-13 10:37:00,20128.5,20128.75,20127.25,20127.25,1672
2026-01-13 10:38:00,20127.25,20129.5,20126.25,20128.0,1539
2026-01-13 10:39:00,20128.0,20129.0,20127.75,20128.75,3434
2026-01-13 10:40:00,20128.75,20131.25,20128.0,20128.25,1952
2026-01-13 10:41:00,20128.25,20128.25,20127.75,20128.0,2060
2026-01-13 10:42:00,20128.0,20129.0,20127.0,20127.25,2972
2026-01-13 10:43:00,20127.25,20127.25,20126.75,20127.0,3469
2026-01-13 10:44:00,20127.0,20127.25,20124.75,20125.5,3318
2026-01-13 10:45:00,20125.5,20127.0,20125.25,20125.75,4456
2026-01-13 10:46:00,20125.75,20127.0,20125.5,20126.0,2643
2026-01-13 10:47:00,20126.0,20126.5,20125.75,20126.0,3324
2026-01-13 10:48:00,20126.0,20128.75,20125.75,20127.25,1999
2026-01-13 10:49:00,20127.25,20127.25,20123.75,20127.0,1595
2026-01-13 10:50:00,20127.0,20128.25,20126.75,20127.25,3248
2026-01-13 10:51:00,20127.25,20128.75,20127.0,20128.0,2969
2026-01-13 10:52:00,20128.0,20130.5,20127.75,20130.5,2992
2026-01-13 10:53:00,20130.5,20130.75,20130.5,20130.5,2130
2026-01-13 10:54:00,20130.5,20130.5,20128.25,20129.25,2025
2026-01-13 10:55:00,20129.25,20129.25,20127.5,20127.5,2550
2026-01-13 10:56:00,20127.5,20128.25,20127.0,20127.0,2608
2026-01-13 10:57:00,20127.0,20130.25,20123.25,20128.0,2085
2026-01-13 10:58:00,20128.0,20128.25,20127.5,20128.0,2379
2026-01-13 10:59:00,20128.0,20128.25,20125.75,20127.5,3752
2026-01-13 11:00:00,20127.5,20133.5,20126.75,20130.5,3272
2026-01-13 11:01:00,20130.5,20131.75,20128.5,20131.25,2635
2026-01-13 11:02:00,20131.25,20132.75,20131.0,20131.25,3855
2026-01-13 11:03:00,20131.25,20134.25,20131.25,20133.75,3418
2026-01-13 11:04:00,20133.75,20136.25,20132.25,20132.75,3590
2026-01-13 11:05:00,20132.75,20135.5,20131.25,20134.5,3582
2026-01-13 11:06:00,20134.5,20134.75,20134.5,20134.5,2120
2026-01-13 11:07:00,20134.5,20135.0,20134.5,20134.75,3987
2026-01-13 11:08:00,20134.75,20135.0,20132.75,20133.5,4236
2026-01-13 11:09:00,20133.5,20133.75,20132.5,20133.25,3286
2026-01-13 11:10:00,20133.25,20133.25,20132.25,20132.75,4256
2026-01-13 11:11:00,20132.75,20134.25,20131.5,20131.75,4453
2026-01-13 11:12:00,20131.75,20133.5,20130.25,20131.0,1744
2026-01-13 11:13:00,20131.0,20131.25,20125.5,20128.75,3527
2026-01-13 11:14:00,20128.75,20128.75,20124.5,20126.5,2703
2026-01-13 11:15:00,20126.5,20129.25,20126.0,20128.5,1971
2026-01-13 11:16:00,20128.5,20129.0,20126.25,20127.0,2776
2026-01-13 11:17:00,20127.0,20130.0,20126.0,20127.75,2485
2026-01-13 11:18:00,20127.75,20128.75,20126.75,20126.75,2629
2026-01-13 11:19:00,20126.75,20127.0,20125.75,20126.5,3277
2026-01-13 11:20:00,20126.5,20127.75,20126.25,20127.25,3716
2026-01-13 11:21:00,20127.25,20129.0,20123.25,20127.75,1883
2026-01-13 11:22:00,20127.75,20130.25,20123.75,20129.25,4282
2026-01-13 11:23:00,20129.25,20130.0,20128.5,20128.75,4141
2026-01-13 11:24:00,20128.75,20130.75,20128.0,20128.25,3146
2026-01-13 11:25:00,20128.25,20129.0,20127.5,20127.75,3877
2026-01-13 11:26:00,20127.75,20128.0,20126.25,20127.75,4476
2026-01-13 11:27:00,20127.75,20128.5,20127.5,20127.5,4139
2026-01-13 11:28:00,20127.5,20128.0,20125.25,20126.75,3483
2026-01-13 11:29:00,20126.75,20130.0,20126.5,20128.5,3166
2026-01-13 11:30:00,20128.5,20129.25,20128.25,20129.0,1725
2026-01-13 11:31:00,20129.0,20129.5,20128.75,20129.25,809
2026-01-13 11:32:00,20129.25,20130.25,20127.75,20129.75,622
2026-01-13 11:33:00,20129.75,20130.0,20128.5,20128.75,1316
2026-01-13 11:34:00,20128.75,20129.5,20128.5,20129.0,906
2026-01-13 11:35:00,20129.0,20129.25,20128.75,20129.0,762
2026-01-13 11:36:00,20129.0,20129.25,20127.5,20128.25,984
2026-01-13 11:37:00,20128.25,20128.25,20127.0,20127.25,848
2026-01-13 11:38:00,20127.25,20127.5,20127.0,20127.5,1077
2026-01-13 11:39:00,20127.5,20128.25,20127.5,20127.75,708
2026-01-13 11:40:00,20127.75,20128.25,20126.75,20128.0,646
2026-01-13 11:41:00,20128.0,20128.5,20127.5,20128.5,1528
2026-01-13 11:42:00,20128.5,20129.75,20128.5,20129.25,775
2026-01-13 11:43:00,20129.25,20129.25,20127.0,20127.5,1466
2026-01-13 11:44:00,20127.5,20128.75,20127.25,20127.5,1594
2026-01-13 11:45:00,20127.5,20127.75,20127.0,20127.5,1532
2026-01-13 11:46:00,20127.5,20127.75,20127.25,20127.25,1228
2026-01-13 11:47:00,20127.25,20127.5,20126.5,20126.75,743
2026-01-13 11:48:00,20126.75,20127.75,20126.75,20127.25,811
2026-01-13 11:49:00,20127.25,20127.75,20126.0,20127.0,1540
2026-01-13 11:50:00,20127.0,20127.0,20125.5,20126.25,1444
2026-01-13 11:51:00,20126.25,20126.75,20125.75,20126.0,881
2026-01-13 11:52:00,20126.0,20126.75,20125.5,20125.75,1445
2026-01-13 11:53:00,20125.75,20126.25,20125.5,20125.5,1242
2026-01-13 11:54:00,20125.5,20126.75,20125.5,20126.25,688
2026-01-13 11:55:00,20126.25,20127.5,20126.0,20127.0,1013
2026-01-13 11:56:00,20127.0,20127.25,20126.25,20127.25,1647
2026-01-13 11:57:00,20127.25,20128.5,20127.25,20127.75,1332
2026-01-13 11:58:00,20127.75,20129.0,20126.75,20127.0,1634
2026-01-13 11:59:00,20127.0,20127.75,20126.25,20127.5,621
2026-01-13 12:00:00,20127.5,20127.5,20126.5,20127.0,1648
2026-01-13 12:01:00,20127.0,20127.0,20126.5,20126.75,1543
2026-01-13 12:02:00,20126.75,20128.75,20125.0,20125.75,606
2026-01-13 12:03:00,20125.75,20126.0,20124.25,20124.5,1201
2026-01-13 12:04:00,20124.5,20125.0,20123.0,20123.25,1279
2026-01-13 12:05:00,20123.25,20125.5,20123.0,20124.5,602
2026-01-13 12:06:00,20124.5,20124.75,20123.75,20124.5,782
2026-01-13 12:07:00,20124.5,20124.75,20122.75,20124.0,800
2026-01-13 12:08:00,20124.0,20124.0,20123.5,20123.5,1757
2026-01-13 12:09:00,20123.5,20127.5,20122.75,20123.75,1592
2026-01-13 12:10:00,20123.75,20124.5,20121.5,20124.25,1534
2026-01-13 12:11:00,20124.25,20124.5,20122.75,20123.25,1238
2026-01-13 12:12:00,20123.25,20123.75,20122.75,20123.5,1687
2026-01-13 12:13:00,20123.5,20124.0,20123.0,20123.75,1772
2026-01-13 12:14:00,20123.75,20124.25,20123.0,20124.0,648
2026-01-13 12:15:00,20124.0,20124.75,20122.75,20123.25,1113
2026-01-13 12:16:00,20123.25,20123.75,20123.25,20123.75,772
2026-01-13 12:17:00,20123.75,20124.5,20123.5,20124.5,895
2026-01-13 12:18:00,20124.5,20124.5,20124.0,20124.25,1636
2026-01-13 12:19:00,20124.25,20124.75,20123.0,20124.25,1435
2026-01-13 12:20:00,20124.25,20125.0,20123.25,20123.75,783
2026-01-13 12:21:00,20123.75,20124.5,20123.5,20124.0,1613
2026-01-13 12:22:00,20124.0,20124.75,20122.75,20123.75,1590
2026-01-13 12:23:00,20123.75,20124.0,20123.25,20123.75,1467
2026-01-13 12:24:00,20123.75,20125.25,20123.0,20123.5,1223
2026-01-13 12:25:00,20123.5,20124.25,20122.5,20122.75,1701
2026-01-13 12:26:00,20122.75,20123.25,20122.75,20123.25,1650
2026-01-13 12:27:00,20123.25,20123.75,20121.75,20122.5,1032
2026-01-13 12:28:00,20122.5,20122.75,20122.0,20122.5,604
2026-01-13 12:29:00,20122.5,20123.0,20120.75,20121.25,678
2026-01-13 12:30:00,20121.25,20122.25,20120.75,20122.0,1218
2026-01-13 12:31:00,20122.0,20122.0,20120.5,20120.5,1544
2026-01-13 12:32:00,20120.5,20121.0,20120.25,20120.75,1705
2026-01-13 12:33:00,20120.75,20122.25,20120.75,20122.0,1628
2026-01-13 12:34:00,20122.0,20122.75,20121.5,20121.75,996
2026-01-13 12:35:00,20121.75,20122.5,20121.5,20122.0,1315
2026-01-13 12:36:00,20122.0,20122.5,20121.0,20122.0,833
2026-01-13 12:37:00,20122.0,20122.25,20121.25,20121.75,1489
2026-01-13 12:38:00,20121.75,20121.75,20120.75,20120.75,1292
2026-01-13 12:39:00,20120.75,20121.0,20119.5,20120.25,1032
2026-01-13 12:40:00,20120.25,20121.0,20119.5,20119.75,632
2026-01-13 12:41:00,20119.75,20120.0,20119.5,20119.75,1231
2026-01-13 12:42:00,20119.75,20121.0,20119.25,20120.75,1587
2026-01-13 12:43:00,20120.75,20122.0,20120.0,20121.75,1319
2026-01-13 12:44:00,20121.75,20122.0,20121.0,20121.0,804
2026-01-13 12:45:00,20121.0,20122.75,20120.75,20121.5,1176
2026-01-13 12:46:00,20121.5,20123.0,20120.5,20122.75,1417
2026-01-13 12:47:00,20122.75,20123.5,20122.75,20123.0,1781
2026-01-13 12:48:00,20123.0,20123.75,20120.5,20121.75,769
2026-01-13 12:49:00,20121.75,20122.75,20121.0,20122.25,1281
2026-01-13 12:50:00,20122.25,20123.0,20122.25,20123.0,772
2026-01-13 12:51:00,20123.0,20123.0,20122.5,20122.75,1631
2026-01-13 12:52:00,20122.75,20123.25,20122.25,20123.25,635
2026-01-13 12:53:00,20123.25,20123.75,20122.75,20123.75,1103
2026-01-13 12:54:00,20123.75,20125.0,20123.25,20123.25,1730
2026-01-13 12:55:00,20123.25,20123.25,20121.75,20122.75,774
2026-01-13 12:56:00,20122.75,20123.0,20121.75,20121.75,1155
2026-01-13 12:57:00,20121.75,20123.0,20120.75,20121.0,886
2026-01-13 12:58:00,20121.0,20122.5,20121.0,20122.0,831
2026-01-13 12:59:00,20122.0,20122.25,20120.5,20120.75,1766
2026-01-13 13:00:00,20120.75,20122.5,20120.25,20121.5,655
2026-01-13 13:01:00,20121.5,20122.0,20121.0,20122.0,990
2026-01-13 13:02:00,20122.0,20122.25,20121.5,20121.75,1117
2026-01-13 13:03:00,20121.75,20121.75,20121.0,20121.0,749
2026-01-13 13:04:00,20121.0,20121.0,20119.75,20120.0,1082
2026-01-13 13:05:00,20120.0,20120.0,20119.25,20119.75,1683
2026-01-13 13:06:00,20119.75,20121.0,20117.75,20120.0,1349
2026-01-13 13:07:00,20120.0,20121.25,20118.75,20119.25,719
2026-01-13 13:08:00,20119.25,20119.75,20119.0,20119.25,1061
2026-01-13 13:09:00,20119.25,20119.75,20119.0,20119.5,1505
2026-01-13 13:10:00,20119.5,20119.75,20119.5,20119.75,862
2026-01-13 13:11:00,20119.75,20119.75,20116.5,20118.5,775
2026-01-13 13:12:00,20118.5,20118.5,20115.75,20117.0,1494
2026-01-13 13:13:00,20117.0,20117.0,20116.75,20117.0,1136
2026-01-13 13:14:00,20117.0,20118.25,20117.0,20117.75,883
2026-01-13 13:15:00,20117.75,20117.75,20116.75,20117.0,1494
2026-01-13 13:16:00,20117.0,20119.0,20117.0,20118.5,1671
2026-01-13 13:17:00,20118.5,20118.75,20116.75,20117.0,1777
2026-01-13 13:18:00,20117.0,20117.5,20115.25,20116.75,606
2026-01-13 13:19:00,20116.75,20116.75,20116.25,20116.75,1424
2026-01-13 13:20:00,20116.75,20117.0,20116.5,20116.75,1557
2026-01-13 13:21:00,20116.75,20118.25,20116.0,20117.5,1316
2026-01-13 13:22:00,20117.5,20117.75,20117.5,20117.75,1390
2026-01-13 13:23:00,20117.75,20118.0,20117.0,20117.75,1753
2026-01-13 13:24:00,20117.75,20119.0,20116.75,20118.25,1172
2026-01-13 13:25:00,20118.25,20119.5,20118.0,20119.0,1165
2026-01-13 13:26:00,20119.0,20119.75,20118.0,20119.75,1678
2026-01-13 13:27:00,20119.75,20120.25,20119.5,20119.75,1533
2026-01-13 13:28:00,20119.75,20120.25,20119.0,20120.0,1084
2026-01-13 13:29:00,20120.0,20121.25,20119.5,20119.75,1781
2026-01-13 13:30:00,20119.75,20122.0,20119.25,20119.25,3308
2026-01-13 13:31:00,20119.25,20120.0,20118.75,20119.0,3617
2026-01-13 13:32:00,20119.0,20119.75,20118.75,20119.5,3231
2026-01-13 13:33:00,20119.5,20121.5,20118.5,20120.5,2962
2026-01-13 13:34:00,20120.5,20121.0,20116.75,20119.5,1994
2026-01-13 13:35:00,20119.5,20122.0,20118.5,20120.0,3978
2026-01-13 13:36:00,20120.0,20121.75,20117.5,20118.75,3896
2026-01-13 13:37:00,20118.75,20119.0,20117.75,20118.0,2451
2026-01-13 13:38:00,20118.0,20120.5,20117.0,20120.0,2782
2026-01-13 13:39:00,20120.0,20121.0,20119.25,20119.25,2420
2026-01-13 13:40:00,20119.25,20119.25,20116.75,20118.0,1676
2026-01-13 13:41:00,20118.0,20118.5,20115.75,20116.0,2036
2026-01-13 13:42:00,20116.0,20117.5,20115.75,20117.25,3798
2026-01-13 13:43:00,20117.25,20119.0,20114.0,20118.75,3070
2026-01-13 13:44:00,20118.75,20119.5,20117.75,20117.75,2492
2026-01-13 13:45:00,20117.75,20118.0,20116.0,20116.25,3705
2026-01-13 13:46:00,20116.25,20117.75,20116.0,20117.25,2259
2026-01-13 13:47:00,20117.25,20118.25,20116.25,20118.25,3163
2026-01-13 13:48:00,20118.25,20119.5,20117.25,20118.75,1522
2026-01-13 13:49:00,20118.75,20121.0,20118.25,20119.25,3022
2026-01-13 13:50:00,20119.25,20120.0,20118.0,20118.0,3489
2026-01-13 13:51:00,20118.0,20119.75,20117.75,20118.0,2825
2026-01-13 13:52:00,20118.0,20118.5,20117.0,20117.0,3258
2026-01-13 13:53:00,20117.0,20117.0,20113.0,20115.75,3038
2026-01-13 13:54:00,20115.75,20116.75,20114.0,20114.75,2513
2026-01-13 13:55:00,20114.75,20116.5,20114.5,20115.75,2718
2026-01-13 13:56:00,20115.75,20116.5,20115.0,20116.5,2881
2026-01-13 13:57:00,20116.5,20118.0,20116.5,20116.5,2975
2026-01-13 13:58:00,20116.5,20117.5,20113.75,20115.25,1491
2026-01-13 13:59:00,20115.25,20117.5,20115.0,20115.5,2082
2026-01-13 14:00:00,20115.5,20117.25,20115.0,20117.0,1656
2026-01-13 14:01:00,20117.0,20118.75,20116.75,20118.25,3212
2026-01-13 14:02:00,20118.25,20118.75,20116.5,20117.25,1737
2026-01-13 14:03:00,20117.25,20118.5,20117.0,20118.25,1847
2026-01-13 14:04:00,20118.25,20119.0,20117.75,20117.75,3657
2026-01-13 14:05:00,20117.75,20118.0,20116.0,20117.75,3705
2026-01-13 14:06:00,20117.75,20119.0,20114.5,20116.0,1725
2026-01-13 14:07:00,20116.0,20118.25,20114.75,20117.75,1949
2026-01-13 14:08:00,20117.75,20118.0,20116.75,20117.0,1886
2026-01-13 14:09:00,20117.0,20117.75,20114.75,20116.5,3128
2026-01-13 14:10:00,20116.5,20117.25,20113.0,20114.5,3259
2026-01-13 14:11:00,20114.5,20117.0,20113.75,20116.25,1729
2026-01-13 14:12:00,20116.25,20116.5,20114.25,20115.0,2689
2026-01-13 14:13:00,20115.0,20116.0,20114.5,20114.75,3636
2026-01-13 14:14:00,20114.75,20115.25,20113.5,20113.75,2645
2026-01-13 14:15:00,20113.75,20114.0,20112.75,20113.25,1489
2026-01-13 14:16:00,20113.25,20116.25,20113.0,20114.5,2041
2026-01-13 14:17:00,20114.5,20114.75,20112.25,20113.0,3190
2026-01-13 14:18:00,20113.0,20114.25,20111.75,20112.5,1899
2026-01-13 14:19:00,20112.5,20112.75,20109.75,20111.5,2844
2026-01-13 14:20:00,20111.5,20112.25,20110.5,20110.5,2761
2026-01-13 14:21:00,20110.5,20111.75,20110.0,20111.0,3234
2026-01-13 14:22:00,20111.0,20111.5,20109.0,20111.5,2380
2026-01-13 14:23:00,20111.5,20112.75,20111.25,20112.25,2304
2026-01-13 14:24:00,20112.25,20113.25,20111.5,20113.0,2939
2026-01-13 14:25:00,20113.0,20113.0,20112.75,20113.0,1931
2026-01-13 14:26:00,20113.0,20114.75,20112.75,20114.5,1885
2026-01-13 14:27:00,20114.5,20114.75,20113.5,20114.0,1808
2026-01-13 14:28:00,20114.0,20114.0,20112.5,20112.5,2894
2026-01-13 14:29:00,20112.5,20114.25,20110.25,20110.75,3142
2026-01-13 14:30:00,20110.75,20112.75,20109.25,20112.25,3711
2026-01-13 14:31:00,20112.25,20114.5,20109.5,20110.5,3362
2026-01-13 14:32:00,20110.5,20111.5,20109.0,20110.25,3936
2026-01-13 14:33:00,20110.25,20110.5,20108.75,20110.0,3072
2026-01-13 14:34:00,20110.0,20110.25,20108.0,20108.25,2497
2026-01-13 14:35:00,20108.25,20109.0,20106.5,20106.75,2934
2026-01-13 14:36:00,20106.75,20107.25,20104.5,20105.5,2913
2026-01-13 14:37:00,20105.5,20106.0,20101.75,20104.75,3040
2026-01-13 14:38:00,20104.75,20105.0,20103.25,20103.5,1626
2026-01-13 14:39:00,20103.5,20105.5,20103.25,20104.75,1590
2026-01-13 14:40:00,20104.75,20105.25,20103.25,20103.75,3544
2026-01-13 14:41:00,20103.75,20104.0,20103.0,20103.0,3699
2026-01-13 14:42:00,20103.0,20103.75,20102.5,20102.5,3524
2026-01-13 14:43:00,20102.5,20103.0,20101.5,20101.5,2728
2026-01-13 14:44:00,20101.5,20103.25,20100.0,20101.75,2417
2026-01-13 14:45:00,20101.75,20103.25,20100.0,20102.5,2807
2026-01-13 14:46:00,20102.5,20102.75,20099.25,20101.0,2168
2026-01-13 14:47:00,20101.0,20103.5,20100.25,20102.75,2013
2026-01-13 14:48:00,20102.75,20103.75,20100.5,20103.0,1469
2026-01-13 14:49:00,20103.0,20103.25,20101.5,20103.25,2954
2026-01-13 14:50:00,20103.25,20103.5,20103.0,20103.25,2024
2026-01-13 14:51:00,20103.25,20104.25,20102.75,20103.5,1699
2026-01-13 14:52:00,20103.5,20103.75,20102.5,20102.75,1843
2026-01-13 14:53:00,20102.75,20103.25,20100.75,20102.0,2756
2026-01-13 14:54:00,20102.0,20103.75,20101.75,20103.75,3986
2026-01-13 14:55:00,20103.75,20104.25,20103.0,20104.0,2847
2026-01-13 14:56:00,20104.0,20104.0,20102.0,20102.5,2434
2026-01-13 14:57:00,20102.5,20104.75,20102.0,20102.0,2486
2026-01-13 14:58:00,20102.0,20102.0,20099.5,20099.75,2984
2026-01-13 14:59:00,20099.75,20101.75,20098.5,20101.25,1591
2026-01-13 15:00:00,20101.25,20102.75,20101.0,20101.0,1433
2026-01-13 15:01:00,20101.0,20102.0,20097.0,20102.0,2247
2026-01-13 15:02:00,20102.0,20105.25,20101.75,20104.25,2167
2026-01-13 15:03:00,20104.25,20106.75,20103.0,20105.25,3057
2026-01-13 15:04:00,20105.25,20107.25,20105.0,20106.25,1869
2026-01-13 15:05:00,20106.25,20108.25,20103.75,20105.5,2776
2026-01-13 15:06:00,20105.5,20109.25,20104.75,20108.5,1803
2026-01-13 15:07:00,20108.5,20109.5,20107.25,20107.5,2772
2026-01-13 15:08:00,20107.5,20107.5,20106.5,20106.75,2148
2026-01-13 15:09:00,20106.75,20107.25,20105.25,20105.75,1534
2026-01-13 15:10:00,20105.75,20106.75,20103.0,20104.25,3324
2026-01-13 15:11:00,20104.25,20104.5,20102.25,20102.5,3304
2026-01-13 15:12:00,20102.5,20106.0,20100.5,20103.0,2100
2026-01-13 15:13:00,20103.0,20106.5,20101.0,20105.25,3868
2026-01-13 15:14:00,20105.25,20106.0,20104.5,20106.0,2220
2026-01-13 15:15:00,20106.0,20107.0,20105.5,20105.75,1463
2026-01-13 15:16:00,20105.75,20108.25,20105.5,20108.0,3728
2026-01-13 15:17:00,20108.0,20108.25,20105.25,20106.75,3645
2026-01-13 15:18:00,20106.75,20111.25,20103.5,20106.25,3712
2026-01-13 15:19:00,20106.25,20107.25,20105.25,20105.25,3482
2026-01-13 15:20:00,20105.25,20105.5,20102.75,20104.75,3239
2026-01-13 15:21:00,20104.75,20108.25,20104.5,20104.75,3821
2026-01-13 15:22:00,20104.75,20107.75,20104.5,20106.25,3628
2026-01-13 15:23:00,20106.25,20108.0,20104.0,20105.25,3325
2026-01-13 15:24:00,20105.25,20108.0,20105.0,20107.5,1590
2026-01-13 15:25:00,20107.5,20108.75,20107.0,20108.25,2445
2026-01-13 15:26:00,20108.25,20110.0,20108.25,20110.0,2102
2026-01-13 15:27:00,20110.0,20111.0,20107.0,20110.25,1472
2026-01-13 15:28:00,20110.25,20110.75,20109.5,20110.0,2690
2026-01-13 15:29:00,20110.0,20110.0,20107.0,20108.25,1647
2026-01-13 15:30:00,20108.25,20112.5,20107.75,20110.25,5244
2026-01-13 15:31:00,20110.25,20110.25,20108.0,20108.0,5413
2026-01-13 15:32:00,20108.0,20109.5,20107.25,20107.5,4584
2026-01-13 15:33:00,20107.5,20109.25,20106.5,20107.75,8389
2026-01-13 15:34:00,20107.75,20108.25,20103.75,20106.0,5658
2026-01-13 15:35:00,20106.0,20107.25,20104.5,20107.25,6563
2026-01-13 15:36:00,20107.25,20107.5,20104.25,20104.5,4698
2026-01-13 15:37:00,20104.5,20108.0,20101.75,20107.75,4823
2026-01-13 15:38:00,20107.75,20111.25,20107.0,20110.75,8044
2026-01-13 15:39:00,20110.75,20111.5,20109.0,20110.25,7523
2026-01-13 15:40:00,20110.25,20111.25,20110.0,20110.75,7498
2026-01-13 15:41:00,20110.75,20111.5,20109.0,20110.25,8466
2026-01-13 15:42:00,20110.25,20111.25,20109.75,20110.5,4878
2026-01-13 15:43:00,20110.5,20114.25,20106.75,20109.5,6797
2026-01-13 15:44:00,20109.5,20112.5,20108.75,20109.0,4712
2026-01-13 15:45:00,20109.0,20111.0,20107.25,20108.25,6824
2026-01-13 15:46:00,20108.25,20111.0,20103.25,20105.75,7530
2026-01-13 15:47:00,20105.75,20105.75,20104.5,20105.5,3600
2026-01-13 15:48:00,20105.5,20107.0,20104.5,20106.5,6032
2026-01-13 15:49:00,20106.5,20108.25,20105.0,20105.25,7912
2026-01-13 15:50:00,20105.25,20105.25,20103.5,20104.25,8303
2026-01-13 15:51:00,20104.25,20104.75,20100.0,20101.5,6759
2026-01-13 15:52:00,20101.5,20103.5,20100.25,20103.5,5785
2026-01-13 15:53:00,20103.5,20103.75,20102.75,20102.75,7388
2026-01-13 15:54:00,20102.75,20103.0,20100.25,20102.0,7281
2026-01-13 15:55:00,20102.0,20102.25,20101.5,20101.75,6083
2026-01-13 15:56:00,20101.75,20102.0,20101.0,20101.25,5442
2026-01-13 15:57:00,20101.25,20102.5,20101.25,20102.25,4581
2026-01-13 15:58:00,20102.25,20103.0,20101.75,20101.75,4561
2026-01-13 15:59:00,20101.75,20103.0,20099.5,20103.0,6541
2026-01-14 09:30:00,20103.0,20104.75,20099.75,20100.75,3340
2026-01-14 09:31:00,20100.75,20101.0,20095.75,20097.5,7388
2026-01-14 09:32:00,20097.5,20098.5,20097.25,20097.25,7730
2026-01-14 09:33:00,20097.25,20097.75,20095.75,20095.75,4865
2026-01-14 09:34:00,20095.75,20098.5,20090.75,20094.75,7684
2026-01-14 09:35:00,20094.75,20096.5,20092.0,20093.75,3031
2026-01-14 09:36:00,20093.75,20097.75,20087.5,20095.0,4087
2026-01-14 09:37:00,20095.0,20098.75,20094.25,20098.0,5315
2026-01-14 09:38:00,20098.0,20103.25,20097.5,20100.25,4156
2026-01-14 09:39:00,20100.25,20102.25,20098.0,20099.75,4346
2026-01-14 09:40:00,20099.75,20105.5,20099.0,20102.75,3445
2026-01-14 09:41:00,20102.75,20104.5,20102.5,20104.0,8103
2026-01-14 09:42:00,20104.0,20105.0,20102.5,20102.75,6414
2026-01-14 09:43:00,20102.75,20104.0,20100.75,20103.75,6318
2026-01-14 09:44:00,20103.75,20104.25,20103.75,20104.0,6645
2026-01-14 09:45:00,20104.0,20105.75,20103.75,20105.5,5162
2026-01-14 09:46:00,20105.5,20109.25,20105.25,20106.5,4004
2026-01-14 09:47:00,20106.5,20106.75,20105.25,20105.25,6001
2026-01-14 09:48:00,20105.25,20105.5,20098.75,20104.5,6454
2026-01-14 09:49:00,20104.5,20105.75,20100.0,20103.25,3003
2026-01-14 09:50:00,20103.25,20105.5,20096.5,20100.0,4547
2026-01-14 09:51:00,20100.0,20100.75,20095.5,20097.0,4498
2026-01-14 09:52:00,20097.0,20098.75,20095.5,20098.5,8651
2026-01-14 09:53:00,20098.5,20099.5,20093.5,20093.75,4424
2026-01-14 09:54:00,20093.75,20097.75,20093.75,20096.25,3127
2026-01-14 09:55:00,20096.25,20097.5,20091.0,20095.5,8490
2026-01-14 09:56:00,20095.5,20096.0,20091.25,20093.75,6243
2026-01-14 09:57:00,20093.75,20096.25,20091.0,20096.0,6933
2026-01-14 09:58:00,20096.0,20102.25,20094.75,20101.75,8342
2026-01-14 09:59:00,20101.75,20103.0,20098.75,20102.5,6008
2026-01-14 10:00:00,20102.5,20105.25,20102.0,20102.25,2604
2026-01-14 10:01:00,20102.25,20104.25,20098.5,20103.5,1823
2026-01-14 10:02:00,20103.5,20104.25,20101.0,20101.0,2377
2026-01-14 10:03:00,20101.0,20101.75,20101.0,20101.5,2738
2026-01-14 10:04:00,20101.5,20101.75,20100.75,20100.75,1798
2026-01-14 10:05:00,20100.75,20103.5,20100.5,20101.75,1787
2026-01-14 10:06:00,20101.75,20103.75,20101.25,20103.25,3895
2026-01-14 10:07:00,20103.25,20104.0,20102.5,20103.75,3542
2026-01-14 10:08:00,20103.75,20107.0,20102.25,20102.75,3671
2026-01-14 10:09:00,20102.75,20104.0,20102.5,20103.75,3802
2026-01-14 10:10:00,20103.75,20105.0,20101.25,20104.75,2098
2026-01-14 10:11:00,20104.75,20105.25,20104.0,20105.25,1606
2026-01-14 10:12:00,20105.25,20106.75,20104.0,20104.5,2420
2026-01-14 10:13:00,20104.5,20106.25,20103.75,20106.0,3541
2026-01-14 10:14:00,20106.0,20108.0,20106.0,20106.0,3832
2026-01-14 10:15:00,20106.0,20106.25,20104.75,20105.75,2851
2026-01-14 10:16:00,20105.75,20106.75,20105.0,20105.0,3872
2026-01-14 10:17:00,20105.0,20106.5,20104.75,20106.25,2038
2026-01-14 10:18:00,20106.25,20108.25,20106.0,20107.25,4287
2026-01-14 10:19:00,20107.25,20107.75,20107.25,20107.25,1832
2026-01-14 10:20:00,20107.25,20108.5,20106.5,20108.0,2570
2026-01-14 10:21:00,20108.0,20111.5,20107.75,20110.0,4458
2026-01-14 10:22:00,20110.0,20111.0,20109.25,20110.5,3174
2026-01-14 10:23:00,20110.5,20111.0,20109.75,20110.25,2504
2026-01-14 10:24:00,20110.25,20110.75,20109.5,20109.75,1564
2026-01-14 10:25:00,20109.75,20111.5,20107.25,20107.5,2428
2026-01-14 10:26:00,20107.5,20108.25,20107.0,20108.0,2908
2026-01-14 10:27:00,20108.0,20108.5,20104.5,20106.5,1609
2026-01-14 10:28:00,20106.5,20106.75,20106.25,20106.25,2861
2026-01-14 10:29:00,20106.25,20106.25,20104.25,20105.5,3675
2026-01-14 10:30:00,20105.5,20106.25,20105.5,20105.75,3161
2026-01-14 10:31:00,20105.75,20106.5,20104.5,20106.25,3876
2026-01-14 10:32:00,20106.25,20106.5,20105.25,20106.0,1500
2026-01-14 10:33:00,20106.0,20107.75,20104.5,20106.5,1887
2026-01-14 10:34:00,20106.5,20109.25,20104.25,20107.0,4142
2026-01-14 10:35:00,20107.0,20108.5,20106.5,20106.5,3677
2026-01-14 10:36:00,20106.5,20107.25,20104.5,20104.75,2115
2026-01-14 10:37:00,20104.75,20106.75,20103.75,20105.25,2998
2026-01-14 10:38:00,20105.25,20106.25,20104.0,20104.75,2972
2026-01-14 10:39:00,20104.75,20105.0,20103.0,20103.0,1503
2026-01-14 10:40:00,20103.0,20107.75,20101.75,20106.5,4179
2026-01-14 10:41:00,20106.5,20107.0,20104.75,20104.75,2664
2026-01-14 10:42:00,20104.75,20105.0,20102.5,20104.25,2346
2026-01-14 10:43:00,20104.25,20104.25,20100.25,20102.5,3216
2026-01-14 10:44:00,20102.5,20105.5,20102.0,20103.0,3172
2026-01-14 10:45:00,20103.0,20103.75,20100.75,20100.75,4221
2026-01-14 10:46:00,20100.75,20102.5,20100.25,20102.25,1527
2026-01-14 10:47:00,20102.25,20103.0,20101.0,20102.25,3654
2026-01-14 10:48:00,20102.25,20103.0,20101.5,20102.75,3042
2026-01-14 10:49:00,20102.75,20103.5,20102.5,20103.25,3927
2026-01-14 10:50:00,20103.25,20103.75,20100.75,20101.0,3123
2026-01-14 10:51:00,20101.0,20102.0,20100.5,20101.75,3401
2026-01-14 10:52:00,20101.75,20102.75,20100.75,20102.25,2852
2026-01-14 10:53:00,20102.25,20102.75,20101.25,20102.5,4424
2026-01-14 10:54:00,20102.5,20103.0,20100.0,20100.25,2017
2026-01-14 10:55:00,20100.25,20100.5,20098.25,20099.0,4341
2026-01-14 10:56:00,20099.0,20100.75,20096.75,20098.25,2811
2026-01-14 10:57:00,20098.25,20098.5,20096.0,20096.25,1531
2026-01-14 10:58:00,20096.25,20096.5,20095.25,20095.25,3067
2026-01-14 10:59:00,20095.25,20095.25,20093.0,20094.5,2173
2026-01-14 11:00:00,20094.5,20095.5,20094.0,20094.25,3503
2026-01-14 11:01:00,20094.25,20097.5,20093.0,20093.5,1871
2026-01-14 11:02:00,20093.5,20095.0,20092.75,20093.75,2291
2026-01-14 11:03:00,20093.75,20093.75,20089.75,20092.0,2131
2026-01-14 11:04:00,20092.0,20092.75,20091.0,20091.75,3552
2026-01-14 11:05:00,20091.75,20092.0,20091.5,20092.0,2464
2026-01-14 11:06:00,20092.0,20092.75,20090.0,20090.0,3671
2026-01-14 11:07:00,20090.0,20092.5,20089.0,20092.0,3527
2026-01-14 11:08:00,20092.0,20092.75,20090.25,20092.5,2369
2026-01-14 11:09:00,20092.5,20094.25,20091.5,20092.0,2963
2026-01-14 11:10:00,20092.0,20092.75,20087.0,20090.0,3028
2026-01-14 11:11:00,20090.0,20092.75,20089.75,20090.5,3117
2026-01-14 11:12:00,20090.5,20092.0,20090.0,20091.25,2707
2026-01-14 11:13:00,20091.25,20092.75,20091.0,20091.75,3011
2026-01-14 11:14:00,20091.75,20093.25,20091.0,20092.0,3062
2026-01-14 11:15:00,20092.0,20092.25,20091.25,20091.5,3697
2026-01-14 11:16:00,20091.5,20093.5,20091.25,20092.75,2624
2026-01-14 11:17:00,20092.75,20093.5,20087.0,20089.25,1633
2026-01-14 11:18:00,20089.25,20090.25,20088.25,20088.25,3537
2026-01-14 11:19:00,20088.25,20088.25,20087.25,20087.75,1856
2026-01-14 11:20:00,20087.75,20088.0,20086.75,20087.5,4488
2026-01-14 11:21:00,20087.5,20087.5,20085.75,20087.0,3386
2026-01-14 11:22:00,20087.0,20087.25,20086.5,20086.75,1811
2026-01-14 11:23:00,20086.75,20086.75,20085.0,20085.75,3205
2026-01-14 11:24:00,20085.75,20086.25,20083.75,20084.5,4097
2026-01-14 11:25:00,20084.5,20084.5,20083.0,20083.25,1508
2026-01-14 11:26:00,20083.25,20085.75,20082.0,20084.0,1634
2026-01-14 11:27:00,20084.0,20086.5,20082.5,20085.5,3595
2026-01-14 11:28:00,20085.5,20086.5,20085.25,20086.25,4026
2026-01-14 11:29:00,20086.25,20087.0,20085.75,20086.0,3714
2026-01-14 11:30:00,20086.0,20086.5,20085.5,20086.0,1455
2026-01-14 11:31:00,20086.0,20086.75,20086.0,20086.5,930
2026-01-14 11:32:00,20086.5,20086.75,20086.25,20086.5,1795
2026-01-14 11:33:00,20086.5,20086.75,20085.25,20085.5,959
2026-01-14 11:34:00,20085.5,20087.0,20084.75,20085.75,1609
2026-01-14 11:35:00,20085.75,20086.75,20085.0,20085.25,1066
2026-01-14 11:36:00,20085.25,20087.5,20084.75,20085.0,1099
2026-01-14 11:37:00,20085.0,20085.25,20084.5,20085.0,1429
2026-01-14 11:38:00,20085.0,20085.0,20084.5,20084.75,732
2026-01-14 11:39:00,20084.75,20085.25,20084.75,20085.0,1759
2026-01-14 11:40:00,20085.0,20086.75,20083.25,20086.25,1220
2026-01-14 11:41:00,20086.25,20086.25,20085.5,20085.5,1548
2026-01-14 11:42:00,20085.5,20086.75,20085.5,20086.25,967
2026-01-14 11:43:00,20086.25,20087.75,20085.25,20087.5,761
2026-01-14 11:44:00,20087.5,20087.5,20086.0,20086.25,1541
2026-01-14 11:45:00,20086.25,20086.75,20085.25,20086.0,1125
2026-01-14 11:46:00,20086.0,20086.75,20086.0,20086.5,1234
2026-01-14 11:47:00,20086.5,20087.0,20086.5,20086.75,750
2026-01-14 11:48:00,20086.75,20087.75,20084.75,20085.25,929
2026-01-14 11:49:00,20085.25,20085.5,20083.25,20084.75,1299
2026-01-14 11:50:00,20084.75,20085.0,20084.75,20084.75,1126
2026-01-14 11:51:00,20084.75,20084.75,20084.5,20084.75,1326
2026-01-14 11:52:00,20084.75,20085.0,20082.0,20083.25,1349
2026-01-14 11:53:00,20083.25,20083.5,20082.5,20083.5,1286
2026-01-14 11:54:00,20083.5,20084.5,20083.5,20084.5,813
2026-01-14 11:55:00,20084.5,20084.75,20083.25,20083.25,1100
2026-01-14 11:56:00,20083.25,20083.25,20082.0,20082.5,1457
2026-01-14 11:57:00,20082.5,20083.0,20082.0,20082.5,883
2026-01-14 11:58:00,20082.5,20084.0,20081.5,20083.0,1325
2026-01-14 11:59:00,20083.0,20083.25,20082.25,20082.5,609
2026-01-14 12:00:00,20082.5,20082.5,20081.0,20081.5,1137
2026-01-14 12:01:00,20081.5,20082.5,20081.0,20081.5,1526
2026-01-14 12:02:00,20081.5,20084.5,20081.25,20082.75,635
2026-01-14 12:03:00,20082.75,20084.0,20081.5,20082.25,1277
2026-01-14 12:04:00,20082.25,20082.75,20081.0,20082.0,877
2026-01-14 12:05:00,20082.0,20082.25,20080.75,20081.25,1165
2026-01-14 12:06:00,20081.25,20082.25,20080.75,20080.75,1238
2026-01-14 12:07:00,20080.75,20082.25,20079.5,20079.75,1248
2026-01-14 12:08:00,20079.75,20080.75,20079.75,20080.5,630
2026-01-14 12:09:00,20080.5,20081.0,20078.75,20081.0,1197
2026-01-14 12:10:00,20081.0,20081.25,20079.75,20080.25,1668
2026-01-14 12:11:00,20080.25,20080.75,20080.0,20080.25,1530
2026-01-14 12:12:00,20080.25,20080.5,20079.75,20080.0,1571
2026-01-14 12:13:00,20080.0,20080.5,20079.75,20079.75,626
2026-01-14 12:14:00,20079.75,20080.5,20078.5,20079.25,1720
2026-01-14 12:15:00,20079.25,20080.0,20079.0,20079.75,831
2026-01-14 12:16:00,20079.75,20080.25,20078.75,20079.75,834
2026-01-14 12:17:00,20079.75,20080.0,20079.0,20079.25,665
2026-01-14 12:18:00,20079.25,20079.75,20079.0,20079.75,1766
2026-01-14 12:19:00,20079.75,20080.5,20079.0,20079.0,1301
2026-01-14 12:20:00,20079.0,20079.0,20078.25,20078.75,1505
2026-01-14 12:21:00,20078.75,20079.75,20078.0,20078.5,1208
2026-01-14 12:22:00,20078.5,20079.0,20078.25,20078.25,1404
2026-01-14 12:23:00,20078.25,20078.5,20077.0,20077.25,700
2026-01-14 12:24:00,20077.25,20077.5,20075.75,20077.25,1767
2026-01-14 12:25:00,20077.25,20078.0,20077.25,20077.75,1339
2026-01-14 12:26:00,20077.75,20077.75,20077.25,20077.5,1587
2026-01-14 12:27:00,20077.5,20078.25,20076.25,20077.75,1351
2026-01-14 12:28:00,20077.75,20077.75,20076.5,20077.25,1737
2026-01-14 12:29:00,20077.25,20077.75,20076.5,20076.5,1105
2026-01-14 12:30:00,20076.5,20077.5,20076.5,20077.5,1436
2026-01-14 12:31:00,20077.5,20078.75,20076.25,20078.5,1617
2026-01-14 12:32:00,20078.5,20079.25,20077.25,20077.5,949
2026-01-14 12:33:00,20077.5,20077.75,20076.5,20077.5,837
2026-01-14 12:34:00,20077.5,20077.75,20077.0,20077.75,1717
2026-01-14 12:35:00,20077.75,20078.5,20077.0,20077.75,1767
2026-01-14 12:36:00,20077.75,20078.0,20077.75,20078.0,1733
2026-01-14 12:37:00,20078.0,20078.5,20075.75,20077.0,839
2026-01-14 12:38:00,20077.0,20077.75,20076.5,20077.5,929
2026-01-14 12:39:00,20077.5,20077.5,20076.5,20077.0,1077
2026-01-14 12:40:00,20077.0,20077.75,20076.75,20077.25,914
2026-01-14 12:41:00,20077.25,20077.5,20077.0,20077.0,662
2026-01-14 12:42:00,20077.0,20077.0,20076.75,20077.0,939
2026-01-14 12:43:00,20077.0,20077.5,20076.5,20077.25,1792
2026-01-14 12:44:00,20077.25,20078.0,20077.0,20077.75,1537
2026-01-14 12:45:00,20077.75,20078.0,20077.5,20077.5,1642
2026-01-14 12:46:00,20077.5,20078.75,20076.25,20076.5,1693
2026-01-14 12:47:00,20076.5,20076.5,20075.5,20075.5,805
2026-01-14 12:48:00,20075.5,20076.0,20075.25,20075.75,1241
2026-01-14 12:49:00,20075.75,20076.75,20075.25,20075.25,1538
2026-01-14 12:50:00,20075.25,20075.25,20073.5,20075.0,1438
2026-01-14 12:51:00,20075.0,20077.25,20074.5,20074.5,673
2026-01-14 12:52:00,20074.5,20074.75,20073.75,20074.25,1476
2026-01-14 12:53:00,20074.25,20074.25,20073.5,20074.0,1176
2026-01-14 12:54:00,20074.0,20074.5,20073.75,20074.25,759
2026-01-14 12:55:00,20074.25,20074.75,20073.75,20074.5,1434
2026-01-14 12:56:00,20074.5,20075.0,20073.0,20074.5,860
2026-01-14 12:57:00,20074.5,20074.75,20073.25,20073.75,1530
2026-01-14 12:58:00,20073.75,20075.0,20073.25,20074.5,1412
2026-01-14 12:59:00,20074.5,20075.0,20074.0,20074.25,891
2026-01-14 13:00:00,20074.25,20074.25,20073.0,20073.25,836
2026-01-14 13:01:00,20073.25,20073.75,20072.75,20072.75,857
2026-01-14 13:02:00,20072.75,20073.25,20072.25,20072.25,1702
2026-01-14 13:03:00,20072.25,20073.0,20072.0,20072.25,1565
2026-01-14 13:04:00,20072.25,20075.25,20072.0,20072.75,1466
2026-01-14 13:05:00,20072.75,20073.0,20072.25,20072.5,1597
2026-01-14 13:06:00,20072.5,20073.5,20072.25,20072.75,1387
2026-01-14 13:07:00,20072.75,20072.75,20072.5,20072.75,1581
2026-01-14 13:08:00,20072.75,20073.0,20072.5,20072.5,1647
2026-01-14 13:09:00,20072.5,20072.5,20071.5,20072.25,1098
2026-01-14 13:10:00,20072.25,20072.25,20070.5,20071.75,1368
2026-01-14 13:11:00,20071.75,20073.25,20071.5,20072.75,766
2026-01-14 13:12:00,20072.75,20073.0,20071.5,20071.75,679
2026-01-14 13:13:00,20071.75,20072.25,20071.0,20071.5,1146
2026-01-14 13:14:00,20071.5,20072.0,20071.0,20071.25,996
2026-01-14 13:15:00,20071.25,20073.0,20068.25,20070.0,1649
2026-01-14 13:16:00,20070.0,20070.25,20069.0,20069.25,1771
2026-01-14 13:17:00,20069.25,20069.75,20068.5,20069.0,1521
2026-01-14 13:18:00,20069.0,20070.0,20067.5,20068.5,870
2026-01-14 13:19:00,20068.5,20070.25,20068.5,20069.75,962
2026-01-14 13:20:00,20069.75,20070.75,20069.5,20070.25,1236
2026-01-14 13:21:00,20070.25,20070.5,20069.0,20069.75,1293
2026-01-14 13:22:00,20069.75,20070.75,20068.5,20069.25,1345
2026-01-14 13:23:00,20069.25,20069.25,20068.75,20069.25,797
2026-01-14 13:24:00,20069.25,20069.5,20068.5,20069.5,699
2026-01-14 13:25:00,20069.5,20070.25,20068.75,20069.0,1671
2026-01-14 13:26:00,20069.0,20070.25,20068.75,20069.5,1266
2026-01-14 13:27:00,20069.5,20069.75,20068.5,20069.25,1364
2026-01-14 13:28:00,20069.25,20070.0,20069.0,20070.0,994
2026-01-14 13:29:00,20070.0,20070.75,20069.0,20070.0,1133
2026-01-14 13:30:00,20070.0,20071.75,20069.5,20071.25,3273
2026-01-14 13:31:00,20071.25,20072.75,20068.75,20069.25,2585
2026-01-14 13:32:00,20069.25,20069.75,20068.25,20069.75,3873
2026-01-14 13:33:00,20069.75,20071.25,20068.0,20070.75,3020
2026-01-14 13:34:00,20070.75,20071.5,20069.75,20070.75,3684
2026-01-14 13:35:00,20070.75,20073.5,20070.75,20071.75,2161
2026-01-14 13:36:00,20071.75,20072.75,20066.75,20069.75,2698
2026-01-14 13:37:00,20069.75,20070.5,20068.5,20069.0,2513
2026-01-14 13:38:00,20069.0,20072.75,20065.75,20070.75,1931
2026-01-14 13:39:00,20070.75,20071.25,20070.25,20071.0,3552
2026-01-14 13:40:00,20071.0,20071.0,20069.75,20070.0,1613
2026-01-14 13:41:00,20070.0,20072.5,20068.75,20070.0,3418
2026-01-14 13:42:00,20070.0,20070.75,20069.25,20069.75,3434
2026-01-14 13:43:00,20069.75,20072.25,20069.5,20070.0,2460
2026-01-14 13:44:00,20070.0,20070.25,20068.75,20069.25,2938
2026-01-14 13:45:00,20069.25,20072.25,20069.25,20072.0,3078
2026-01-14 13:46:00,20072.0,20072.5,20071.75,20071.75,3202
2026-01-14 13:47:00,20071.75,20072.25,20071.0,20072.25,2168
2026-01-14 13:48:00,20072.25,20074.25,20070.5,20071.75,3247
2026-01-14 13:49:00,20071.75,20074.25,20071.25,20072.0,1490
2026-01-14 13:50:00,20072.0,20074.5,20070.5,20070.75,2884
2026-01-14 13:51:00,20070.75,20072.25,20070.5,20072.0,1491
2026-01-14 13:52:00,20072.0,20076.25,20071.5,20072.0,1476
2026-01-14 13:53:00,20072.0,20075.0,20071.0,20072.5,3275
2026-01-14 13:54:00,20072.5,20076.5,20072.0,20074.75,3964
2026-01-14 13:55:00,20074.75,20075.25,20074.25,20074.5,2742
2026-01-14 13:56:00,20074.5,20076.75,20073.75,20075.25,3996
2026-01-14 13:57:00,20075.25,20077.0,20074.75,20076.5,3170
2026-01-14 13:58:00,20076.5,20077.75,20075.5,20077.0,2248
2026-01-14 13:59:00,20077.0,20077.5,20074.0,20074.75,3741
2026-01-14 14:00:00,20074.75,20077.5,20074.5,20075.75,2876
2026-01-14 14:01:00,20075.75,20076.25,20075.25,20076.0,2047
2026-01-14 14:02:00,20076.0,20076.5,20074.5,20075.25,3659
2026-01-14 14:03:00,20075.25,20075.5,20072.75,20074.0,2922
2026-01-14 14:04:00,20074.0,20074.75,20071.5,20071.5,3609
2026-01-14 14:05:00,20071.5,20073.5,20070.25,20072.75,2608
2026-01-14 14:06:00,20072.75,20072.75,20072.0,20072.25,1578
2026-01-14 14:07:00,20072.25,20073.0,20071.25,20072.75,1756
2026-01-14 14:08:00,20072.75,20077.25,20071.25,20073.5,3443
2026-01-14 14:09:00,20073.5,20073.5,20071.75,20072.25,1876
2026-01-14 14:10:00,20072.25,20073.0,20071.25,20072.5,1782
2026-01-14 14:11:00,20072.5,20072.75,20068.5,20071.5,1559
2026-01-14 14:12:00,20071.5,20072.5,20069.0,20069.75,3117
2026-01-14 14:13:00,20069.75,20069.75,20068.25,20069.0,2411
2026-01-14 14:14:00,20069.0,20069.25,20067.5,20068.75,1440
2026-01-14 14:15:00,20068.75,20069.5,20067.25,20069.5,3289
2026-01-14 14:16:00,20069.5,20070.5,20067.25,20069.5,3339
2026-01-14 14:17:00,20069.5,20071.0,20066.5,20070.75,2133
2026-01-14 14:18:00,20070.75,20072.25,20070.5,20071.25,2597
2026-01-14 14:19:00,20071.25,20073.75,20071.25,20072.75,1509
2026-01-14 14:20:00,20072.75,20075.5,20070.75,20071.5,3661
2026-01-14 14:21:00,20071.5,20073.25,20069.5,20069.5,1717
2026-01-14 14:22:00,20069.5,20069.5,20067.5,20068.75,2979
2026-01-14 14:23:00,20068.75,20069.25,20068.0,20068.5,3755
2026-01-14 14:24:00,20068.5,20070.5,20066.75,20067.25,1748
2026-01-14 14:25:00,20067.25,20069.0,20065.25,20067.0,2977
2026-01-14 14:26:00,20067.0,20067.75,20066.75,20067.5,1750
2026-01-14 14:27:00,20067.5,20068.5,20065.25,20065.5,2681
2026-01-14 14:28:00,20065.5,20066.75,20065.0,20066.25,1962
2026-01-14 14:29:00,20066.25,20068.0,20064.75,20068.0,1486
2026-01-14 14:30:00,20068.0,20069.25,20067.5,20069.0,2706
2026-01-14 14:31:00,20069.0,20071.5,20067.75,20070.75,2079
2026-01-14 14:32:00,20070.75,20072.25,20070.0,20071.75,3851
2026-01-14 14:33:00,20071.75,20073.5,20071.0,20071.5,1675
2026-01-14 14:34:00,20071.5,20072.0,20068.5,20070.25,3396
2026-01-14 14:35:00,20070.25,20072.25,20068.75,20071.75,1557
2026-01-14 14:36:00,20071.75,20071.75,20071.5,20071.75,2322
2026-01-14 14:37:00,20071.75,20072.25,20069.0,20072.0,2177
2026-01-14 14:38:00,20072.0,20072.0,20067.25,20069.25,2355
2026-01-14 14:39:00,20069.25,20069.5,20068.5,20069.0,2640
2026-01-14 14:40:00,20069.0,20072.0,20068.5,20071.0,2084
2026-01-14 14:41:00,20071.0,20072.25,20070.25,20071.25,3246
2026-01-14 14:42:00,20071.25,20071.25,20069.5,20070.5,2960
2026-01-14 14:43:00,20070.5,20072.5,20069.5,20070.0,3004
2026-01-14 14:44:00,20070.0,20073.0,20068.5,20069.5,3406
2026-01-14 14:45:00,20069.5,20069.75,20068.75,20069.25,2168
2026-01-14 14:46:00,20069.25,20070.5,20068.75,20070.25,3110
2026-01-14 14:47:00,20070.25,20075.0,20069.5,20072.25,3450
2026-01-14 14:48:00,20072.25,20074.75,20072.0,20073.0,1667
2026-01-14 14:49:00,20073.0,20073.5,20070.75,20071.5,3115
2026-01-14 14:50:00,20071.5,20072.25,20070.75,20072.25,2991
2026-01-14 14:51:00,20072.25,20075.75,20071.25,20073.25,3529
2026-01-14 14:52:00,20073.25,20073.5,20072.0,20072.0,1645
2026-01-14 14:53:00,20072.0,20072.75,20068.25,20069.5,3863
2026-01-14 14:54:00,20069.5,20072.5,20068.75,20069.5,3212
2026-01-14 14:55:00,20069.5,20070.5,20067.25,20069.75,1743
2026-01-14 14:56:00,20069.75,20070.75,20069.5,20070.25,3411
2026-01-14 14:57:00,20070.25,20071.25,20069.5,20071.0,3773
2026-01-14 14:58:00,20071.0,20071.5,20069.75,20070.0,3760
2026-01-14 14:59:00,20070.0,20070.75,20069.5,20069.75,2903
2026-01-14 15:00:00,20069.75,20071.25,20066.0,20066.25,2263
2026-01-14 15:01:00,20066.25,20068.5,20066.0,20068.25,1706
2026-01-14 15:02:00,20068.25,20068.5,20065.75,20066.75,2477
2026-01-14 15:03:00,20066.75,20068.75,20065.75,20066.5,3602
2026-01-14 15:04:00,20066.5,20069.75,20065.5,20066.5,2892
2026-01-14 15:05:00,20066.5,20068.5,20064.25,20064.75,1506
2026-01-14 15:06:00,20064.75,20067.25,20063.25,20064.5,3430
2026-01-14 15:07:00,20064.5,20064.5,20062.5,20063.75,2280
2026-01-14 15:08:00,20063.75,20064.5,20063.75,20063.75,2010
2026-01-14 15:09:00,20063.75,20065.0,20061.75,20064.0,2884
2026-01-14 15:10:00,20064.0,20064.5,20063.0,20064.25,3168
2026-01-14 15:11:00,20064.25,20066.5,20063.5,20064.5,3909
2026-01-14 15:12:00,20064.5,20065.0,20063.0,20064.5,1720
2026-01-14 15:13:00,20064.5,20066.75,20062.25,20063.0,3835
2026-01-14 15:14:00,20063.0,20064.25,20061.0,20063.5,2535
2026-01-14 15:15:00,20063.5,20066.0,20063.0,20064.5,2584
2026-01-14 15:16:00,20064.5,20064.75,20063.75,20064.0,3767
2026-01-14 15:17:00,20064.0,20064.0,20061.75,20062.0,2988
2026-01-14 15:18:00,20062.0,20062.75,20060.25,20060.5,1557
2026-01-14 15:19:00,20060.5,20060.75,20059.0,20059.25,2348
2026-01-14 15:20:00,20059.25,20060.75,20058.25,20058.5,3107
2026-01-14 15:21:00,20058.5,20058.75,20056.75,20057.0,3833
2026-01-14 15:22:00,20057.0,20057.5,20055.5,20057.0,1533
2026-01-14 15:23:00,20057.0,20057.5,20056.75,20056.75,2297
2026-01-14 15:24:00,20056.75,20057.75,20055.5,20055.75,1714
2026-01-14 15:25:00,20055.75,20057.0,20054.75,20055.25,3666
2026-01-14 15:26:00,20055.25,20056.0,20055.25,20056.0,3165
2026-01-14 15:27:00,20056.0,20058.25,20055.0,20057.0,3357
2026-01-14 15:28:00,20057.0,20058.75,20055.5,20056.0,2728
2026-01-14 15:29:00,20056.0,20056.5,20055.5,20055.75,3654
2026-01-14 15:30:00,20055.75,20058.5,20055.5,20056.5,8119
2026-01-14 15:31:00,20056.5,20058.5,20055.5,20056.0,7580
2026-01-14 15:32:00,20056.0,20060.75,20053.75,20054.0,7938
2026-01-14 15:33:00,20054.0,20054.5,20053.75,20054.25,6835
2026-01-14 15:34:00,20054.25,20054.75,20054.0,20054.0,3809
2026-01-14 15:35:00,20054.0,20056.5,20052.25,20055.0,5308
2026-01-14 15:36:00,20055.0,20055.0,20050.75,20053.0,5610
2026-01-14 15:37:00,20053.0,20056.25,20051.25,20053.25,4329
2026-01-14 15:38:00,20053.25,20054.5,20048.0,20051.25,7763
2026-01-14 15:39:00,20051.25,20052.5,20050.5,20052.25,3885
2026-01-14 15:40:00,20052.25,20053.0,20050.0,20051.75,8201
2026-01-14 15:41:00,20051.75,20052.5,20047.75,20051.0,4702
2026-01-14 15:42:00,20051.0,20051.25,20048.0,20049.0,6081
2026-01-14 15:43:00,20049.0,20050.75,20049.0,20050.25,8031
2026-01-14 15:44:00,20050.25,20051.0,20049.0,20049.25,7120
2026-01-14 15:45:00,20049.25,20052.5,20049.25,20051.5,4210
2026-01-14 15:46:00,20051.5,20056.25,20051.25,20055.25,5216
2026-01-14 15:47:00,20055.25,20056.0,20051.0,20054.25,4231
2026-01-14 15:48:00,20054.25,20054.5,20052.75,20053.75,6148
2026-01-14 15:49:00,20053.75,20055.75,20049.5,20053.75,4424
2026-01-14 15:50:00,20053.75,20054.75,20051.5,20053.75,7706
2026-01-14 15:51:00,20053.75,20053.75,20052.0,20053.0,6442
2026-01-14 15:52:00,20053.0,20058.25,20051.5,20054.75,8107
2026-01-14 15:53:00,20054.75,20057.5,20051.0,20056.75,7522
2026-01-14 15:54:00,20056.75,20057.25,20053.75,20057.25,7731
2026-01-14 15:55:00,20057.25,20060.25,20056.75,20060.25,6498
2026-01-14 15:56:00,20060.25,20060.5,20060.0,20060.25,4614
2026-01-14 15:57:00,20060.25,20061.0,20058.25,20060.75,8200
2026-01-14 15:58:00,20060.75,20061.5,20060.75,20060.75,5049
2026-01-14 15:59:00,20060.75,20060.75,20059.5,20059.75,6460
2026-01-15 09:30:00,20059.75,20060.5,20059.25,20059.25,4305
2026-01-15 09:31:00,20059.25,20062.5,20058.0,20061.25,3720
2026-01-15 09:32:00,20061.25,20063.0,20060.5,20061.5,7541
2026-01-15 09:33:00,20061.5,20064.0,20061.0,20064.0,7871
2026-01-15 09:34:00,20064.0,20065.25,20062.0,20064.0,8628
2026-01-15 09:35:00,20064.0,20067.75,20063.5,20064.25,3549
2026-01-15 09:36:00,20064.25,20068.0,20063.25,20067.5,8011
2026-01-15 09:37:00,20067.5,20068.25,20064.75,20067.0,3460
2026-01-15 09:38:00,20067.0,20070.75,20063.25,20065.5,5710
2026-01-15 09:39:00,20065.5,20069.25,20065.25,20069.0,7482
2026-01-15 09:40:00,20069.0,20070.75,20062.5,20064.75,3233
2026-01-15 09:41:00,20064.75,20065.5,20061.5,20064.5,7542
2026-01-15 09:42:00,20064.5,20069.75,20064.0,20068.25,3918
2026-01-15 09:43:00,20068.25,20071.75,20066.75,20068.75,5778
2026-01-15 09:44:00,20068.75,20070.0,20065.5,20065.75,4971
2026-01-15 09:45:00,20065.75,20067.5,20063.25,20066.75,4440
2026-01-15 09:46:00,20066.75,20070.75,20063.0,20068.0,3328
2026-01-15 09:47:00,20068.0,20068.75,20067.25,20068.5,4616
2026-01-15 09:48:00,20068.5,20068.75,20067.0,20067.5,8144
2026-01-15 09:49:00,20067.5,20069.5,20067.0,20068.25,6367
2026-01-15 09:50:00,20068.25,20072.0,20068.25,20071.5,5083
2026-01-15 09:51:00,20071.5,20071.75,20071.0,20071.25,3375
2026-01-15 09:52:00,20071.25,20071.5,20070.5,20071.25,4509
2026-01-15 09:53:00,20071.25,20078.0,20068.5,20073.0,6625
2026-01-15 09:54:00,20073.0,20078.25,20071.0,20076.0,8480
2026-01-15 09:55:00,20076.0,20079.75,20074.5,20077.25,5604
2026-01-15 09:56:00,20077.25,20082.75,20072.75,20080.25,6127
2026-01-15 09:57:00,20080.25,20082.5,20078.0,20080.0,8100
2026-01-15 09:58:00,20080.0,20082.25,20079.0,20082.0,6326
2026-01-15 09:59:00,20082.0,20083.0,20081.75,20081.75,8754
2026-01-15 10:00:00,20081.75,20082.5,20081.0,20082.0,2049
2026-01-15 10:01:00,20082.0,20082.5,20082.0,20082.25,2182
2026-01-15 10:02:00,20082.25,20082.5,20082.0,20082.5,1914
2026-01-15 10:03:00,20082.5,20083.25,20081.0,20083.0,2546
2026-01-15 10:04:00,20083.0,20084.0,20082.5,20083.25,3018
2026-01-15 10:05:00,20083.25,20085.0,20082.25,20082.75,4079
2026-01-15 10:06:00,20082.75,20083.75,20082.0,20083.25,4267
2026-01-15 10:07:00,20083.25,20085.25,20083.0,20085.0,3322
2026-01-15 10:08:00,20085.0,20086.75,20084.5,20085.25,3089
2026-01-15 10:09:00,20085.25,20086.5,20085.0,20085.75,2934
2026-01-15 10:10:00,20085.75,20088.0,20085.75,20086.0,2313
2026-01-15 10:11:00,20086.0,20087.5,20085.0,20085.25,3589
2026-01-15 10:12:00,20085.25,20085.75,20082.5,20084.75,3262
2026-01-15 10:13:00,20084.75,20085.25,20082.75,20084.0,2755
2026-01-15 10:14:00,20084.0,20087.0,20083.5,20086.25,2487
2026-01-15 10:15:00,20086.25,20086.75,20086.0,20086.0,2101
2026-01-15 10:16:00,20086.0,20087.25,20085.5,20087.0,3537
2026-01-15 10:17:00,20087.0,20088.5,20086.25,20088.0,4269
2026-01-15 10:18:00,20088.0,20088.0,20087.0,20087.0,3947
2026-01-15 10:19:00,20087.0,20087.75,20084.5,20087.25,1886
2026-01-15 10:20:00,20087.25,20088.0,20087.0,20087.5,1671
2026-01-15 10:21:00,20087.5,20087.75,20086.75,20087.25,2362
2026-01-15 10:22:00,20087.25,20087.25,20086.25,20086.25,2487
2026-01-15 10:23:00,20086.25,20087.25,20084.5,20085.25,1920
2026-01-15 10:24:00,20085.25,20086.5,20083.25,20083.75,3959
2026-01-15 10:25:00,20083.75,20084.0,20080.5,20082.0,2783
2026-01-15 10:26:00,20082.0,20082.5,20081.25,20081.5,4373
2026-01-15 10:27:00,20081.5,20083.75,20080.0,20083.5,3859
2026-01-15 10:28:00,20083.5,20084.75,20083.5,20083.5,3203
2026-01-15 10:29:00,20083.5,20085.75,20080.5,20082.5,2617
2026-01-15 10:30:00,20082.5,20083.75,20079.5,20080.5,1795
2026-01-15 10:31:00,20080.5,20080.75,20079.75,20080.0,4341
2026-01-15 10:32:00,20080.0,20084.0,20078.75,20083.75,3120
2026-01-15 10:33:00,20083.75,20084.0,20081.75,20082.0,3453
2026-01-15 10:34:00,20082.0,20082.25,20081.75,20082.0,3630
2026-01-15 10:35:00,20082.0,20083.0,20081.0,20081.25,4159
2026-01-15 10:36:00,20081.25,20082.5,20079.75,20080.25,2933
2026-01-15 10:37:00,20080.25,20082.5,20079.75,20082.0,2510
2026-01-15 10:38:00,20082.0,20082.5,20079.5,20082.5,3700
2026-01-15 10:39:00,20082.5,20083.0,20080.25,20082.5,1651
2026-01-15 10:40:00,20082.5,20083.75,20082.25,20083.0,2524
2026-01-15 10:41:00,20083.0,20083.25,20081.5,20081.75,4012
2026-01-15 10:42:00,20081.75,20082.75,20081.0,20081.75,1688
2026-01-15 10:43:00,20081.75,20082.5,20080.5,20081.75,4194
2026-01-15 10:44:00,20081.75,20082.5,20079.5,20081.25,1646
2026-01-15 10:45:00,20081.25,20081.75,20079.75,20081.25,3703
2026-01-15 10:46:00,20081.25,20082.25,20081.25,20082.25,3923
2026-01-15 10:47:00,20082.25,20083.5,20080.75,20083.0,1616
2026-01-15 10:48:00,20083.0,20083.25,20081.25,20081.25,3824
2026-01-15 10:49:00,20081.25,20082.0,20079.5,20080.25,4036
2026-01-15 10:50:00,20080.25,20080.75,20076.5,20078.75,1729
2026-01-15 10:51:00,20078.75,20079.25,20078.75,20079.0,4364
2026-01-15 10:52:00,20079.0,20080.25,20077.25,20077.25,4426
2026-01-15 10:53:00,20077.25,20077.5,20073.75,20074.5,2010
2026-01-15 10:54:00,20074.5,20074.75,20073.5,20073.75,3803
2026-01-15 10:55:00,20073.75,20074.0,20072.75,20074.0,3056
2026-01-15 10:56:00,20074.0,20074.25,20073.5,20073.75,2975
2026-01-15 10:57:00,20073.75,20075.0,20073.25,20073.75,1510
2026-01-15 10:58:00,20073.75,20075.75,20073.75,20075.0,2746
2026-01-15 10:59:00,20075.0,20075.0,20069.75,20073.0,2190
2026-01-15 11:00:00,20073.0,20074.75,20072.25,20072.5,1568
2026-01-15 11:01:00,20072.5,20074.25,20072.5,20074.0,3875
2026-01-15 11:02:00,20074.0,20074.25,20071.75,20072.0,2128
2026-01-15 11:03:00,20072.0,20073.75,20069.75,20073.0,1678
2026-01-15 11:04:00,20073.0,20073.25,20071.5,20072.25,4241
2026-01-15 11:05:00,20072.25,20075.25,20068.0,20074.25,4026
2026-01-15 11:06:00,20074.25,20075.5,20073.75,20074.0,3440
2026-01-15 11:07:00,20074.0,20075.0,20072.5,20072.75,2541
2026-01-15 11:08:00,20072.75,20073.75,20068.0,20073.5,4312
2026-01-15 11:09:00,20073.5,20077.0,20073.0,20075.75,3610
2026-01-15 11:10:00,20075.75,20077.5,20075.5,20077.25,3978
2026-01-15 11:11:00,20077.25,20077.75,20075.25,20076.25,3131
2026-01-15 11:12:00,20076.25,20078.5,20075.5,20077.75,1980
2026-01-15 11:13:00,20077.75,20079.25,20077.5,20078.25,2826
2026-01-15 11:14:00,20078.25,20081.0,20077.5,20079.5,3551
2026-01-15 11:15:00,20079.5,20079.75,20078.0,20078.75,2502
2026-01-15 11:16:00,20078.75,20079.5,20074.75,20075.75,4110
2026-01-15 11:17:00,20075.75,20079.0,20075.5,20078.5,2648
2026-01-15 11:18:00,20078.5,20082.75,20077.75,20080.5,3856
2026-01-15 11:19:00,20080.5,20080.75,20079.5,20080.0,2768
2026-01-15 11:20:00,20080.0,20081.25,20078.0,20080.75,2524
2026-01-15 11:21:00,20080.75,20082.0,20079.5,20080.75,2928
2026-01-15 11:22:00,20080.75,20081.5,20080.5,20080.5,3864
2026-01-15 11:23:00,20080.5,20080.5,20080.5,20080.5,1803
2026-01-15 11:24:00,20080.5,20081.25,20078.75,20079.5,4004
2026-01-15 11:25:00,20079.5,20080.5,20078.75,20079.25,3832
2026-01-15 11:26:00,20079.25,20082.25,20079.0,20080.5,4186
2026-01-15 11:27:00,20080.5,20082.0,20080.25,20081.25,3860
2026-01-15 11:28:00,20081.25,20081.5,20076.75,20080.5,4326
2026-01-15 11:29:00,20080.5,20081.5,20080.25,20080.5,4435
2026-01-15 11:30:00,20080.5,20081.25,20079.0,20080.5,637
2026-01-15 11:31:00,20080.5,20081.0,20079.5,20080.0,1184
2026-01-15 11:32:00,20080.0,20080.25,20079.5,20079.75,1202
2026-01-15 11:33:00,20079.75,20081.25,20079.5,20080.25,691
2026-01-15 11:34:00,20080.25,20080.75,20079.75,20080.5,1008
2026-01-15 11:35:00,20080.5,20080.75,20079.5,20079.75,1006
2026-01-15 11:36:00,20079.75,20081.0,20079.75,20080.25,842
2026-01-15 11:37:00,20080.25,20082.75,20079.0,20079.5,1319
2026-01-15 11:38:00,20079.5,20080.75,20079.0,20079.5,661
2026-01-15 11:39:00,20079.5,20079.75,20078.25,20079.0,961
2026-01-15 11:40:00,20079.0,20079.75,20078.75,20078.75,798
2026-01-15 11:41:00,20078.75,20079.0,20077.25,20077.75,1365
2026-01-15 11:42:00,20077.75,20078.25,20076.0,20076.75,904
2026-01-15 11:43:00,20076.75,20077.25,20076.0,20076.25,1208
2026-01-15 11:44:00,20076.25,20076.5,20075.0,20075.75,1009
2026-01-15 11:45:00,20075.75,20076.25,20075.25,20076.0,1609
2026-01-15 11:46:00,20076.0,20076.5,20075.25,20076.25,817
2026-01-15 11:47:00,20076.25,20077.0,20076.25,20076.75,839
2026-01-15 11:48:00,20076.75,20077.25,20076.5,20077.0,962
2026-01-15 11:49:00,20077.0,20077.0,20076.75,20077.0,1575
2026-01-15 11:50:00,20077.0,20077.5,20076.75,20077.5,729
2026-01-15 11:51:00,20077.5,20077.5,20076.0,20076.25,1224
2026-01-15 11:52:00,20076.25,20077.25,20076.0,20076.75,1347
2026-01-15 11:53:00,20076.75,20077.75,20075.25,20075.5,1021
2026-01-15 11:54:00,20075.5,20075.75,20074.75,20075.0,636
2026-01-15 11:55:00,20075.0,20075.25,20074.5,20074.75,1257
2026-01-15 11:56:00,20074.75,20075.75,20073.5,20074.0,1170
2026-01-15 11:57:00,20074.0,20074.0,20072.75,20073.0,1440
2026-01-15 11:58:00,20073.0,20074.0,20072.25,20072.25,1677
2026-01-15 11:59:00,20072.25,20072.75,20071.25,20071.5,1690
2026-01-15 12:00:00,20071.5,20071.75,20070.5,20071.25,1590
2026-01-15 12:01:00,20071.25,20071.25,20071.0,20071.0,1791
2026-01-15 12:02:00,20071.0,20072.75,20070.5,20072.75,1347
2026-01-15 12:03:00,20072.75,20073.75,20072.0,20073.0,1511
2026-01-15 12:04:00,20073.0,20073.25,20071.5,20072.25,1044
2026-01-15 12:05:00,20072.25,20073.0,20072.25,20072.5,1751
2026-01-15 12:06:00,20072.5,20072.5,20072.0,20072.25,1684
2026-01-15 12:07:00,20072.25,20072.25,20072.25,20072.25,777
2026-01-15 12:08:00,20072.25,20072.5,20071.75,20072.25,1481
2026-01-15 12:09:00,20072.25,20072.25,20071.75,20071.75,1052
2026-01-15 12:10:00,20071.75,20072.5,20071.75,20072.25,1438
2026-01-15 12:11:00,20072.25,20072.75,20071.75,20072.5,1014
2026-01-15 12:12:00,20072.5,20072.5,20071.75,20072.5,1113
2026-01-15 12:13:00,20072.5,20073.0,20071.5,20072.75,1366
2026-01-15 12:14:00,20072.75,20072.75,20072.0,20072.5,1794
2026-01-15 12:15:00,20072.5,20073.25,20072.5,20073.25,1350
2026-01-15 12:16:00,20073.25,20073.75,20072.5,20073.0,1419
2026-01-15 12:17:00,20073.0,20073.5,20072.5,20072.75,799
2026-01-15 12:18:00,20072.75,20074.25,20072.25,20073.75,981
2026-01-15 12:19:00,20073.75,20074.5,20073.0,20073.25,1408
2026-01-15 12:20:00,20073.25,20074.5,20073.25,20074.0,1661
2026-01-15 12:21:00,20074.0,20074.25,20073.75,20074.25,1719
2026-01-15 12:22:00,20074.25,20075.5,20074.0,20075.0,677
2026-01-15 12:23:00,20075.0,20076.0,20074.0,20075.25,1544
2026-01-15 12:24:00,20075.25,20075.25,20074.75,20075.0,1400
2026-01-15 12:25:00,20075.0,20076.25,20074.75,20075.75,818
2026-01-15 12:26:00,20075.75,20076.5,20075.5,20075.5,1324
2026-01-15 12:27:00,20075.5,20076.0,20075.25,20075.5,1633
2026-01-15 12:28:00,20075.5,20077.25,20074.75,20077.0,1090
2026-01-15 12:29:00,20077.0,20077.5,20077.0,20077.25,1143
2026-01-15 12:30:00,20077.25,20078.0,20076.5,20076.75,991
2026-01-15 12:31:00,20076.75,20078.0,20076.0,20077.75,901
2026-01-15 12:32:00,20077.75,20078.5,20076.0,20077.25,1057
2026-01-15 12:33:00,20077.25,20078.75,20077.25,20078.0,1340
2026-01-15 12:34:00,20078.0,20078.75,20078.0,20078.5,1491
2026-01-15 12:35:00,20078.5,20078.75,20077.75,20077.75,1541
2026-01-15 12:36:00,20077.75,20078.0,20077.75,20077.75,1341
2026-01-15 12:37:00,20077.75,20078.0,20077.0,20077.5,1212
2026-01-15 12:38:00,20077.5,20078.0,20077.0,20077.75,1570
2026-01-15 12:39:00,20077.75,20079.0,20077.75,20078.75,1597
2026-01-15 12:40:00,20078.75,20079.5,20076.5,20079.5,748
2026-01-15 12:41:00,20079.5,20079.75,20079.5,20079.75,613
2026-01-15 12:42:00,20079.75,20080.5,20079.0,20079.75,1032
2026-01-15 12:43:00,20079.75,20081.0,20079.25,20080.5,1011
2026-01-15 12:44:00,20080.5,20081.75,20079.0,20080.25,959
2026-01-15 12:45:00,20080.25,20080.5,20079.5,20079.75,936
2026-01-15 12:46:00,20079.75,20081.0,20079.75,20080.5,990
2026-01-15 12:47:00,20080.5,20081.25,20076.5,20079.5,1672
2026-01-15 12:48:00,20079.5,20081.5,20079.0,20080.75,1352
2026-01-15 12:49:00,20080.75,20081.5,20079.0,20080.0,1401
2026-01-15 12:50:00,20080.0,20080.5,20077.75,20079.25,1661
2026-01-15 12:51:00,20079.25,20080.0,20077.5,20079.5,828
2026-01-15 12:52:00,20079.5,20080.0,20078.25,20079.75,942
2026-01-15 12:53:00,20079.75,20080.25,20078.5,20079.75,1315
2026-01-15 12:54:00,20079.75,20079.75,20079.0,20079.5,854
2026-01-15 12:55:00,20079.5,20080.0,20079.0,20079.25,1247
2026-01-15 12:56:00,20079.25,20080.0,20078.0,20079.0,1561
2026-01-15 12:57:00,20079.0,20080.25,20075.0,20080.0,1117
2026-01-15 12:58:00,20080.0,20080.0,20079.5,20080.0,1507
2026-01-15 12:59:00,20080.0,20080.25,20079.5,20079.5,1392
2026-01-15 13:00:00,20079.5,20079.75,20079.0,20079.5,1535
2026-01-15 13:01:00,20079.5,20079.5,20078.75,20079.25,895
2026-01-15 13:02:00,20079.25,20080.25,20079.0,20080.0,1573
2026-01-15 13:03:00,20080.0,20080.0,20079.25,20079.5,1529
2026-01-15 13:04:00,20079.5,20080.75,20079.25,20079.75,1549
2026-01-15 13:05:00,20079.75,20080.75,20079.5,20080.75,900
2026-01-15 13:06:00,20080.75,20081.0,20078.25,20079.75,1264
2026-01-15 13:07:00,20079.75,20081.0,20079.25,20080.0,960
2026-01-15 13:08:00,20080.0,20081.5,20080.0,20081.5,1201
2026-01-15 13:09:00,20081.5,20081.75,20080.5,20081.25,1628
2026-01-15 13:10:00,20081.25,20081.75,20081.25,20081.5,1052
2026-01-15 13:11:00,20081.5,20082.0,20081.0,20081.0,1340
2026-01-15 13:12:00,20081.0,20081.75,20079.75,20080.75,1230
2026-01-15 13:13:00,20080.75,20081.75,20079.0,20081.75,883
2026-01-15 13:14:00,20081.75,20081.75,20081.5,20081.75,1278
2026-01-15 13:15:00,20081.75,20083.0,20081.0,20082.75,672
2026-01-15 13:16:00,20082.75,20083.25,20082.5,20082.75,1321
2026-01-15 13:17:00,20082.75,20083.25,20082.5,20083.0,987
2026-01-15 13:18:00,20083.0,20083.25,20082.25,20082.25,1768
2026-01-15 13:19:00,20082.25,20082.75,20081.5,20082.25,1213
2026-01-15 13:20:00,20082.25,20083.25,20082.0,20082.5,1166
2026-01-15 13:21:00,20082.5,20083.75,20082.0,20083.25,1206
2026-01-15 13:22:00,20083.25,20084.5,20082.0,20082.75,980
2026-01-15 13:23:00,20082.75,20082.75,20081.5,20082.75,663
2026-01-15 13:24:00,20082.75,20082.75,20082.25,20082.5,1056
2026-01-15 13:25:00,20082.5,20082.75,20082.0,20082.25,1205
2026-01-15 13:26:00,20082.25,20082.75,20082.25,20082.25,1519
2026-01-15 13:27:00,20082.25,20083.75,20081.25,20083.0,1690
2026-01-15 13:28:00,20083.0,20083.0,20082.0,20082.75,738
2026-01-15 13:29:00,20082.75,20084.5,20082.0,20083.5,990
2026-01-15 13:30:00,20083.5,20083.5,20080.75,20081.5,3265
2026-01-15 13:31:00,20081.5,20082.0,20079.25,20080.0,1810
2026-01-15 13:32:00,20080.0,20082.25,20078.0,20079.75,1876
2026-01-15 13:33:00,20079.75,20081.0,20073.25,20078.5,1728
2026-01-15 13:34:00,20078.5,20078.75,20078.25,20078.5,1835
2026-01-15 13:35:00,20078.5,20079.5,20077.75,20079.25,3393
2026-01-15 13:36:00,20079.25,20081.0,20078.75,20079.5,2974
2026-01-15 13:37:00,20079.5,20079.75,20077.25,20079.5,2161
2026-01-15 13:38:00,20079.5,20080.5,20078.75,20080.0,2600
2026-01-15 13:39:00,20080.0,20080.25,20077.75,20078.5,2983
2026-01-15 13:40:00,20078.5,20080.5,20078.5,20080.0,1582
2026-01-15 13:41:00,20080.0,20081.0,20079.5,20081.0,3214
2026-01-15 13:42:00,20081.0,20081.5,20080.75,20081.0,2149
2026-01-15 13:43:00,20081.0,20081.0,20078.75,20079.25,1834
2026-01-15 13:44:00,20079.25,20081.75,20079.25,20079.5,2998
2026-01-15 13:45:00,20079.5,20079.75,20078.0,20079.0,2417
2026-01-15 13:46:00,20079.0,20079.75,20077.25,20078.25,1483
2026-01-15 13:47:00,20078.25,20079.0,20076.75,20077.25,2741
2026-01-15 13:48:00,20077.25,20078.5,20076.25,20078.25,2484
2026-01-15 13:49:00,20078.25,20079.5,20078.0,20078.5,3351
2026-01-15 13:50:00,20078.5,20080.0,20078.0,20079.5,3861
2026-01-15 13:51:00,20079.5,20081.5,20079.5,20080.75,2409
2026-01-15 13:52:00,20080.75,20083.25,20080.5,20081.25,2562
2026-01-15 13:53:00,20081.25,20083.75,20080.25,20083.5,3733
2026-01-15 13:54:00,20083.5,20083.5,20081.0,20082.0,2753
2026-01-15 13:55:00,20082.0,20083.0,20081.75,20081.75,1711
2026-01-15 13:56:00,20081.75,20084.5,20081.0,20083.25,2668
2026-01-15 13:57:00,20083.25,20083.75,20082.75,20083.25,1610
2026-01-15 13:58:00,20083.25,20084.75,20083.0,20084.5,2062
2026-01-15 13:59:00,20084.5,20085.5,20084.0,20084.25,2842
2026-01-15 14:00:00,20084.25,20085.75,20082.5,20083.25,1993
2026-01-15 14:01:00,20083.25,20086.5,20083.25,20085.75,2190
2026-01-15 14:02:00,20085.75,20086.0,20084.25,20085.5,2679
2026-01-15 14:03:00,20085.5,20085.5,20085.0,20085.25,1852
2026-01-15 14:04:00,20085.25,20085.25,20084.5,20084.75,2465
2026-01-15 14:05:00,20084.75,20085.5,20081.75,20084.25,2047
2026-01-15 14:06:00,20084.25,20085.5,20083.0,20084.25,2073
2026-01-15 14:07:00,20084.25,20085.75,20082.0,20084.5,3353
2026-01-15 14:08:00,20084.5,20085.0,20084.0,20084.25,2658
2026-01-15 14:09:00,20084.25,20084.25,20083.0,20083.25,2262
2026-01-15 14:10:00,20083.25,20084.5,20081.5,20082.25,3391
2026-01-15 14:11:00,20082.25,20083.75,20080.25,20083.25,2513
2026-01-15 14:12:00,20083.25,20084.5,20083.25,20083.75,1557
2026-01-15 14:13:00,20083.75,20087.0,20083.25,20083.75,3278
2026-01-15 14:14:00,20083.75,20084.0,20083.0,20083.0,1782
2026-01-15 14:15:00,20083.0,20084.0,20082.25,20083.5,2700
2026-01-15 14:16:00,20083.5,20084.25,20081.0,20081.75,3220
2026-01-15 14:17:00,20081.75,20085.25,20081.0,20085.0,2039
2026-01-15 14:18:00,20085.0,20087.5,20082.75,20086.5,2114
2026-01-15 14:19:00,20086.5,20088.0,20086.5,20086.75,3636
2026-01-15 14:20:00,20086.75,20087.0,20086.75,20087.0,3661
2026-01-15 14:21:00,20087.0,20088.5,20087.0,20087.5,1727
2026-01-15 14:22:00,20087.5,20088.0,20086.5,20087.25,3447
2026-01-15 14:23:00,20087.25,20087.25,20084.25,20085.25,2211
2026-01-15 14:24:00,20085.25,20086.0,20085.0,20085.25,3662
2026-01-15 14:25:00,20085.25,20087.25,20085.0,20085.5,1667
2026-01-15 14:26:00,20085.5,20086.75,20085.0,20085.25,3795
2026-01-15 14:27:00,20085.25,20085.75,20084.75,20084.75,2123
2026-01-15 14:28:00,20084.75,20087.5,20084.0,20085.75,3700
2026-01-15 14:29:00,20085.75,20087.5,20084.5,20085.5,3107
2026-01-15 14:30:00,20085.5,20086.75,20084.75,20085.75,2157
2026-01-15 14:31:00,20085.75,20087.25,20085.75,20086.75,2823
2026-01-15 14:32:00,20086.75,20087.5,20086.0,20087.0,3732
2026-01-15 14:33:00,20087.0,20087.25,20084.5,20086.75,3035
2026-01-15 14:34:00,20086.75,20086.75,20085.25,20085.5,3981
2026-01-15 14:35:00,20085.5,20087.25,20085.0,20086.75,3684
2026-01-15 14:36:00,20086.75,20090.25,20085.5,20089.75,2334
2026-01-15 14:37:00,20089.75,20092.5,20089.25,20090.75,3776
2026-01-15 14:38:00,20090.75,20091.5,20088.0,20088.5,1501
2026-01-15 14:39:00,20088.5,20090.25,20088.0,20090.0,2616
2026-01-15 14:40:00,20090.0,20090.75,20088.5,20090.75,3991
2026-01-15 14:41:00,20090.75,20091.25,20089.25,20089.5,1869
2026-01-15 14:42:00,20089.5,20090.75,20088.5,20090.5,2317
2026-01-15 14:43:00,20090.5,20091.0,20088.75,20089.0,3195
2026-01-15 14:44:00,20089.0,20090.25,20084.5,20085.75,1664
2026-01-15 14:45:00,20085.75,20086.0,20085.5,20085.5,3012
2026-01-15 14:46:00,20085.5,20086.25,20082.0,20084.25,3102
2026-01-15 14:47:00,20084.25,20084.5,20083.0,20083.25,3796
2026-01-15 14:48:00,20083.25,20083.75,20082.0,20082.5,3094
2026-01-15 14:49:00,20082.5,20082.75,20080.0,20080.0,2513
2026-01-15 14:50:00,20080.0,20085.0,20078.0,20082.5,1415
2026-01-15 14:51:00,20082.5,20082.75,20080.5,20081.5,1846
2026-01-15 14:52:00,20081.5,20081.75,20080.5,20081.0,2707
2026-01-15 14:53:00,20081.0,20081.5,20080.25,20080.75,2010
2026-01-15 14:54:00,20080.75,20080.75,20078.25,20079.0,1876
2026-01-15 14:55:00,20079.0,20079.25,20076.5,20078.5,1601
2026-01-15 14:56:00,20078.5,20079.0,20077.25,20077.75,3973
2026-01-15 14:57:00,20077.75,20079.25,20075.5,20077.0,2239
2026-01-15 14:58:00,20077.0,20078.75,20077.0,20077.25,2939
2026-01-15 14:59:00,20077.25,20077.25,20075.5,20076.0,2326
2026-01-15 15:00:00,20076.0,20076.5,20075.25,20076.5,2816
2026-01-15 15:01:00,20076.5,20077.5,20076.25,20077.0,2374
2026-01-15 15:02:00,20077.0,20077.5,20075.0,20075.0,3220
2026-01-15 15:03:00,20075.0,20075.75,20074.0,20075.25,3830
2026-01-15 15:04:00,20075.25,20077.5,20073.75,20075.75,1646
2026-01-15 15:05:00,20075.75,20078.25,20075.75,20077.75,3430
2026-01-15 15:06:00,20077.75,20078.0,20077.25,20077.5,3700
2026-01-15 15:07:00,20077.5,20077.5,20076.25,20077.0,3057
2026-01-15 15:08:00,20077.0,20081.0,20076.5,20077.75,3403
2026-01-15 15:09:00,20077.75,20077.75,20075.5,20076.75,1475
2026-01-15 15:10:00,20076.75,20076.75,20076.75,20076.75,3923
2026-01-15 15:11:00,20076.75,20077.0,20073.75,20076.25,3258
2026-01-15 15:12:00,20076.25,20077.25,20075.5,20075.75,2244
2026-01-15 15:13:00,20075.75,20078.5,20074.5,20075.5,3069
2026-01-15 15:14:00,20075.5,20076.0,20073.25,20074.0,2772
2026-01-15 15:15:00,20074.0,20075.25,20073.0,20073.5,3506
2026-01-15 15:16:00,20073.5,20075.25,20073.0,20073.75,3829
2026-01-15 15:17:00,20073.75,20075.5,20073.5,20074.75,3677
2026-01-15 15:18:00,20074.75,20075.5,20072.5,20073.5,3659
2026-01-15 15:19:00,20073.5,20074.0,20072.0,20072.25,1605
2026-01-15 15:20:00,20072.25,20072.5,20070.5,20070.5,1831
2026-01-15 15:21:00,20070.5,20073.75,20070.25,20072.25,3305
2026-01-15 15:22:00,20072.25,20074.5,20072.0,20072.75,1981
2026-01-15 15:23:00,20072.75,20073.25,20071.5,20073.25,2878
2026-01-15 15:24:00,20073.25,20073.75,20072.75,20073.0,3258
2026-01-15 15:25:00,20073.0,20073.25,20073.0,20073.0,2919
2026-01-15 15:26:00,20073.0,20080.0,20071.75,20075.0,3947
2026-01-15 15:27:00,20075.0,20077.75,20074.5,20076.5,2069
2026-01-15 15:28:00,20076.5,20078.0,20075.25,20075.5,3940
2026-01-15 15:29:00,20075.5,20077.5,20074.0,20074.5,2001
2026-01-15 15:30:00,20074.5,20076.75,20073.0,20073.75,5236
2026-01-15 15:31:00,20073.75,20073.75,20071.75,20072.0,3732
2026-01-15 15:32:00,20072.0,20073.5,20068.75,20071.0,5907
2026-01-15 15:33:00,20071.0,20071.5,20070.5,20070.75,4789
2026-01-15 15:34:00,20070.75,20071.0,20066.25,20070.0,4645
2026-01-15 15:35:00,20070.0,20072.0,20068.0,20068.5,4513
2026-01-15 15:36:00,20068.5,20070.0,20068.5,20068.75,3871
2026-01-15 15:37:00,20068.75,20071.0,20067.5,20067.75,7068
2026-01-15 15:38:00,20067.75,20068.25,20067.0,20067.25,3760
2026-01-15 15:39:00,20067.25,20071.0,20062.25,20068.75,5856
2026-01-15 15:40:00,20068.75,20069.0,20067.25,20067.25,4446
2026-01-15 15:41:00,20067.25,20070.75,20063.5,20065.75,5113
2026-01-15 15:42:00,20065.75,20069.75,20065.0,20069.0,4585
2026-01-15 15:43:00,20069.0,20069.75,20068.0,20069.0,4498
2026-01-15 15:44:00,20069.0,20070.0,20067.0,20069.5,5843
2026-01-15 15:45:00,20069.5,20071.5,20069.0,20071.25,8183
2026-01-15 15:46:00,20071.25,20075.25,20067.25,20068.25,5987
2026-01-15 15:47:00,20068.25,20069.0,20067.25,20068.5,5197
2026-01-15 15:48:00,20068.5,20072.75,20065.5,20071.75,5421
2026-01-15 15:49:00,20071.75,20072.75,20071.0,20071.75,8450
2026-01-15 15:50:00,20071.75,20072.75,20070.25,20070.5,5679
2026-01-15 15:51:00,20070.5,20073.75,20070.0,20073.75,5509
2026-01-15 15:52:00,20073.75,20074.0,20073.25,20073.75,3970
2026-01-15 15:53:00,20073.75,20074.25,20072.25,20072.5,6517
2026-01-15 15:54:00,20072.5,20074.0,20071.0,20072.75,7486
2026-01-15 15:55:00,20072.75,20076.5,20070.0,20075.5,7353
2026-01-15 15:56:00,20075.5,20077.0,20075.0,20075.75,7406
2026-01-15 15:57:00,20075.75,20079.75,20073.5,20077.75,8284
2026-01-15 15:58:00,20077.75,20085.75,20074.75,20076.25,7445
2026-01-15 15:59:00,20076.25,20078.0,20072.75,20076.0,4285
2026-01-16 09:30:00,20076.0,20077.0,20075.75,20076.0,8516
2026-01-16 09:31:00,20076.0,20076.75,20072.0,20074.25,4172
2026-01-16 09:32:00,20074.25,20079.0,20072.25,20076.0,5285
2026-01-16 09:33:00,20076.0,20078.5,20075.5,20076.25,4653
2026-01-16 09:34:00,20076.25,20077.25,20075.75,20076.75,7380
2026-01-16 09:35:00,20076.75,20081.25,20074.25,20079.25,6502
2026-01-16 09:36:00,20079.25,20079.5,20075.0,20076.25,7727
2026-01-16 09:37:00,20076.25,20078.75,20075.0,20076.5,8716
2026-01-16 09:38:00,20076.5,20078.5,20071.5,20074.0,3091
2026-01-16 09:39:00,20074.0,20076.0,20071.75,20074.5,5938
2026-01-16 09:40:00,20074.5,20075.75,20073.75,20075.25,6799
2026-01-16 09:41:00,20075.25,20076.25,20075.0,20075.5,3812
2026-01-16 09:42:00,20075.5,20076.5,20074.0,20075.75,5128
2026-01-16 09:43:00,20075.75,20077.0,20075.0,20075.0,6991
2026-01-16 09:44:00,20075.0,20076.5,20070.75,20073.0,4224
2026-01-16 09:45:00,20073.0,20073.25,20071.0,20071.0,8718
2026-01-16 09:46:00,20071.0,20078.75,20070.5,20072.75,6561
2026-01-16 09:47:00,20072.75,20072.75,20069.5,20071.25,7182
2026-01-16 09:48:00,20071.25,20072.5,20069.5,20072.5,8953
2026-01-16 09:49:00,20072.5,20076.75,20070.25,20076.0,4846
2026-01-16 09:50:00,20076.0,20076.25,20074.0,20074.25,8311
2026-01-16 09:51:00,20074.25,20079.0,20071.25,20072.25,4895
2026-01-16 09:52:00,20072.25,20072.5,20071.5,20072.25,3793
2026-01-16 09:53:00,20072.25,20073.0,20067.5,20068.75,3875
2026-01-16 09:54:00,20068.75,20075.75,20068.5,20070.25,3415
2026-01-16 09:55:00,20070.25,20071.25,20068.25,20068.75,7840
2026-01-16 09:56:00,20068.75,20071.0,20065.5,20066.5,4492
2026-01-16 09:57:00,20066.5,20066.75,20061.25,20063.0,7185
2026-01-16 09:58:00,20063.0,20065.25,20060.0,20063.25,4454
2026-01-16 09:59:00,20063.25,20064.0,20062.5,20063.25,4522
2026-01-16 10:00:00,20063.25,20064.0,20061.75,20062.0,1588
2026-01-16 10:01:00,20062.0,20062.0,20061.75,20061.75,3065
2026-01-16 10:02:00,20061.75,20062.0,20057.75,20060.25,3916
2026-01-16 10:03:00,20060.25,20061.25,20059.75,20060.75,4419
2026-01-16 10:04:00,20060.75,20061.0,20059.0,20060.0,2458
2026-01-16 10:05:00,20060.0,20061.5,20055.25,20060.5,4304
2026-01-16 10:06:00,20060.5,20062.0,20059.25,20059.5,2737
2026-01-16 10:07:00,20059.5,20060.75,20055.25,20058.0,2531
2026-01-16 10:08:00,20058.0,20060.75,20057.25,20060.25,3940
2026-01-16 10:09:00,20060.25,20060.75,20058.5,20058.75,1736
2026-01-16 10:10:00,20058.75,20062.5,20057.0,20058.25,3239
2026-01-16 10:11:00,20058.25,20061.75,20057.5,20061.25,3222
2026-01-16 10:12:00,20061.25,20062.0,20059.25,20059.5,3342
2026-01-16 10:13:00,20059.5,20059.75,20058.75,20058.75,2716
2026-01-16 10:14:00,20058.75,20060.75,20058.75,20059.0,1834
2026-01-16 10:15:00,20059.0,20059.25,20056.75,20057.75,1822
2026-01-16 10:16:00,20057.75,20058.25,20057.5,20058.25,2247
2026-01-16 10:17:00,20058.25,20058.75,20056.75,20058.5,1584
2026-01-16 10:18:00,20058.5,20059.75,20054.75,20057.0,3068
2026-01-16 10:19:00,20057.0,20059.75,20055.25,20059.5,1800
2026-01-16 10:20:00,20059.5,20059.5,20058.25,20058.75,4074
2026-01-16 10:21:00,20058.75,20060.75,20058.25,20058.25,3838
2026-01-16 10:22:00,20058.25,20059.0,20058.25,20058.25,4138
2026-01-16 10:23:00,20058.25,20060.0,20056.5,20058.75,2080
2026-01-16 10:24:00,20058.75,20059.25,20056.0,20057.0,2032
2026-01-16 10:25:00,20057.0,20060.25,20052.5,20059.0,3465
2026-01-16 10:26:00,20059.0,20060.0,20056.5,20058.75,3101
2026-01-16 10:27:00,20058.75,20059.5,20058.5,20059.25,4345
2026-01-16 10:28:00,20059.25,20061.5,20059.0,20061.0,3124
2026-01-16 10:29:00,20061.0,20061.25,20060.0,20060.5,2612
2026-01-16 10:30:00,20060.5,20061.25,20059.75,20060.75,3458
2026-01-16 10:31:00,20060.75,20062.75,20058.75,20062.25,1695
2026-01-16 10:32:00,20062.25,20064.0,20062.25,20063.5,3044
2026-01-16 10:33:00,20063.5,20063.75,20063.5,20063.75,1904
2026-01-16 10:34:00,20063.75,20067.25,20063.0,20064.75,2825
2026-01-16 10:35:00,20064.75,20065.5,20063.25,20063.75,4302
2026-01-16 10:36:00,20063.75,20064.25,20062.75,20062.75,2921
2026-01-16 10:37:00,20062.75,20066.25,20061.75,20065.0,3106
2026-01-16 10:38:00,20065.0,20065.25,20064.75,20065.0,4471
2026-01-16 10:39:00,20065.0,20066.5,20063.75,20064.5,1937
2026-01-16 10:40:00,20064.5,20064.75,20061.75,20063.0,4187
2026-01-16 10:41:00,20063.0,20063.25,20061.0,20063.0,4139
2026-01-16 10:42:00,20063.0,20063.75,20062.75,20063.5,2782
2026-01-16 10:43:00,20063.5,20064.75,20062.25,20063.0,1957
2026-01-16 10:44:00,20063.0,20064.0,20061.75,20063.5,2660
2026-01-16 10:45:00,20063.5,20064.75,20061.5,20064.75,2689
2026-01-16 10:46:00,20064.75,20071.25,20062.25,20067.5,2413
2026-01-16 10:47:00,20067.5,20068.5,20063.25,20068.25,2455
2026-01-16 10:48:00,20068.25,20071.0,20068.0,20069.75,3213
2026-01-16 10:49:00,20069.75,20071.0,20067.0,20067.0,2858
2026-01-16 10:50:00,20067.0,20067.75,20065.0,20066.0,2836
2026-01-16 10:51:00,20066.0,20069.5,20064.75,20068.0,2310
2026-01-16 10:52:00,20068.0,20070.25,20065.25,20067.5,3195
2026-01-16 10:53:00,20067.5,20068.25,20065.75,20065.75,4362
2026-01-16 10:54:00,20065.75,20066.0,20064.25,20064.75,2434
2026-01-16 10:55:00,20064.75,20065.0,20063.25,20064.25,3022
2026-01-16 10:56:00,20064.25,20066.25,20062.75,20063.25,3288
2026-01-16 10:57:00,20063.25,20064.25,20063.25,20063.75,4014
2026-01-16 10:58:00,20063.75,20066.25,20063.75,20065.75,3663
2026-01-16 10:59:00,20065.75,20068.75,20065.25,20067.25,4346
2026-01-16 11:00:00,20067.25,20070.75,20066.25,20069.5,2693
2026-01-16 11:01:00,20069.5,20070.25,20068.0,20069.0,3219
2026-01-16 11:02:00,20069.0,20070.25,20067.25,20068.5,3982
2026-01-16 11:03:00,20068.5,20069.75,20068.0,20069.25,2544
2026-01-16 11:04:00,20069.25,20069.75,20067.75,20069.5,2843
2026-01-16 11:05:00,20069.5,20069.75,20069.25,20069.5,2300
2026-01-16 11:06:00,20069.5,20070.5,20068.25,20070.0,3958
2026-01-16 11:07:00,20070.0,20072.5,20067.0,20070.75,3103
2026-01-16 11:08:00,20070.75,20074.25,20070.25,20072.5,1875
2026-01-16 11:09:00,20072.5,20074.5,20072.0,20074.25,1949
2026-01-16 11:10:00,20074.25,20075.0,20073.5,20073.5,2380
2026-01-16 11:11:00,20073.5,20074.0,20071.75,20073.0,2104
2026-01-16 11:12:00,20073.0,20075.75,20072.25,20073.5,3905
2026-01-16 11:13:00,20073.5,20074.0,20072.75,20073.25,1602
2026-01-16 11:14:00,20073.25,20074.0,20069.75,20071.75,1874
2026-01-16 11:15:00,20071.75,20071.75,20069.75,20071.25,1734
2026-01-16 11:16:00,20071.25,20072.0,20069.0,20069.25,3715
2026-01-16 11:17:00,20069.25,20073.75,20068.5,20070.25,2154
2026-01-16 11:18:00,20070.25,20071.25,20068.25,20069.0,4066
2026-01-16 11:19:00,20069.0,20069.5,20066.25,20069.0,4161
2026-01-16 11:20:00,20069.0,20069.25,20067.0,20068.5,2427
2026-01-16 11:21:00,20068.5,20068.75,20067.75,20068.25,2948
2026-01-16 11:22:00,20068.25,20071.0,20068.25,20070.75,4359
2026-01-16 11:23:00,20070.75,20074.25,20069.25,20069.75,3315
2026-01-16 11:24:00,20069.75,20076.5,20069.5,20072.5,3411
2026-01-16 11:25:00,20072.5,20072.75,20071.0,20071.25,2665
2026-01-16 11:26:00,20071.25,20071.75,20068.75,20069.0,3551
2026-01-16 11:27:00,20069.0,20069.75,20068.75,20069.75,1702
2026-01-16 11:28:00,20069.75,20069.75,20069.25,20069.75,3657
2026-01-16 11:29:00,20069.75,20070.25,20069.25,20069.25,1857
2026-01-16 11:30:00,20069.25,20070.25,20069.25,20069.75,1374
2026-01-16 11:31:00,20069.75,20070.0,20068.75,20069.25,1787
2026-01-16 11:32:00,20069.25,20070.0,20069.25,20070.0,1142
2026-01-16 11:33:00,20070.0,20070.0,20069.0,20069.5,1349
2026-01-16 11:34:00,20069.5,20069.5,20067.75,20068.25,1324
2026-01-16 11:35:00,20068.25,20068.5,20067.75,20068.0,937
2026-01-16 11:36:00,20068.0,20069.75,20067.5,20068.75,1706
2026-01-16 11:37:00,20068.75,20069.25,20068.5,20068.75,1729
2026-01-16 11:38:00,20068.75,20069.5,20068.5,20068.75,767
2026-01-16 11:39:00,20068.75,20069.0,20068.75,20069.0,670
2026-01-16 11:40:00,20069.0,20070.75,20068.25,20069.5,1446
2026-01-16 11:41:00,20069.5,20071.0,20069.25,20070.25,1640
2026-01-16 11:42:00,20070.25,20070.75,20070.0,20070.25,1740
2026-01-16 11:43:00,20070.25,20070.75,20069.5,20070.75,938
2026-01-16 11:44:00,20070.75,20071.25,20069.25,20069.75,949
2026-01-16 11:45:00,20069.75,20069.75,20069.25,20069.5,1593
2026-01-16 11:46:00,20069.5,20069.75,20068.75,20069.0,768
2026-01-16 11:47:00,20069.0,20069.5,20068.75,20069.25,669
2026-01-16 11:48:00,20069.25,20070.25,20067.0,20068.25,608
2026-01-16 11:49:00,20068.25,20070.5,20068.0,20069.0,1461
2026-01-16 11:50:00,20069.0,20069.0,20068.0,20068.25,1500
2026-01-16 11:51:00,20068.25,20070.25,20068.0,20068.75,1098
2026-01-16 11:52:00,20068.75,20069.0,20068.25,20068.25,742
2026-01-16 11:53:00,20068.25,20068.5,20067.25,20068.5,1736
2026-01-16 11:54:00,20068.5,20069.0,20067.5,20067.75,1588
2026-01-16 11:55:00,20067.75,20068.5,20067.0,20068.25,1720
2026-01-16 11:56:00,20068.25,20068.5,20067.0,20067.0,1157
2026-01-16 11:57:00,20067.0,20067.25,20067.0,20067.25,1558
2026-01-16 11:58:00,20067.25,20068.25,20067.25,20067.5,745
2026-01-16 11:59:00,20067.5,20068.5,20067.0,20067.0,958
2026-01-16 12:00:00,20067.0,20067.25,20065.75,20066.25,1391
2026-01-16 12:01:00,20066.25,20066.5,20064.0,20065.25,631
2026-01-16 12:02:00,20065.25,20066.0,20064.5,20065.5,1132
2026-01-16 12:03:00,20065.5,20065.75,20064.25,20065.25,1076
2026-01-16 12:04:00,20065.25,20065.5,20065.0,20065.5,1443
2026-01-16 12:05:00,20065.5,20065.75,20064.75,20065.25,641
2026-01-16 12:06:00,20065.25,20065.5,20064.0,20064.5,1484
2026-01-16 12:07:00,20064.5,20065.75,20063.75,20065.5,821
2026-01-16 12:08:00,20065.5,20065.75,20065.25,20065.5,770
2026-01-16 12:09:00,20065.5,20066.75,20064.5,20066.5,1164
2026-01-16 12:10:00,20066.5,20066.5,20065.5,20065.75,1378
2026-01-16 12:11:00,20065.75,20067.0,20065.5,20066.75,1156
2026-01-16 12:12:00,20066.75,20067.0,20066.0,20066.0,1511
2026-01-16 12:13:00,20066.0,20066.25,20065.25,20065.5,713
2026-01-16 12:14:00,20065.5,20066.25,20065.25,20065.5,1398
2026-01-16 12:15:00,20065.5,20065.75,20065.0,20065.5,1049
2026-01-16 12:16:00,20065.5,20066.0,20065.0,20065.0,775
2026-01-16 12:17:00,20065.0,20065.5,20063.0,20064.75,600
2026-01-16 12:18:00,20064.75,20065.5,20064.25,20064.5,621
2026-01-16 12:19:00,20064.5,20065.5,20064.5,20065.25,1243
2026-01-16 12:20:00,20065.25,20065.75,20064.5,20064.75,859
2026-01-16 12:21:00,20064.75,20065.25,20063.25,20064.5,825
2026-01-16 12:22:00,20064.5,20065.0,20062.75,20063.0,1062
2026-01-16 12:23:00,20063.0,20063.25,20062.75,20062.75,1386
2026-01-16 12:24:00,20062.75,20063.0,20061.75,20062.0,710
2026-01-16 12:25:00,20062.0,20062.25,20061.0,20061.75,1481
2026-01-16 12:26:00,20061.75,20062.0,20061.75,20062.0,1400
2026-01-16 12:27:00,20062.0,20062.25,20060.75,20062.0,732
2026-01-16 12:28:00,20062.0,20063.5,20061.25,20062.25,695
2026-01-16 12:29:00,20062.25,20063.0,20061.25,20061.25,788
2026-01-16 12:30:00,20061.25,20061.5,20061.0,20061.0,898
2026-01-16 12:31:00,20061.0,20061.5,20060.75,20061.5,1513
2026-01-16 12:32:00,20061.5,20063.75,20060.75,20061.25,1144
2026-01-16 12:33:00,20061.25,20061.5,20060.5,20061.5,1436
2026-01-16 12:34:00,20061.5,20062.0,20061.25,20061.25,1400
2026-01-16 12:35:00,20061.25,20062.0,20060.75,20060.75,838
2026-01-16 12:36:00,20060.75,20061.0,20060.75,20060.75,1319
2026-01-16 12:37:00,20060.75,20061.0,20060.5,20061.0,1347
2026-01-16 12:38:00,20061.0,20061.5,20061.0,20061.5,633
2026-01-16 12:39:00,20061.5,20062.0,20059.25,20060.0,972
2026-01-16 12:40:00,20060.0,20060.25,20059.5,20059.75,1396
2026-01-16 12:41:00,20059.75,20061.0,20059.75,20059.75,1383
2026-01-16 12:42:00,20059.75,20060.0,20059.5,20059.75,930
2026-01-16 12:43:00,20059.75,20060.5,20058.25,20059.75,613
2026-01-16 12:44:00,20059.75,20060.75,20059.25,20060.5,1161
2026-01-16 12:45:00,20060.5,20061.25,20060.5,20060.75,1672
2026-01-16 12:46:00,20060.75,20061.0,20060.0,20060.5,1321
2026-01-16 12:47:00,20060.5,20061.5,20060.5,20060.5,781
2026-01-16 12:48:00,20060.5,20061.0,20060.25,20061.0,609
2026-01-16 12:49:00,20061.0,20061.5,20061.0,20061.25,955
2026-01-16 12:50:00,20061.25,20062.25,20059.75,20060.5,685
2026-01-16 12:51:00,20060.5,20060.5,20060.25,20060.25,1533
2026-01-16 12:52:00,20060.25,20060.75,20060.25,20060.25,1559
2026-01-16 12:53:00,20060.25,20061.0,20058.75,20059.75,1211
2026-01-16 12:54:00,20059.75,20061.25,20059.75,20061.0,1782
2026-01-16 12:55:00,20061.0,20061.75,20060.75,20061.5,735
2026-01-16 12:56:00,20061.5,20061.75,20060.5,20061.25,1610
2026-01-16 12:57:00,20061.25,20061.75,20061.0,20061.25,670
2026-01-16 12:58:00,20061.25,20061.75,20060.75,20061.0,923
2026-01-16 12:59:00,20061.0,20062.0,20061.0,20061.75,1486
2026-01-16 13:00:00,20061.75,20062.0,20061.0,20061.25,938
2026-01-16 13:01:00,20061.25,20061.5,20060.5,20061.0,701
2026-01-16 13:02:00,20061.0,20061.0,20060.0,20060.25,1230
2026-01-16 13:03:00,20060.25,20060.5,20059.75,20059.75,1054
2026-01-16 13:04:00,20059.75,20060.25,20059.25,20060.0,1653
2026-01-16 13:05:00,20060.0,20060.0,20059.5,20059.75,1213
2026-01-16 13:06:00,20059.75,20060.75,20058.75,20060.75,827
2026-01-16 13:07:00,20060.75,20061.25,20060.5,20061.25,1551
2026-01-16 13:08:00,20061.25,20062.25,20060.75,20062.0,917
2026-01-16 13:09:00,20062.0,20062.75,20061.0,20061.25,1117
2026-01-16 13:10:00,20061.25,20062.5,20060.5,20062.5,1233
2026-01-16 13:11:00,20062.5,20062.75,20061.5,20062.25,1527
2026-01-16 13:12:00,20062.25,20062.5,20061.25,20061.25,1686
2026-01-16 13:13:00,20061.25,20061.25,20059.5,20060.25,854
2026-01-16 13:14:00,20060.25,20061.25,20060.25,20060.75,1165
2026-01-16 13:15:00,20060.75,20061.75,20060.5,20061.0,739
2026-01-16 13:16:00,20061.0,20061.25,20060.75,20061.0,1700
2026-01-16 13:17:00,20061.0,20061.25,20060.75,20060.75,958
2026-01-16 13:18:00,20060.75,20061.0,20060.25,20060.75,745
2026-01-16 13:19:00,20060.75,20061.75,20060.75,20061.0,1788
2026-01-16 13:20:00,20061.0,20061.0,20059.5,20060.0,1068
2026-01-16 13:21:00,20060.0,20060.75,20059.75,20060.5,1763
2026-01-16 13:22:00,20060.5,20061.0,20060.25,20060.75,1397
2026-01-16 13:23:00,20060.75,20060.75,20060.0,20060.5,996
2026-01-16 13:24:00,20060.5,20061.25,20059.5,20060.75,639
2026-01-16 13:25:00,20060.75,20060.75,20060.5,20060.75,1601
2026-01-16 13:26:00,20060.75,20061.75,20060.5,20061.25,1269
2026-01-16 13:27:00,20061.25,20061.5,20061.25,20061.5,1358
2026-01-16 13:28:00,20061.5,20062.5,20060.5,20062.5,1762
2026-01-16 13:29:00,20062.5,20063.25,20062.25,20063.0,1300
2026-01-16 13:30:00,20063.0,20063.75,20061.5,20061.75,1912
2026-01-16 13:31:00,20061.75,20065.5,20061.5,20063.5,1599
2026-01-16 13:32:00,20063.5,20064.0,20063.0,20063.5,3227
2026-01-16 13:33:00,20063.5,20066.0,20062.75,20064.75,1533
2026-01-16 13:34:00,20064.75,20065.0,20062.75,20064.0,1827
2026-01-16 13:35:00,20064.0,20064.75,20063.0,20064.25,3868
2026-01-16 13:36:00,20064.25,20064.5,20062.75,20064.25,1735
2026-01-16 13:37:00,20064.25,20066.0,20063.25,20065.25,2302
2026-01-16 13:38:00,20065.25,20069.25,20065.25,20067.25,3915
2026-01-16 13:39:00,20067.25,20067.5,20066.0,20067.5,2443
2026-01-16 13:40:00,20067.5,20068.25,20066.5,20066.75,3789
2026-01-16 13:41:00,20066.75,20067.5,20066.5,20066.75,3555
2026-01-16 13:42:00,20066.75,20067.5,20066.0,20066.25,2432
2026-01-16 13:43:00,20066.25,20068.0,20066.0,20067.5,3433
2026-01-16 13:44:00,20067.5,20068.0,20065.75,20066.0,3128
2026-01-16 13:45:00,20066.0,20067.75,20065.25,20066.5,1922
2026-01-16 13:46:00,20066.5,20066.75,20065.75,20066.0,3638
2026-01-16 13:47:00,20066.0,20068.0,20066.0,20067.0,3572
2026-01-16 13:48:00,20067.0,20067.75,20065.75,20066.0,1722
2026-01-16 13:49:00,20066.0,20068.75,20065.0,20066.75,2975
2026-01-16 13:50:00,20066.75,20069.0,20066.5,20067.75,1418
2026-01-16 13:51:00,20067.75,20068.25,20065.0,20067.25,2589
2026-01-16 13:52:00,20067.25,20067.5,20066.0,20066.75,2670
2026-01-16 13:53:00,20066.75,20067.25,20064.5,20064.75,1828
2026-01-16 13:54:00,20064.75,20066.0,20064.75,20065.0,2071
2026-01-16 13:55:00,20065.0,20066.75,20065.0,20065.5,2125
2026-01-16 13:56:00,20065.5,20065.75,20063.25,20063.75,2442
2026-01-16 13:57:00,20063.75,20063.75,20062.25,20063.25,2776
2026-01-16 13:58:00,20063.25,20063.5,20062.5,20062.5,2694
2026-01-16 13:59:00,20062.5,20063.25,20062.0,20062.25,2378
2026-01-16 14:00:00,20062.25,20063.25,20061.0,20061.5,1546
2026-01-16 14:01:00,20061.5,20062.25,20059.75,20060.25,1562
2026-01-16 14:02:00,20060.25,20060.5,20057.75,20059.0,2640
2026-01-16 14:03:00,20059.0,20060.75,20058.5,20059.0,2129
2026-01-16 14:04:00,20059.0,20060.5,20058.5,20059.5,2523
2026-01-16 14:05:00,20059.5,20062.75,20059.25,20059.75,2627
2026-01-16 14:06:00,20059.75,20060.5,20059.25,20059.5,3729
2026-01-16 14:07:00,20059.5,20060.5,20057.75,20059.0,1724
2026-01-16 14:08:00,20059.0,20060.5,20058.75,20059.75,3921
2026-01-16 14:09:00,20059.75,20061.5,20058.25,20058.5,3006
2026-01-16 14:10:00,20058.5,20059.0,20057.25,20058.5,3148
2026-01-16 14:11:00,20058.5,20062.25,20055.5,20059.25,3919
2026-01-16 14:12:00,20059.25,20059.5,20058.25,20059.25,3951
2026-01-16 14:13:00,20059.25,20059.75,20057.75,20058.5,3665
2026-01-16 14:14:00,20058.5,20061.75,20057.5,20061.75,3898
2026-01-16 14:15:00,20061.75,20062.75,20061.5,20062.5,3443
2026-01-16 14:16:00,20062.5,20063.75,20062.0,20062.25,2784
2026-01-16 14:17:00,20062.25,20065.25,20061.5,20062.75,2588
2026-01-16 14:18:00,20062.75,20063.5,20062.75,20062.75,1517
2026-01-16 14:19:00,20062.75,20063.25,20061.25,20062.5,1417
2026-01-16 14:20:00,20062.5,20065.5,20062.5,20064.5,2563
2026-01-16 14:21:00,20064.5,20065.75,20064.0,20065.25,1786
2026-01-16 14:22:00,20065.25,20065.25,20064.75,20065.25,1449
2026-01-16 14:23:00,20065.25,20067.0,20064.0,20067.0,1839
2026-01-16 14:24:00,20067.0,20067.5,20063.25,20065.0,2437
2026-01-16 14:25:00,20065.0,20067.25,20064.25,20064.5,1714
2026-01-16 14:26:00,20064.5,20064.75,20062.0,20063.0,3383
2026-01-16 14:27:00,20063.0,20063.5,20061.75,20063.0,2905
2026-01-16 14:28:00,20063.0,20064.5,20059.0,20062.0,1816
2026-01-16 14:29:00,20062.0,20063.0,20061.5,20061.75,1909
2026-01-16 14:30:00,20061.75,20066.0,20061.5,20064.25,1738
2026-01-16 14:31:00,20064.25,20065.0,20063.75,20064.25,1472
2026-01-16 14:32:00,20064.25,20064.5,20063.75,20064.25,1732
2026-01-16 14:33:00,20064.25,20064.25,20063.25,20063.25,2220
2026-01-16 14:34:00,20063.25,20064.75,20063.25,20064.5,2263
2026-01-16 14:35:00,20064.5,20065.75,20064.5,20065.5,1816
2026-01-16 14:36:00,20065.5,20065.75,20063.0,20063.0,2961
2026-01-16 14:37:00,20063.0,20065.0,20062.75,20064.25,2755
2026-01-16 14:38:00,20064.25,20068.25,20064.0,20065.25,3344
2026-01-16 14:39:00,20065.25,20066.0,20062.0,20065.75,1923
2026-01-16 14:40:00,20065.75,20065.75,20064.0,20064.5,3794
2026-01-16 14:41:00,20064.5,20067.5,20060.75,20062.25,2056
2026-01-16 14:42:00,20062.25,20063.25,20058.75,20060.25,1658
2026-01-16 14:43:00,20060.25,20063.0,20059.25,20060.0,3605
2026-01-16 14:44:00,20060.0,20062.5,20058.75,20060.25,2212
2026-01-16 14:45:00,20060.25,20062.25,20059.5,20061.25,2495
2026-01-16 14:46:00,20061.25,20062.25,20059.0,20061.0,2337
2026-01-16 14:47:00,20061.0,20063.0,20060.75,20061.0,3858
2026-01-16 14:48:00,20061.0,20061.25,20059.25,20059.5,3410
2026-01-16 14:49:00,20059.5,20060.5,20059.25,20060.25,3675
2026-01-16 14:50:00,20060.25,20062.75,20059.75,20062.0,2842
2026-01-16 14:51:00,20062.0,20062.75,20062.0,20062.5,3715
2026-01-16 14:52:00,20062.5,20063.75,20060.0,20060.5,1541
2026-01-16 14:53:00,20060.5,20062.5,20059.0,20060.75,2492
2026-01-16 14:54:00,20060.75,20061.5,20060.0,20060.75,1451
2026-01-16 14:55:00,20060.75,20062.25,20060.0,20061.75,3121
2026-01-16 14:56:00,20061.75,20063.75,20060.75,20060.75,3355
2026-01-16 14:57:00,20060.75,20061.5,20057.5,20059.0,2359
2026-01-16 14:58:00,20059.0,20060.5,20058.0,20059.0,2732
2026-01-16 14:59:00,20059.0,20060.75,20058.75,20060.0,3275
2026-01-16 15:00:00,20060.0,20061.5,20059.5,20060.75,2173
2026-01-16 15:01:00,20060.75,20061.5,20059.0,20060.5,3033
2026-01-16 15:02:00,20060.5,20061.0,20058.75,20060.25,2058
2026-01-16 15:03:00,20060.25,20061.25,20059.0,20059.25,1525
2026-01-16 15:04:00,20059.25,20059.25,20058.5,20058.5,1467
2026-01-16 15:05:00,20058.5,20059.5,20058.25,20058.75,2846
2026-01-16 15:06:00,20058.75,20059.5,20056.25,20057.75,2485
2026-01-16 15:07:00,20057.75,20058.5,20055.5,20057.5,1636
2026-01-16 15:08:00,20057.5,20059.0,20057.25,20057.75,2681
2026-01-16 15:09:00,20057.75,20058.5,20055.75,20058.5,3579
2026-01-16 15:10:00,20058.5,20059.5,20058.5,20058.75,1731
2026-01-16 15:11:00,20058.75,20060.75,20058.25,20060.5,2289
2026-01-16 15:12:00,20060.5,20062.75,20058.0,20061.25,3496
2026-01-16 15:13:00,20061.25,20061.75,20060.5,20060.5,3584
2026-01-16 15:14:00,20060.5,20063.75,20060.5,20061.0,3742
2026-01-16 15:15:00,20061.0,20063.5,20060.75,20062.75,2955
2026-01-16 15:16:00,20062.75,20064.75,20061.75,20064.5,2313
2026-01-16 15:17:00,20064.5,20065.0,20064.25,20064.25,3679
2026-01-16 15:18:00,20064.25,20065.0,20063.25,20064.5,1429
2026-01-16 15:19:00,20064.5,20067.5,20064.25,20067.25,2882
2026-01-16 15:20:00,20067.25,20067.75,20066.0,20066.5,1775
2026-01-16 15:21:00,20066.5,20068.5,20065.0,20065.0,2560
2026-01-16 15:22:00,20065.0,20065.5,20060.75,20063.0,3524
2026-01-16 15:23:00,20063.0,20063.25,20061.75,20062.75,3766
2026-01-16 15:24:00,20062.75,20064.25,20061.75,20062.5,2918
2026-01-16 15:25:00,20062.5,20063.5,20062.0,20063.5,1847
2026-01-16 15:26:00,20063.5,20064.0,20062.25,20063.5,3196
2026-01-16 15:27:00,20063.5,20064.25,20062.75,20063.25,2315
2026-01-16 15:28:00,20063.25,20064.75,20063.0,20063.0,2874
2026-01-16 15:29:00,20063.0,20064.25,20062.75,20063.25,3789
2026-01-16 15:30:00,20063.25,20065.0,20060.5,20063.5,5834
2026-01-16 15:31:00,20063.5,20068.5,20058.25,20061.0,5222
2026-01-16 15:32:00,20061.0,20062.25,20060.5,20061.5,8243
2026-01-16 15:33:00,20061.5,20063.25,20059.25,20062.5,3769
2026-01-16 15:34:00,20062.5,20062.75,20058.75,20059.25,5495
2026-01-16 15:35:00,20059.25,20062.0,20056.75,20061.0,3569
2026-01-16 15:36:00,20061.0,20063.5,20059.25,20061.0,6572
2026-01-16 15:37:00,20061.0,20061.0,20058.5,20060.25,7277
2026-01-16 15:38:00,20060.25,20062.5,20057.0,20058.75,5067
2026-01-16 15:39:00,20058.75,20061.5,20058.0,20060.25,6439
2026-01-16 15:40:00,20060.25,20063.5,20058.25,20061.75,5910
2026-01-16 15:41:00,20061.75,20062.75,20060.75,20061.5,7759
2026-01-16 15:42:00,20061.5,20064.75,20058.0,20059.5,6092
2026-01-16 15:43:00,20059.5,20060.25,20057.5,20058.5,4534
2026-01-16 15:44:00,20058.5,20062.25,20055.5,20059.25,4573
2026-01-16 15:45:00,20059.25,20061.75,20058.75,20060.5,8026
2026-01-16 15:46:00,20060.5,20060.75,20059.5,20060.5,4627
2026-01-16 15:47:00,20060.5,20065.75,20060.0,20062.25,5447
2026-01-16 15:48:00,20062.25,20066.5,20061.25,20065.5,6567
2026-01-16 15:49:00,20065.5,20066.25,20062.25,20063.75,7703
2026-01-16 15:50:00,20063.75,20065.75,20063.0,20063.25,4026
2026-01-16 15:51:00,20063.25,20063.5,20058.0,20061.75,4976
2026-01-16 15:52:00,20061.75,20063.75,20061.5,20062.25,7424
2026-01-16 15:53:00,20062.25,20062.5,20059.75,20061.25,8359
2026-01-16 15:54:00,20061.25,20062.25,20058.75,20059.5,7367
2026-01-16 15:55:00,20059.5,20060.25,20058.0,20059.5,5386
2026-01-16 15:56:00,20059.5,20062.25,20058.75,20061.25,8499
2026-01-16 15:57:00,20061.25,20063.25,20057.25,20058.0,5406
2026-01-16 15:58:00,20058.0,20059.5,20058.0,20058.75,8317
2026-01-16 15:59:00,20058.75,20065.5,20056.25,20062.25,7055
2026-01-19 09:30:00,20062.25,20063.0,20060.5,20062.0,5354
2026-01-19 09:31:00,20062.0,20064.0,20057.75,20058.5,6802
2026-01-19 09:32:00,20058.5,20060.0,20058.0,20059.0,8480
2026-01-19 09:33:00,20059.0,20059.5,20055.75,20057.5,5266
2026-01-19 09:34:00,20057.5,20060.0,20055.0,20056.5,8354
2026-01-19 09:35:00,20056.5,20065.75,20054.0,20060.25,5276
2026-01-19 09:36:00,20060.25,20061.5,20057.0,20060.75,3585
2026-01-19 09:37:00,20060.75,20062.75,20047.75,20058.0,5346
2026-01-19 09:38:00,20058.0,20060.25,20055.25,20056.5,4017
2026-01-19 09:39:00,20056.5,20061.5,20051.5,20058.5,8071
2026-01-19 09:40:00,20058.5,20065.75,20057.75,20062.5,5087
2026-01-19 09:41:00,20062.5,20063.75,20061.25,20063.25,4658
2026-01-19 09:42:00,20063.25,20063.5,20062.0,20062.25,5887
2026-01-19 09:43:00,20062.25,20063.0,20061.0,20061.75,8705
2026-01-19 09:44:00,20061.75,20062.75,20059.75,20062.0,8480
2026-01-19 09:45:00,20062.0,20063.75,20061.25,20062.25,3635
2026-01-19 09:46:00,20062.25,20065.0,20057.75,20062.5,5191
2026-01-19 09:47:00,20062.5,20065.75,20060.25,20060.75,8760
2026-01-19 09:48:00,20060.75,20062.25,20059.25,20062.0,3205
2026-01-19 09:49:00,20062.0,20066.75,20060.25,20065.75,6401
2026-01-19 09:50:00,20065.75,20065.75,20063.25,20063.75,6430
2026-01-19 09:51:00,20063.75,20064.5,20063.5,20064.25,5999
2026-01-19 09:52:00,20064.25,20067.25,20063.5,20066.75,5075
2026-01-19 09:53:00,20066.75,20068.5,20065.75,20065.75,5981
2026-01-19 09:54:00,20065.75,20067.5,20061.5,20067.0,6735
2026-01-19 09:55:00,20067.0,20067.25,20066.5,20066.5,5284
2026-01-19 09:56:00,20066.5,20068.75,20066.25,20067.5,5860
2026-01-19 09:57:00,20067.5,20067.5,20066.25,20067.25,8437
2026-01-19 09:58:00,20067.25,20070.0,20065.75,20069.5,3921
2026-01-19 09:59:00,20069.5,20070.75,20065.25,20065.25,7183
2026-01-19 10:00:00,20065.25,20066.0,20065.0,20065.5,3072
2026-01-19 10:01:00,20065.5,20065.75,20064.5,20064.75,4075
2026-01-19 10:02:00,20064.75,20065.75,20064.5,20065.0,2537
2026-01-19 10:03:00,20065.0,20066.5,20062.5,20063.0,3140
2026-01-19 10:04:00,20063.0,20064.5,20062.5,20063.75,2518
2026-01-19 10:05:00,20063.75,20067.75,20063.0,20067.0,4095
2026-01-19 10:06:00,20067.0,20067.25,20066.75,20067.0,2915
2026-01-19 10:07:00,20067.0,20070.5,20065.25,20067.75,4423
2026-01-19 10:08:00,20067.75,20068.5,20066.5,20067.5,2710
2026-01-19 10:09:00,20067.5,20067.75,20066.25,20067.25,3206
2026-01-19 10:10:00,20067.25,20067.5,20066.0,20066.25,2828
2026-01-19 10:11:00,20066.25,20067.25,20065.0,20066.75,2838
2026-01-19 10:12:00,20066.75,20067.25,20062.75,20066.0,2771
2026-01-19 10:13:00,20066.0,20069.5,20065.75,20068.5,3718
2026-01-19 10:14:00,20068.5,20071.5,20064.75,20067.25,3427
2026-01-19 10:15:00,20067.25,20069.75,20066.75,20067.0,2600
2026-01-19 10:16:00,20067.0,20067.5,20066.25,20066.5,4069
2026-01-19 10:17:00,20066.5,20068.0,20065.75,20066.25,3348
2026-01-19 10:18:00,20066.25,20068.0,20062.5,20063.75,2873
2026-01-19 10:19:00,20063.75,20065.75,20063.75,20064.75,1742
2026-01-19 10:20:00,20064.75,20066.75,20063.75,20065.5,2255
2026-01-19 10:21:00,20065.5,20066.75,20063.5,20064.25,2480
2026-01-19 10:22:00,20064.25,20065.25,20064.0,20064.75,2873
2026-01-19 10:23:00,20064.75,20065.0,20062.25,20063.25,4183
2026-01-19 10:24:00,20063.25,20065.75,20063.25,20064.0,3212
2026-01-19 10:25:00,20064.0,20066.0,20064.0,20064.0,3116
2026-01-19 10:26:00,20064.0,20065.0,20064.0,20064.25,4367
2026-01-19 10:27:00,20064.25,20064.75,20064.0,20064.5,2169
2026-01-19 10:28:00,20064.5,20065.25,20063.75,20063.75,3177
2026-01-19 10:29:00,20063.75,20065.5,20062.5,20064.5,4133
2026-01-19 10:30:00,20064.5,20066.5,20064.0,20064.25,2197
2026-01-19 10:31:00,20064.25,20066.25,20063.5,20065.5,4361
2026-01-19 10:32:00,20065.5,20067.0,20065.25,20066.5,3963
2026-01-19 10:33:00,20066.5,20068.75,20066.0,20067.25,4262
2026-01-19 10:34:00,20067.25,20067.25,20067.0,20067.25,3454
2026-01-19 10:35:00,20067.25,20068.0,20067.25,20067.5,3256
2026-01-19 10:36:00,20067.5,20068.0,20065.5,20065.5,3598
2026-01-19 10:37:00,20065.5,20066.5,20064.5,20065.0,2486
2026-01-19 10:38:00,20065.0,20065.5,20064.75,20065.25,4457
2026-01-19 10:39:00,20065.25,20066.0,20064.25,20065.25,3625
2026-01-19 10:40:00,20065.25,20065.75,20064.0,20064.25,3663
2026-01-19 10:41:00,20064.25,20065.75,20062.0,20063.5,4025
2026-01-19 10:42:00,20063.5,20067.25,20062.0,20065.25,4437
2026-01-19 10:43:00,20065.25,20066.5,20064.0,20065.5,3996
2026-01-19 10:44:00,20065.5,20066.75,20065.25,20066.0,1818
2026-01-19 10:45:00,20066.0,20068.0,20064.75,20066.75,4487
2026-01-19 10:46:00,20066.75,20070.25,20064.75,20068.5,4356
2026-01-19 10:47:00,20068.5,20069.25,20068.0,20069.0,2851
2026-01-19 10:48:00,20069.0,20069.25,20066.5,20067.75,2574
2026-01-19 10:49:00,20067.75,20069.0,20067.0,20067.25,1800
2026-01-19 10:50:00,20067.25,20067.5,20066.25,20067.5,2756
2026-01-19 10:51:00,20067.5,20070.25,20066.5,20070.0,2777
2026-01-19 10:52:00,20070.0,20070.5,20069.25,20070.0,3756
2026-01-19 10:53:00,20070.0,20070.25,20068.0,20069.5,3470
2026-01-19 10:54:00,20069.5,20071.75,20069.25,20071.75,3909
2026-01-19 10:55:00,20071.75,20072.25,20069.75,20071.5,2769
2026-01-19 10:56:00,20071.5,20072.0,20067.75,20068.5,2831
2026-01-19 10:57:00,20068.5,20070.0,20068.0,20069.0,1751
2026-01-19 10:58:00,20069.0,20069.75,20066.75,20069.25,3756
2026-01-19 10:59:00,20069.25,20069.5,20064.5,20067.25,4089
2026-01-19 11:00:00,20067.25,20067.5,20065.5,20065.5,4398
2026-01-19 11:01:00,20065.5,20065.75,20065.25,20065.25,2084
2026-01-19 11:02:00,20065.25,20066.25,20065.0,20066.0,2736
2026-01-19 11:03:00,20066.0,20066.5,20064.75,20064.75,2787
2026-01-19 11:04:00,20064.75,20065.75,20064.75,20065.0,1935
2026-01-19 11:05:00,20065.0,20067.5,20063.25,20064.75,2658
2026-01-19 11:06:00,20064.75,20069.0,20064.75,20064.75,2302
2026-01-19 11:07:00,20064.75,20067.0,20064.5,20065.75,1517
2026-01-19 11:08:00,20065.75,20066.0,20065.75,20065.75,3067
2026-01-19 11:09:00,20065.75,20067.0,20064.0,20066.0,4392
2026-01-19 11:10:00,20066.0,20068.75,20063.75,20066.5,1534
2026-01-19 11:11:00,20066.5,20066.75,20062.75,20066.5,4125
2026-01-19 11:12:00,20066.5,20068.0,20065.75,20067.5,3405
2026-01-19 11:13:00,20067.5,20070.25,20067.0,20068.5,1867
2026-01-19 11:14:00,20068.5,20073.0,20068.0,20069.25,4346
2026-01-19 11:15:00,20069.25,20070.75,20068.75,20070.0,3161
2026-01-19 11:16:00,20070.0,20070.0,20065.5,20068.25,2703
2026-01-19 11:17:00,20068.25,20068.5,20067.0,20067.5,2722
2026-01-19 11:18:00,20067.5,20067.75,20065.0,20065.25,3517
2026-01-19 11:19:00,20065.25,20066.75,20064.5,20064.75,3712
2026-01-19 11:20:00,20064.75,20066.75,20064.5,20064.75,3526
2026-01-19 11:21:00,20064.75,20065.5,20063.75,20064.5,2340
2026-01-19 11:22:00,20064.5,20066.5,20064.5,20066.0,3508
2026-01-19 11:23:00,20066.0,20069.5,20066.0,20067.5,2636
2026-01-19 11:24:00,20067.5,20068.75,20063.75,20064.75,4492
2026-01-19 11:25:00,20064.75,20065.5,20063.25,20064.0,3298
2026-01-19 11:26:00,20064.0,20064.25,20062.5,20063.0,3583
2026-01-19 11:27:00,20063.0,20063.0,20059.75,20061.0,2716
2026-01-19 11:28:00,20061.0,20062.75,20058.5,20059.75,2291
2026-01-19 11:29:00,20059.75,20059.75,20059.75,20059.75,3598
2026-01-19 11:30:00,20059.75,20061.75,20059.0,20060.75,1500
2026-01-19 11:31:00,20060.75,20060.75,20060.5,20060.5,1437
2026-01-19 11:32:00,20060.5,20060.75,20059.25,20059.5,862
2026-01-19 11:33:00,20059.5,20060.75,20058.5,20058.5,1337
2026-01-19 11:34:00,20058.5,20058.75,20058.0,20058.75,635
2026-01-19 11:35:00,20058.75,20059.75,20058.5,20059.5,1693
2026-01-19 11:36:00,20059.5,20061.25,20059.0,20060.25,1686
2026-01-19 11:37:00,20060.25,20060.5,20058.75,20060.0,1286
2026-01-19 11:38:00,20060.0,20060.25,20059.75,20060.0,1719
2026-01-19 11:39:00,20060.0,20060.25,20059.25,20059.25,1396
2026-01-19 11:40:00,20059.25,20060.0,20058.5,20059.5,1219
2026-01-19 11:41:00,20059.5,20060.25,20059.5,20059.75,769
2026-01-19 11:42:00,20059.75,20060.5,20058.5,20059.75,1422
2026-01-19 11:43:00,20059.75,20060.25,20059.25,20060.0,1163
2026-01-19 11:44:00,20060.0,20060.5,20059.5,20059.75,1087
2026-01-19 11:45:00,20059.75,20060.25,20058.75,20060.0,802
2026-01-19 11:46:00,20060.0,20060.75,20059.75,20059.75,887
2026-01-19 11:47:00,20059.75,20060.0,20058.75,20060.0,1670
2026-01-19 11:48:00,20060.0,20060.5,20059.75,20059.75,602
2026-01-19 11:49:00,20059.75,20059.75,20059.25,20059.75,1185
2026-01-19 11:50:00,20059.75,20060.75,20059.75,20060.25,1621
2026-01-19 11:51:00,20060.25,20061.25,20059.75,20060.25,1708
2026-01-19 11:52:00,20060.25,20060.25,20059.0,20060.0,949
2026-01-19 11:53:00,20060.0,20061.0,20059.5,20060.75,1334
2026-01-19 11:54:00,20060.75,20061.5,20058.75,20060.25,1232
2026-01-19 11:55:00,20060.25,20060.25,20060.25,20060.25,1561
2026-01-19 11:56:00,20060.25,20062.5,20059.5,20059.5,733
2026-01-19 11:57:00,20059.5,20059.75,20058.75,20059.0,853
2026-01-19 11:58:00,20059.0,20059.5,20057.25,20058.5,1319
2026-01-19 11:59:00,20058.5,20059.25,20057.5,20059.25,1781
2026-01-19 12:00:00,20059.25,20060.0,20059.25,20059.75,783
2026-01-19 12:01:00,20059.75,20060.0,20059.5,20060.0,677
2026-01-19 12:02:00,20060.0,20060.75,20059.75,20059.75,1489
2026-01-19 12:03:00,20059.75,20060.25,20059.5,20060.25,664
2026-01-19 12:04:00,20060.25,20060.75,20057.75,20060.25,1127
2026-01-19 12:05:00,20060.25,20060.5,20058.0,20059.5,775
2026-01-19 12:06:00,20059.5,20059.5,20059.0,20059.25,702
2026-01-19 12:07:00,20059.25,20060.75,20058.75,20060.25,1233
2026-01-19 12:08:00,20060.25,20061.5,20060.25,20061.0,1730
2026-01-19 12:09:00,20061.0,20061.0,20060.75,20060.75,889
2026-01-19 12:10:00,20060.75,20061.0,20060.0,20060.5,1788
2026-01-19 12:11:00,20060.5,20061.25,20060.25,20060.25,932
2026-01-19 12:12:00,20060.25,20060.5,20059.75,20060.0,992
2026-01-19 12:13:00,20060.0,20061.25,20059.5,20059.75,1477
2026-01-19 12:14:00,20059.75,20060.0,20059.5,20059.75,891
2026-01-19 12:15:00,20059.75,20060.0,20059.5,20060.0,1698
2026-01-19 12:16:00,20060.0,20061.5,20059.0,20060.75,1712
2026-01-19 12:17:00,20060.75,20061.5,20060.5,20061.0,1465
2026-01-19 12:18:00,20061.0,20062.25,20061.0,20062.0,916
2026-01-19 12:19:00,20062.0,20063.25,20061.75,20062.75,1237
2026-01-19 12:20:00,20062.75,20063.0,20060.75,20062.5,1125
2026-01-19 12:21:00,20062.5,20063.0,20062.0,20062.75,1580
2026-01-19 12:22:00,20062.75,20064.5,20061.0,20062.0,1638
2026-01-19 12:23:00,20062.0,20063.0,20061.5,20062.25,1227
2026-01-19 12:24:00,20062.25,20062.25,20061.75,20061.75,790
2026-01-19 12:25:00,20061.75,20062.0,20061.25,20061.25,1455
2026-01-19 12:26:00,20061.25,20062.75,20060.5,20062.5,1253
2026-01-19 12:27:00,20062.5,20063.0,20061.75,20062.5,1374
2026-01-19 12:28:00,20062.5,20063.25,20062.25,20063.25,1150
2026-01-19 12:29:00,20063.25,20063.75,20061.5,20063.0,1382
2026-01-19 12:30:00,20063.0,20063.0,20062.0,20062.5,1785
2026-01-19 12:31:00,20062.5,20062.75,20061.25,20061.5,1381
2026-01-19 12:32:00,20061.5,20062.5,20061.25,20062.0,1649
2026-01-19 12:33:00,20062.0,20062.25,20061.75,20062.0,1792
2026-01-19 12:34:00,20062.0,20062.0,20061.75,20061.75,827
2026-01-19 12:35:00,20061.75,20062.5,20061.75,20062.5,1214
2026-01-19 12:36:00,20062.5,20063.25,20062.5,20063.0,720
2026-01-19 12:37:00,20063.0,20063.5,20062.5,20063.5,1151
2026-01-19 12:38:00,20063.5,20064.5,20063.0,20063.5,1166
2026-01-19 12:39:00,20063.5,20064.0,20062.25,20063.0,1464
2026-01-19 12:40:00,20063.0,20063.5,20062.5,20063.25,1196
2026-01-19 12:41:00,20063.25,20064.0,20062.5,20063.5,1072
2026-01-19 12:42:00,20063.5,20064.25,20062.75,20064.0,1179
2026-01-19 12:43:00,20064.0,20064.25,20062.75,20064.25,701
2026-01-19 12:44:00,20064.25,20064.5,20064.25,20064.5,1702
2026-01-19 12:45:00,20064.5,20065.0,20064.25,20065.0,1154
2026-01-19 12:46:00,20065.0,20065.5,20065.0,20065.25,1141
2026-01-19 12:47:00,20065.25,20067.0,20065.25,20066.5,1013
2026-01-19 12:48:00,20066.5,20066.75,20065.75,20066.25,809
2026-01-19 12:49:00,20066.25,20066.5,20063.5,20066.0,1390
2026-01-19 12:50:00,20066.0,20066.5,20065.0,20065.0,1643
2026-01-19 12:51:00,20065.0,20065.75,20064.5,20064.5,870
2026-01-19 12:52:00,20064.5,20064.75,20062.75,20062.75,1538
2026-01-19 12:53:00,20062.75,20064.0,20062.0,20062.75,1739
2026-01-19 12:54:00,20062.75,20063.25,20061.25,20061.5,924
2026-01-19 12:55:00,20061.5,20061.75,20060.75,20061.0,928
2026-01-19 12:56:00,20061.0,20063.25,20060.25,20060.75,1621
2026-01-19 12:57:00,20060.75,20061.25,20060.5,20061.0,1527
2026-01-19 12:58:00,20061.0,20061.25,20060.25,20060.5,1650
2026-01-19 12:59:00,20060.5,20063.25,20059.5,20060.5,1674
2026-01-19 13:00:00,20060.5,20060.5,20060.25,20060.5,671
2026-01-19 13:01:00,20060.5,20060.75,20060.25,20060.5,930
2026-01-19 13:02:00,20060.5,20061.5,20060.5,20061.25,1037
2026-01-19 13:03:00,20061.25,20061.75,20061.0,20061.5,870
2026-01-19 13:04:00,20061.5,20061.5,20061.0,20061.25,1448
2026-01-19 13:05:00,20061.25,20062.0,20061.25,20062.0,932
2026-01-19 13:06:00,20062.0,20062.0,20061.25,20061.5,1033
2026-01-19 13:07:00,20061.5,20062.0,20060.0,20060.25,897
2026-01-19 13:08:00,20060.25,20061.5,20059.75,20060.5,1209
2026-01-19 13:09:00,20060.5,20061.5,20059.75,20061.25,734
2026-01-19 13:10:00,20061.25,20061.75,20060.75,20061.25,761
2026-01-19 13:11:00,20061.25,20061.75,20061.25,20061.25,1535
2026-01-19 13:12:00,20061.25,20061.25,20059.5,20060.0,802
2026-01-19 13:13:00,20060.0,20060.0,20059.5,20059.5,1586
2026-01-19 13:14:00,20059.5,20059.5,20059.0,20059.5,999
2026-01-19 13:15:00,20059.5,20060.5,20059.0,20059.5,1478
2026-01-19 13:16:00,20059.5,20059.5,20059.25,20059.5,1343
2026-01-19 13:17:00,20059.5,20059.75,20059.25,20059.5,1645
2026-01-19 13:18:00,20059.5,20060.0,20059.25,20060.0,853
2026-01-19 13:19:00,20060.0,20060.5,20059.75,20059.75,1026
2026-01-19 13:20:00,20059.75,20060.25,20059.5,20060.0,1567
2026-01-19 13:21:00,20060.0,20060.5,20059.0,20060.25,1617
2026-01-19 13:22:00,20060.25,20060.5,20060.0,20060.0,710
2026-01-19 13:23:00,20060.0,20061.25,20060.0,20060.75,879
2026-01-19 13:24:00,20060.75,20061.5,20060.75,20061.25,1065
2026-01-19 13:25:00,20061.25,20062.0,20061.25,20061.5,678
2026-01-19 13:26:00,20061.5,20062.5,20059.75,20062.5,1791
2026-01-19 13:27:00,20062.5,20064.5,20062.25,20063.5,1128
2026-01-19 13:28:00,20063.5,20064.0,20062.25,20062.5,1118
2026-01-19 13:29:00,20062.5,20062.75,20061.25,20061.75,1625
2026-01-19 13:30:00,20061.75,20063.0,20061.5,20062.75,2207
2026-01-19 13:31:00,20062.75,20063.0,20062.75,20062.75,3189
2026-01-19 13:32:00,20062.75,20064.5,20059.0,20062.0,2741
2026-01-19 13:33:00,20062.0,20063.75,20061.75,20063.25,2810
2026-01-19 13:34:00,20063.25,20063.75,20062.75,20063.0,1521
2026-01-19 13:35:00,20063.0,20063.0,20061.5,20062.75,3215
2026-01-19 13:36:00,20062.75,20064.75,20061.0,20064.0,2908
2026-01-19 13:37:00,20064.0,20065.25,20061.75,20064.75,1620
2026-01-19 13:38:00,20064.75,20067.5,20064.0,20067.25,2863
2026-01-19 13:39:00,20067.25,20069.25,20066.5,20068.25,2589
2026-01-19 13:40:00,20068.25,20068.25,20066.25,20067.25,1925
2026-01-19 13:41:00,20067.25,20068.5,20067.25,20067.75,1559
2026-01-19 13:42:00,20067.75,20068.75,20067.0,20068.75,3717
2026-01-19 13:43:00,20068.75,20071.25,20067.75,20071.0,2371
2026-01-19 13:44:00,20071.0,20071.5,20070.5,20071.25,3152
2026-01-19 13:45:00,20071.25,20071.25,20068.0,20070.5,2073
2026-01-19 13:46:00,20070.5,20070.75,20069.25,20069.75,1800
2026-01-19 13:47:00,20069.75,20071.0,20069.25,20069.25,2046
2026-01-19 13:48:00,20069.25,20070.75,20067.25,20070.0,1458
2026-01-19 13:49:00,20070.0,20072.5,20070.0,20071.5,1673
2026-01-19 13:50:00,20071.5,20072.75,20070.25,20072.75,1893
2026-01-19 13:51:00,20072.75,20073.25,20072.0,20072.0,1918
2026-01-19 13:52:00,20072.0,20074.25,20071.25,20072.75,3359
2026-01-19 13:53:00,20072.75,20074.0,20072.25,20072.25,3426
2026-01-19 13:54:00,20072.25,20075.0,20070.25,20074.5,2574
2026-01-19 13:55:00,20074.5,20075.5,20072.75,20073.0,2665
2026-01-19 13:56:00,20073.0,20073.25,20070.0,20071.25,3857
2026-01-19 13:57:00,20071.25,20071.5,20071.25,20071.25,3289
2026-01-19 13:58:00,20071.25,20073.75,20070.0,20072.0,2486
2026-01-19 13:59:00,20072.0,20075.0,20071.0,20073.0,1746
2026-01-19 14:00:00,20073.0,20075.5,20072.25,20074.0,3281
2026-01-19 14:01:00,20074.0,20075.0,20074.0,20074.75,3477
2026-01-19 14:02:00,20074.75,20075.75,20070.5,20073.5,2499
2026-01-19 14:03:00,20073.5,20073.5,20072.5,20072.75,3349
2026-01-19 14:04:00,20072.75,20074.75,20070.25,20072.75,2250
2026-01-19 14:05:00,20072.75,20075.5,20072.25,20075.0,3815
2026-01-19 14:06:00,20075.0,20076.0,20075.0,20075.5,1438
2026-01-19 14:07:00,20075.5,20078.0,20073.0,20076.25,3604
2026-01-19 14:08:00,20076.25,20076.5,20074.5,20075.25,1799
2026-01-19 14:09:00,20075.25,20077.0,20074.75,20076.75,2908
2026-01-19 14:10:00,20076.75,20079.0,20076.0,20078.75,2968
2026-01-19 14:11:00,20078.75,20079.25,20078.25,20078.5,3497
2026-01-19 14:12:00,20078.5,20082.0,20076.25,20079.0,3458
2026-01-19 14:13:00,20079.0,20080.0,20077.75,20078.25,1797
2026-01-19 14:14:00,20078.25,20080.25,20077.75,20078.0,2181
2026-01-19 14:15:00,20078.0,20079.5,20077.75,20078.5,3647
2026-01-19 14:16:00,20078.5,20081.25,20076.25,20080.75,3656
2026-01-19 14:17:00,20080.75,20081.25,20078.5,20081.0,3520
2026-01-19 14:18:00,20081.0,20081.0,20079.5,20080.0,3611
2026-01-19 14:19:00,20080.0,20080.5,20080.0,20080.0,2631
2026-01-19 14:20:00,20080.0,20080.5,20078.0,20079.5,3078
2026-01-19 14:21:00,20079.5,20081.5,20079.5,20080.75,2418
2026-01-19 14:22:00,20080.75,20081.75,20079.75,20081.0,1835
2026-01-19 14:23:00,20081.0,20083.5,20080.5,20082.25,3716
2026-01-19 14:24:00,20082.25,20085.5,20081.5,20083.25,3849
2026-01-19 14:25:00,20083.25,20083.5,20082.0,20082.25,2744
2026-01-19 14:26:00,20082.25,20083.75,20082.0,20083.0,3780
2026-01-19 14:27:00,20083.0,20084.75,20082.25,20084.0,1695
2026-01-19 14:28:00,20084.0,20084.75,20083.5,20084.75,3585
2026-01-19 14:29:00,20084.75,20085.0,20084.0,20084.5,3553
2026-01-19 14:30:00,20084.5,20086.0,20084.0,20085.5,3591
2026-01-19 14:31:00,20085.5,20087.25,20085.25,20087.0,3024
2026-01-19 14:32:00,20087.0,20088.25,20086.75,20088.25,3474
2026-01-19 14:33:00,20088.25,20089.5,20088.25,20089.25,2353
2026-01-19 14:34:00,20089.25,20090.0,20088.5,20088.75,2439
2026-01-19 14:35:00,20088.75,20088.75,20087.0,20088.75,3400
2026-01-19 14:36:00,20088.75,20092.5,20088.25,20091.5,2848
2026-01-19 14:37:00,20091.5,20091.5,20090.0,20090.5,2891
2026-01-19 14:38:00,20090.5,20090.5,20087.25,20088.0,2030
2026-01-19 14:39:00,20088.0,20088.75,20087.75,20088.5,2415
2026-01-19 14:40:00,20088.5,20091.25,20087.5,20091.0,3701
2026-01-19 14:41:00,20091.0,20092.25,20089.0,20089.0,2607
2026-01-19 14:42:00,20089.0,20089.75,20087.5,20088.5,3672
2026-01-19 14:43:00,20088.5,20088.75,20087.5,20088.0,2778
2026-01-19 14:44:00,20088.0,20090.25,20087.5,20089.25,1967
2026-01-19 14:45:00,20089.25,20090.5,20089.25,20090.0,1776
2026-01-19 14:46:00,20090.0,20090.0,20087.5,20089.5,1603
2026-01-19 14:47:00,20089.5,20090.5,20088.5,20089.5,2494
2026-01-19 14:48:00,20089.5,20090.5,20083.0,20089.0,3155
2026-01-19 14:49:00,20089.0,20089.75,20088.75,20089.5,1546
2026-01-19 14:50:00,20089.5,20089.75,20086.5,20088.75,1776
2026-01-19 14:51:00,20088.75,20090.75,20087.25,20089.75,3872
2026-01-19 14:52:00,20089.75,20092.75,20089.25,20091.5,3814
2026-01-19 14:53:00,20091.5,20093.5,20091.0,20092.75,1957
2026-01-19 14:54:00,20092.75,20093.25,20090.0,20090.25,3474
2026-01-19 14:55:00,20090.25,20090.5,20089.0,20089.0,1707
2026-01-19 14:56:00,20089.0,20090.25,20088.5,20089.5,2261
2026-01-19 14:57:00,20089.5,20089.5,20087.0,20088.25,3136
2026-01-19 14:58:00,20088.25,20089.75,20087.75,20088.75,3850
2026-01-19 14:59:00,20088.75,20090.5,20087.25,20089.75,2098
2026-01-19 15:00:00,20089.75,20091.5,20089.75,20091.25,3807
2026-01-19 15:01:00,20091.25,20091.75,20089.25,20089.5,2961
2026-01-19 15:02:00,20089.5,20090.0,20088.25,20088.75,2028
2026-01-19 15:03:00,20088.75,20089.25,20087.5,20088.25,1582
2026-01-19 15:04:00,20088.25,20088.5,20087.75,20088.0,1705
2026-01-19 15:05:00,20088.0,20090.5,20084.25,20089.75,1644
2026-01-19 15:06:00,20089.75,20091.0,20087.75,20089.25,2089
2026-01-19 15:07:00,20089.25,20090.0,20087.25,20088.25,1965
2026-01-19 15:08:00,20088.25,20091.0,20088.0,20090.75,2008
2026-01-19 15:09:00,20090.75,20092.0,20089.0,20090.0,2021
2026-01-19 15:10:00,20090.0,20090.25,20089.75,20090.0,2811
2026-01-19 15:11:00,20090.0,20091.0,20089.25,20090.75,1401
2026-01-19 15:12:00,20090.75,20092.5,20090.5,20091.75,2255
2026-01-19 15:13:00,20091.75,20092.0,20090.0,20091.5,2219
2026-01-19 15:14:00,20091.5,20091.5,20090.5,20091.5,1987
2026-01-19 15:15:00,20091.5,20094.0,20090.75,20092.5,2076
2026-01-19 15:16:00,20092.5,20092.75,20090.0,20090.5,1635
2026-01-19 15:17:00,20090.5,20091.25,20089.0,20089.5,2139
2026-01-19 15:18:00,20089.5,20090.0,20088.75,20089.0,1558
2026-01-19 15:19:00,20089.0,20089.0,20087.0,20089.0,3501
2026-01-19 15:20:00,20089.0,20090.0,20088.0,20090.0,3656
2026-01-19 15:21:00,20090.0,20091.5,20089.75,20091.25,2025
2026-01-19 15:22:00,20091.25,20093.0,20091.25,20091.75,2124
2026-01-19 15:23:00,20091.75,20091.75,20090.75,20091.25,2195
2026-01-19 15:24:00,20091.25,20091.75,20091.0,20091.5,2311
2026-01-19 15:25:00,20091.5,20091.5,20088.0,20091.5,1686
2026-01-19 15:26:00,20091.5,20091.75,20091.0,20091.5,3944
2026-01-19 15:27:00,20091.5,20094.0,20088.75,20093.5,3013
2026-01-19 15:28:00,20093.5,20094.25,20093.0,20093.75,3488
2026-01-19 15:29:00,20093.75,20096.75,20093.5,20094.75,1721
2026-01-19 15:30:00,20094.75,20096.0,20094.5,20095.25,8214
2026-01-19 15:31:00,20095.25,20098.75,20093.25,20098.25,7385
2026-01-19 15:32:00,20098.25,20102.5,20098.0,20101.5,6904
2026-01-19 15:33:00,20101.5,20102.0,20100.25,20101.0,4441
2026-01-19 15:34:00,20101.0,20104.25,20099.0,20104.0,6447
2026-01-19 15:35:00,20104.0,20104.75,20103.0,20103.75,7548
2026-01-19 15:36:00,20103.75,20107.75,20103.0,20105.25,4018
2026-01-19 15:37:00,20105.25,20106.5,20099.25,20102.5,4941
2026-01-19 15:38:00,20102.5,20103.75,20102.0,20103.25,5838
2026-01-19 15:39:00,20103.25,20105.0,20100.75,20101.75,7168
2026-01-19 15:40:00,20101.75,20104.75,20100.25,20103.0,5058
2026-01-19 15:41:00,20103.0,20104.25,20100.75,20102.0,3881
2026-01-19 15:42:00,20102.0,20102.0,20098.5,20100.0,5661
2026-01-19 15:43:00,20100.0,20100.0,20097.5,20098.0,7714
2026-01-19 15:44:00,20098.0,20102.0,20097.5,20097.75,6315
2026-01-19 15:45:00,20097.75,20099.25,20095.5,20096.5,4524
2026-01-19 15:46:00,20096.5,20098.75,20092.25,20093.75,8441
2026-01-19 15:47:00,20093.75,20094.25,20091.0,20091.5,6086
2026-01-19 15:48:00,20091.5,20093.5,20091.5,20092.0,7078
2026-01-19 15:49:00,20092.0,20092.5,20091.5,20092.5,6394
2026-01-19 15:50:00,20092.5,20093.0,20090.25,20091.5,8427
2026-01-19 15:51:00,20091.5,20096.25,20087.5,20090.25,6846
2026-01-19 15:52:00,20090.25,20092.5,20089.5,20091.25,4749
2026-01-19 15:53:00,20091.25,20093.75,20090.75,20092.0,7986
2026-01-19 15:54:00,20092.0,20094.5,20089.75,20091.0,7625
2026-01-19 15:55:00,20091.0,20092.25,20090.5,20092.25,8207
2026-01-19 15:56:00,20092.25,20093.5,20091.75,20093.0,6179
2026-01-19 15:57:00,20093.0,20094.0,20090.25,20093.75,7837
2026-01-19 15:58:00,20093.75,20097.0,20093.5,20095.75,3518
2026-01-19 15:59:00,20095.75,20099.0,20094.0,20098.5,4616
2026-01-20 09:30:00,20098.5,20100.75,20098.25,20098.75,5096
2026-01-20 09:31:00,20098.75,20100.0,20097.5,20099.75,4290
2026-01-20 09:32:00,20099.75,20102.25,20098.0,20098.5,4160
2026-01-20 09:33:00,20098.5,20100.75,20098.25,20098.75,5315
2026-01-20 09:34:00,20098.75,20101.5,20095.0,20097.5,3834
2026-01-20 09:35:00,20097.5,20102.75,20096.75,20098.75,5151
2026-01-20 09:36:00,20098.75,20103.5,20095.75,20100.5,4573
2026-01-20 09:37:00,20100.5,20103.25,20100.25,20100.5,3843
2026-01-20 09:38:00,20100.5,20101.25,20100.25,20100.75,6545
2026-01-20 09:39:00,20100.75,20101.5,20100.5,20100.5,6257
2026-01-20 09:40:00,20100.5,20103.75,20098.75,20099.5,3139
2026-01-20 09:41:00,20099.5,20101.0,20097.75,20100.75,7737
2026-01-20 09:42:00,20100.75,20104.0,20100.5,20100.75,5850
2026-01-20 09:43:00,20100.75,20104.0,20100.25,20102.25,5099
2026-01-20 09:44:00,20102.25,20104.0,20100.25,20101.25,5746
2026-01-20 09:45:00,20101.25,20106.0,20098.25,20098.5,4596
2026-01-20 09:46:00,20098.5,20100.5,20098.5,20099.0,4961
2026-01-20 09:47:00,20099.0,20104.25,20098.0,20102.0,4999
2026-01-20 09:48:00,20102.0,20102.75,20096.75,20097.5,5968
2026-01-20 09:49:00,20097.5,20101.5,20097.5,20099.25,5076
2026-01-20 09:50:00,20099.25,20101.75,20097.5,20097.5,4165
2026-01-20 09:51:00,20097.5,20098.0,20096.5,20097.25,7914
2026-01-20 09:52:00,20097.25,20099.0,20095.5,20096.0,6289
2026-01-20 09:53:00,20096.0,20096.25,20093.5,20095.0,5410
2026-01-20 09:54:00,20095.0,20100.0,20093.0,20093.25,4976
2026-01-20 09:55:00,20093.25,20098.25,20092.75,20095.0,3581
2026-01-20 09:56:00,20095.0,20101.75,20092.25,20097.5,3575
2026-01-20 09:57:00,20097.5,20101.25,20095.75,20099.0,6648
2026-01-20 09:58:00,20099.0,20101.5,20098.0,20099.75,3937
2026-01-20 09:59:00,20099.75,20100.5,20093.5,20096.25,4789
2026-01-20 10:00:00,20096.25,20096.75,20093.5,20095.25,2416
2026-01-20 10:01:00,20095.25,20096.25,20094.5,20094.75,4370
2026-01-20 10:02:00,20094.75,20096.25,20093.0,20093.25,3083
2026-01-20 10:03:00,20093.25,20095.25,20090.75,20093.0,2479
2026-01-20 10:04:00,20093.0,20093.25,20092.0,20093.0,2702
2026-01-20 10:05:00,20093.0,20093.25,20092.0,20092.25,2189
2026-01-20 10:06:00,20092.25,20094.25,20091.75,20093.0,3717
2026-01-20 10:07:00,20093.0,20094.75,20092.25,20093.25,3519
2026-01-20 10:08:00,20093.25,20095.5,20093.0,20094.25,1839
2026-01-20 10:09:00,20094.25,20094.5,20093.25,20094.5,1786
2026-01-20 10:10:00,20094.5,20096.5,20094.5,20096.0,4065
2026-01-20 10:11:00,20096.0,20096.5,20094.25,20095.25,4299
2026-01-20 10:12:00,20095.25,20098.0,20094.75,20097.5,2719
2026-01-20 10:13:00,20097.5,20098.5,20096.5,20098.25,3160
2026-01-20 10:14:00,20098.25,20099.0,20095.5,20097.5,4030
2026-01-20 10:15:00,20097.5,20097.5,20094.5,20096.0,3453
2026-01-20 10:16:00,20096.0,20097.0,20092.25,20096.5,3341
2026-01-20 10:17:00,20096.5,20098.5,20094.5,20098.0,1682
2026-01-20 10:18:00,20098.0,20098.0,20096.25,20096.25,3916
2026-01-20 10:19:00,20096.25,20098.0,20095.25,20098.0,3075
2026-01-20 10:20:00,20098.0,20100.75,20098.0,20098.5,3018
2026-01-20 10:21:00,20098.5,20099.75,20097.0,20097.25,3025
2026-01-20 10:22:00,20097.25,20097.25,20094.5,20095.0,2023
2026-01-20 10:23:00,20095.0,20095.5,20094.75,20095.0,2142
2026-01-20 10:24:00,20095.0,20095.5,20094.75,20094.75,3044
2026-01-20 10:25:00,20094.75,20095.25,20093.25,20094.0,1911
2026-01-20 10:26:00,20094.0,20094.5,20092.75,20093.25,3829
2026-01-20 10:27:00,20093.25,20094.5,20093.0,20093.5,1604
2026-01-20 10:28:00,20093.5,20095.0,20092.5,20093.75,3936
2026-01-20 10:29:00,20093.75,20096.25,20093.5,20095.75,3549
2026-01-20 10:30:00,20095.75,20096.25,20094.5,20095.25,2280
2026-01-20 10:31:00,20095.25,20096.25,20094.25,20095.5,3192
2026-01-20 10:32:00,20095.5,20097.0,20095.25,20096.75,4030
2026-01-20 10:33:00,20096.75,20097.5,20096.25,20096.5,4368
2026-01-20 10:34:00,20096.5,20097.25,20095.75,20097.0,3286
2026-01-20 10:35:00,20097.0,20098.0,20094.75,20096.0,3723
2026-01-20 10:36:00,20096.0,20096.75,20095.25,20096.0,2528
2026-01-20 10:37:00,20096.0,20097.0,20095.5,20096.75,1901
2026-01-20 10:38:00,20096.75,20097.25,20095.5,20096.25,1922
2026-01-20 10:39:00,20096.25,20097.0,20096.0,20096.25,2660
2026-01-20 10:40:00,20096.25,20097.25,20095.75,20096.75,3840
2026-01-20 10:41:00,20096.75,20098.25,20094.5,20095.25,3002
2026-01-20 10:42:00,20095.25,20097.5,20094.75,20096.0,3960
2026-01-20 10:43:00,20096.0,20097.0,20095.0,20096.5,2455
2026-01-20 10:44:00,20096.5,20097.0,20092.75,20095.75,2220
2026-01-20 10:45:00,20095.75,20096.25,20094.5,20095.0,4402
2026-01-20 10:46:00,20095.0,20096.0,20092.5,20092.75,3213
2026-01-20 10:47:00,20092.75,20093.5,20091.0,20092.25,4433
2026-01-20 10:48:00,20092.25,20093.25,20092.25,20092.75,2215
2026-01-20 10:49:00,20092.75,20093.75,20089.25,20090.0,2006
2026-01-20 10:50:00,20090.0,20092.5,20089.75,20090.5,1705
2026-01-20 10:51:00,20090.5,20094.5,20090.0,20091.0,2728
2026-01-20 10:52:00,20091.0,20091.25,20089.75,20090.0,4126
2026-01-20 10:53:00,20090.0,20091.5,20088.25,20089.0,2265
2026-01-20 10:54:00,20089.0,20089.25,20088.75,20089.25,3335
2026-01-20 10:55:00,20089.25,20091.5,20087.75,20088.75,3766
2026-01-20 10:56:00,20088.75,20089.0,20087.0,20088.5,2193
2026-01-20 10:57:00,20088.5,20090.0,20088.5,20089.75,3983
2026-01-20 10:58:00,20089.75,20090.0,20088.75,20090.0,3277
2026-01-20 10:59:00,20090.0,20092.75,20090.0,20092.25,4430
2026-01-20 11:00:00,20092.25,20093.25,20087.75,20089.25,1828
2026-01-20 11:01:00,20089.25,20092.5,20088.5,20088.75,3982
2026-01-20 11:02:00,20088.75,20090.0,20087.75,20089.75,2500
2026-01-20 11:03:00,20089.75,20090.75,20088.0,20088.25,4340
2026-01-20 11:04:00,20088.25,20089.25,20087.0,20087.5,1502
2026-01-20 11:05:00,20087.5,20091.25,20087.5,20089.5,2011
2026-01-20 11:06:00,20089.5,20090.75,20086.0,20090.5,1627
2026-01-20 11:07:00,20090.5,20092.0,20090.25,20091.75,2981
2026-01-20 11:08:00,20091.75,20092.75,20091.25,20092.25,2606
2026-01-20 11:09:00,20092.25,20093.5,20090.5,20091.25,3096
2026-01-20 11:10:00,20091.25,20092.5,20091.0,20092.0,1920
2026-01-20 11:11:00,20092.0,20094.0,20091.75,20093.75,3116
2026-01-20 11:12:00,20093.75,20095.25,20093.5,20095.0,2274
2026-01-20 11:13:00,20095.0,20095.5,20095.0,20095.0,2395
2026-01-20 11:14:00,20095.0,20098.0,20094.0,20096.5,2974
2026-01-20 11:15:00,20096.5,20096.75,20096.25,20096.5,4064
2026-01-20 11:16:00,20096.5,20097.75,20094.75,20097.5,2871
2026-01-20 11:17:00,20097.5,20098.0,20096.75,20096.75,2873
2026-01-20 11:18:00,20096.75,20097.0,20092.75,20094.25,2223
2026-01-20 11:19:00,20094.25,20095.5,20092.5,20094.25,3260
2026-01-20 11:20:00,20094.25,20097.75,20093.5,20094.5,1592
2026-01-20 11:21:00,20094.5,20094.75,20094.5,20094.5,3638
2026-01-20 11:22:00,20094.5,20095.5,20093.75,20094.5,1721
2026-01-20 11:23:00,20094.5,20094.75,20091.75,20093.25,3650
2026-01-20 11:24:00,20093.25,20094.25,20092.0,20092.0,4197
2026-01-20 11:25:00,20092.0,20092.25,20091.0,20091.25,3709
2026-01-20 11:26:00,20091.25,20092.75,20089.5,20089.5,1625
2026-01-20 11:27:00,20089.5,20091.25,20089.5,20089.75,3371
2026-01-20 11:28:00,20089.75,20091.0,20089.0,20090.5,3583
2026-01-20 11:29:00,20090.5,20090.5,20089.75,20090.25,1576
2026-01-20 11:30:00,20090.25,20091.25,20089.0,20089.25,1152
2026-01-20 11:31:00,20089.25,20091.5,20088.25,20088.75,1338
2026-01-20 11:32:00,20088.75,20088.75,20087.75,20088.0,1557
2026-01-20 11:33:00,20088.0,20088.25,20087.25,20087.75,1722
2026-01-20 11:34:00,20087.75,20088.75,20087.5,20088.0,736
2026-01-20 11:35:00,20088.0,20089.75,20086.75,20087.0,1434
2026-01-20 11:36:00,20087.0,20087.75,20086.75,20087.25,1403
2026-01-20 11:37:00,20087.25,20089.5,20086.75,20087.0,975
2026-01-20 11:38:00,20087.0,20088.25,20087.0,20087.25,1305
2026-01-20 11:39:00,20087.25,20089.0,20085.0,20086.25,1761
2026-01-20 11:40:00,20086.25,20086.5,20085.5,20085.5,745
2026-01-20 11:41:00,20085.5,20086.75,20085.25,20086.5,1089
2026-01-20 11:42:00,20086.5,20090.25,20086.25,20087.25,730
2026-01-20 11:43:00,20087.25,20087.75,20086.75,20086.75,1698
2026-01-20 11:44:00,20086.75,20087.75,20086.5,20086.5,1731
2026-01-20 11:45:00,20086.5,20087.0,20085.5,20086.75,1789
2026-01-20 11:46:00,20086.75,20088.25,20086.75,20087.25,1230
2026-01-20 11:47:00,20087.25,20087.75,20087.25,20087.75,1413
2026-01-20 11:48:00,20087.75,20088.25,20085.75,20087.25,1600
2026-01-20 11:49:00,20087.25,20087.5,20087.25,20087.5,1356
2026-01-20 11:50:00,20087.5,20087.75,20085.75,20086.5,692
2026-01-20 11:51:00,20086.5,20087.0,20084.75,20085.75,662
2026-01-20 11:52:00,20085.75,20086.0,20085.0,20085.25,1173
2026-01-20 11:53:00,20085.25,20087.25,20084.25,20085.75,600
2026-01-20 11:54:00,20085.75,20086.5,20085.5,20085.5,1636
2026-01-20 11:55:00,20085.5,20086.75,20085.25,20086.25,921
2026-01-20 11:56:00,20086.25,20087.5,20086.0,20086.25,790
2026-01-20 11:57:00,20086.25,20087.5,20085.75,20086.75,1678
2026-01-20 11:58:00,20086.75,20088.0,20086.25,20087.0,693
2026-01-20 11:59:00,20087.0,20087.5,20086.75,20086.75,1587
2026-01-20 12:00:00,20086.75,20086.75,20086.0,20086.25,1641
2026-01-20 12:01:00,20086.25,20087.0,20086.25,20086.5,1746
2026-01-20 12:02:00,20086.5,20087.0,20086.25,20086.5,1461
2026-01-20 12:03:00,20086.5,20086.75,20085.75,20085.75,1085
2026-01-20 12:04:00,20085.75,20086.25,20084.25,20084.75,1577
2026-01-20 12:05:00,20084.75,20085.0,20083.75,20084.0,938
2026-01-20 12:06:00,20084.0,20084.5,20082.25,20083.75,847
2026-01-20 12:07:00,20083.75,20083.75,20083.25,20083.5,1110
2026-01-20 12:08:00,20083.5,20084.0,20082.25,20082.5,1014
2026-01-20 12:09:00,20082.5,20083.0,20082.25,20083.0,1281
2026-01-20 12:10:00,20083.0,20083.0,20082.25,20082.5,866
2026-01-20 12:11:00,20082.5,20083.0,20080.5,20081.75,663
2026-01-20 12:12:00,20081.75,20083.0,20080.75,20080.75,714
2026-01-20 12:13:00,20080.75,20080.75,20079.75,20080.0,1351
2026-01-20 12:14:00,20080.0,20080.75,20079.75,20080.25,888
2026-01-20 12:15:00,20080.25,20081.0,20080.25,20080.75,1449
2026-01-20 12:16:00,20080.75,20082.25,20080.0,20080.25,1583
2026-01-20 12:17:00,20080.25,20080.75,20079.0,20079.25,1152
2026-01-20 12:18:00,20079.25,20081.0,20078.5,20080.0,1368
2026-01-20 12:19:00,20080.0,20080.5,20079.5,20079.75,1747
2026-01-20 12:20:00,20079.75,20081.25,20079.5,20081.0,1724
2026-01-20 12:21:00,20081.0,20082.5,20080.5,20081.75,700
2026-01-20 12:22:00,20081.75,20082.5,20081.5,20082.0,1441
2026-01-20 12:23:00,20082.0,20082.25,20082.0,20082.0,1023
2026-01-20 12:24:00,20082.0,20082.5,20081.25,20082.5,1639
2026-01-20 12:25:00,20082.5,20085.0,20082.0,20082.25,1428
2026-01-20 12:26:00,20082.25,20082.25,20081.5,20081.75,772
2026-01-20 12:27:00,20081.75,20083.0,20081.5,20081.5,1701
2026-01-20 12:28:00,20081.5,20081.5,20080.25,20081.25,955
2026-01-20 12:29:00,20081.25,20081.25,20080.25,20080.25,964
2026-01-20 12:30:00,20080.25,20080.75,20080.25,20080.25,850
2026-01-20 12:31:00,20080.25,20080.5,20080.0,20080.25,1557
2026-01-20 12:32:00,20080.25,20080.75,20080.25,20080.5,996
2026-01-20 12:33:00,20080.5,20082.25,20080.0,20081.0,1135
2026-01-20 12:34:00,20081.0,20081.75,20081.0,20081.25,1220
2026-01-20 12:35:00,20081.25,20081.75,20079.75,20080.5,1520
2026-01-20 12:36:00,20080.5,20081.25,20079.75,20080.75,639
2026-01-20 12:37:00,20080.75,20080.75,20080.0,20080.25,1737
2026-01-20 12:38:00,20080.25,20081.5,20080.0,20081.25,861
2026-01-20 12:39:00,20081.25,20081.75,20080.75,20081.0,1145
2026-01-20 12:40:00,20081.0,20083.5,20079.25,20080.5,1396
2026-01-20 12:41:00,20080.5,20082.0,20080.25,20081.5,675
2026-01-20 12:42:00,20081.5,20082.25,20081.5,20081.5,1000
2026-01-20 12:43:00,20081.5,20082.5,20081.25,20081.5,975
2026-01-20 12:44:00,20081.5,20081.5,20080.5,20081.0,1688
2026-01-20 12:45:00,20081.0,20081.5,20080.75,20081.25,638
2026-01-20 12:46:00,20081.25,20082.0,20081.0,20082.0,1309
2026-01-20 12:47:00,20082.0,20082.0,20081.0,20082.0,1168
2026-01-20 12:48:00,20082.0,20082.25,20081.75,20082.0,1303
2026-01-20 12:49:00,20082.0,20084.5,20082.0,20082.25,1643
2026-01-20 12:50:00,20082.25,20082.75,20081.25,20081.5,1555
2026-01-20 12:51:00,20081.5,20081.75,20081.25,20081.75,1094
2026-01-20 12:52:00,20081.75,20082.5,20081.75,20082.25,819
2026-01-20 12:53:00,20082.25,20083.0,20082.0,20082.0,1340
2026-01-20 12:54:00,20082.0,20082.25,20081.25,20081.75,1329
2026-01-20 12:55:00,20081.75,20083.0,20081.75,20082.5,1636
2026-01-20 12:56:00,20082.5,20083.0,20082.25,20082.75,939
2026-01-20 12:57:00,20082.75,20083.0,20082.25,20082.25,807
2026-01-20 12:58:00,20082.25,20083.0,20082.0,20082.75,616
2026-01-20 12:59:00,20082.75,20084.75,20082.75,20083.5,839
2026-01-20 13:00:00,20083.5,20083.75,20081.25,20083.0,1314
2026-01-20 13:01:00,20083.0,20083.75,20082.75,20082.75,1146
2026-01-20 13:02:00,20082.75,20083.0,20081.0,20081.25,642
2026-01-20 13:03:00,20081.25,20081.5,20080.25,20080.75,894
2026-01-20 13:04:00,20080.75,20081.75,20080.25,20080.25,1229
2026-01-20 13:05:00,20080.25,20080.5,20079.0,20080.5,910
2026-01-20 13:06:00,20080.5,20081.75,20080.25,20080.75,1690
2026-01-20 13:07:00,20080.75,20082.0,20079.5,20080.25,1491
2026-01-20 13:08:00,20080.25,20080.25,20079.75,20079.75,1175
2026-01-20 13:09:00,20079.75,20080.75,20078.75,20080.25,1162
2026-01-20 13:10:00,20080.25,20080.25,20079.0,20079.75,1139
2026-01-20 13:11:00,20079.75,20080.5,20079.5,20079.75,810
2026-01-20 13:12:00,20079.75,20080.0,20079.5,20079.75,988
2026-01-20 13:13:00,20079.75,20080.0,20079.0,20079.0,1274
2026-01-20 13:14:00,20079.0,20079.25,20077.25,20078.0,1294
2026-01-20 13:15:00,20078.0,20078.5,20077.25,20077.25,1474
2026-01-20 13:16:00,20077.25,20077.75,20077.25,20077.25,1445
2026-01-20 13:17:00,20077.25,20078.5,20077.0,20078.0,1484
2026-01-20 13:18:00,20078.0,20078.75,20077.75,20078.0,1535
2026-01-20 13:19:00,20078.0,20078.0,20076.0,20077.75,1124
2026-01-20 13:20:00,20077.75,20079.25,20077.5,20078.0,1254
2026-01-20 13:21:00,20078.0,20080.0,20077.75,20078.75,1120
2026-01-20 13:22:00,20078.75,20080.0,20078.5,20079.5,1784
2026-01-20 13:23:00,20079.5,20080.25,20078.25,20078.75,1624
2026-01-20 13:24:00,20078.75,20080.25,20078.25,20079.0,1773
2026-01-20 13:25:00,20079.0,20079.25,20078.75,20078.75,1742
2026-01-20 13:26:00,20078.75,20079.75,20078.0,20079.0,1088
2026-01-20 13:27:00,20079.0,20079.5,20078.25,20079.25,1241
2026-01-20 13:28:00,20079.25,20079.5,20078.5,20079.5,984
2026-01-20 13:29:00,20079.5,20080.25,20077.0,20078.5,684
2026-01-20 13:30:00,20078.5,20079.75,20078.25,20078.5,2144
2026-01-20 13:31:00,20078.5,20079.75,20077.75,20079.5,1608
2026-01-20 13:32:00,20079.5,20082.5,20079.5,20080.25,3775
2026-01-20 13:33:00,20080.25,20081.25,20080.0,20080.75,1854
2026-01-20 13:34:00,20080.75,20081.5,20079.5,20079.5,1857
2026-01-20 13:35:00,20079.5,20080.5,20077.25,20077.75,1786
2026-01-20 13:36:00,20077.75,20083.0,20077.25,20079.75,3511
2026-01-20 13:37:00,20079.75,20080.0,20078.25,20079.5,2624
2026-01-20 13:38:00,20079.5,20080.75,20079.25,20080.0,2753
2026-01-20 13:39:00,20080.0,20080.5,20079.0,20079.25,2284
2026-01-20 13:40:00,20079.25,20082.0,20079.25,20080.75,3532
2026-01-20 13:41:00,20080.75,20082.5,20080.5,20082.0,3900
2026-01-20 13:42:00,20082.0,20082.25,20081.0,20081.75,3071
2026-01-20 13:43:00,20081.75,20083.25,20080.25,20082.5,3675
2026-01-20 13:44:00,20082.5,20083.75,20082.25,20083.25,2391
2026-01-20 13:45:00,20083.25,20085.25,20079.5,20080.5,3376
2026-01-20 13:46:00,20080.5,20081.5,20077.0,20079.5,1559
2026-01-20 13:47:00,20079.5,20079.75,20077.5,20077.75,2474
2026-01-20 13:48:00,20077.75,20078.5,20076.5,20077.0,1528
2026-01-20 13:49:00,20077.0,20078.75,20076.75,20078.25,2691
2026-01-20 13:50:00,20078.25,20079.25,20078.0,20078.75,2050
2026-01-20 13:51:00,20078.75,20081.25,20077.25,20080.0,3822
2026-01-20 13:52:00,20080.0,20080.25,20079.5,20079.75,2285
2026-01-20 13:53:00,20079.75,20081.25,20079.5,20079.5,1661
2026-01-20 13:54:00,20079.5,20079.5,20078.75,20079.0,1971
2026-01-20 13:55:00,20079.0,20081.5,20077.5,20078.5,2525
2026-01-20 13:56:00,20078.5,20078.75,20077.75,20078.5,2786
2026-01-20 13:57:00,20078.5,20078.75,20077.5,20078.25,2451
2026-01-20 13:58:00,20078.25,20078.5,20077.0,20077.0,2326
2026-01-20 13:59:00,20077.0,20077.25,20076.25,20076.75,3702
2026-01-20 14:00:00,20076.75,20078.0,20075.25,20077.75,1446
2026-01-20 14:01:00,20077.75,20079.0,20077.0,20078.0,2121
2026-01-20 14:02:00,20078.0,20078.5,20077.25,20078.5,2790
2026-01-20 14:03:00,20078.5,20079.0,20074.75,20076.75,1829
2026-01-20 14:04:00,20076.75,20078.5,20076.5,20078.0,1547
2026-01-20 14:05:00,20078.0,20078.25,20075.0,20075.5,1623
2026-01-20 14:06:00,20075.5,20076.5,20074.5,20075.0,3844
2026-01-20 14:07:00,20075.0,20076.75,20074.25,20076.5,3595
2026-01-20 14:08:00,20076.5,20077.5,20075.75,20076.75,2228
2026-01-20 14:09:00,20076.75,20078.5,20075.75,20076.25,2915
2026-01-20 14:10:00,20076.25,20077.25,20076.25,20076.5,2929
2026-01-20 14:11:00,20076.5,20078.0,20074.0,20076.25,2190
2026-01-20 14:12:00,20076.25,20077.75,20075.25,20076.5,2383
2026-01-20 14:13:00,20076.5,20078.5,20076.25,20077.75,3868
2026-01-20 14:14:00,20077.75,20079.5,20077.0,20078.5,2482
2026-01-20 14:15:00,20078.5,20079.75,20078.0,20079.5,3965
2026-01-20 14:16:00,20079.5,20079.5,20077.75,20079.5,2333
2026-01-20 14:17:00,20079.5,20080.25,20074.25,20078.5,1724
2026-01-20 14:18:00,20078.5,20079.0,20075.5,20076.5,2493
2026-01-20 14:19:00,20076.5,20077.75,20076.25,20077.25,1838
2026-01-20 14:20:00,20077.25,20079.25,20075.5,20076.25,3335
2026-01-20 14:21:00,20076.25,20077.25,20075.75,20075.75,3749
2026-01-20 14:22:00,20075.75,20076.5,20074.0,20075.5,1474
2026-01-20 14:23:00,20075.5,20076.0,20074.0,20074.0,1727
2026-01-20 14:24:00,20074.0,20075.75,20073.75,20074.75,3608
2026-01-20 14:25:00,20074.75,20074.75,20073.0,20074.0,3261
2026-01-20 14:26:00,20074.0,20075.0,20073.0,20074.5,3577
2026-01-20 14:27:00,20074.5,20077.0,20074.0,20075.75,1779
2026-01-20 14:28:00,20075.75,20077.25,20075.5,20075.75,3999
2026-01-20 14:29:00,20075.75,20077.5,20073.0,20074.25,2117
2026-01-20 14:30:00,20074.25,20076.0,20074.0,20075.5,2408
2026-01-20 14:31:00,20075.5,20076.25,20073.5,20075.0,3550
2026-01-20 14:32:00,20075.0,20075.75,20073.25,20074.5,3658
2026-01-20 14:33:00,20074.5,20076.5,20074.0,20075.75,1967
2026-01-20 14:34:00,20075.75,20076.75,20074.5,20075.25,2544
2026-01-20 14:35:00,20075.25,20076.5,20074.25,20076.0,2597
2026-01-20 14:36:00,20076.0,20076.5,20072.75,20075.0,2643
2026-01-20 14:37:00,20075.0,20075.75,20073.75,20075.5,3463
2026-01-20 14:38:00,20075.5,20077.0,20075.25,20076.25,2777
2026-01-20 14:39:00,20076.25,20077.5,20076.0,20077.0,2559
2026-01-20 14:40:00,20077.0,20079.75,20076.0,20076.25,2955
2026-01-20 14:41:00,20076.25,20076.75,20074.0,20074.25,1832
2026-01-20 14:42:00,20074.25,20074.5,20073.0,20073.5,1621
2026-01-20 14:43:00,20073.5,20075.0,20072.5,20074.75,2659
2026-01-20 14:44:00,20074.75,20075.0,20073.75,20074.25,2070
2026-01-20 14:45:00,20074.25,20074.75,20073.25,20073.25,2729
2026-01-20 14:46:00,20073.25,20074.25,20073.0,20073.75,3795
2026-01-20 14:47:00,20073.75,20075.5,20073.25,20074.25,3502
2026-01-20 14:48:00,20074.25,20075.25,20071.25,20071.5,2305
2026-01-20 14:49:00,20071.5,20072.75,20071.0,20071.75,1681
2026-01-20 14:50:00,20071.75,20072.0,20069.5,20070.75,2673
2026-01-20 14:51:00,20070.75,20073.25,20069.75,20072.5,2197
2026-01-20 14:52:00,20072.5,20072.5,20070.75,20071.0,2640
2026-01-20 14:53:00,20071.0,20071.75,20071.0,20071.5,3920
2026-01-20 14:54:00,20071.5,20071.75,20069.5,20070.25,1879
2026-01-20 14:55:00,20070.25,20070.5,20068.75,20068.75,3362
2026-01-20 14:56:00,20068.75,20068.75,20068.0,20068.5,1517
2026-01-20 14:57:00,20068.5,20069.0,20067.25,20067.5,2737
2026-01-20 14:58:00,20067.5,20068.5,20067.5,20068.5,1607
2026-01-20 14:59:00,20068.5,20068.5,20065.25,20066.5,3758
2026-01-20 15:00:00,20066.5,20066.75,20064.25,20066.25,2051
2026-01-20 15:01:00,20066.25,20067.0,20065.0,20065.75,3651
2026-01-20 15:02:00,20065.75,20066.75,20063.5,20064.0,3489
2026-01-20 15:03:00,20064.0,20064.75,20063.75,20064.0,3700
2026-01-20 15:04:00,20064.0,20064.75,20063.5,20064.5,3970
2026-01-20 15:05:00,20064.5,20066.0,20064.25,20065.75,1862
2026-01-20 15:06:00,20065.75,20067.0,20062.75,20063.5,3658
2026-01-20 15:07:00,20063.5,20066.75,20063.0,20063.0,3026
2026-01-20 15:08:00,20063.0,20065.5,20062.5,20064.75,1455
2026-01-20 15:09:00,20064.75,20066.5,20061.5,20066.25,2291
2026-01-20 15:10:00,20066.25,20066.25,20064.75,20065.75,2228
2026-01-20 15:11:00,20065.75,20067.0,20065.0,20065.0,3018
2026-01-20 15:12:00,20065.0,20065.75,20064.5,20064.5,2910
2026-01-20 15:13:00,20064.5,20064.5,20063.5,20064.0,3216
2026-01-20 15:14:00,20064.0,20064.75,20063.0,20064.0,2247
2026-01-20 15:15:00,20064.0,20066.5,20063.75,20065.0,1451
2026-01-20 15:16:00,20065.0,20066.5,20063.75,20066.25,2010
2026-01-20 15:17:00,20066.25,20067.0,20065.5,20065.5,2483
2026-01-20 15:18:00,20065.5,20067.0,20065.0,20066.5,2988
2026-01-20 15:19:00,20066.5,20068.5,20065.75,20066.75,3233
2026-01-20 15:20:00,20066.75,20069.75,20065.75,20068.25,3224
2026-01-20 15:21:00,20068.25,20071.0,20068.0,20068.75,2675
2026-01-20 15:22:00,20068.75,20070.25,20068.0,20070.0,1691
2026-01-20 15:23:00,20070.0,20070.5,20068.5,20070.25,1627
2026-01-20 15:24:00,20070.25,20073.25,20069.75,20072.5,2754
2026-01-20 15:25:00,20072.5,20072.75,20072.0,20072.5,3085
2026-01-20 15:26:00,20072.5,20073.5,20071.25,20072.0,3889
2026-01-20 15:27:00,20072.0,20072.75,20070.75,20071.75,2743
2026-01-20 15:28:00,20071.75,20073.0,20069.75,20070.0,1754
2026-01-20 15:29:00,20070.0,20070.75,20069.0,20069.25,2985
2026-01-20 15:30:00,20069.25,20069.75,20066.25,20067.5,5796
2026-01-20 15:31:00,20067.5,20068.5,20064.75,20068.25,6050
2026-01-20 15:32:00,20068.25,20068.5,20066.75,20067.25,7626
2026-01-20 15:33:00,20067.25,20069.5,20067.25,20068.5,5633
2026-01-20 15:34:00,20068.5,20069.0,20066.0,20068.0,8181
2026-01-20 15:35:00,20068.0,20069.75,20065.75,20066.25,4004
2026-01-20 15:36:00,20066.25,20067.0,20064.25,20065.5,6279
2026-01-20 15:37:00,20065.5,20066.25,20065.5,20065.75,6205
2026-01-20 15:38:00,20065.75,20067.5,20065.25,20065.25,7840
2026-01-20 15:39:00,20065.25,20068.0,20064.5,20067.25,6151
2026-01-20 15:40:00,20067.25,20068.25,20064.25,20068.0,4905
2026-01-20 15:41:00,20068.0,20071.0,20064.75,20069.75,4288
2026-01-20 15:42:00,20069.75,20070.75,20067.75,20070.5,8479
2026-01-20 15:43:00,20070.5,20071.75,20068.75,20070.75,4019
2026-01-20 15:44:00,20070.75,20075.0,20068.25,20068.5,5155
2026-01-20 15:45:00,20068.5,20072.75,20067.25,20068.0,8329
2026-01-20 15:46:00,20068.0,20068.0,20063.5,20065.5,7209
2026-01-20 15:47:00,20065.5,20066.5,20065.25,20065.75,3876
2026-01-20 15:48:00,20065.75,20069.5,20064.25,20067.5,6332
2026-01-20 15:49:00,20067.5,20069.0,20064.75,20065.5,6078
2026-01-20 15:50:00,20065.5,20066.25,20065.25,20065.75,8007
2026-01-20 15:51:00,20065.75,20069.5,20061.75,20066.75,7756
2026-01-20 15:52:00,20066.75,20068.25,20066.25,20067.5,7312
2026-01-20 15:53:00,20067.5,20069.25,20066.0,20067.0,6928
2026-01-20 15:54:00,20067.0,20069.25,20065.25,20065.5,6546
2026-01-20 15:55:00,20065.5,20066.25,20064.0,20064.5,6083
2026-01-20 15:56:00,20064.5,20067.5,20064.0,20065.0,5973
2026-01-20 15:57:00,20065.0,20067.25,20064.75,20065.25,5216
2026-01-20 15:58:00,20065.25,20066.25,20063.75,20064.5,7263
2026-01-20 15:59:00,20064.5,20066.5,20064.0,20066.25,6451
2026-01-21 09:30:00,20066.25,20067.75,20063.0,20063.0,7431
2026-01-21 09:31:00,20063.0,20065.25,20062.75,20064.25,5634
2026-01-21 09:32:00,20064.25,20065.5,20059.25,20062.5,6151
2026-01-21 09:33:00,20062.5,20069.5,20059.75,20067.0,6953
2026-01-21 09:34:00,20067.0,20067.75,20059.75,20067.0,7445
2026-01-21 09:35:00,20067.0,20067.25,20065.25,20066.25,6898
2026-01-21 09:36:00,20066.25,20069.0,20064.5,20064.5,8564
2026-01-21 09:37:00,20064.5,20065.75,20063.5,20064.0,3033
2026-01-21 09:38:00,20064.0,20065.5,20063.0,20064.0,4848
2026-01-21 09:39:00,20064.0,20071.25,20062.0,20068.25,7133
2026-01-21 09:40:00,20068.25,20072.0,20066.75,20070.5,6886
2026-01-21 09:41:00,20070.5,20074.25,20066.0,20069.25,5072
2026-01-21 09:42:00,20069.25,20069.5,20068.5,20069.0,4717
2026-01-21 09:43:00,20069.0,20069.5,20067.5,20068.0,3986
2026-01-21 09:44:00,20068.0,20070.0,20066.75,20068.0,4067
2026-01-21 09:45:00,20068.0,20069.75,20064.25,20064.25,3319
2026-01-21 09:46:00,20064.25,20064.75,20063.0,20063.0,7660
2026-01-21 09:47:00,20063.0,20064.5,20059.75,20061.5,7893
2026-01-21 09:48:00,20061.5,20061.75,20057.0,20059.0,4746
2026-01-21 09:49:00,20059.0,20060.0,20056.0,20057.0,5354
2026-01-21 09:50:00,20057.0,20059.25,20056.5,20059.0,5606
2026-01-21 09:51:00,20059.0,20060.5,20058.5,20059.75,8765
2026-01-21 09:52:00,20059.75,20063.25,20059.0,20061.5,3098
2026-01-21 09:53:00,20061.5,20062.25,20060.0,20060.75,4293
2026-01-21 09:54:00,20060.75,20062.5,20057.0,20057.25,3075
2026-01-21 09:55:00,20057.25,20059.25,20056.0,20059.0,8374
2026-01-21 09:56:00,20059.0,20060.25,20058.25,20059.25,6257
2026-01-21 09:57:00,20059.25,20059.5,20058.5,20059.5,3451
2026-01-21 09:58:00,20059.5,20060.0,20058.5,20059.25,6379
2026-01-21 09:59:00,20059.25,20059.5,20058.0,20059.0,8163
2026-01-21 10:00:00,20059.0,20061.75,20057.5,20061.25,2229
2026-01-21 10:01:00,20061.25,20062.25,20060.75,20061.0,2887
2026-01-21 10:02:00,20061.0,20061.25,20060.5,20061.0,4061
2026-01-21 10:03:00,20061.0,20061.5,20059.5,20060.25,1917
2026-01-21 10:04:00,20060.25,20064.75,20060.0,20062.5,3089
2026-01-21 10:05:00,20062.5,20062.75,20060.25,20062.25,3669
2026-01-21 10:06:00,20062.25,20062.5,20058.75,20059.75,3956
2026-01-21 10:07:00,20059.75,20060.75,20057.75,20058.75,1807
2026-01-21 10:08:00,20058.75,20062.0,20056.0,20057.25,3907
2026-01-21 10:09:00,20057.25,20058.5,20053.5,20055.25,4053
2026-01-21 10:10:00,20055.25,20055.75,20054.5,20054.75,2913
2026-01-21 10:11:00,20054.75,20057.75,20053.0,20055.5,4037
2026-01-21 10:12:00,20055.5,20056.25,20055.0,20055.75,3944
2026-01-21 10:13:00,20055.75,20057.0,20053.5,20056.25,4442
2026-01-21 10:14:00,20056.25,20057.0,20055.0,20055.75,1545
2026-01-21 10:15:00,20055.75,20057.5,20054.75,20055.75,2019
2026-01-21 10:16:00,20055.75,20056.0,20054.75,20056.0,2597
2026-01-21 10:17:00,20056.0,20056.5,20054.5,20056.0,2656
2026-01-21 10:18:00,20056.0,20058.5,20056.0,20058.25,2710
2026-01-21 10:19:00,20058.25,20060.5,20057.0,20057.25,1760
2026-01-21 10:20:00,20057.25,20058.0,20055.25,20056.0,2226
2026-01-21 10:21:00,20056.0,20056.75,20054.75,20055.0,1962
2026-01-21 10:22:00,20055.0,20055.5,20053.25,20054.0,2606
2026-01-21 10:23:00,20054.0,20054.25,20053.25,20053.25,3668
2026-01-21 10:24:00,20053.25,20053.5,20053.0,20053.25,2039
2026-01-21 10:25:00,20053.25,20054.25,20052.75,20054.25,4337
2026-01-21 10:26:00,20054.25,20054.75,20053.25,20054.0,1746
2026-01-21 10:27:00,20054.0,20055.25,20052.25,20052.5,4370
2026-01-21 10:28:00,20052.5,20054.75,20052.0,20052.0,2445
2026-01-21 10:29:00,20052.0,20053.0,20048.5,20053.0,1673
2026-01-21 10:30:00,20053.0,20053.75,20050.25,20053.25,4274
2026-01-21 10:31:00,20053.25,20053.25,20050.25,20053.0,2954
2026-01-21 10:32:00,20053.0,20053.25,20052.25,20052.75,3572
2026-01-21 10:33:00,20052.75,20056.75,20052.75,20054.25,1873
2026-01-21 10:34:00,20054.25,20054.5,20050.75,20053.5,4267
2026-01-21 10:35:00,20053.5,20053.75,20052.0,20052.25,3182
2026-01-21 10:36:00,20052.25,20053.25,20050.5,20050.75,3832
2026-01-21 10:37:00,20050.75,20052.0,20047.0,20050.0,3704
2026-01-21 10:38:00,20050.0,20050.0,20049.0,20049.75,4150
2026-01-21 10:39:00,20049.75,20051.75,20048.5,20050.25,4093
2026-01-21 10:40:00,20050.25,20052.75,20050.0,20051.75,3372
2026-01-21 10:41:00,20051.75,20054.0,20049.5,20053.75,2945
2026-01-21 10:42:00,20053.75,20054.75,20053.25,20053.75,4041
2026-01-21 10:43:00,20053.75,20055.5,20053.5,20055.5,3201
2026-01-21 10:44:00,20055.5,20057.5,20055.0,20057.5,3444
2026-01-21 10:45:00,20057.5,20058.0,20057.0,20057.0,4483
2026-01-21 10:46:00,20057.0,20057.75,20054.5,20055.5,4333
2026-01-21 10:47:00,20055.5,20056.25,20047.75,20051.5,3871
2026-01-21 10:48:00,20051.5,20052.25,20050.75,20051.5,2496
2026-01-21 10:49:00,20051.5,20052.0,20051.25,20051.75,4175
2026-01-21 10:50:00,20051.75,20052.0,20051.0,20052.0,2821
2026-01-21 10:51:00,20052.0,20055.25,20050.75,20054.5,4259
2026-01-21 10:52:00,20054.5,20056.0,20053.25,20055.75,3019
2026-01-21 10:53:00,20055.75,20058.5,20054.0,20054.25,4080
2026-01-21 10:54:00,20054.25,20054.25,20050.75,20051.75,3743
2026-01-21 10:55:00,20051.75,20053.75,20050.0,20053.0,3010
2026-01-21 10:56:00,20053.0,20053.25,20052.5,20052.5,3399
2026-01-21 10:57:00,20052.5,20053.0,20050.25,20052.75,1696
2026-01-21 10:58:00,20052.75,20053.0,20050.5,20051.5,3302
2026-01-21 10:59:00,20051.5,20051.75,20049.25,20049.5,3841
2026-01-21 11:00:00,20049.5,20049.5,20049.0,20049.5,4406
2026-01-21 11:01:00,20049.5,20050.75,20049.0,20049.0,3612
2026-01-21 11:02:00,20049.0,20049.0,20047.5,20047.75,4016
2026-01-21 11:03:00,20047.75,20049.25,20045.75,20048.75,2300
2026-01-21 11:04:00,20048.75,20049.25,20047.75,20049.25,4272
2026-01-21 11:05:00,20049.25,20051.75,20048.75,20050.25,1649
2026-01-21 11:06:00,20050.25,20052.5,20050.25,20052.25,2392
2026-01-21 11:07:00,20052.25,20052.5,20050.5,20052.0,2210
2026-01-21 11:08:00,20052.0,20054.0,20051.0,20053.0,1511
2026-01-21 11:09:00,20053.0,20053.25,20052.75,20052.75,4253
2026-01-21 11:10:00,20052.75,20053.75,20052.25,20053.5,3798
2026-01-21 11:11:00,20053.5,20054.5,20053.0,20054.25,3653
2026-01-21 11:12:00,20054.25,20055.5,20053.5,20055.0,2996
2026-01-21 11:13:00,20055.0,20055.75,20051.5,20053.75,3653
2026-01-21 11:14:00,20053.75,20055.0,20053.5,20054.0,4272
2026-01-21 11:15:00,20054.0,20054.25,20051.5,20052.0,4085
2026-01-21 11:16:00,20052.0,20054.5,20052.0,20053.0,2017
2026-01-21 11:17:00,20053.0,20054.5,20052.5,20053.0,3146
2026-01-21 11:18:00,20053.0,20055.5,20052.75,20055.0,4494
2026-01-21 11:19:00,20055.0,20055.5,20054.0,20055.25,2293
2026-01-21 11:20:00,20055.25,20056.0,20055.0,20055.5,2298
2026-01-21 11:21:00,20055.5,20058.75,20053.75,20053.75,1707
2026-01-21 11:22:00,20053.75,20054.5,20050.25,20051.75,2467
2026-01-21 11:23:00,20051.75,20054.25,20051.5,20051.75,4121
2026-01-21 11:24:00,20051.75,20057.25,20051.5,20053.25,2726
2026-01-21 11:25:00,20053.25,20056.0,20052.75,20055.0,3014
2026-01-21 11:26:00,20055.0,20055.5,20054.5,20054.75,2715
2026-01-21 11:27:00,20054.75,20056.25,20054.0,20055.25,2221
2026-01-21 11:28:00,20055.25,20058.0,20053.5,20056.25,2615
2026-01-21 11:29:00,20056.25,20058.75,20056.25,20057.75,3883
2026-01-21 11:30:00,20057.75,20058.0,20057.5,20057.5,1438
2026-01-21 11:31:00,20057.5,20057.75,20056.75,20056.75,1453
2026-01-21 11:32:00,20056.75,20057.5,20056.75,20057.25,700
2026-01-21 11:33:00,20057.25,20057.5,20056.5,20057.0,1386
2026-01-21 11:34:00,20057.0,20058.75,20056.75,20058.0,1458
2026-01-21 11:35:00,20058.0,20058.0,20057.0,20057.5,1361
2026-01-21 11:36:00,20057.5,20059.0,20057.25,20058.0,1683
2026-01-21 11:37:00,20058.0,20059.25,20057.0,20058.75,1011
2026-01-21 11:38:00,20058.75,20058.75,20057.5,20058.5,1565
2026-01-21 11:39:00,20058.5,20058.5,20058.25,20058.25,1270
2026-01-21 11:40:00,20058.25,20058.5,20057.75,20057.75,1751
2026-01-21 11:41:00,20057.75,20058.0,20057.5,20058.0,1382
2026-01-21 11:42:00,20058.0,20058.5,20057.75,20058.0,685
2026-01-21 11:43:00,20058.0,20058.25,20056.5,20057.25,1770
2026-01-21 11:44:00,20057.25,20057.25,20056.0,20057.25,754
2026-01-21 11:45:00,20057.25,20057.5,20057.0,20057.0,1234
2026-01-21 11:46:00,20057.0,20057.0,20056.75,20057.0,995
2026-01-21 11:47:00,20057.0,20057.25,20057.0,20057.0,1078
2026-01-21 11:48:00,20057.0,20058.0,20056.25,20057.25,706
2026-01-21 11:49:00,20057.25,20058.0,20056.75,20056.75,1654
2026-01-21 11:50:00,20056.75,20058.5,20056.5,20057.25,1561
2026-01-21 11:51:00,20057.25,20058.0,20056.75,20057.0,837
2026-01-21 11:52:00,20057.0,20058.25,20056.25,20058.25,1782
2026-01-21 11:53:00,20058.25,20058.5,20057.0,20057.25,1061
2026-01-21 11:54:00,20057.25,20058.25,20057.25,20057.5,1570
2026-01-21 11:55:00,20057.5,20057.5,20057.25,20057.5,1256
2026-01-21 11:56:00,20057.5,20057.5,20056.25,20056.5,1253
2026-01-21 11:57:00,20056.5,20057.0,20056.25,20057.0,863
2026-01-21 11:58:00,20057.0,20058.25,20057.0,20057.75,1556
2026-01-21 11:59:00,20057.75,20057.75,20057.5,20057.75,778
2026-01-21 12:00:00,20057.75,20057.75,20057.25,20057.25,744
2026-01-21 12:01:00,20057.25,20057.5,20056.5,20057.25,1387
2026-01-21 12:02:00,20057.25,20058.25,20057.0,20058.0,872
2026-01-21 12:03:00,20058.0,20058.25,20057.75,20058.0,757
2026-01-21 12:04:00,20058.0,20059.25,20057.5,20057.5,1083
2026-01-21 12:05:00,20057.5,20057.75,20057.0,20057.75,845
2026-01-21 12:06:00,20057.75,20059.0,20057.25,20058.5,1441
2026-01-21 12:07:00,20058.5,20059.5,20057.75,20059.0,930
2026-01-21 12:08:00,20059.0,20060.0,20058.75,20059.25,1589
2026-01-21 12:09:00,20059.25,20060.25,20059.0,20059.5,1710
2026-01-21 12:10:00,20059.5,20059.5,20058.75,20059.25,997
2026-01-21 12:11:00,20059.25,20060.75,20058.0,20059.5,1563
2026-01-21 12:12:00,20059.5,20060.75,20059.5,20060.5,983
2026-01-21 12:13:00,20060.5,20060.5,20060.0,20060.0,1254
2026-01-21 12:14:00,20060.0,20060.0,20058.75,20059.25,1186
2026-01-21 12:15:00,20059.25,20060.0,20059.0,20059.0,1614
2026-01-21 12:16:00,20059.0,20059.0,20057.75,20058.25,636
2026-01-21 12:17:00,20058.25,20059.0,20057.25,20057.25,945
2026-01-21 12:18:00,20057.25,20057.25,20057.0,20057.25,681
2026-01-21 12:19:00,20057.25,20057.5,20056.0,20057.5,1747
2026-01-21 12:20:00,20057.5,20058.25,20057.5,20057.75,1095
2026-01-21 12:21:00,20057.75,20058.25,20057.75,20058.25,656
2026-01-21 12:22:00,20058.25,20058.75,20058.25,20058.25,689
2026-01-21 12:23:00,20058.25,20058.25,20057.75,20058.0,1715
2026-01-21 12:24:00,20058.0,20058.75,20057.5,20058.25,1396
2026-01-21 12:25:00,20058.25,20059.0,20055.5,20059.0,997
2026-01-21 12:26:00,20059.0,20060.25,20059.0,20060.0,1774
2026-01-21 12:27:00,20060.0,20061.0,20058.25,20059.5,665
2026-01-21 12:28:00,20059.5,20060.25,20059.0,20060.0,1030
2026-01-21 12:29:00,20060.0,20060.75,20059.75,20059.75,946
2026-01-21 12:30:00,20059.75,20060.0,20058.5,20059.0,1276
2026-01-21 12:31:00,20059.0,20059.25,20058.75,20058.75,925
2026-01-21 12:32:00,20058.75,20059.0,20057.0,20058.0,1761
2026-01-21 12:33:00,20058.0,20058.5,20057.5,20057.75,1747
2026-01-21 12:34:00,20057.75,20058.5,20056.25,20057.5,1014
2026-01-21 12:35:00,20057.5,20059.25,20057.25,20059.0,855
2026-01-21 12:36:00,20059.0,20059.5,20056.75,20057.25,1554
2026-01-21 12:37:00,20057.25,20057.5,20057.0,20057.5,1492
2026-01-21 12:38:00,20057.5,20057.5,20056.25,20056.75,847
2026-01-21 12:39:00,20056.75,20057.75,20056.25,20056.75,1328
2026-01-21 12:40:00,20056.75,20059.0,20056.75,20057.25,1091
2026-01-21 12:41:00,20057.25,20057.5,20057.0,20057.25,1482
2026-01-21 12:42:00,20057.25,20058.25,20057.25,20058.25,949
2026-01-21 12:43:00,20058.25,20058.25,20057.0,20057.75,1539
2026-01-21 12:44:00,20057.75,20058.5,20057.5,20057.75,1341
2026-01-21 12:45:00,20057.75,20058.25,20057.0,20058.25,1009
2026-01-21 12:46:00,20058.25,20059.0,20057.75,20059.0,1121
2026-01-21 12:47:00,20059.0,20059.5,20058.75,20058.75,854
2026-01-21 12:48:00,20058.75,20059.25,20058.25,20059.0,968
2026-01-21 12:49:00,20059.0,20059.25,20057.5,20058.0,1049
2026-01-21 12:50:00,20058.0,20058.25,20057.25,20057.75,1401
2026-01-21 12:51:00,20057.75,20059.0,20056.0,20058.5,1083
2026-01-21 12:52:00,20058.5,20059.5,20058.0,20059.25,830
2026-01-21 12:53:00,20059.25,20060.25,20058.75,20060.0,823
2026-01-21 12:54:00,20060.0,20060.0,20058.75,20059.25,713
2026-01-21 12:55:00,20059.25,20059.75,20058.5,20058.75,1517
2026-01-21 12:56:00,20058.75,20059.25,20058.25,20058.25,1236
2026-01-21 12:57:00,20058.25,20058.25,20058.0,20058.0,832
2026-01-21 12:58:00,20058.0,20058.25,20056.5,20058.25,1579
2026-01-21 12:59:00,20058.25,20058.25,20057.5,20058.25,1080
2026-01-21 13:00:00,20058.25,20058.5,20057.5,20058.0,1441
2026-01-21 13:01:00,20058.0,20059.0,20058.0,20058.75,712
2026-01-21 13:02:00,20058.75,20059.5,20058.25,20059.0,1492
2026-01-21 13:03:00,20059.0,20060.0,20058.75,20059.5,760
2026-01-21 13:04:00,20059.5,20060.0,20058.5,20060.0,621
2026-01-21 13:05:00,20060.0,20060.25,20058.5,20059.5,1235
2026-01-21 13:06:00,20059.5,20060.0,20059.5,20059.5,1631
2026-01-21 13:07:00,20059.5,20060.25,20059.5,20060.0,1084
2026-01-21 13:08:00,20060.0,20060.25,20057.0,20058.5,850
2026-01-21 13:09:00,20058.5,20059.25,20057.25,20059.0,1180
2026-01-21 13:10:00,20059.0,20060.0,20058.25,20058.5,719
2026-01-21 13:11:00,20058.5,20058.5,20058.0,20058.0,770
2026-01-21 13:12:00,20058.0,20058.5,20057.75,20058.25,1219
2026-01-21 13:13:00,20058.25,20058.25,20057.0,20057.5,1209
2026-01-21 13:14:00,20057.5,20057.5,20056.0,20056.5,1036
2026-01-21 13:15:00,20056.5,20057.0,20056.5,20056.75,902
2026-01-21 13:16:00,20056.75,20058.25,20055.25,20057.25,1486
2026-01-21 13:17:00,20057.25,20058.75,20055.5,20058.25,831
2026-01-21 13:18:00,20058.25,20058.75,20057.5,20058.0,684
2026-01-21 13:19:00,20058.0,20058.75,20057.25,20057.25,1749
2026-01-21 13:20:00,20057.25,20058.25,20057.0,20057.75,1166
2026-01-21 13:21:00,20057.75,20058.75,20057.25,20058.0,773
2026-01-21 13:22:00,20058.0,20058.5,20057.75,20058.25,1445
2026-01-21 13:23:00,20058.25,20059.25,20057.75,20057.75,795
2026-01-21 13:24:00,20057.75,20058.0,20056.75,20057.0,1508
2026-01-21 13:25:00,20057.0,20057.25,20055.5,20055.75,1465
2026-01-21 13:26:00,20055.75,20056.5,20055.5,20056.25,652
2026-01-21 13:27:00,20056.25,20056.5,20056.0,20056.25,921
2026-01-21 13:28:00,20056.25,20057.0,20055.0,20057.0,1536
2026-01-21 13:29:00,20057.0,20057.25,20056.0,20056.5,867
2026-01-21 13:30:00,20056.5,20058.0,20056.0,20056.25,2562
2026-01-21 13:31:00,20056.25,20057.5,20055.75,20056.75,2424
2026-01-21 13:32:00,20056.75,20058.25,20056.0,20057.5,1774
2026-01-21 13:33:00,20057.5,20057.75,20056.5,20057.0,2722
2026-01-21 13:34:00,20057.0,20057.5,20057.0,20057.5,2594
2026-01-21 13:35:00,20057.5,20059.25,20056.75,20058.75,2081
2026-01-21 13:36:00,20058.75,20060.5,20057.75,20060.25,2963
2026-01-21 13:37:00,20060.25,20061.5,20057.25,20059.75,3786
2026-01-21 13:38:00,20059.75,20063.0,20058.25,20059.25,2288
2026-01-21 13:39:00,20059.25,20059.25,20057.25,20058.5,1921
2026-01-21 13:40:00,20058.5,20060.0,20055.75,20057.25,2539
2026-01-21 13:41:00,20057.25,20057.25,20056.25,20057.0,3275
2026-01-21 13:42:00,20057.0,20057.5,20055.75,20056.0,3564
2026-01-21 13:43:00,20056.0,20057.5,20054.5,20057.5,2673
2026-01-21 13:44:00,20057.5,20058.0,20056.25,20057.5,3041
2026-01-21 13:45:00,20057.5,20060.0,20056.25,20056.5,2189
2026-01-21 13:46:00,20056.5,20057.0,20055.25,20056.75,2418
2026-01-21 13:47:00,20056.75,20057.0,20053.5,20054.0,1605
2026-01-21 13:48:00,20054.0,20054.0,20053.0,20053.75,3951
2026-01-21 13:49:00,20053.75,20055.0,20053.5,20054.25,2611
2026-01-21 13:50:00,20054.25,20055.25,20054.25,20054.5,1548
2026-01-21 13:51:00,20054.5,20055.25,20053.75,20054.75,3050
2026-01-21 13:52:00,20054.75,20055.5,20053.25,20054.75,2604
2026-01-21 13:53:00,20054.75,20057.75,20054.5,20056.0,3860
2026-01-21 13:54:00,20056.0,20057.0,20055.75,20056.0,1504
2026-01-21 13:55:00,20056.0,20056.25,20055.0,20055.75,1481
2026-01-21 13:56:00,20055.75,20056.25,20054.0,20055.25,3061
2026-01-21 13:57:00,20055.25,20056.5,20055.0,20056.0,2916
2026-01-21 13:58:00,20056.0,20057.25,20055.75,20056.0,3669
2026-01-21 13:59:00,20056.0,20056.25,20053.0,20053.5,3483
2026-01-21 14:00:00,20053.5,20056.5,20052.25,20053.25,2144
2026-01-21 14:01:00,20053.25,20056.25,20052.75,20054.75,3720
2026-01-21 14:02:00,20054.75,20058.0,20054.75,20056.0,2671
2026-01-21 14:03:00,20056.0,20057.25,20053.75,20057.25,3567
2026-01-21 14:04:00,20057.25,20057.5,20056.25,20056.25,3077
2026-01-21 14:05:00,20056.25,20057.0,20050.25,20056.0,2732
2026-01-21 14:06:00,20056.0,20056.25,20053.0,20053.75,3012
2026-01-21 14:07:00,20053.75,20054.5,20051.25,20052.25,2507
2026-01-21 14:08:00,20052.25,20054.0,20051.75,20054.0,2717
2026-01-21 14:09:00,20054.0,20055.0,20053.5,20054.75,3679
2026-01-21 14:10:00,20054.75,20055.75,20053.0,20053.25,3691
2026-01-21 14:11:00,20053.25,20054.0,20051.75,20053.0,2560
2026-01-21 14:12:00,20053.0,20053.75,20049.25,20050.25,2408
2026-01-21 14:13:00,20050.25,20051.25,20049.0,20049.75,3729
2026-01-21 14:14:00,20049.75,20050.75,20048.5,20049.5,2226
2026-01-21 14:15:00,20049.5,20049.75,20048.5,20049.0,2750
2026-01-21 14:16:00,20049.0,20051.5,20047.75,20050.25,2859
2026-01-21 14:17:00,20050.25,20051.75,20049.75,20050.5,3272
2026-01-21 14:18:00,20050.5,20052.0,20050.0,20051.75,1795
2026-01-21 14:19:00,20051.75,20053.0,20049.25,20049.25,3792
2026-01-21 14:20:00,20049.25,20049.75,20047.25,20047.5,3262
2026-01-21 14:21:00,20047.5,20048.0,20046.0,20047.75,1987
2026-01-21 14:22:00,20047.75,20047.75,20045.75,20046.25,2080
2026-01-21 14:23:00,20046.25,20047.25,20045.25,20045.75,3686
2026-01-21 14:24:00,20045.75,20047.0,20044.75,20046.75,1403
2026-01-21 14:25:00,20046.75,20047.5,20046.0,20046.25,1905
2026-01-21 14:26:00,20046.25,20046.75,20042.75,20045.25,1870
2026-01-21 14:27:00,20045.25,20045.75,20044.5,20044.75,1663
2026-01-21 14:28:00,20044.75,20044.75,20042.0,20044.0,2783
2026-01-21 14:29:00,20044.0,20045.5,20042.5,20042.75,2244
2026-01-21 14:30:00,20042.75,20042.75,20042.25,20042.75,3082
2026-01-21 14:31:00,20042.75,20043.25,20042.0,20042.0,3609
2026-01-21 14:32:00,20042.0,20043.5,20041.5,20043.0,2692
2026-01-21 14:33:00,20043.0,20043.5,20041.75,20042.5,3855
2026-01-21 14:34:00,20042.5,20042.75,20041.5,20041.5,2387
2026-01-21 14:35:00,20041.5,20042.5,20039.5,20041.5,3917
2026-01-21 14:36:00,20041.5,20041.75,20040.75,20041.5,2905
2026-01-21 14:37:00,20041.5,20041.5,20038.5,20039.5,3807
2026-01-21 14:38:00,20039.5,20040.25,20039.0,20039.25,3534
2026-01-21 14:39:00,20039.25,20042.0,20037.75,20041.0,2704
2026-01-21 14:40:00,20041.0,20042.0,20039.5,20039.75,3176
2026-01-21 14:41:00,20039.75,20041.25,20039.5,20040.25,2690
2026-01-21 14:42:00,20040.25,20040.25,20037.0,20039.5,1902
2026-01-21 14:43:00,20039.5,20041.75,20039.5,20041.25,2473
2026-01-21 14:44:00,20041.25,20042.5,20039.75,20041.5,2403
2026-01-21 14:45:00,20041.5,20041.5,20040.75,20041.25,3082
2026-01-21 14:46:00,20041.25,20043.75,20041.0,20043.0,1987
2026-01-21 14:47:00,20043.0,20044.75,20040.75,20040.75,3283
2026-01-21 14:48:00,20040.75,20042.0,20039.5,20041.75,2003
2026-01-21 14:49:00,20041.75,20043.0,20040.0,20040.5,2536
2026-01-21 14:50:00,20040.5,20042.25,20039.75,20041.0,1844
2026-01-21 14:51:00,20041.0,20044.75,20040.75,20041.75,2717
2026-01-21 14:52:00,20041.75,20042.0,20041.25,20042.0,2264
2026-01-21 14:53:00,20042.0,20042.75,20038.25,20041.0,2831
2026-01-21 14:54:00,20041.0,20042.5,20040.25,20041.25,3572
2026-01-21 14:55:00,20041.25,20046.25,20040.5,20042.75,3792
2026-01-21 14:56:00,20042.75,20044.0,20041.75,20042.75,3810
2026-01-21 14:57:00,20042.75,20043.25,20041.75,20042.25,3792
2026-01-21 14:58:00,20042.25,20042.5,20041.5,20042.25,3229
2026-01-21 14:59:00,20042.25,20043.0,20042.25,20042.75,3644
2026-01-21 15:00:00,20042.75,20046.0,20042.75,20044.5,1833
2026-01-21 15:01:00,20044.5,20046.25,20044.0,20044.5,3058
2026-01-21 15:02:00,20044.5,20046.0,20044.0,20044.5,3393
2026-01-21 15:03:00,20044.5,20046.25,20043.75,20046.0,3649
2026-01-21 15:04:00,20046.0,20047.0,20046.0,20047.0,2026
2026-01-21 15:05:00,20047.0,20052.25,20046.25,20048.25,3644
2026-01-21 15:06:00,20048.25,20050.25,20047.75,20048.5,2465
2026-01-21 15:07:00,20048.5,20050.75,20046.25,20049.75,3091
2026-01-21 15:08:00,20049.75,20051.25,20049.5,20051.0,1423
2026-01-21 15:09:00,20051.0,20052.25,20048.75,20051.5,3818
2026-01-21 15:10:00,20051.5,20051.75,20051.0,20051.0,2654
2026-01-21 15:11:00,20051.0,20053.0,20050.5,20051.5,1996
2026-01-21 15:12:00,20051.5,20053.75,20051.25,20052.5,3089
2026-01-21 15:13:00,20052.5,20053.5,20052.25,20052.5,2805
2026-01-21 15:14:00,20052.5,20054.0,20052.25,20053.0,2657
2026-01-21 15:15:00,20053.0,20054.25,20052.25,20054.0,1653
2026-01-21 15:16:00,20054.0,20054.75,20053.0,20054.75,2776
2026-01-21 15:17:00,20054.75,20055.5,20052.0,20055.25,1708
2026-01-21 15:18:00,20055.25,20057.0,20053.0,20053.5,3988
2026-01-21 15:19:00,20053.5,20055.0,20053.0,20054.75,1419
2026-01-21 15:20:00,20054.75,20056.5,20054.5,20055.0,3613
2026-01-21 15:21:00,20055.0,20055.25,20051.25,20052.75,3808
2026-01-21 15:22:00,20052.75,20055.75,20052.0,20053.5,3646
2026-01-21 15:23:00,20053.5,20058.0,20052.25,20055.75,2664
2026-01-21 15:24:00,20055.75,20056.25,20054.5,20055.25,1605
2026-01-21 15:25:00,20055.25,20056.0,20053.25,20055.5,3893
2026-01-21 15:26:00,20055.5,20056.75,20054.25,20054.25,2068
2026-01-21 15:27:00,20054.25,20054.75,20053.5,20054.25,3038
2026-01-21 15:28:00,20054.25,20055.0,20053.75,20054.5,1818
2026-01-21 15:29:00,20054.5,20055.0,20053.5,20054.0,3432
2026-01-21 15:30:00,20054.0,20057.5,20051.75,20056.25,8499
2026-01-21 15:31:00,20056.25,20060.25,20055.25,20058.5,6758
2026-01-21 15:32:00,20058.5,20060.5,20058.5,20060.5,5539
2026-01-21 15:33:00,20060.5,20061.75,20059.75,20061.5,6899
2026-01-21 15:34:00,20061.5,20062.5,20059.0,20060.0,8372
2026-01-21 15:35:00,20060.0,20064.25,20058.25,20063.75,7012
2026-01-21 15:36:00,20063.75,20067.0,20063.25,20063.5,6213
2026-01-21 15:37:00,20063.5,20063.5,20061.5,20062.0,5006
2026-01-21 15:38:00,20062.0,20064.25,20062.0,20064.25,3761
2026-01-21 15:39:00,20064.25,20067.5,20062.75,20065.5,5283
2026-01-21 15:40:00,20065.5,20067.0,20062.5,20063.25,5583
2026-01-21 15:41:00,20063.25,20064.75,20061.5,20062.0,6671
2026-01-21 15:42:00,20062.0,20062.25,20059.75,20059.75,5048
2026-01-21 15:43:00,20059.75,20061.0,20058.0,20060.75,7833
2026-01-21 15:44:00,20060.75,20063.75,20058.25,20063.5,3874
2026-01-21 15:45:00,20063.5,20068.75,20062.0,20065.25,7211
2026-01-21 15:46:00,20065.25,20069.25,20064.5,20065.25,5219
2026-01-21 15:47:00,20065.25,20066.0,20063.25,20063.75,4917
2026-01-21 15:48:00,20063.75,20065.75,20062.75,20065.25,5240
2026-01-21 15:49:00,20065.25,20065.75,20064.25,20065.75,7257
2026-01-21 15:50:00,20065.75,20066.5,20063.25,20064.25,7258
2026-01-21 15:51:00,20064.25,20067.0,20063.75,20064.0,7674
2026-01-21 15:52:00,20064.0,20067.25,20063.25,20066.5,5791
2026-01-21 15:53:00,20066.5,20070.25,20066.25,20067.5,4199
2026-01-21 15:54:00,20067.5,20068.5,20065.5,20067.5,6048
2026-01-21 15:55:00,20067.5,20067.5,20065.5,20066.75,4622
2026-01-21 15:56:00,20066.75,20069.0,20066.25,20068.25,8129
2026-01-21 15:57:00,20068.25,20069.0,20066.5,20069.0,4012
2026-01-21 15:58:00,20069.0,20070.25,20069.0,20070.0,3601
2026-01-21 15:59:00,20070.0,20074.0,20069.0,20069.25,7676
2026-01-22 09:30:00,20069.25,20071.0,20068.25,20070.5,5766
2026-01-22 09:31:00,20070.5,20078.25,20068.25,20068.5,8333
2026-01-22 09:32:00,20068.5,20069.75,20064.5,20064.75,6528
2026-01-22 09:33:00,20064.75,20064.75,20058.25,20060.5,8387
2026-01-22 09:34:00,20060.5,20064.0,20055.75,20057.75,7670
2026-01-22 09:35:00,20057.75,20059.0,20056.0,20058.25,3476
2026-01-22 09:36:00,20058.25,20058.25,20054.75,20056.0,6872
2026-01-22 09:37:00,20056.0,20057.0,20054.0,20054.75,6847
2026-01-22 09:38:00,20054.75,20055.5,20052.75,20054.5,6833
2026-01-22 09:39:00,20054.5,20056.0,20053.25,20055.75,4072
2026-01-22 09:40:00,20055.75,20057.25,20051.75,20054.5,7275
2026-01-22 09:41:00,20054.5,20055.25,20051.5,20053.25,4100
2026-01-22 09:42:00,20053.25,20056.0,20052.75,20055.0,8776
2026-01-22 09:43:00,20055.0,20058.5,20052.0,20058.0,4845
2026-01-22 09:44:00,20058.0,20060.75,20057.75,20058.25,6630
2026-01-22 09:45:00,20058.25,20058.5,20054.25,20057.5,7299
2026-01-22 09:46:00,20057.5,20058.25,20057.0,20058.0,3898
2026-01-22 09:47:00,20058.0,20061.25,20057.25,20057.5,3862
2026-01-22 09:48:00,20057.5,20058.5,20047.25,20054.5,5975
2026-01-22 09:49:00,20054.5,20061.25,20053.25,20054.75,4583
2026-01-22 09:50:00,20054.75,20054.75,20050.25,20052.5,5472
2026-01-22 09:51:00,20052.5,20053.25,20045.5,20047.25,5697
2026-01-22 09:52:00,20047.25,20054.0,20047.0,20051.25,3642
2026-01-22 09:53:00,20051.25,20053.25,20049.5,20049.5,5039
2026-01-22 09:54:00,20049.5,20050.0,20048.75,20049.5,8659
2026-01-22 09:55:00,20049.5,20054.75,20044.75,20052.5,7391
2026-01-22 09:56:00,20052.5,20052.75,20051.25,20052.0,4260
2026-01-22 09:57:00,20052.0,20056.0,20051.25,20053.0,4632
2026-01-22 09:58:00,20053.0,20055.0,20051.0,20055.0,7212
2026-01-22 09:59:00,20055.0,20055.0,20052.5,20053.0,3255
2026-01-22 10:00:00,20053.0,20055.5,20052.5,20054.5,3522
2026-01-22 10:01:00,20054.5,20055.25,20053.0,20054.25,3299
2026-01-22 10:02:00,20054.25,20056.25,20052.75,20056.0,3250
2026-01-22 10:03:00,20056.0,20058.75,20055.75,20058.0,2333
2026-01-22 10:04:00,20058.0,20060.25,20057.75,20059.5,3404
2026-01-22 10:05:00,20059.5,20060.5,20058.0,20058.25,2925
2026-01-22 10:06:00,20058.25,20059.5,20057.5,20058.75,4227
2026-01-22 10:07:00,20058.75,20060.5,20058.5,20059.25,2074
2026-01-22 10:08:00,20059.25,20064.75,20058.75,20059.75,1999
2026-01-22 10:09:00,20059.75,20060.0,20058.75,20058.75,2471
2026-01-22 10:10:00,20058.75,20059.25,20056.25,20056.75,2732
2026-01-22 10:11:00,20056.75,20059.75,20056.75,20059.0,1560
2026-01-22 10:12:00,20059.0,20061.0,20057.75,20058.75,2772
2026-01-22 10:13:00,20058.75,20059.5,20057.75,20059.5,3281
2026-01-22 10:14:00,20059.5,20063.25,20059.0,20060.75,1951
2026-01-22 10:15:00,20060.75,20061.5,20059.75,20060.75,3512
2026-01-22 10:16:00,20060.75,20061.5,20059.5,20059.75,3605
2026-01-22 10:17:00,20059.75,20060.5,20059.5,20060.25,2867
2026-01-22 10:18:00,20060.25,20063.5,20059.75,20060.0,2733
2026-01-22 10:19:00,20060.0,20064.0,20060.0,20062.0,3304
2026-01-22 10:20:00,20062.0,20064.0,20061.25,20063.0,2718
2026-01-22 10:21:00,20063.0,20065.25,20062.5,20063.75,2197
2026-01-22 10:22:00,20063.75,20064.25,20062.0,20062.75,2612
2026-01-22 10:23:00,20062.75,20065.25,20062.25,20065.0,4210
2026-01-22 10:24:00,20065.0,20068.75,20064.75,20068.75,3124
2026-01-22 10:25:00,20068.75,20071.25,20068.25,20069.25,3666
2026-01-22 10:26:00,20069.25,20069.5,20068.5,20069.25,3224
2026-01-22 10:27:00,20069.25,20069.75,20068.0,20068.75,1547
2026-01-22 10:28:00,20068.75,20069.25,20067.75,20068.25,2332
2026-01-22 10:29:00,20068.25,20070.75,20065.5,20069.75,1589
2026-01-22 10:30:00,20069.75,20070.0,20068.5,20069.75,2706
2026-01-22 10:31:00,20069.75,20071.75,20068.5,20070.25,3058
2026-01-22 10:32:00,20070.25,20072.0,20068.25,20068.5,4414
2026-01-22 10:33:00,20068.5,20070.75,20068.25,20068.75,3333
2026-01-22 10:34:00,20068.75,20070.0,20067.0,20070.0,3899
2026-01-22 10:35:00,20070.0,20072.0,20069.25,20071.0,3186
2026-01-22 10:36:00,20071.0,20071.75,20070.25,20071.5,2102
2026-01-22 10:37:00,20071.5,20072.5,20070.75,20071.75,1911
2026-01-22 10:38:00,20071.75,20072.75,20071.0,20071.25,2979
2026-01-22 10:39:00,20071.25,20071.75,20069.5,20071.5,2420
2026-01-22 10:40:00,20071.5,20071.75,20070.5,20070.75,2834
2026-01-22 10:41:00,20070.75,20072.0,20068.75,20069.25,3844
2026-01-22 10:42:00,20069.25,20072.0,20068.5,20070.5,2695
2026-01-22 10:43:00,20070.5,20073.5,20069.0,20072.25,3791
2026-01-22 10:44:00,20072.25,20073.0,20068.75,20069.0,3655
2026-01-22 10:45:00,20069.0,20069.25,20066.5,20068.0,3658
2026-01-22 10:46:00,20068.0,20068.75,20065.0,20066.5,1524
2026-01-22 10:47:00,20066.5,20066.75,20065.75,20066.25,2548
2026-01-22 10:48:00,20066.25,20067.0,20064.25,20066.0,2367
2026-01-22 10:49:00,20066.0,20068.5,20064.25,20068.0,1534
2026-01-22 10:50:00,20068.0,20070.75,20067.5,20069.75,2307
2026-01-22 10:51:00,20069.75,20071.25,20066.5,20067.5,3165
2026-01-22 10:52:00,20067.5,20069.5,20066.0,20068.25,4440
2026-01-22 10:53:00,20068.25,20070.0,20066.75,20069.25,3755
2026-01-22 10:54:00,20069.25,20069.5,20068.25,20069.25,3122
2026-01-22 10:55:00,20069.25,20070.0,20066.5,20067.25,2188
2026-01-22 10:56:00,20067.25,20069.0,20067.0,20068.75,3569
2026-01-22 10:57:00,20068.75,20070.25,20068.5,20069.75,2692
2026-01-22 10:58:00,20069.75,20069.75,20069.75,20069.75,2399
2026-01-22 10:59:00,20069.75,20072.75,20069.75,20072.5,2378
2026-01-22 11:00:00,20072.5,20073.5,20071.75,20073.25,2008
2026-01-22 11:01:00,20073.25,20073.5,20070.0,20071.25,2418
2026-01-22 11:02:00,20071.25,20074.75,20071.0,20072.0,4440
2026-01-22 11:03:00,20072.0,20073.25,20070.25,20073.0,3121
2026-01-22 11:04:00,20073.0,20074.25,20072.0,20074.25,1970
2026-01-22 11:05:00,20074.25,20076.75,20073.5,20075.25,3525
2026-01-22 11:06:00,20075.25,20076.5,20073.75,20074.25,2650
2026-01-22 11:07:00,20074.25,20076.5,20074.25,20076.0,2182
2026-01-22 11:08:00,20076.0,20079.25,20075.5,20078.0,1979
2026-01-22 11:09:00,20078.0,20079.25,20076.75,20079.0,3310
2026-01-22 11:10:00,20079.0,20080.25,20078.5,20078.5,2386
2026-01-22 11:11:00,20078.5,20080.0,20078.25,20078.5,3333
2026-01-22 11:12:00,20078.5,20079.75,20077.5,20079.5,3308
2026-01-22 11:13:00,20079.5,20080.25,20078.25,20078.25,4230
2026-01-22 11:14:00,20078.25,20078.25,20076.5,20077.0,3341
2026-01-22 11:15:00,20077.0,20077.25,20075.75,20076.0,1625
2026-01-22 11:16:00,20076.0,20077.25,20075.75,20077.0,2949
2026-01-22 11:17:00,20077.0,20079.0,20075.5,20077.75,1688
2026-01-22 11:18:00,20077.75,20078.0,20076.5,20077.5,2894
2026-01-22 11:19:00,20077.5,20079.25,20075.0,20076.75,2284
2026-01-22 11:20:00,20076.75,20077.75,20074.75,20075.0,1827
2026-01-22 11:21:00,20075.0,20079.0,20074.0,20074.75,4431
2026-01-22 11:22:00,20074.75,20077.5,20074.25,20074.75,3835
2026-01-22 11:23:00,20074.75,20075.25,20073.75,20075.0,2476
2026-01-22 11:24:00,20075.0,20075.75,20072.5,20073.5,2137
2026-01-22 11:25:00,20073.5,20074.0,20072.5,20073.25,1545
2026-01-22 11:26:00,20073.25,20073.25,20070.25,20071.75,3212
2026-01-22 11:27:00,20071.75,20074.0,20068.25,20072.25,3915
2026-01-22 11:28:00,20072.25,20072.25,20071.5,20071.5,1669
2026-01-22 11:29:00,20071.5,20072.75,20070.25,20072.5,3247
2026-01-22 11:30:00,20072.5,20073.0,20071.5,20071.5,1035
2026-01-22 11:31:00,20071.5,20071.75,20071.25,20071.25,1070
2026-01-22 11:32:00,20071.25,20071.5,20070.25,20070.75,998
2026-01-22 11:33:00,20070.75,20070.75,20069.75,20070.5,1598
2026-01-22 11:34:00,20070.5,20070.5,20069.75,20070.25,882
2026-01-22 11:35:00,20070.25,20070.5,20070.0,20070.0,1229
2026-01-22 11:36:00,20070.0,20070.75,20069.25,20069.5,1642
2026-01-22 11:37:00,20069.5,20070.75,20069.25,20070.0,951
2026-01-22 11:38:00,20070.0,20071.0,20069.75,20071.0,1602
2026-01-22 11:39:00,20071.0,20071.25,20070.5,20070.75,1370
2026-01-22 11:40:00,20070.75,20070.75,20069.75,20070.5,1799
2026-01-22 11:41:00,20070.5,20071.0,20070.25,20070.75,1724
2026-01-22 11:42:00,20070.75,20071.0,20070.5,20070.75,713
2026-01-22 11:43:00,20070.75,20071.5,20070.0,20070.0,1463
2026-01-22 11:44:00,20070.0,20070.5,20069.75,20070.25,1208
2026-01-22 11:45:00,20070.25,20070.75,20068.75,20069.0,1184
2026-01-22 11:46:00,20069.0,20069.75,20069.0,20069.5,831
2026-01-22 11:47:00,20069.5,20069.75,20069.25,20069.25,1434
2026-01-22 11:48:00,20069.25,20069.75,20068.75,20069.25,1085
2026-01-22 11:49:00,20069.25,20069.5,20069.0,20069.25,1668
2026-01-22 11:50:00,20069.25,20069.5,20069.0,20069.25,1094
2026-01-22 11:51:00,20069.25,20071.0,20068.75,20069.75,1669
2026-01-22 11:52:00,20069.75,20069.75,20069.25,20069.5,1071
2026-01-22 11:53:00,20069.5,20069.75,20069.25,20069.75,1589
2026-01-22 11:54:00,20069.75,20069.75,20069.25,20069.75,779
2026-01-22 11:55:00,20069.75,20070.5,20069.75,20070.0,1394
2026-01-22 11:56:00,20070.0,20070.5,20069.25,20069.25,1125
2026-01-22 11:57:00,20069.25,20069.5,20068.75,20069.5,865
2026-01-22 11:58:00,20069.5,20069.75,20068.5,20069.25,919
2026-01-22 11:59:00,20069.25,20070.25,20069.0,20070.25,1737
2026-01-22 12:00:00,20070.25,20073.0,20070.25,20071.25,1604
2026-01-22 12:01:00,20071.25,20071.5,20070.0,20070.25,1004
2026-01-22 12:02:00,20070.25,20070.5,20070.0,20070.25,1090
2026-01-22 12:03:00,20070.25,20070.75,20069.75,20070.5,956
2026-01-22 12:04:00,20070.5,20070.75,20070.0,20070.25,1753
2026-01-22 12:05:00,20070.25,20072.25,20069.75,20071.0,1112
2026-01-22 12:06:00,20071.0,20072.25,20070.75,20071.75,1653
2026-01-22 12:07:00,20071.75,20072.0,20071.25,20071.5,1118
2026-01-22 12:08:00,20071.5,20073.75,20071.0,20072.0,954
2026-01-22 12:09:00,20072.0,20072.5,20072.0,20072.5,617
2026-01-22 12:10:00,20072.5,20073.5,20072.25,20073.25,1466
2026-01-22 12:11:00,20073.25,20074.0,20070.75,20073.75,788
2026-01-22 12:12:00,20073.75,20074.5,20072.75,20074.5,1452
2026-01-22 12:13:00,20074.5,20077.0,20073.75,20074.0,1353
2026-01-22 12:14:00,20074.0,20074.25,20073.25,20073.5,631
2026-01-22 12:15:00,20073.5,20074.0,20072.5,20073.75,851
2026-01-22 12:16:00,20073.75,20074.25,20072.5,20073.5,900
2026-01-22 12:17:00,20073.5,20074.25,20073.5,20073.5,616
2026-01-22 12:18:00,20073.5,20073.75,20073.0,20073.0,1385
2026-01-22 12:19:00,20073.0,20074.75,20072.0,20072.25,1285
2026-01-22 12:20:00,20072.25,20073.75,20072.25,20073.5,1005
2026-01-22 12:21:00,20073.5,20074.75,20073.25,20074.0,1358
2026-01-22 12:22:00,20074.0,20074.75,20073.5,20073.75,796
2026-01-22 12:23:00,20073.75,20073.75,20073.0,20073.25,1415
2026-01-22 12:24:00,20073.25,20073.5,20072.5,20072.75,1294
2026-01-22 12:25:00,20072.75,20072.75,20072.25,20072.75,1469
2026-01-22 12:26:00,20072.75,20073.0,20071.5,20072.0,1739
2026-01-22 12:27:00,20072.0,20072.75,20071.5,20072.5,1100
2026-01-22 12:28:00,20072.5,20072.75,20072.0,20072.25,762
2026-01-22 12:29:00,20072.25,20073.5,20071.75,20073.0,720
2026-01-22 12:30:00,20073.0,20073.0,20071.75,20072.25,1356
2026-01-22 12:31:00,20072.25,20073.5,20071.75,20073.5,1267
2026-01-22 12:32:00,20073.5,20074.0,20073.25,20073.75,1794
2026-01-22 12:33:00,20073.75,20074.25,20073.75,20074.25,1626
2026-01-22 12:34:00,20074.25,20074.5,20073.75,20074.25,1593
2026-01-22 12:35:00,20074.25,20075.0,20073.5,20073.5,1080
2026-01-22 12:36:00,20073.5,20074.0,20073.25,20073.25,860
2026-01-22 12:37:00,20073.25,20074.75,20072.0,20074.5,684
2026-01-22 12:38:00,20074.5,20075.25,20074.0,20074.0,1517
2026-01-22 12:39:00,20074.0,20074.25,20073.5,20073.5,1019
2026-01-22 12:40:00,20073.5,20074.0,20072.75,20073.75,1397
2026-01-22 12:41:00,20073.75,20074.25,20073.25,20073.75,1331
2026-01-22 12:42:00,20073.75,20074.5,20072.75,20073.5,1673
2026-01-22 12:43:00,20073.5,20074.0,20073.25,20073.25,1787
2026-01-22 12:44:00,20073.25,20073.25,20072.75,20072.75,1066
2026-01-22 12:45:00,20072.75,20072.75,20072.5,20072.75,1586
2026-01-22 12:46:00,20072.75,20073.0,20072.25,20072.25,1377
2026-01-22 12:47:00,20072.25,20072.75,20071.5,20071.5,1783
2026-01-22 12:48:00,20071.5,20071.75,20070.5,20071.75,1770
2026-01-22 12:49:00,20071.75,20072.5,20071.5,20072.25,1120
2026-01-22 12:50:00,20072.25,20072.75,20071.0,20071.25,1432
2026-01-22 12:51:00,20071.25,20072.25,20070.25,20072.0,1717
2026-01-22 12:52:00,20072.0,20072.25,20072.0,20072.25,1521
2026-01-22 12:53:00,20072.25,20073.25,20070.0,20071.0,1502
2026-01-22 12:54:00,20071.0,20072.25,20070.5,20071.75,1554
2026-01-22 12:55:00,20071.75,20073.0,20071.75,20072.25,743
2026-01-22 12:56:00,20072.25,20073.25,20071.75,20072.0,790
2026-01-22 12:57:00,20072.0,20072.5,20071.5,20072.5,1246
2026-01-22 12:58:00,20072.5,20072.5,20070.75,20072.0,681
2026-01-22 12:59:00,20072.0,20072.75,20072.0,20072.5,1538
2026-01-22 13:00:00,20072.5,20073.5,20071.5,20072.0,665
2026-01-22 13:01:00,20072.0,20072.5,20071.5,20072.0,1522
2026-01-22 13:02:00,20072.0,20072.25,20071.5,20071.5,799
2026-01-22 13:03:00,20071.5,20072.0,20070.25,20070.5,800
2026-01-22 13:04:00,20070.5,20070.5,20070.0,20070.25,1429
2026-01-22 13:05:00,20070.25,20070.75,20070.25,20070.5,779
2026-01-22 13:06:00,20070.5,20071.75,20070.5,20071.0,713
2026-01-22 13:07:00,20071.0,20071.5,20070.25,20070.5,600
2026-01-22 13:08:00,20070.5,20072.5,20070.0,20070.75,1629
2026-01-22 13:09:00,20070.75,20071.5,20070.25,20070.5,1255
2026-01-22 13:10:00,20070.5,20071.5,20070.5,20070.75,1440
2026-01-22 13:11:00,20070.75,20071.5,20069.5,20069.75,1148
2026-01-22 13:12:00,20069.75,20070.25,20069.5,20069.75,722
2026-01-22 13:13:00,20069.75,20070.5,20069.75,20070.0,1270
2026-01-22 13:14:00,20070.0,20071.25,20070.0,20071.0,775
2026-01-22 13:15:00,20071.0,20071.5,20070.0,20070.25,1405
2026-01-22 13:16:00,20070.25,20072.0,20070.0,20071.25,608
2026-01-22 13:17:00,20071.25,20071.5,20070.25,20071.0,817
2026-01-22 13:18:00,20071.0,20071.75,20071.0,20071.5,1297
2026-01-22 13:19:00,20071.5,20073.0,20070.75,20072.25,1210
2026-01-22 13:20:00,20072.25,20074.5,20072.25,20072.75,1798
2026-01-22 13:21:00,20072.75,20074.25,20072.25,20073.5,1458
2026-01-22 13:22:00,20073.5,20074.0,20072.75,20073.25,1623
2026-01-22 13:23:00,20073.25,20073.75,20072.75,20073.0,1273
2026-01-22 13:24:00,20073.0,20073.5,20072.0,20072.5,645
2026-01-22 13:25:00,20072.5,20072.75,20072.25,20072.5,940
2026-01-22 13:26:00,20072.5,20072.75,20072.25,20072.75,1175
2026-01-22 13:27:00,20072.75,20073.75,20072.5,20073.5,600
2026-01-22 13:28:00,20073.5,20074.75,20073.5,20074.5,622
2026-01-22 13:29:00,20074.5,20075.5,20074.25,20075.0,1574
2026-01-22 13:30:00,20075.0,20076.0,20071.0,20074.25,3639
2026-01-22 13:31:00,20074.25,20074.5,20072.5,20072.5,2730
2026-01-22 13:32:00,20072.5,20074.0,20072.5,20074.0,2980
2026-01-22 13:33:00,20074.0,20075.0,20072.25,20073.25,2537
2026-01-22 13:34:00,20073.25,20075.0,20072.0,20075.0,2235
2026-01-22 13:35:00,20075.0,20076.5,20074.75,20075.75,1996
2026-01-22 13:36:00,20075.75,20077.0,20075.0,20075.25,3250
2026-01-22 13:37:00,20075.25,20075.75,20074.25,20074.5,2825
2026-01-22 13:38:00,20074.5,20075.0,20073.75,20075.0,3709
2026-01-22 13:39:00,20075.0,20075.5,20072.5,20072.75,1480
2026-01-22 13:40:00,20072.75,20074.0,20071.0,20072.0,3155
2026-01-22 13:41:00,20072.0,20072.75,20071.75,20072.5,1709
2026-01-22 13:42:00,20072.5,20072.75,20069.5,20069.5,1796
2026-01-22 13:43:00,20069.5,20070.5,20068.0,20068.75,3056
2026-01-22 13:44:00,20068.75,20069.25,20066.25,20067.5,3786
2026-01-22 13:45:00,20067.5,20067.75,20065.75,20067.25,2166
2026-01-22 13:46:00,20067.25,20068.0,20067.25,20067.5,2306
2026-01-22 13:47:00,20067.5,20068.0,20065.75,20066.5,1759
2026-01-22 13:48:00,20066.5,20068.5,20064.5,20067.0,3915
2026-01-22 13:49:00,20067.0,20068.5,20066.25,20067.25,2047
2026-01-22 13:50:00,20067.25,20068.5,20065.5,20067.5,2730
2026-01-22 13:51:00,20067.5,20068.75,20064.75,20067.5,3851
2026-01-22 13:52:00,20067.5,20068.75,20066.25,20068.25,3926
2026-01-22 13:53:00,20068.25,20069.5,20065.75,20068.25,2334
2026-01-22 13:54:00,20068.25,20070.5,20068.0,20069.25,3935
2026-01-22 13:55:00,20069.25,20069.5,20067.25,20068.0,3727
2026-01-22 13:56:00,20068.0,20070.0,20067.25,20069.25,3735
2026-01-22 13:57:00,20069.25,20070.25,20068.25,20070.0,2134
2026-01-22 13:58:00,20070.0,20071.25,20069.5,20070.25,1946
2026-01-22 13:59:00,20070.25,20072.25,20070.0,20072.0,3273
2026-01-22 14:00:00,20072.0,20073.0,20070.0,20070.5,3521
2026-01-22 14:01:00,20070.5,20071.75,20069.75,20071.5,3363
2026-01-22 14:02:00,20071.5,20073.75,20069.25,20072.25,2130
2026-01-22 14:03:00,20072.25,20074.75,20071.25,20073.0,3169
2026-01-22 14:04:00,20073.0,20075.5,20072.5,20074.5,3663
2026-01-22 14:05:00,20074.5,20074.75,20073.0,20074.75,2446
2026-01-22 14:06:00,20074.75,20078.0,20074.75,20077.25,3683
2026-01-22 14:07:00,20077.25,20078.0,20075.75,20077.25,2371
2026-01-22 14:08:00,20077.25,20078.25,20075.75,20078.0,1851
2026-01-22 14:09:00,20078.0,20079.0,20077.0,20078.25,1408
2026-01-22 14:10:00,20078.25,20080.0,20077.0,20078.75,2289
2026-01-22 14:11:00,20078.75,20080.0,20078.5,20079.25,2698
2026-01-22 14:12:00,20079.25,20080.25,20078.5,20080.0,3143
2026-01-22 14:13:00,20080.0,20082.5,20080.0,20081.25,2004
2026-01-22 14:14:00,20081.25,20081.5,20079.5,20080.25,2599
2026-01-22 14:15:00,20080.25,20080.5,20079.5,20080.25,2320
2026-01-22 14:16:00,20080.25,20081.25,20079.75,20081.0,3906
2026-01-22 14:17:00,20081.0,20083.0,20080.25,20081.5,3881
2026-01-22 14:18:00,20081.5,20082.25,20080.5,20081.0,3050
2026-01-22 14:19:00,20081.0,20081.0,20078.0,20078.75,3584
2026-01-22 14:20:00,20078.75,20079.25,20077.25,20077.25,3736
2026-01-22 14:21:00,20077.25,20079.5,20077.25,20078.5,3260
2026-01-22 14:22:00,20078.5,20080.25,20075.5,20077.75,3614
2026-01-22 14:23:00,20077.75,20080.0,20076.75,20079.0,1411
2026-01-22 14:24:00,20079.0,20079.75,20078.5,20079.5,3656
2026-01-22 14:25:00,20079.5,20079.75,20077.25,20078.75,3087
2026-01-22 14:26:00,20078.75,20080.25,20077.5,20080.25,3624
2026-01-22 14:27:00,20080.25,20080.25,20079.75,20079.75,1475
2026-01-22 14:28:00,20079.75,20080.0,20078.0,20079.5,3515
2026-01-22 14:29:00,20079.5,20080.0,20077.25,20079.0,1459
2026-01-22 14:30:00,20079.0,20081.25,20076.75,20077.5,1415
2026-01-22 14:31:00,20077.5,20080.0,20077.5,20079.75,2152
2026-01-22 14:32:00,20079.75,20082.75,20079.75,20082.25,1967
2026-01-22 14:33:00,20082.25,20082.75,20081.75,20082.0,1497
2026-01-22 14:34:00,20082.0,20084.75,20080.75,20082.25,1728
2026-01-22 14:35:00,20082.25,20084.0,20079.25,20082.75,2825
2026-01-22 14:36:00,20082.75,20084.25,20082.25,20084.25,3209
2026-01-22 14:37:00,20084.25,20085.5,20084.25,20084.25,3948
2026-01-22 14:38:00,20084.25,20085.5,20083.0,20083.75,3067
2026-01-22 14:39:00,20083.75,20085.0,20083.75,20084.75,3534
2026-01-22 14:40:00,20084.75,20085.5,20083.0,20083.75,3300
2026-01-22 14:41:00,20083.75,20084.5,20080.5,20082.75,2972
2026-01-22 14:42:00,20082.75,20083.5,20082.5,20083.5,2496
2026-01-22 14:43:00,20083.5,20086.75,20082.5,20086.0,1415
2026-01-22 14:44:00,20086.0,20090.0,20084.75,20085.75,1744
2026-01-22 14:45:00,20085.75,20087.25,20082.75,20086.25,3287
2026-01-22 14:46:00,20086.25,20087.5,20086.0,20086.5,2872
2026-01-22 14:47:00,20086.5,20086.75,20084.75,20084.75,3323
2026-01-22 14:48:00,20084.75,20087.0,20083.5,20085.75,2629
2026-01-22 14:49:00,20085.75,20088.0,20084.0,20087.75,3440
2026-01-22 14:50:00,20087.75,20087.75,20085.5,20085.75,2710
2026-01-22 14:51:00,20085.75,20086.75,20085.75,20086.0,1919
2026-01-22 14:52:00,20086.0,20089.0,20085.0,20087.5,3146
2026-01-22 14:53:00,20087.5,20090.0,20086.0,20086.25,3605
2026-01-22 14:54:00,20086.25,20086.75,20085.0,20086.25,2591
2026-01-22 14:55:00,20086.25,20087.25,20083.0,20085.5,3723
2026-01-22 14:56:00,20085.5,20090.25,20084.25,20088.5,2579
2026-01-22 14:57:00,20088.5,20090.5,20087.5,20088.0,2532
2026-01-22 14:58:00,20088.0,20090.75,20087.75,20088.0,3330
2026-01-22 14:59:00,20088.0,20089.25,20087.25,20088.75,3316
2026-01-22 15:00:00,20088.75,20090.0,20088.75,20089.0,2164
2026-01-22 15:01:00,20089.0,20091.0,20088.5,20089.5,2188
2026-01-22 15:02:00,20089.5,20091.5,20088.5,20090.75,1459
2026-01-22 15:03:00,20090.75,20095.25,20090.0,20092.0,1631
2026-01-22 15:04:00,20092.0,20094.25,20091.75,20093.25,1821
2026-01-22 15:05:00,20093.25,20095.25,20091.75,20093.25,2817
2026-01-22 15:06:00,20093.25,20094.75,20091.75,20094.75,2306
2026-01-22 15:07:00,20094.75,20095.25,20092.0,20093.75,1724
2026-01-22 15:08:00,20093.75,20094.0,20090.75,20092.0,2106
2026-01-22 15:09:00,20092.0,20093.25,20092.0,20092.5,3627
2026-01-22 15:10:00,20092.5,20094.25,20091.75,20092.75,3670
2026-01-22 15:11:00,20092.75,20098.5,20092.0,20095.25,3480
2026-01-22 15:12:00,20095.25,20096.5,20094.0,20095.75,2092
2026-01-22 15:13:00,20095.75,20096.0,20091.5,20091.75,1495
2026-01-22 15:14:00,20091.75,20092.25,20091.25,20091.5,3763
2026-01-22 15:15:00,20091.5,20091.75,20091.0,20091.5,1475
2026-01-22 15:16:00,20091.5,20094.5,20088.5,20092.5,1615
2026-01-22 15:17:00,20092.5,20095.5,20092.25,20093.5,2060
2026-01-22 15:18:00,20093.5,20095.25,20090.75,20093.5,3005
2026-01-22 15:19:00,20093.5,20093.5,20092.5,20092.5,2879
2026-01-22 15:20:00,20092.5,20092.5,20090.5,20090.75,3562
2026-01-22 15:21:00,20090.75,20090.75,20087.0,20088.5,3519
2026-01-22 15:22:00,20088.5,20090.75,20087.5,20090.25,1814
2026-01-22 15:23:00,20090.25,20090.25,20089.0,20089.5,3171
2026-01-22 15:24:00,20089.5,20092.0,20088.75,20091.25,2182
2026-01-22 15:25:00,20091.25,20093.5,20091.0,20092.75,3636
2026-01-22 15:26:00,20092.75,20094.0,20090.0,20091.25,2910
2026-01-22 15:27:00,20091.25,20092.75,20091.0,20091.75,3986
2026-01-22 15:28:00,20091.75,20096.0,20091.0,20092.75,2570
2026-01-22 15:29:00,20092.75,20093.75,20091.5,20093.25,3755
2026-01-22 15:30:00,20093.25,20093.25,20090.5,20091.75,5070
2026-01-22 15:31:00,20091.75,20092.5,20089.75,20092.5,3799
2026-01-22 15:32:00,20092.5,20092.75,20088.5,20090.5,6941
2026-01-22 15:33:00,20090.5,20095.5,20089.0,20095.25,8407
2026-01-22 15:34:00,20095.25,20095.5,20091.25,20093.75,3933
2026-01-22 15:35:00,20093.75,20093.75,20091.5,20091.5,5165
2026-01-22 15:36:00,20091.5,20093.25,20090.75,20090.75,6810
2026-01-22 15:37:00,20090.75,20092.0,20089.25,20092.0,4275
2026-01-22 15:38:00,20092.0,20093.0,20090.5,20091.25,7559
2026-01-22 15:39:00,20091.25,20093.0,20087.5,20088.0,7523
2026-01-22 15:40:00,20088.0,20089.75,20086.25,20086.5,5195
2026-01-22 15:41:00,20086.5,20091.0,20084.25,20084.5,7553
2026-01-22 15:42:00,20084.5,20084.75,20080.5,20083.25,4162
2026-01-22 15:43:00,20083.25,20085.75,20083.0,20085.25,3770
2026-01-22 15:44:00,20085.25,20086.25,20081.75,20083.5,7886
2026-01-22 15:45:00,20083.5,20086.5,20083.25,20085.5,7878
2026-01-22 15:46:00,20085.5,20087.75,20085.25,20087.25,4597
2026-01-22 15:47:00,20087.25,20089.5,20086.25,20087.0,6391
2026-01-22 15:48:00,20087.0,20087.75,20086.0,20086.0,6176
2026-01-22 15:49:00,20086.0,20086.0,20081.5,20083.5,3656
2026-01-22 15:50:00,20083.5,20086.75,20080.0,20084.0,3942
2026-01-22 15:51:00,20084.0,20088.5,20081.75,20087.5,8491
2026-01-22 15:52:00,20087.5,20088.5,20085.0,20086.5,4774
2026-01-22 15:53:00,20086.5,20086.75,20085.75,20086.75,6472
2026-01-22 15:54:00,20086.75,20087.5,20085.5,20086.0,3715
2026-01-22 15:55:00,20086.0,20089.75,20085.0,20085.5,4580
2026-01-22 15:56:00,20085.5,20088.25,20085.5,20087.25,4283
2026-01-22 15:57:00,20087.25,20091.25,20086.5,20091.0,4705
2026-01-22 15:58:00,20091.0,20092.0,20087.25,20088.0,8107
2026-01-22 15:59:00,20088.0,20090.25,20087.0,20089.0,6274
2026-01-23 09:30:00,20089.0,20091.25,20084.25,20091.25,5010
2026-01-23 09:31:00,20091.25,20097.25,20090.5,20094.25,8975
2026-01-23 09:32:00,20094.25,20096.0,20093.5,20095.25,6915
2026-01-23 09:33:00,20095.25,20096.75,20095.25,20096.5,4140
2026-01-23 09:34:00,20096.5,20098.25,20093.5,20097.75,6745
2026-01-23 09:35:00,20097.75,20104.75,20095.5,20098.0,8295
2026-01-23 09:36:00,20098.0,20098.25,20095.5,20098.0,4956
2026-01-23 09:37:00,20098.0,20100.5,20096.5,20098.75,3607
2026-01-23 09:38:00,20098.75,20104.25,20098.5,20103.5,8584
2026-01-23 09:39:00,20103.5,20106.0,20103.0,20104.0,7375
2026-01-23 09:40:00,20104.0,20105.5,20098.0,20098.25,4459
2026-01-23 09:41:00,20098.25,20099.5,20095.75,20096.25,8179
2026-01-23 09:42:00,20096.25,20099.25,20094.25,20094.75,5121
2026-01-23 09:43:00,20094.75,20094.75,20092.5,20092.75,3215
2026-01-23 09:44:00,20092.75,20096.75,20089.75,20095.5,8514
2026-01-23 09:45:00,20095.5,20096.25,20093.5,20093.75,4687
2026-01-23 09:46:00,20093.75,20094.0,20090.75,20092.0,4839
2026-01-23 09:47:00,20092.0,20096.0,20091.25,20096.0,5079
2026-01-23 09:48:00,20096.0,20096.75,20095.0,20095.25,5910
2026-01-23 09:49:00,20095.25,20095.75,20095.0,20095.5,8619
2026-01-23 09:50:00,20095.5,20095.75,20090.75,20092.5,8947
2026-01-23 09:51:00,20092.5,20097.5,20091.75,20095.0,4315
2026-01-23 09:52:00,20095.0,20097.25,20094.75,20095.25,5969
2026-01-23 09:53:00,20095.25,20095.25,20092.75,20094.0,3972
2026-01-23 09:54:00,20094.0,20094.5,20093.25,20094.0,7691
2026-01-23 09:55:00,20094.0,20095.25,20092.0,20093.0,5543
2026-01-23 09:56:00,20093.0,20100.25,20093.0,20093.5,5771
2026-01-23 09:57:00,20093.5,20097.25,20093.0,20095.75,7620
2026-01-23 09:58:00,20095.75,20096.0,20095.5,20096.0,7767
2026-01-23 09:59:00,20096.0,20100.0,20094.5,20097.5,7132
2026-01-23 10:00:00,20097.5,20098.75,20097.25,20097.25,1972
2026-01-23 10:01:00,20097.25,20099.5,20096.5,20099.0,2562
2026-01-23 10:02:00,20099.0,20102.0,20097.75,20101.25,2936
2026-01-23 10:03:00,20101.25,20101.5,20100.0,20100.75,4242
2026-01-23 10:04:00,20100.75,20103.5,20100.75,20103.5,2749
2026-01-23 10:05:00,20103.5,20103.75,20101.5,20101.75,2211
2026-01-23 10:06:00,20101.75,20103.0,20100.75,20102.25,3298
2026-01-23 10:07:00,20102.25,20102.75,20101.25,20102.0,2443
2026-01-23 10:08:00,20102.0,20102.5,20101.75,20102.0,2386
2026-01-23 10:09:00,20102.0,20102.25,20099.25,20100.5,2342
2026-01-23 10:10:00,20100.5,20102.0,20100.0,20101.75,2854
2026-01-23 10:11:00,20101.75,20103.0,20101.5,20102.25,3424
2026-01-23 10:12:00,20102.25,20102.5,20101.25,20101.5,2010
2026-01-23 10:13:00,20101.5,20102.75,20101.25,20101.5,4208
2026-01-23 10:14:00,20101.5,20103.25,20099.25,20102.25,3151
2026-01-23 10:15:00,20102.25,20106.75,20102.0,20102.75,3811
2026-01-23 10:16:00,20102.75,20103.5,20102.75,20103.25,3697
2026-01-23 10:17:00,20103.25,20107.25,20102.5,20104.5,2485
2026-01-23 10:18:00,20104.5,20105.5,20103.75,20105.0,1933
2026-01-23 10:19:00,20105.0,20105.75,20103.5,20104.25,1531
2026-01-23 10:20:00,20104.25,20105.25,20104.25,20105.25,2779
2026-01-23 10:21:00,20105.25,20107.5,20104.5,20106.75,3601
2026-01-23 10:22:00,20106.75,20108.75,20104.75,20108.5,4017
2026-01-23 10:23:00,20108.5,20109.0,20107.5,20109.0,3729
2026-01-23 10:24:00,20109.0,20111.0,20108.75,20110.75,2099
2026-01-23 10:25:00,20110.75,20112.75,20110.25,20112.0,2040
2026-01-23 10:26:00,20112.0,20112.0,20110.5,20110.75,2239
2026-01-23 10:27:00,20110.75,20111.25,20110.25,20110.5,3355
2026-01-23 10:28:00,20110.5,20118.0,20110.5,20110.75,1623
2026-01-23 10:29:00,20110.75,20111.0,20109.0,20109.75,2938
2026-01-23 10:30:00,20109.75,20115.25,20107.25,20110.25,1825
2026-01-23 10:31:00,20110.25,20110.5,20108.5,20109.25,2635
2026-01-23 10:32:00,20109.25,20112.0,20108.0,20108.0,4413
2026-01-23 10:33:00,20108.0,20111.0,20107.75,20108.25,2364
2026-01-23 10:34:00,20108.25,20109.25,20105.5,20107.0,3849
2026-01-23 10:35:00,20107.0,20108.75,20106.0,20108.75,2410
2026-01-23 10:36:00,20108.75,20110.75,20105.5,20107.75,2198
2026-01-23 10:37:00,20107.75,20108.0,20105.0,20106.25,2306
2026-01-23 10:38:00,20106.25,20109.25,20105.0,20108.25,2152
2026-01-23 10:39:00,20108.25,20112.0,20106.75,20110.75,3404
2026-01-23 10:40:00,20110.75,20114.25,20109.5,20112.25,3387
2026-01-23 10:41:00,20112.25,20112.75,20111.5,20111.75,2050
2026-01-23 10:42:00,20111.75,20113.5,20109.75,20111.75,2301
2026-01-23 10:43:00,20111.75,20114.75,20110.0,20110.25,3022
2026-01-23 10:44:00,20110.25,20111.25,20108.25,20108.5,2319
2026-01-23 10:45:00,20108.5,20109.75,20106.25,20106.75,2668
2026-01-23 10:46:00,20106.75,20109.25,20106.5,20106.75,2393
2026-01-23 10:47:00,20106.75,20106.75,20106.25,20106.5,3410
2026-01-23 10:48:00,20106.5,20107.25,20104.75,20105.0,2067
2026-01-23 10:49:00,20105.0,20105.0,20103.5,20104.25,2464
2026-01-23 10:50:00,20104.25,20105.0,20103.5,20104.75,3372
2026-01-23 10:51:00,20104.75,20105.75,20101.0,20102.5,3759
2026-01-23 10:52:00,20102.5,20103.0,20101.5,20101.75,3339
2026-01-23 10:53:00,20101.75,20102.5,20096.5,20100.25,1679
2026-01-23 10:54:00,20100.25,20103.0,20097.5,20102.5,2864
2026-01-23 10:55:00,20102.5,20104.5,20100.75,20104.5,4473
2026-01-23 10:56:00,20104.5,20105.25,20103.0,20104.0,3503
2026-01-23 10:57:00,20104.0,20107.25,20103.75,20103.75,2221
2026-01-23 10:58:00,20103.75,20107.0,20099.5,20102.0,4251
2026-01-23 10:59:00,20102.0,20103.0,20101.75,20102.75,4315
2026-01-23 11:00:00,20102.75,20104.5,20102.0,20103.75,2706
2026-01-23 11:01:00,20103.75,20105.75,20101.0,20101.0,3353
2026-01-23 11:02:00,20101.0,20102.75,20100.75,20102.5,1897
2026-01-23 11:03:00,20102.5,20102.75,20102.25,20102.5,1901
2026-01-23 11:04:00,20102.5,20103.75,20102.5,20103.25,1856
2026-01-23 11:05:00,20103.25,20105.75,20102.75,20104.5,1645
2026-01-23 11:06:00,20104.5,20105.5,20104.0,20104.0,2373
2026-01-23 11:07:00,20104.0,20104.0,20102.5,20102.5,3222
2026-01-23 11:08:00,20102.5,20107.5,20102.25,20105.0,1611
2026-01-23 11:09:00,20105.0,20106.75,20105.0,20105.25,2032
2026-01-23 11:10:00,20105.25,20106.0,20102.0,20103.75,4316
2026-01-23 11:11:00,20103.75,20105.25,20103.5,20104.0,3566
2026-01-23 11:12:00,20104.0,20104.5,20102.25,20102.75,3652
2026-01-23 11:13:00,20102.75,20104.0,20102.5,20103.75,2581
2026-01-23 11:14:00,20103.75,20105.25,20103.25,20103.5,3525
2026-01-23 11:15:00,20103.5,20104.5,20103.0,20104.0,3558
2026-01-23 11:16:00,20104.0,20104.75,20103.0,20104.75,3212
2026-01-23 11:17:00,20104.75,20107.0,20102.25,20105.75,2806
2026-01-23 11:18:00,20105.75,20107.75,20104.0,20104.25,1884
2026-01-23 11:19:00,20104.25,20106.0,20101.75,20102.0,3083
2026-01-23 11:20:00,20102.0,20103.75,20101.5,20102.25,3881
2026-01-23 11:21:00,20102.25,20103.0,20101.25,20103.0,3293
2026-01-23 11:22:00,20103.0,20105.25,20103.0,20104.5,3055
2026-01-23 11:23:00,20104.5,20106.25,20100.5,20100.75,4080
2026-01-23 11:24:00,20100.75,20105.25,20098.25,20101.5,2267
2026-01-23 11:25:00,20101.5,20102.75,20100.0,20102.75,3643
2026-01-23 11:26:00,20102.75,20103.25,20098.5,20101.0,3787
2026-01-23 11:27:00,20101.0,20101.25,20098.75,20100.5,2487
2026-01-23 11:28:00,20100.5,20101.25,20100.25,20100.5,2492
2026-01-23 11:29:00,20100.5,20101.75,20099.75,20100.0,3751
2026-01-23 11:30:00,20100.0,20100.25,20099.5,20100.0,795
2026-01-23 11:31:00,20100.0,20101.25,20100.0,20101.0,999
2026-01-23 11:32:00,20101.0,20101.5,20100.5,20101.25,1478
2026-01-23 11:33:00,20101.25,20101.75,20100.75,20101.0,1605
2026-01-23 11:34:00,20101.0,20101.75,20100.75,20101.75,1461
2026-01-23 11:35:00,20101.75,20102.0,20101.0,20102.0,692
2026-01-23 11:36:00,20102.0,20102.5,20102.0,20102.5,1225
2026-01-23 11:37:00,20102.5,20103.5,20102.25,20103.25,1586
2026-01-23 11:38:00,20103.25,20103.5,20103.25,20103.5,1204
2026-01-23 11:39:00,20103.5,20103.5,20102.25,20103.0,1412
2026-01-23 11:40:00,20103.0,20103.0,20102.75,20102.75,958
2026-01-23 11:41:00,20102.75,20104.0,20102.5,20103.75,876
2026-01-23 11:42:00,20103.75,20104.25,20102.25,20103.5,644
2026-01-23 11:43:00,20103.5,20103.75,20103.5,20103.75,877
2026-01-23 11:44:00,20103.75,20105.0,20103.75,20104.5,877
2026-01-23 11:45:00,20104.5,20104.5,20102.75,20104.25,1506
2026-01-23 11:46:00,20104.25,20104.75,20103.0,20103.25,1625
2026-01-23 11:47:00,20103.25,20104.25,20102.75,20103.75,947
2026-01-23 11:48:00,20103.75,20104.25,20103.5,20104.0,944
2026-01-23 11:49:00,20104.0,20104.0,20102.25,20104.0,1419
2026-01-23 11:50:00,20104.0,20104.5,20103.25,20103.25,1684
2026-01-23 11:51:00,20103.25,20103.5,20103.25,20103.25,1041
2026-01-23 11:52:00,20103.25,20103.75,20103.0,20103.5,1637
2026-01-23 11:53:00,20103.5,20104.25,20102.5,20104.0,1099
2026-01-23 11:54:00,20104.0,20105.75,20104.0,20104.75,1644
2026-01-23 11:55:00,20104.75,20104.75,20103.0,20103.75,1737
2026-01-23 11:56:00,20103.75,20105.25,20103.75,20103.75,1349
2026-01-23 11:57:00,20103.75,20103.75,20103.75,20103.75,1598
2026-01-23 11:58:00,20103.75,20103.75,20103.0,20103.75,1514
2026-01-23 11:59:00,20103.75,20103.75,20102.0,20103.0,1196
2026-01-23 12:00:00,20103.0,20103.0,20102.25,20102.5,1025
2026-01-23 12:01:00,20102.5,20102.5,20101.0,20101.25,1361
2026-01-23 12:02:00,20101.25,20102.25,20101.0,20101.5,1433
2026-01-23 12:03:00,20101.5,20101.75,20100.75,20101.5,1614
2026-01-23 12:04:00,20101.5,20102.0,20101.0,20101.75,1036
2026-01-23 12:05:00,20101.75,20102.5,20101.75,20101.75,1044
2026-01-23 12:06:00,20101.75,20102.5,20101.0,20102.0,1185
2026-01-23 12:07:00,20102.0,20102.5,20101.25,20101.75,812
2026-01-23 12:08:00,20101.75,20102.25,20101.5,20102.0,1489
2026-01-23 12:09:00,20102.0,20102.0,20101.25,20101.5,1250
2026-01-23 12:10:00,20101.5,20102.0,20101.25,20101.5,1558
2026-01-23 12:11:00,20101.5,20102.0,20100.75,20102.0,1499
2026-01-23 12:12:00,20102.0,20103.75,20101.75,20103.0,1581
2026-01-23 12:13:00,20103.0,20103.75,20102.5,20103.0,1419
2026-01-23 12:14:00,20103.0,20103.0,20102.75,20102.75,855
2026-01-23 12:15:00,20102.75,20103.25,20102.0,20102.25,1446
2026-01-23 12:16:00,20102.25,20103.25,20101.5,20103.0,686
2026-01-23 12:17:00,20103.0,20104.0,20102.75,20103.5,1694
2026-01-23 12:18:00,20103.5,20105.0,20103.5,20104.0,1356
2026-01-23 12:19:00,20104.0,20104.25,20103.0,20103.75,1366
2026-01-23 12:20:00,20103.75,20105.0,20102.0,20103.0,1583
2026-01-23 12:21:00,20103.0,20103.75,20102.75,20103.25,1784
2026-01-23 12:22:00,20103.25,20103.5,20103.0,20103.25,805
2026-01-23 12:23:00,20103.25,20103.75,20102.75,20103.0,1642
2026-01-23 12:24:00,20103.0,20103.75,20103.0,20103.5,1577
2026-01-23 12:25:00,20103.5,20103.75,20102.0,20102.5,738
2026-01-23 12:26:00,20102.5,20103.25,20101.25,20103.0,1029
2026-01-23 12:27:00,20103.0,20103.0,20101.5,20102.75,1794
2026-01-23 12:28:00,20102.75,20103.25,20101.5,20102.25,832
2026-01-23 12:29:00,20102.25,20103.0,20101.75,20102.75,1472
2026-01-23 12:30:00,20102.75,20103.5,20102.75,20103.5,1402
2026-01-23 12:31:00,20103.5,20105.25,20103.25,20104.5,1706
2026-01-23 12:32:00,20104.5,20105.25,20104.5,20105.0,1139
2026-01-23 12:33:00,20105.0,20106.0,20104.75,20104.75,838
2026-01-23 12:34:00,20104.75,20105.75,20104.75,20105.0,775
2026-01-23 12:35:00,20105.0,20106.5,20103.25,20105.75,1734
2026-01-23 12:36:00,20105.75,20106.0,20105.0,20105.25,751
2026-01-23 12:37:00,20105.25,20105.25,20104.5,20104.75,602
2026-01-23 12:38:00,20104.75,20105.75,20103.75,20104.25,784
2026-01-23 12:39:00,20104.25,20105.25,20104.0,20104.5,1603
2026-01-23 12:40:00,20104.5,20105.25,20103.0,20105.0,1616
2026-01-23 12:41:00,20105.0,20105.5,20104.75,20105.25,1600
2026-01-23 12:42:00,20105.25,20106.5,20105.0,20105.75,1140
2026-01-23 12:43:00,20105.75,20106.5,20105.25,20106.25,696
2026-01-23 12:44:00,20106.25,20107.75,20106.25,20107.5,1383
2026-01-23 12:45:00,20107.5,20108.0,20106.75,20107.75,1198
2026-01-23 12:46:00,20107.75,20108.0,20107.25,20107.5,1322
2026-01-23 12:47:00,20107.5,20109.75,20107.25,20107.5,858
2026-01-23 12:48:00,20107.5,20108.75,20107.5,20108.75,1729
2026-01-23 12:49:00,20108.75,20109.25,20108.25,20108.5,1666
2026-01-23 12:50:00,20108.5,20109.0,20108.5,20108.75,1530
2026-01-23 12:51:00,20108.75,20110.0,20108.25,20109.25,1136
2026-01-23 12:52:00,20109.25,20109.5,20108.0,20108.25,1682
2026-01-23 12:53:00,20108.25,20109.5,20107.5,20109.0,709
2026-01-23 12:54:00,20109.0,20109.0,20108.5,20108.75,1712
2026-01-23 12:55:00,20108.75,20109.25,20108.25,20108.25,785
2026-01-23 12:56:00,20108.25,20108.75,20108.0,20108.5,939
2026-01-23 12:57:00,20108.5,20110.0,20107.75,20110.0,1631
2026-01-23 12:58:00,20110.0,20110.0,20109.0,20109.0,1638
2026-01-23 12:59:00,20109.0,20109.25,20108.0,20108.75,1189
2026-01-23 13:00:00,20108.75,20108.75,20108.0,20108.25,739
2026-01-23 13:01:00,20108.25,20108.75,20108.0,20108.5,937
2026-01-23 13:02:00,20108.5,20108.5,20107.5,20108.0,1337
2026-01-23 13:03:00,20108.0,20108.5,20107.75,20108.25,1591
2026-01-23 13:04:00,20108.25,20109.25,20108.25,20109.25,787
2026-01-23 13:05:00,20109.25,20110.25,20108.25,20109.25,864
2026-01-23 13:06:00,20109.25,20110.5,20109.25,20110.0,1596
2026-01-23 13:07:00,20110.0,20110.0,20109.0,20109.75,1151
2026-01-23 13:08:00,20109.75,20110.0,20109.5,20110.0,901
2026-01-23 13:09:00,20110.0,20111.0,20109.5,20109.75,1746
2026-01-23 13:10:00,20109.75,20110.75,20109.0,20110.5,1278
2026-01-23 13:11:00,20110.5,20111.75,20110.5,20111.5,1346
2026-01-23 13:12:00,20111.5,20112.75,20111.25,20111.75,669
2026-01-23 13:13:00,20111.75,20112.75,20111.25,20112.5,885
2026-01-23 13:14:00,20112.5,20114.0,20112.0,20113.5,1714
2026-01-23 13:15:00,20113.5,20114.0,20113.0,20114.0,616
2026-01-23 13:16:00,20114.0,20114.25,20113.25,20113.75,1072
2026-01-23 13:17:00,20113.75,20114.0,20113.0,20113.5,952
2026-01-23 13:18:00,20113.5,20114.25,20112.75,20113.0,896
2026-01-23 13:19:00,20113.0,20113.25,20112.0,20113.0,1379
2026-01-23 13:20:00,20113.0,20113.5,20112.25,20112.75,1308
2026-01-23 13:21:00,20112.75,20113.25,20111.5,20111.75,1352
2026-01-23 13:22:00,20111.75,20112.0,20111.5,20111.75,1136
2026-01-23 13:23:00,20111.75,20112.25,20111.75,20112.0,627
2026-01-23 13:24:00,20112.0,20112.75,20111.75,20112.25,1645
2026-01-23 13:25:00,20112.25,20112.75,20112.25,20112.5,795
2026-01-23 13:26:00,20112.5,20113.5,20111.75,20112.75,1414
2026-01-23 13:27:00,20112.75,20113.5,20112.0,20112.75,1033
2026-01-23 13:28:00,20112.75,20114.25,20111.75,20112.0,681
2026-01-23 13:29:00,20112.0,20113.25,20112.0,20112.25,1531
2026-01-23 13:30:00,20112.25,20113.0,20111.0,20113.0,2099
2026-01-23 13:31:00,20113.0,20114.0,20110.5,20111.5,1981
2026-01-23 13:32:00,20111.5,20111.75,20107.0,20110.5,3619
2026-01-23 13:33:00,20110.5,20111.75,20110.5,20111.0,3548
2026-01-23 13:34:00,20111.0,20111.25,20108.0,20111.0,3348
2026-01-23 13:35:00,20111.0,20111.0,20108.0,20110.0,1613
2026-01-23 13:36:00,20110.0,20110.75,20108.5,20110.5,3793
2026-01-23 13:37:00,20110.5,20111.75,20109.0,20111.5,2896
2026-01-23 13:38:00,20111.5,20113.0,20111.25,20112.75,3575
2026-01-23 13:39:00,20112.75,20113.0,20111.25,20111.5,3731
2026-01-23 13:40:00,20111.5,20113.5,20111.25,20111.25,1423
2026-01-23 13:41:00,20111.25,20113.0,20111.0,20112.0,3944
2026-01-23 13:42:00,20112.0,20113.5,20109.75,20111.75,2775
2026-01-23 13:43:00,20111.75,20116.0,20111.75,20115.75,1901
2026-01-23 13:44:00,20115.75,20118.5,20115.25,20117.0,2916
2026-01-23 13:45:00,20117.0,20117.75,20116.75,20116.75,3897
2026-01-23 13:46:00,20116.75,20118.0,20116.25,20116.25,3531
2026-01-23 13:47:00,20116.25,20118.0,20115.75,20116.5,2644
2026-01-23 13:48:00,20116.5,20119.0,20115.75,20118.0,1948
2026-01-23 13:49:00,20118.0,20118.5,20117.75,20118.0,2411
2026-01-23 13:50:00,20118.0,20119.25,20118.0,20119.0,2169
2026-01-23 13:51:00,20119.0,20121.75,20118.75,20120.75,1472
2026-01-23 13:52:00,20120.75,20120.75,20117.25,20119.0,2975
2026-01-23 13:53:00,20119.0,20121.5,20119.0,20119.0,3213
2026-01-23 13:54:00,20119.0,20120.25,20118.25,20118.5,2558
2026-01-23 13:55:00,20118.5,20121.5,20117.5,20119.75,3059
2026-01-23 13:56:00,20119.75,20122.25,20119.5,20121.75,2805
2026-01-23 13:57:00,20121.75,20123.5,20119.0,20120.5,2802
2026-01-23 13:58:00,20120.5,20120.5,20118.75,20119.0,2235
2026-01-23 13:59:00,20119.0,20120.25,20119.0,20119.5,3845
2026-01-23 14:00:00,20119.5,20120.75,20118.75,20120.5,3539
2026-01-23 14:01:00,20120.5,20122.0,20120.25,20120.25,2188
2026-01-23 14:02:00,20120.25,20121.5,20120.0,20121.5,3275
2026-01-23 14:03:00,20121.5,20121.5,20120.25,20120.25,1683
2026-01-23 14:04:00,20120.25,20125.5,20118.5,20123.5,1683
2026-01-23 14:05:00,20123.5,20124.75,20122.25,20122.5,2521
2026-01-23 14:06:00,20122.5,20122.75,20122.0,20122.25,3327
2026-01-23 14:07:00,20122.25,20125.0,20121.25,20124.25,2826
2026-01-23 14:08:00,20124.25,20124.5,20123.25,20123.75,3961
2026-01-23 14:09:00,20123.75,20124.25,20121.0,20121.25,2078
2026-01-23 14:10:00,20121.25,20122.0,20118.0,20119.25,2760
2026-01-23 14:11:00,20119.25,20120.5,20118.75,20119.25,2273
2026-01-23 14:12:00,20119.25,20122.75,20117.75,20118.0,2002
2026-01-23 14:13:00,20118.0,20118.5,20114.0,20118.5,2990
2026-01-23 14:14:00,20118.5,20119.75,20118.0,20119.5,1477
2026-01-23 14:15:00,20119.5,20120.0,20118.25,20118.75,3865
2026-01-23 14:16:00,20118.75,20121.0,20117.5,20118.5,1763
2026-01-23 14:17:00,20118.5,20118.75,20116.75,20117.0,1855
2026-01-23 14:18:00,20117.0,20118.25,20114.25,20115.0,3583
2026-01-23 14:19:00,20115.0,20115.0,20114.0,20114.5,3445
2026-01-23 14:20:00,20114.5,20116.5,20112.75,20113.5,2337
2026-01-23 14:21:00,20113.5,20116.75,20112.75,20116.25,2361
2026-01-23 14:22:00,20116.25,20118.0,20115.5,20117.0,3786
2026-01-23 14:23:00,20117.0,20118.25,20116.75,20117.75,1645
2026-01-23 14:24:00,20117.75,20121.5,20117.5,20120.5,3766
2026-01-23 14:25:00,20120.5,20121.25,20120.5,20120.5,3602
2026-01-23 14:26:00,20120.5,20121.0,20120.0,20120.5,2967
2026-01-23 14:27:00,20120.5,20120.75,20118.0,20120.75,3984
2026-01-23 14:28:00,20120.75,20121.75,20117.75,20119.5,3740
2026-01-23 14:29:00,20119.5,20119.5,20118.5,20119.0,2180
2026-01-23 14:30:00,20119.0,20120.75,20118.5,20119.5,1530
2026-01-23 14:31:00,20119.5,20119.5,20117.75,20118.0,3895
2026-01-23 14:32:00,20118.0,20120.0,20117.75,20118.5,3059
2026-01-23 14:33:00,20118.5,20120.75,20118.0,20118.25,3642
2026-01-23 14:34:00,20118.25,20120.25,20117.75,20118.75,2490
2026-01-23 14:35:00,20118.75,20120.75,20117.75,20119.25,3815
2026-01-23 14:36:00,20119.25,20119.75,20118.25,20118.5,3595
2026-01-23 14:37:00,20118.5,20119.25,20117.0,20118.0,1698
2026-01-23 14:38:00,20118.0,20119.0,20116.25,20118.75,3428
2026-01-23 14:39:00,20118.75,20121.5,20118.75,20121.5,3418
2026-01-23 14:40:00,20121.5,20121.5,20119.5,20120.5,3658
2026-01-23 14:41:00,20120.5,20121.5,20119.25,20121.25,2608
2026-01-23 14:42:00,20121.25,20124.5,20119.75,20120.0,2864
2026-01-23 14:43:00,20120.0,20122.25,20119.5,20121.75,3962
2026-01-23 14:44:00,20121.75,20123.0,20121.25,20122.5,2357
2026-01-23 14:45:00,20122.5,20124.0,20122.25,20123.5,3105
2026-01-23 14:46:00,20123.5,20125.25,20121.75,20123.0,3942
2026-01-23 14:47:00,20123.0,20124.5,20122.25,20124.25,1784
2026-01-23 14:48:00,20124.25,20124.5,20122.75,20124.0,2996
2026-01-23 14:49:00,20124.0,20125.0,20122.25,20124.75,3954
2026-01-23 14:50:00,20124.75,20125.5,20123.0,20125.25,2511
2026-01-23 14:51:00,20125.25,20125.75,20125.0,20125.25,2040
2026-01-23 14:52:00,20125.25,20126.5,20125.25,20126.5,2021
2026-01-23 14:53:00,20126.5,20127.25,20124.75,20127.25,3958
2026-01-23 14:54:00,20127.25,20129.0,20125.75,20126.5,3290
2026-01-23 14:55:00,20126.5,20129.0,20124.75,20125.25,3483
2026-01-23 14:56:00,20125.25,20126.0,20123.0,20124.25,3212
2026-01-23 14:57:00,20124.25,20125.25,20122.5,20123.0,3441
2026-01-23 14:58:00,20123.0,20123.25,20118.5,20121.0,2646
2026-01-23 14:59:00,20121.0,20122.25,20119.75,20121.5,2258
2026-01-23 15:00:00,20121.5,20124.75,20121.0,20123.5,1779
2026-01-23 15:01:00,20123.5,20124.5,20123.5,20123.5,1609
2026-01-23 15:02:00,20123.5,20124.75,20122.5,20122.75,2963
2026-01-23 15:03:00,20122.75,20126.25,20121.0,20125.25,3992
2026-01-23 15:04:00,20125.25,20126.5,20123.5,20124.25,2226
2026-01-23 15:05:00,20124.25,20124.5,20121.5,20123.75,1510
2026-01-23 15:06:00,20123.75,20124.25,20120.75,20122.5,3108
2026-01-23 15:07:00,20122.5,20123.75,20122.25,20122.5,3999
2026-01-23 15:08:00,20122.5,20123.5,20121.25,20121.75,2006
2026-01-23 15:09:00,20121.75,20123.5,20120.75,20121.25,3244
2026-01-23 15:10:00,20121.25,20122.5,20121.0,20122.25,3430
2026-01-23 15:11:00,20122.25,20124.0,20122.25,20123.75,3812
2026-01-23 15:12:00,20123.75,20124.5,20121.25,20123.25,3192
2026-01-23 15:13:00,20123.25,20123.75,20123.0,20123.5,3467
2026-01-23 15:14:00,20123.5,20124.5,20122.5,20123.0,1593
2026-01-23 15:15:00,20123.0,20125.0,20122.75,20124.5,3109
2026-01-23 15:16:00,20124.5,20125.0,20122.75,20124.0,2511
2026-01-23 15:17:00,20124.0,20125.0,20123.25,20123.25,2382
2026-01-23 15:18:00,20123.25,20123.75,20122.75,20123.5,2328
2026-01-23 15:19:00,20123.5,20124.0,20123.25,20124.0,1922
2026-01-23 15:20:00,20124.0,20124.0,20123.75,20123.75,2692
2026-01-23 15:21:00,20123.75,20124.75,20123.0,20123.25,1723
2026-01-23 15:22:00,20123.25,20126.25,20122.75,20125.0,2285
2026-01-23 15:23:00,20125.0,20126.75,20123.5,20125.5,2688
2026-01-23 15:24:00,20125.5,20127.75,20123.0,20127.0,3947
2026-01-23 15:25:00,20127.0,20127.5,20126.5,20127.0,1960
2026-01-23 15:26:00,20127.0,20127.25,20124.0,20125.75,3589
2026-01-23 15:27:00,20125.75,20127.0,20125.75,20127.0,2650
2026-01-23 15:28:00,20127.0,20129.5,20126.0,20128.75,3952
2026-01-23 15:29:00,20128.75,20129.0,20127.25,20127.25,3625
2026-01-23 15:30:00,20127.25,20127.25,20126.0,20127.25,3945
2026-01-23 15:31:00,20127.25,20128.75,20126.5,20128.5,6166
2026-01-23 15:32:00,20128.5,20128.75,20125.5,20125.5,6587
2026-01-23 15:33:00,20125.5,20126.0,20121.25,20124.0,7825
2026-01-23 15:34:00,20124.0,20126.25,20122.5,20122.75,7585
2026-01-23 15:35:00,20122.75,20124.0,20121.75,20123.5,5465
2026-01-23 15:36:00,20123.5,20125.75,20123.25,20125.25,6690
2026-01-23 15:37:00,20125.25,20126.0,20124.0,20124.75,3525
2026-01-23 15:38:00,20124.75,20128.5,20123.0,20126.75,7726
2026-01-23 15:39:00,20126.75,20128.25,20126.5,20127.25,5813
2026-01-23 15:40:00,20127.25,20128.0,20126.25,20126.5,5267
2026-01-23 15:41:00,20126.5,20130.25,20125.75,20126.75,6761
2026-01-23 15:42:00,20126.75,20130.75,20124.25,20126.25,5427
2026-01-23 15:43:00,20126.25,20128.5,20125.5,20125.75,8248
2026-01-23 15:44:00,20125.75,20127.25,20120.25,20123.25,5363
2026-01-23 15:45:00,20123.25,20124.0,20120.25,20121.5,3770
2026-01-23 15:46:00,20121.5,20123.5,20119.0,20123.5,5214
2026-01-23 15:47:00,20123.5,20124.5,20122.75,20124.0,3947
2026-01-23 15:48:00,20124.0,20127.75,20123.5,20127.0,6817
2026-01-23 15:49:00,20127.0,20127.75,20125.5,20125.75,4062
2026-01-23 15:50:00,20125.75,20126.75,20124.25,20125.25,5894
2026-01-23 15:51:00,20125.25,20130.5,20125.25,20129.25,8235
2026-01-23 15:52:00,20129.25,20132.75,20123.75,20131.0,4301
2026-01-23 15:53:00,20131.0,20131.25,20128.25,20131.0,6540
2026-01-23 15:54:00,20131.0,20133.75,20130.5,20133.25,3583
2026-01-23 15:55:00,20133.25,20138.25,20133.0,20135.75,7247
2026-01-23 15:56:00,20135.75,20136.5,20127.75,20131.75,4286
2026-01-23 15:57:00,20131.75,20132.75,20131.25,20132.0,7556
2026-01-23 15:58:00,20132.0,20133.75,20130.5,20131.0,7792
2026-01-23 15:59:00,20131.0,20131.75,20130.0,20131.5,7386
2026-01-26 09:30:00,20131.5,20136.5,20129.5,20130.0,6673
2026-01-26 09:31:00,20130.0,20131.0,20129.0,20130.25,6595
2026-01-26 09:32:00,20130.25,20135.25,20128.0,20132.25,4666
2026-01-26 09:33:00,20132.25,20133.5,20127.0,20127.75,8107
2026-01-26 09:34:00,20127.75,20129.25,20125.75,20128.25,3248
2026-01-26 09:35:00,20128.25,20128.5,20125.75,20127.25,5463
2026-01-26 09:36:00,20127.25,20130.5,20125.75,20129.25,8394
2026-01-26 09:37:00,20129.25,20132.25,20127.5,20130.75,6898
2026-01-26 09:38:00,20130.75,20131.0,20129.25,20130.75,6735
2026-01-26 09:39:00,20130.75,20131.5,20130.25,20131.25,5478
2026-01-26 09:40:00,20131.25,20135.5,20130.0,20133.75,5475
2026-01-26 09:41:00,20133.75,20134.25,20129.75,20132.25,6189
2026-01-26 09:42:00,20132.25,20132.5,20128.75,20130.5,7645
2026-01-26 09:43:00,20130.5,20130.75,20128.25,20129.0,4664
2026-01-26 09:44:00,20129.0,20130.25,20128.5,20130.25,8347
2026-01-26 09:45:00,20130.25,20131.75,20129.5,20131.5,5180
2026-01-26 09:46:00,20131.5,20133.25,20128.0,20128.0,5329
2026-01-26 09:47:00,20128.0,20129.0,20127.5,20128.5,3381
2026-01-26 09:48:00,20128.5,20128.75,20127.75,20128.5,4600
2026-01-26 09:49:00,20128.5,20130.75,20126.5,20127.25,7549
2026-01-26 09:50:00,20127.25,20127.75,20124.0,20126.5,3747
2026-01-26 09:51:00,20126.5,20127.0,20125.25,20126.25,5079
2026-01-26 09:52:00,20126.25,20130.25,20126.0,20129.25,3187
2026-01-26 09:53:00,20129.25,20129.75,20125.0,20126.5,6214
2026-01-26 09:54:00,20126.5,20129.75,20125.25,20125.5,8333
2026-01-26 09:55:00,20125.5,20130.0,20125.5,20127.0,6933
2026-01-26 09:56:00,20127.0,20129.75,20126.0,20129.0,7430
2026-01-26 09:57:00,20129.0,20129.5,20127.5,20127.75,8796
2026-01-26 09:58:00,20127.75,20130.0,20127.25,20129.5,4439
2026-01-26 09:59:00,20129.5,20131.0,20127.0,20130.75,6744
2026-01-26 10:00:00,20130.75,20132.5,20129.0,20130.5,2230
2026-01-26 10:01:00,20130.5,20132.75,20127.75,20129.75,1535
2026-01-26 10:02:00,20129.75,20129.75,20127.5,20129.0,4454
2026-01-26 10:03:00,20129.0,20130.0,20128.25,20130.0,3042
2026-01-26 10:04:00,20130.0,20130.25,20127.0,20129.75,4053
2026-01-26 10:05:00,20129.75,20130.25,20126.25,20126.5,3762
2026-01-26 10:06:00,20126.5,20127.0,20124.0,20126.0,4010
2026-01-26 10:07:00,20126.0,20126.25,20124.75,20125.25,4339
2026-01-26 10:08:00,20125.25,20125.5,20123.75,20125.5,3608
2026-01-26 10:09:00,20125.5,20126.5,20124.5,20126.5,3329
2026-01-26 10:10:00,20126.5,20126.75,20124.25,20126.25,3311
2026-01-26 10:11:00,20126.25,20126.75,20125.0,20125.5,2014
2026-01-26 10:12:00,20125.5,20126.0,20125.0,20125.25,3558
2026-01-26 10:13:00,20125.25,20127.5,20125.0,20126.0,1767
2026-01-26 10:14:00,20126.0,20126.5,20124.25,20124.75,3568
2026-01-26 10:15:00,20124.75,20125.75,20124.0,20124.25,2797
2026-01-26 10:16:00,20124.25,20125.5,20121.75,20124.0,2257
2026-01-26 10:17:00,20124.0,20126.5,20123.75,20124.25,3936
2026-01-26 10:18:00,20124.25,20124.5,20120.75,20122.5,2057
2026-01-26 10:19:00,20122.5,20124.75,20122.0,20123.75,3119
2026-01-26 10:20:00,20123.75,20125.25,20122.25,20122.5,4013
2026-01-26 10:21:00,20122.5,20124.75,20117.25,20124.0,3567
2026-01-26 10:22:00,20124.0,20124.25,20124.0,20124.0,2575
2026-01-26 10:23:00,20124.0,20124.0,20121.75,20123.75,3329
2026-01-26 10:24:00,20123.75,20126.0,20120.75,20122.5,3264
2026-01-26 10:25:00,20122.5,20123.0,20121.75,20122.0,3111
2026-01-26 10:26:00,20122.0,20123.25,20120.5,20122.25,4374
2026-01-26 10:27:00,20122.25,20122.75,20117.5,20119.75,2263
2026-01-26 10:28:00,20119.75,20120.75,20118.75,20118.75,1781
2026-01-26 10:29:00,20118.75,20120.0,20118.75,20119.75,2729
2026-01-26 10:30:00,20119.75,20120.25,20119.25,20120.0,2702
2026-01-26 10:31:00,20120.0,20120.25,20118.5,20120.0,3040
2026-01-26 10:32:00,20120.0,20120.0,20117.5,20117.5,1595
2026-01-26 10:33:00,20117.5,20117.75,20113.0,20114.5,2726
2026-01-26 10:34:00,20114.5,20115.0,20112.75,20113.0,1742
2026-01-26 10:35:00,20113.0,20114.25,20106.0,20113.75,1702
2026-01-26 10:36:00,20113.75,20114.5,20112.75,20114.0,4051
2026-01-26 10:37:00,20114.0,20115.25,20112.0,20112.75,2270
2026-01-26 10:38:00,20112.75,20115.75,20112.5,20113.5,1973
2026-01-26 10:39:00,20113.5,20113.5,20112.5,20112.75,1858
2026-01-26 10:40:00,20112.75,20113.5,20111.25,20111.5,2781
2026-01-26 10:41:00,20111.5,20112.25,20109.75,20110.5,1792
2026-01-26 10:42:00,20110.5,20111.25,20108.0,20109.5,4290
2026-01-26 10:43:00,20109.5,20110.0,20108.0,20108.5,2348
2026-01-26 10:44:00,20108.5,20109.0,20106.25,20107.75,2938
2026-01-26 10:45:00,20107.75,20109.75,20105.25,20109.0,1758
2026-01-26 10:46:00,20109.0,20109.25,20107.25,20108.5,3878
2026-01-26 10:47:00,20108.5,20110.25,20107.5,20109.25,1849
2026-01-26 10:48:00,20109.25,20109.25,20107.25,20107.25,2906
2026-01-26 10:49:00,20107.25,20109.25,20105.5,20107.5,4138
2026-01-26 10:50:00,20107.5,20107.75,20106.0,20106.25,4125
2026-01-26 10:51:00,20106.25,20107.75,20105.75,20106.5,2228
2026-01-26 10:52:00,20106.5,20107.75,20104.5,20105.5,3305
2026-01-26 10:53:00,20105.5,20106.0,20103.5,20104.25,3276
2026-01-26 10:54:00,20104.25,20104.25,20102.0,20103.5,1514
2026-01-26 10:55:00,20103.5,20105.25,20102.75,20105.0,4136
2026-01-26 10:56:00,20105.0,20107.25,20103.75,20104.25,3838
2026-01-26 10:57:00,20104.25,20104.75,20103.75,20104.75,3419
2026-01-26 10:58:00,20104.75,20106.75,20103.5,20105.5,3946
2026-01-26 10:59:00,20105.5,20107.25,20105.5,20105.5,3873
2026-01-26 11:00:00,20105.5,20107.0,20104.0,20106.25,3475
2026-01-26 11:01:00,20106.25,20107.75,20105.75,20106.25,4435
2026-01-26 11:02:00,20106.25,20106.5,20104.25,20105.5,2344
2026-01-26 11:03:00,20105.5,20107.25,20105.0,20106.5,2349
2026-01-26 11:04:00,20106.5,20107.5,20106.25,20107.0,4403
2026-01-26 11:05:00,20107.0,20110.75,20106.0,20109.0,3325
2026-01-26 11:06:00,20109.0,20109.75,20107.5,20109.75,1741
2026-01-26 11:07:00,20109.75,20111.0,20109.75,20111.0,3362
2026-01-26 11:08:00,20111.0,20112.5,20109.75,20111.75,1952
2026-01-26 11:09:00,20111.75,20112.25,20111.25,20111.5,1985
2026-01-26 11:10:00,20111.5,20114.0,20110.25,20111.75,1623
2026-01-26 11:11:00,20111.75,20114.0,20111.5,20112.5,2466
2026-01-26 11:12:00,20112.5,20113.25,20112.0,20112.25,4240
2026-01-26 11:13:00,20112.25,20114.5,20111.25,20113.75,2716
2026-01-26 11:14:00,20113.75,20114.0,20113.25,20113.75,3549
2026-01-26 11:15:00,20113.75,20115.0,20111.75,20113.75,3341
2026-01-26 11:16:00,20113.75,20115.25,20113.0,20114.5,4136
2026-01-26 11:17:00,20114.5,20115.75,20113.75,20115.5,4005
2026-01-26 11:18:00,20115.5,20117.5,20114.0,20116.75,3054
2026-01-26 11:19:00,20116.75,20118.0,20114.0,20114.75,2059
2026-01-26 11:20:00,20114.75,20115.0,20114.75,20115.0,4476
2026-01-26 11:21:00,20115.0,20116.5,20114.5,20115.25,3092
2026-01-26 11:22:00,20115.25,20117.0,20111.0,20116.0,4304
2026-01-26 11:23:00,20116.0,20117.0,20115.0,20116.0,2916
2026-01-26 11:24:00,20116.0,20117.25,20115.25,20116.75,1889
2026-01-26 11:25:00,20116.75,20119.0,20116.5,20118.0,3470
2026-01-26 11:26:00,20118.0,20120.0,20117.75,20119.5,1551
2026-01-26 11:27:00,20119.5,20121.5,20118.75,20118.75,3824
2026-01-26 11:28:00,20118.75,20119.0,20116.5,20116.75,2710
2026-01-26 11:29:00,20116.75,20118.0,20115.75,20117.0,3694
2026-01-26 11:30:00,20117.0,20117.25,20117.0,20117.0,802
2026-01-26 11:31:00,20117.0,20117.0,20116.25,20117.0,764
2026-01-26 11:32:00,20117.0,20118.5,20115.75,20118.25,1469
2026-01-26 11:33:00,20118.25,20118.25,20118.0,20118.0,1480
2026-01-26 11:34:00,20118.0,20119.75,20116.5,20119.25,1037
2026-01-26 11:35:00,20119.25,20120.75,20118.75,20120.25,718
2026-01-26 11:36:00,20120.25,20121.0,20120.25,20121.0,821
2026-01-26 11:37:00,20121.0,20121.0,20120.0,20120.5,1433
2026-01-26 11:38:00,20120.5,20121.0,20119.0,20119.0,1639
2026-01-26 11:39:00,20119.0,20119.75,20116.75,20119.0,1527
2026-01-26 11:40:00,20119.0,20119.5,20118.5,20119.5,1292
2026-01-26 11:41:00,20119.5,20119.75,20118.25,20119.5,886
2026-01-26 11:42:00,20119.5,20120.5,20119.25,20119.5,1378
2026-01-26 11:43:00,20119.5,20120.5,20119.25,20120.0,909
2026-01-26 11:44:00,20120.0,20121.0,20119.5,20120.5,1142
2026-01-26 11:45:00,20120.5,20120.75,20120.0,20120.25,1708
2026-01-26 11:46:00,20120.25,20121.5,20120.25,20121.25,1259
2026-01-26 11:47:00,20121.25,20121.5,20120.0,20121.0,1322
2026-01-26 11:48:00,20121.0,20121.0,20119.5,20120.0,1153
2026-01-26 11:49:00,20120.0,20120.25,20119.5,20120.0,1542
2026-01-26 11:50:00,20120.0,20120.75,20119.75,20119.75,1743
2026-01-26 11:51:00,20119.75,20119.75,20119.0,20119.25,1754
2026-01-26 11:52:00,20119.25,20120.0,20118.75,20119.75,1082
2026-01-26 11:53:00,20119.75,20120.75,20118.75,20120.75,1527
2026-01-26 11:54:00,20120.75,20121.25,20120.25,20120.5,1670
2026-01-26 11:55:00,20120.5,20121.75,20119.0,20120.5,1541
2026-01-26 11:56:00,20120.5,20122.25,20118.75,20119.5,780
2026-01-26 11:57:00,20119.5,20120.75,20119.5,20120.0,1370
2026-01-26 11:58:00,20120.0,20120.0,20119.0,20119.0,1035
2026-01-26 11:59:00,20119.0,20119.0,20117.0,20118.25,647
2026-01-26 12:00:00,20118.25,20119.0,20117.75,20118.0,1332
2026-01-26 12:01:00,20118.0,20118.0,20116.5,20117.75,1282
2026-01-26 12:02:00,20117.75,20118.25,20115.5,20117.75,916
2026-01-26 12:03:00,20117.75,20118.5,20117.75,20118.5,782
2026-01-26 12:04:00,20118.5,20120.0,20117.75,20119.5,1512
2026-01-26 12:05:00,20119.5,20120.0,20118.75,20119.5,999
2026-01-26 12:06:00,20119.5,20120.75,20119.25,20119.5,1614
2026-01-26 12:07:00,20119.5,20119.75,20119.25,20119.5,1282
2026-01-26 12:08:00,20119.5,20119.5,20119.25,20119.5,918
2026-01-26 12:09:00,20119.5,20119.5,20118.5,20118.75,1487
2026-01-26 12:10:00,20118.75,20119.25,20117.5,20118.25,1137
2026-01-26 12:11:00,20118.25,20118.75,20117.75,20117.75,1187
2026-01-26 12:12:00,20117.75,20117.75,20116.75,20117.0,1327
2026-01-26 12:13:00,20117.0,20117.75,20116.5,20116.75,1222
2026-01-26 12:14:00,20116.75,20117.0,20116.0,20116.75,1670
2026-01-26 12:15:00,20116.75,20118.25,20116.25,20117.0,1036
2026-01-26 12:16:00,20117.0,20117.75,20117.0,20117.5,1398
2026-01-26 12:17:00,20117.5,20119.25,20117.25,20117.75,1720
2026-01-26 12:18:00,20117.75,20117.75,20117.0,20117.5,1156
2026-01-26 12:19:00,20117.5,20118.0,20117.25,20117.75,1144
2026-01-26 12:20:00,20117.75,20118.0,20116.75,20117.25,858
2026-01-26 12:21:00,20117.25,20117.75,20116.0,20117.5,775
2026-01-26 12:22:00,20117.5,20117.75,20116.5,20116.75,1613
2026-01-26 12:23:00,20116.75,20117.5,20116.0,20117.0,1236
2026-01-26 12:24:00,20117.0,20118.75,20116.5,20117.5,819
2026-01-26 12:25:00,20117.5,20118.5,20117.5,20117.75,794
2026-01-26 12:26:00,20117.75,20117.75,20116.75,20117.25,1003
2026-01-26 12:27:00,20117.25,20117.75,20116.75,20117.75,1302
2026-01-26 12:28:00,20117.75,20117.75,20117.5,20117.5,1183
2026-01-26 12:29:00,20117.5,20118.0,20117.25,20118.0,1647
2026-01-26 12:30:00,20118.0,20118.5,20117.25,20118.25,1789
2026-01-26 12:31:00,20118.25,20118.75,20116.25,20116.75,749
2026-01-26 12:32:00,20116.75,20117.0,20116.0,20117.0,1656
2026-01-26 12:33:00,20117.0,20117.75,20116.25,20117.75,1325
2026-01-26 12:34:00,20117.75,20118.5,20117.5,20118.25,782
2026-01-26 12:35:00,20118.25,20119.25,20117.75,20118.75,1027
2026-01-26 12:36:00,20118.75,20119.5,20117.0,20117.0,1559
2026-01-26 12:37:00,20117.0,20118.0,20116.75,20117.75,721
2026-01-26 12:38:00,20117.75,20118.5,20117.25,20117.25,1241
2026-01-26 12:39:00,20117.25,20118.25,20116.25,20117.5,729
2026-01-26 12:40:00,20117.5,20117.75,20116.25,20116.5,917
2026-01-26 12:41:00,20116.5,20117.5,20116.25,20117.0,1631
2026-01-26 12:42:00,20117.0,20117.25,20116.75,20117.0,1091
2026-01-26 12:43:00,20117.0,20117.5,20116.25,20117.5,793
2026-01-26 12:44:00,20117.5,20118.0,20116.0,20117.25,1445
2026-01-26 12:45:00,20117.25,20117.5,20116.5,20116.75,1622
2026-01-26 12:46:00,20116.75,20118.0,20116.5,20117.25,1662
2026-01-26 12:47:00,20117.25,20118.25,20117.0,20117.75,1525
2026-01-26 12:48:00,20117.75,20118.5,20117.75,20118.0,929
2026-01-26 12:49:00,20118.0,20118.25,20117.5,20118.0,1093
2026-01-26 12:50:00,20118.0,20119.0,20117.75,20118.25,1747
2026-01-26 12:51:00,20118.25,20120.0,20118.25,20119.25,1252
2026-01-26 12:52:00,20119.25,20119.75,20119.0,20119.5,1348
2026-01-26 12:53:00,20119.5,20119.5,20118.0,20119.0,730
2026-01-26 12:54:00,20119.0,20119.25,20118.0,20118.75,630
2026-01-26 12:55:00,20118.75,20119.5,20117.75,20118.75,1178
2026-01-26 12:56:00,20118.75,20118.75,20118.75,20118.75,1741
2026-01-26 12:57:00,20118.75,20120.25,20118.0,20118.25,1194
2026-01-26 12:58:00,20118.25,20118.5,20117.5,20118.25,1048
2026-01-26 12:59:00,20118.25,20118.25,20117.0,20118.25,1166
2026-01-26 13:00:00,20118.25,20118.5,20117.5,20118.0,987
2026-01-26 13:01:00,20118.0,20118.5,20117.25,20117.75,1085
2026-01-26 13:02:00,20117.75,20119.0,20117.75,20118.25,1315
2026-01-26 13:03:00,20118.25,20118.5,20118.0,20118.25,1096
2026-01-26 13:04:00,20118.25,20118.25,20117.75,20118.25,810
2026-01-26 13:05:00,20118.25,20119.5,20118.0,20118.5,1124
2026-01-26 13:06:00,20118.5,20118.75,20117.0,20118.25,1621
2026-01-26 13:07:00,20118.25,20118.5,20117.75,20118.0,854
2026-01-26 13:08:00,20118.0,20118.25,20117.5,20118.25,1262
2026-01-26 13:09:00,20118.25,20118.25,20117.0,20117.75,1790
2026-01-26 13:10:00,20117.75,20118.5,20117.25,20118.25,612
2026-01-26 13:11:00,20118.25,20118.25,20116.75,20117.0,1263
2026-01-26 13:12:00,20117.0,20117.25,20116.75,20117.0,1018
2026-01-26 13:13:00,20117.0,20118.0,20116.0,20117.0,1197
2026-01-26 13:14:00,20117.0,20117.75,20116.5,20117.5,1168
2026-01-26 13:15:00,20117.5,20120.5,20116.5,20117.0,1208
2026-01-26 13:16:00,20117.0,20117.25,20116.5,20116.75,910
2026-01-26 13:17:00,20116.75,20117.0,20115.75,20117.0,801
2026-01-26 13:18:00,20117.0,20118.5,20115.75,20116.75,805
2026-01-26 13:19:00,20116.75,20118.0,20116.25,20116.75,1144
2026-01-26 13:20:00,20116.75,20118.25,20116.5,20117.5,1225
2026-01-26 13:21:00,20117.5,20118.0,20116.75,20117.75,1283
2026-01-26 13:22:00,20117.75,20118.0,20117.25,20118.0,872
2026-01-26 13:23:00,20118.0,20119.25,20117.25,20117.75,1505
2026-01-26 13:24:00,20117.75,20118.25,20116.5,20118.0,1035
2026-01-26 13:25:00,20118.0,20118.0,20117.25,20117.75,771
2026-01-26 13:26:00,20117.75,20118.25,20117.5,20118.0,697
2026-01-26 13:27:00,20118.0,20118.75,20118.0,20118.25,1743
2026-01-26 13:28:00,20118.25,20118.5,20117.5,20118.25,945
2026-01-26 13:29:00,20118.25,20119.5,20118.0,20118.5,1607
2026-01-26 13:30:00,20118.5,20122.0,20118.25,20119.25,1587
2026-01-26 13:31:00,20119.25,20119.5,20118.25,20118.75,3453
2026-01-26 13:32:00,20118.75,20120.0,20116.0,20117.25,2343
2026-01-26 13:33:00,20117.25,20117.5,20113.5,20115.75,3329
2026-01-26 13:34:00,20115.75,20116.75,20115.0,20115.5,3780
2026-01-26 13:35:00,20115.5,20118.0,20115.5,20116.75,3013
2026-01-26 13:36:00,20116.75,20117.25,20115.75,20117.25,3126
2026-01-26 13:37:00,20117.25,20121.5,20117.0,20118.25,3928
2026-01-26 13:38:00,20118.25,20118.75,20118.0,20118.25,3537
2026-01-26 13:39:00,20118.25,20120.5,20117.75,20120.25,1884
2026-01-26 13:40:00,20120.25,20121.25,20118.25,20120.5,1988
2026-01-26 13:41:00,20120.5,20122.75,20120.25,20122.25,3070
2026-01-26 13:42:00,20122.25,20122.25,20120.0,20120.25,3211
2026-01-26 13:43:00,20120.25,20120.5,20119.0,20119.0,1533
2026-01-26 13:44:00,20119.0,20119.75,20118.0,20118.0,3885
2026-01-26 13:45:00,20118.0,20118.75,20116.5,20117.25,3508
2026-01-26 13:46:00,20117.25,20118.0,20116.25,20117.5,1612
2026-01-26 13:47:00,20117.5,20119.5,20117.0,20119.0,3174
2026-01-26 13:48:00,20119.0,20119.0,20117.0,20118.75,2897
2026-01-26 13:49:00,20118.75,20119.0,20116.5,20117.0,1496
2026-01-26 13:50:00,20117.0,20118.5,20115.75,20118.25,3256
2026-01-26 13:51:00,20118.25,20119.5,20116.75,20117.5,2775
2026-01-26 13:52:00,20117.5,20120.0,20117.5,20118.5,3433
2026-01-26 13:53:00,20118.5,20119.25,20116.75,20117.5,1901
2026-01-26 13:54:00,20117.5,20121.75,20116.75,20117.75,2777
2026-01-26 13:55:00,20117.75,20119.5,20117.75,20119.0,2952
2026-01-26 13:56:00,20119.0,20120.75,20118.0,20118.5,2671
2026-01-26 13:57:00,20118.5,20118.5,20117.25,20117.5,2876
2026-01-26 13:58:00,20117.5,20117.75,20115.25,20116.5,1545
2026-01-26 13:59:00,20116.5,20116.5,20115.25,20115.5,1754
2026-01-26 14:00:00,20115.5,20116.0,20113.25,20113.5,3673
2026-01-26 14:01:00,20113.5,20114.75,20111.75,20112.0,1466
2026-01-26 14:02:00,20112.0,20112.25,20111.0,20111.5,2065
2026-01-26 14:03:00,20111.5,20111.75,20109.75,20109.75,1813
2026-01-26 14:04:00,20109.75,20110.75,20109.0,20110.0,1622
2026-01-26 14:05:00,20110.0,20112.5,20108.5,20111.75,3140
2026-01-26 14:06:00,20111.75,20112.5,20110.5,20110.75,2652
2026-01-26 14:07:00,20110.75,20112.5,20110.25,20110.25,2492
2026-01-26 14:08:00,20110.25,20110.75,20108.25,20109.25,3251
2026-01-26 14:09:00,20109.25,20110.0,20107.75,20108.5,3138
2026-01-26 14:10:00,20108.5,20110.5,20108.5,20109.25,2756
2026-01-26 14:11:00,20109.25,20111.0,20109.0,20110.75,1961
2026-01-26 14:12:00,20110.75,20112.5,20108.5,20112.0,3869
2026-01-26 14:13:00,20112.0,20112.5,20110.75,20111.75,1469
2026-01-26 14:14:00,20111.75,20115.0,20111.25,20112.25,3387
2026-01-26 14:15:00,20112.25,20113.0,20110.5,20111.25,2194
2026-01-26 14:16:00,20111.25,20113.25,20110.5,20113.0,3729
2026-01-26 14:17:00,20113.0,20116.75,20111.5,20113.5,2485
2026-01-26 14:18:00,20113.5,20113.5,20112.5,20113.0,2001
2026-01-26 14:19:00,20113.0,20114.0,20112.0,20113.75,2243
2026-01-26 14:20:00,20113.75,20118.0,20112.5,20113.5,2182
2026-01-26 14:21:00,20113.5,20115.25,20112.25,20115.0,3335
2026-01-26 14:22:00,20115.0,20117.75,20113.5,20114.25,2546
2026-01-26 14:23:00,20114.25,20115.25,20114.25,20114.75,1708
2026-01-26 14:24:00,20114.75,20117.25,20114.25,20116.25,3025
2026-01-26 14:25:00,20116.25,20118.0,20116.0,20116.25,2391
2026-01-26 14:26:00,20116.25,20116.75,20115.25,20116.5,3275
2026-01-26 14:27:00,20116.5,20119.25,20115.0,20118.0,1968
2026-01-26 14:28:00,20118.0,20121.25,20115.5,20119.5,2379
2026-01-26 14:29:00,20119.5,20125.0,20118.75,20122.5,3592
2026-01-26 14:30:00,20122.5,20122.75,20121.25,20121.25,1899
2026-01-26 14:31:00,20121.25,20122.75,20120.0,20120.25,2489
2026-01-26 14:32:00,20120.25,20122.5,20119.75,20122.0,1429
2026-01-26 14:33:00,20122.0,20123.25,20121.0,20123.0,3851
2026-01-26 14:34:00,20123.0,20124.75,20120.25,20120.25,1624
2026-01-26 14:35:00,20120.25,20120.75,20119.25,20119.5,3814
2026-01-26 14:36:00,20119.5,20119.75,20119.0,20119.75,1515
2026-01-26 14:37:00,20119.75,20121.0,20117.75,20119.5,3524
2026-01-26 14:38:00,20119.5,20121.75,20117.75,20118.25,1660
2026-01-26 14:39:00,20118.25,20121.75,20117.25,20119.5,1504
2026-01-26 14:40:00,20119.5,20121.25,20118.75,20121.0,2679
2026-01-26 14:41:00,20121.0,20121.75,20118.75,20119.5,2850
2026-01-26 14:42:00,20119.5,20120.5,20119.25,20120.25,1590
2026-01-26 14:43:00,20120.25,20121.0,20119.5,20119.75,1616
2026-01-26 14:44:00,20119.75,20121.25,20118.5,20121.25,1506
2026-01-26 14:45:00,20121.25,20121.5,20120.75,20121.25,1798
2026-01-26 14:46:00,20121.25,20125.25,20121.0,20122.75,3592
2026-01-26 14:47:00,20122.75,20122.75,20119.0,20122.0,2796
2026-01-26 14:48:00,20122.0,20123.0,20121.25,20122.25,3633
2026-01-26 14:49:00,20122.25,20124.25,20119.25,20123.0,1439
2026-01-26 14:50:00,20123.0,20124.75,20122.75,20124.75,3087
2026-01-26 14:51:00,20124.75,20128.5,20124.75,20127.0,2241
2026-01-26 14:52:00,20127.0,20127.5,20127.0,20127.0,2258
2026-01-26 14:53:00,20127.0,20127.25,20125.25,20126.25,2921
2026-01-26 14:54:00,20126.25,20130.0,20126.0,20127.25,2035
2026-01-26 14:55:00,20127.25,20127.5,20127.25,20127.5,3978
2026-01-26 14:56:00,20127.5,20127.5,20126.25,20126.5,2366
2026-01-26 14:57:00,20126.5,20129.75,20126.25,20129.25,1593
2026-01-26 14:58:00,20129.25,20131.0,20128.25,20130.75,1725
2026-01-26 14:59:00,20130.75,20131.5,20129.5,20129.5,3776
2026-01-26 15:00:00,20129.5,20130.0,20129.5,20129.75,2305
2026-01-26 15:01:00,20129.75,20130.25,20129.75,20130.25,1950
2026-01-26 15:02:00,20130.25,20132.25,20128.0,20132.0,2179
2026-01-26 15:03:00,20132.0,20132.75,20131.0,20131.25,1640
2026-01-26 15:04:00,20131.25,20134.25,20131.25,20132.25,1687
2026-01-26 15:05:00,20132.25,20133.25,20128.75,20132.75,3468
2026-01-26 15:06:00,20132.75,20133.25,20132.0,20132.75,1694
2026-01-26 15:07:00,20132.75,20134.0,20132.25,20133.5,1883
2026-01-26 15:08:00,20133.5,20135.25,20133.5,20134.25,2864
2026-01-26 15:09:00,20134.25,20134.5,20132.5,20133.5,2295
2026-01-26 15:10:00,20133.5,20134.5,20132.0,20134.5,1539
2026-01-26 15:11:00,20134.5,20135.5,20133.5,20134.75,1860
2026-01-26 15:12:00,20134.75,20135.75,20132.25,20133.75,1693
2026-01-26 15:13:00,20133.75,20134.0,20133.5,20134.0,3007
2026-01-26 15:14:00,20134.0,20136.25,20133.25,20136.0,2957
2026-01-26 15:15:00,20136.0,20136.75,20135.0,20135.25,2557
2026-01-26 15:16:00,20135.25,20136.25,20133.5,20133.75,3919
2026-01-26 15:17:00,20133.75,20136.0,20133.25,20135.5,2259
2026-01-26 15:18:00,20135.5,20137.75,20133.25,20133.75,3372
2026-01-26 15:19:00,20133.75,20134.5,20133.0,20134.25,3108
2026-01-26 15:20:00,20134.25,20136.75,20131.75,20134.0,3850
2026-01-26 15:21:00,20134.0,20135.25,20133.5,20134.5,3926
2026-01-26 15:22:00,20134.5,20135.25,20134.0,20135.0,3323
2026-01-26 15:23:00,20135.0,20135.75,20135.0,20135.25,2698
2026-01-26 15:24:00,20135.25,20137.25,20135.25,20136.75,3658
2026-01-26 15:25:00,20136.75,20138.5,20135.75,20138.0,3782
2026-01-26 15:26:00,20138.0,20138.5,20137.5,20138.25,2774
2026-01-26 15:27:00,20138.25,20138.5,20138.25,20138.25,2767
2026-01-26 15:28:00,20138.25,20139.25,20137.25,20137.25,2897
2026-01-26 15:29:00,20137.25,20139.75,20137.0,20139.25,3674
2026-01-26 15:30:00,20139.25,20139.5,20138.75,20139.25,7265
2026-01-26 15:31:00,20139.25,20140.5,20138.75,20140.0,7633
2026-01-26 15:32:00,20140.0,20140.75,20139.25,20139.5,5149
2026-01-26 15:33:00,20139.5,20141.25,20139.25,20140.0,5897
2026-01-26 15:34:00,20140.0,20140.25,20138.25,20138.25,5368
2026-01-26 15:35:00,20138.25,20142.0,20137.5,20141.0,6719
2026-01-26 15:36:00,20141.0,20141.25,20138.25,20139.0,6660
2026-01-26 15:37:00,20139.0,20141.75,20135.5,20138.25,6616
2026-01-26 15:38:00,20138.25,20138.75,20136.75,20137.0,3700
2026-01-26 15:39:00,20137.0,20138.75,20133.25,20135.5,6901
2026-01-26 15:40:00,20135.5,20140.0,20135.25,20138.0,5243
2026-01-26 15:41:00,20138.0,20138.75,20133.25,20135.5,5559
2026-01-26 15:42:00,20135.5,20136.0,20131.5,20133.0,7655
2026-01-26 15:43:00,20133.0,20135.0,20132.0,20134.5,3848
2026-01-26 15:44:00,20134.5,20135.25,20133.75,20135.0,5299
2026-01-26 15:45:00,20135.0,20136.0,20133.5,20135.25,7005
2026-01-26 15:46:00,20135.25,20140.75,20135.25,20137.75,7179
2026-01-26 15:47:00,20137.75,20138.5,20132.25,20137.5,6858
2026-01-26 15:48:00,20137.5,20139.5,20137.5,20138.5,6027
2026-01-26 15:49:00,20138.5,20142.25,20138.25,20140.5,6947
2026-01-26 15:50:00,20140.5,20141.25,20138.75,20139.25,7740
2026-01-26 15:51:00,20139.25,20139.5,20137.75,20139.0,4159
2026-01-26 15:52:00,20139.0,20140.5,20136.5,20136.75,6739
2026-01-26 15:53:00,20136.75,20140.25,20129.75,20138.25,5644
2026-01-26 15:54:00,20138.25,20138.75,20137.25,20137.5,4703
2026-01-26 15:55:00,20137.5,20140.0,20135.5,20139.0,3710
2026-01-26 15:56:00,20139.0,20140.75,20138.75,20139.5,4795
2026-01-26 15:57:00,20139.5,20141.75,20134.0,20137.75,6263
2026-01-26 15:58:00,20137.75,20141.25,20134.5,20139.5,7165
2026-01-26 15:59:00,20139.5,20140.5,20138.5,20139.75,4855
2026-01-27 09:30:00,20139.75,20141.0,20139.5,20140.0,4475
2026-01-27 09:31:00,20140.0,20141.5,20129.75,20137.75,7177
2026-01-27 09:32:00,20137.75,20142.75,20134.25,20134.5,6758
2026-01-27 09:33:00,20134.5,20136.0,20132.0,20135.75,4387
2026-01-27 09:34:00,20135.75,20136.25,20129.25,20135.0,3208
2026-01-27 09:35:00,20135.0,20140.25,20129.25,20131.0,5529
2026-01-27 09:36:00,20131.0,20132.5,20127.0,20128.5,4297
2026-01-27 09:37:00,20128.5,20129.25,20127.75,20129.0,6625
2026-01-27 09:38:00,20129.0,20133.0,20129.0,20132.75,4824
2026-01-27 09:39:00,20132.75,20134.25,20130.75,20134.0,4690
2026-01-27 09:40:00,20134.0,20135.5,20131.75,20132.25,4661
2026-01-27 09:41:00,20132.25,20135.75,20131.0,20131.25,6899
2026-01-27 09:42:00,20131.25,20137.75,20131.25,20135.25,7506
2026-01-27 09:43:00,20135.25,20139.25,20134.75,20139.0,7189
2026-01-27 09:44:00,20139.0,20139.0,20136.25,20139.0,3235
2026-01-27 09:45:00,20139.0,20140.25,20138.75,20139.5,3586
2026-01-27 09:46:00,20139.5,20142.0,20139.25,20142.0,3567
2026-01-27 09:47:00,20142.0,20142.25,20141.5,20141.75,7757
2026-01-27 09:48:00,20141.75,20144.0,20140.0,20143.0,4653
2026-01-27 09:49:00,20143.0,20148.5,20142.75,20146.25,3943
2026-01-27 09:50:00,20146.25,20147.75,20143.5,20146.25,8824
2026-01-27 09:51:00,20146.25,20146.5,20141.5,20142.25,8397
2026-01-27 09:52:00,20142.25,20148.0,20139.0,20143.25,7760
2026-01-27 09:53:00,20143.25,20145.25,20138.75,20143.25,6545
2026-01-27 09:54:00,20143.25,20144.25,20142.75,20144.0,3356
2026-01-27 09:55:00,20144.0,20144.5,20140.5,20140.75,8929
2026-01-27 09:56:00,20140.75,20144.25,20138.5,20142.5,7800
2026-01-27 09:57:00,20142.5,20144.5,20141.5,20142.5,4226
2026-01-27 09:58:00,20142.5,20144.0,20142.0,20142.75,8240
2026-01-27 09:59:00,20142.75,20144.5,20140.5,20144.25,7437
2026-01-27 10:00:00,20144.25,20145.25,20144.0,20144.25,2461
2026-01-27 10:01:00,20144.25,20147.25,20142.25,20142.5,2907
2026-01-27 10:02:00,20142.5,20142.75,20140.0,20142.25,3808
2026-01-27 10:03:00,20142.25,20144.25,20141.75,20143.75,3793
2026-01-27 10:04:00,20143.75,20143.75,20142.75,20143.75,1841
2026-01-27 10:05:00,20143.75,20144.0,20143.0,20143.25,3763
2026-01-27 10:06:00,20143.25,20144.0,20139.5,20140.5,2930
2026-01-27 10:07:00,20140.5,20140.75,20137.75,20138.25,3808
2026-01-27 10:08:00,20138.25,20138.25,20136.75,20137.5,4499
2026-01-27 10:09:00,20137.5,20138.75,20136.5,20136.75,3694
2026-01-27 10:10:00,20136.75,20137.25,20136.0,20137.25,1571
2026-01-27 10:11:00,20137.25,20138.0,20136.25,20137.25,3049
2026-01-27 10:12:00,20137.25,20137.75,20137.25,20137.5,2073
2026-01-27 10:13:00,20137.5,20138.25,20137.5,20137.5,4425
2026-01-27 10:14:00,20137.5,20140.0,20136.25,20138.75,2177
2026-01-27 10:15:00,20138.75,20141.25,20138.5,20141.0,2787
2026-01-27 10:16:00,20141.0,20143.0,20140.5,20141.25,3210
2026-01-27 10:17:00,20141.25,20142.5,20139.5,20142.5,2557
2026-01-27 10:18:00,20142.5,20150.5,20141.25,20141.25,2390
2026-01-27 10:19:00,20141.25,20142.25,20140.0,20141.0,1678
2026-01-27 10:20:00,20141.0,20141.25,20138.25,20139.75,1788
2026-01-27 10:21:00,20139.75,20140.25,20138.75,20139.25,2579
2026-01-27 10:22:00,20139.25,20143.5,20137.25,20139.5,3490
2026-01-27 10:23:00,20139.5,20139.75,20138.75,20139.25,2074
2026-01-27 10:24:00,20139.25,20139.5,20139.0,20139.25,3853
2026-01-27 10:25:00,20139.25,20143.75,20139.0,20140.5,2739
2026-01-27 10:26:00,20140.5,20140.75,20138.25,20140.25,3409
2026-01-27 10:27:00,20140.25,20145.25,20139.0,20143.25,2201
2026-01-27 10:28:00,20143.25,20144.5,20142.75,20144.5,1632
2026-01-27 10:29:00,20144.5,20145.5,20144.0,20145.5,2911
2026-01-27 10:30:00,20145.5,20145.5,20144.5,20145.5,3854
2026-01-27 10:31:00,20145.5,20149.75,20145.25,20147.5,1537
2026-01-27 10:32:00,20147.5,20149.5,20147.0,20149.0,3865
2026-01-27 10:33:00,20149.0,20150.0,20148.5,20148.75,3070
2026-01-27 10:34:00,20148.75,20149.5,20148.25,20148.75,2654
2026-01-27 10:35:00,20148.75,20149.5,20146.5,20148.5,2857
2026-01-27 10:36:00,20148.5,20149.25,20146.5,20146.75,3683
2026-01-27 10:37:00,20146.75,20147.0,20142.5,20143.75,3009
2026-01-27 10:38:00,20143.75,20145.25,20140.5,20144.25,3085
2026-01-27 10:39:00,20144.25,20144.25,20143.5,20144.25,2420
2026-01-27 10:40:00,20144.25,20148.0,20143.0,20145.5,2504
2026-01-27 10:41:00,20145.5,20146.75,20144.25,20144.25,3060
2026-01-27 10:42:00,20144.25,20145.0,20143.25,20143.5,2705
2026-01-27 10:43:00,20143.5,20144.25,20142.25,20143.0,4111
2026-01-27 10:44:00,20143.0,20143.75,20142.5,20143.75,3351
2026-01-27 10:45:00,20143.75,20145.5,20143.5,20145.0,1942
2026-01-27 10:46:00,20145.0,20146.5,20144.75,20146.25,3371
2026-01-27 10:47:00,20146.25,20147.75,20144.5,20146.5,3548
2026-01-27 10:48:00,20146.5,20148.25,20146.25,20148.0,2894
2026-01-27 10:49:00,20148.0,20149.5,20146.5,20149.5,2881
2026-01-27 10:50:00,20149.5,20149.75,20146.0,20146.25,2828
2026-01-27 10:51:00,20146.25,20146.25,20144.5,20146.0,1566
2026-01-27 10:52:00,20146.0,20146.25,20145.25,20145.75,2728
2026-01-27 10:53:00,20145.75,20148.5,20145.25,20148.0,2446
2026-01-27 10:54:00,20148.0,20150.75,20146.25,20150.5,4132
2026-01-27 10:55:00,20150.5,20150.75,20149.5,20150.0,2326
2026-01-27 10:56:00,20150.0,20151.75,20146.75,20148.5,3473
2026-01-27 10:57:00,20148.5,20149.75,20148.0,20148.75,3501
2026-01-27 10:58:00,20148.75,20150.25,20143.25,20149.5,3357
2026-01-27 10:59:00,20149.5,20152.5,20148.75,20151.5,3627
2026-01-27 11:00:00,20151.5,20155.0,20148.75,20149.25,1762
2026-01-27 11:01:00,20149.25,20149.75,20146.75,20149.5,3753
2026-01-27 11:02:00,20149.5,20149.5,20149.25,20149.5,1725
2026-01-27 11:03:00,20149.5,20150.0,20147.25,20149.0,2291
2026-01-27 11:04:00,20149.0,20150.25,20148.5,20149.25,2426
2026-01-27 11:05:00,20149.25,20150.75,20147.5,20147.75,3792
2026-01-27 11:06:00,20147.75,20148.75,20147.0,20147.25,2916
2026-01-27 11:07:00,20147.25,20148.0,20145.25,20145.5,4009
2026-01-27 11:08:00,20145.5,20147.75,20141.5,20146.0,3632
2026-01-27 11:09:00,20146.0,20148.25,20144.75,20145.5,4126
2026-01-27 11:10:00,20145.5,20146.0,20144.5,20146.0,2765
2026-01-27 11:11:00,20146.0,20148.0,20145.25,20147.5,2569
2026-01-27 11:12:00,20147.5,20147.5,20146.5,20147.5,4101
2026-01-27 11:13:00,20147.5,20151.0,20146.5,20149.5,1762
2026-01-27 11:14:00,20149.5,20149.75,20148.75,20148.75,1604
2026-01-27 11:15:00,20148.75,20148.75,20146.0,20146.25,2003
2026-01-27 11:16:00,20146.25,20149.0,20145.25,20148.5,3645
2026-01-27 11:17:00,20148.5,20148.75,20147.25,20147.5,3412
2026-01-27 11:18:00,20147.5,20148.75,20147.5,20148.75,4443
2026-01-27 11:19:00,20148.75,20151.0,20148.5,20150.0,1824
2026-01-27 11:20:00,20150.0,20151.0,20148.25,20148.25,3541
2026-01-27 11:21:00,20148.25,20148.75,20147.25,20147.75,2707
2026-01-27 11:22:00,20147.75,20148.25,20147.25,20147.5,2988
2026-01-27 11:23:00,20147.5,20148.0,20147.0,20147.75,4295
2026-01-27 11:24:00,20147.75,20148.0,20146.5,20147.0,3430
2026-01-27 11:25:00,20147.0,20147.0,20145.0,20145.5,3481
2026-01-27 11:26:00,20145.5,20146.5,20143.75,20146.0,2040
2026-01-27 11:27:00,20146.0,20148.25,20144.25,20147.25,2439
2026-01-27 11:28:00,20147.25,20147.25,20144.75,20146.0,1716
2026-01-27 11:29:00,20146.0,20146.0,20143.25,20144.25,1732
2026-01-27 11:30:00,20144.25,20145.25,20144.0,20144.5,1196
2026-01-27 11:31:00,20144.5,20144.5,20144.0,20144.5,1753
2026-01-27 11:32:00,20144.5,20145.5,20144.0,20144.0,1411
2026-01-27 11:33:00,20144.0,20144.5,20143.75,20144.5,1655
2026-01-27 11:34:00,20144.5,20145.25,20143.25,20144.25,1135
2026-01-27 11:35:00,20144.25,20144.75,20144.0,20144.5,1601
2026-01-27 11:36:00,20144.5,20145.0,20144.25,20144.25,942
2026-01-27 11:37:00,20144.25,20144.5,20143.75,20143.75,1061
2026-01-27 11:38:00,20143.75,20144.75,20142.75,20143.25,1386
2026-01-27 11:39:00,20143.25,20143.5,20142.0,20143.0,1045
2026-01-27 11:40:00,20143.0,20143.0,20142.0,20142.75,1571
2026-01-27 11:41:00,20142.75,20143.5,20142.5,20143.25,1261
2026-01-27 11:42:00,20143.25,20143.75,20142.25,20142.5,1135
2026-01-27 11:43:00,20142.5,20143.25,20142.5,20143.25,1790
2026-01-27 11:44:00,20143.25,20143.75,20143.0,20143.75,1451
2026-01-27 11:45:00,20143.75,20144.5,20143.0,20143.0,1227
2026-01-27 11:46:00,20143.0,20143.25,20142.75,20143.0,1054
2026-01-27 11:47:00,20143.0,20143.75,20143.0,20143.75,1206
2026-01-27 11:48:00,20143.75,20144.0,20143.5,20143.75,1090
2026-01-27 11:49:00,20143.75,20144.5,20143.5,20144.0,1194
2026-01-27 11:50:00,20144.0,20144.5,20143.75,20144.25,1662
2026-01-27 11:51:00,20144.25,20144.5,20144.0,20144.0,1299
2026-01-27 11:52:00,20144.0,20144.0,20143.0,20143.25,946
2026-01-27 11:53:00,20143.25,20143.25,20142.75,20143.0,1696
2026-01-27 11:54:00,20143.0,20144.25,20142.0,20143.5,1640
2026-01-27 11:55:00,20143.5,20144.0,20143.25,20143.5,1719
2026-01-27 11:56:00,20143.5,20144.0,20143.5,20143.5,1084
2026-01-27 11:57:00,20143.5,20144.25,20142.75,20143.25,1452
2026-01-27 11:58:00,20143.25,20144.25,20143.25,20144.0,1349
2026-01-27 11:59:00,20144.0,20144.75,20144.0,20144.75,1195
2026-01-27 12:00:00,20144.75,20145.5,20144.5,20145.25,1178
2026-01-27 12:01:00,20145.25,20145.75,20145.0,20145.5,637
2026-01-27 12:02:00,20145.5,20146.25,20142.0,20144.75,1517
2026-01-27 12:03:00,20144.75,20147.0,20143.0,20145.75,1316
2026-01-27 12:04:00,20145.75,20145.75,20144.0,20144.75,1474
2026-01-27 12:05:00,20144.75,20145.5,20144.75,20145.0,1314
2026-01-27 12:06:00,20145.0,20145.75,20144.5,20145.25,1049
2026-01-27 12:07:00,20145.25,20146.0,20145.25,20145.25,1086
2026-01-27 12:08:00,20145.25,20145.5,20144.25,20145.0,1468
2026-01-27 12:09:00,20145.0,20146.25,20144.5,20145.0,1134
2026-01-27 12:10:00,20145.0,20145.25,20145.0,20145.0,1220
2026-01-27 12:11:00,20145.0,20145.5,20144.25,20144.75,861
2026-01-27 12:12:00,20144.75,20148.25,20144.75,20145.0,1717
2026-01-27 12:13:00,20145.0,20145.75,20144.25,20144.75,1346
2026-01-27 12:14:00,20144.75,20144.75,20143.0,20144.25,1474
2026-01-27 12:15:00,20144.25,20144.25,20143.0,20144.25,919
2026-01-27 12:16:00,20144.25,20147.0,20144.25,20145.5,1231
2026-01-27 12:17:00,20145.5,20145.75,20145.5,20145.5,1136
2026-01-27 12:18:00,20145.5,20146.5,20144.75,20146.0,646
2026-01-27 12:19:00,20146.0,20146.25,20146.0,20146.0,1734
2026-01-27 12:20:00,20146.0,20146.25,20144.75,20145.0,1613
2026-01-27 12:21:00,20145.0,20145.25,20144.25,20144.75,1588
2026-01-27 12:22:00,20144.75,20144.75,20144.5,20144.5,769
2026-01-27 12:23:00,20144.5,20145.0,20144.5,20144.5,932
2026-01-27 12:24:00,20144.5,20145.25,20144.0,20144.0,1786
2026-01-27 12:25:00,20144.0,20144.5,20143.0,20143.0,845
2026-01-27 12:26:00,20143.0,20143.5,20142.5,20143.5,1698
2026-01-27 12:27:00,20143.5,20143.5,20142.5,20143.5,795
2026-01-27 12:28:00,20143.5,20143.75,20142.5,20143.0,1431
2026-01-27 12:29:00,20143.0,20144.25,20143.0,20143.75,866
2026-01-27 12:30:00,20143.75,20144.25,20142.25,20143.0,1258
2026-01-27 12:31:00,20143.0,20147.25,20142.5,20144.5,1062
2026-01-27 12:32:00,20144.5,20145.75,20143.75,20145.0,1153
2026-01-27 12:33:00,20145.0,20146.0,20144.75,20145.0,1088
2026-01-27 12:34:00,20145.0,20146.25,20144.75,20145.75,711
2026-01-27 12:35:00,20145.75,20145.75,20145.5,20145.5,1298
2026-01-27 12:36:00,20145.5,20146.25,20145.0,20146.0,1797
2026-01-27 12:37:00,20146.0,20146.75,20145.5,20146.25,1535
2026-01-27 12:38:00,20146.25,20147.5,20145.75,20147.25,1159
2026-01-27 12:39:00,20147.25,20148.25,20147.25,20148.0,1749
2026-01-27 12:40:00,20148.0,20148.75,20147.0,20148.0,1647
2026-01-27 12:41:00,20148.0,20148.25,20147.5,20148.0,687
2026-01-27 12:42:00,20148.0,20148.25,20147.25,20147.25,1306
2026-01-27 12:43:00,20147.25,20148.0,20147.0,20147.5,1087
2026-01-27 12:44:00,20147.5,20147.75,20146.75,20147.0,736
2026-01-27 12:45:00,20147.0,20147.0,20146.75,20147.0,1334
2026-01-27 12:46:00,20147.0,20147.25,20147.0,20147.0,1282
2026-01-27 12:47:00,20147.0,20147.5,20146.75,20147.5,1215
2026-01-27 12:48:00,20147.5,20147.75,20146.5,20147.0,647
2026-01-27 12:49:00,20147.0,20147.0,20146.75,20147.0,1437
2026-01-27 12:50:00,20147.0,20148.0,20147.0,20147.75,1728
2026-01-27 12:51:00,20147.75,20149.25,20147.5,20149.0,801
2026-01-27 12:52:00,20149.0,20149.25,20148.75,20149.25,1336
2026-01-27 12:53:00,20149.25,20149.75,20148.75,20149.25,985
2026-01-27 12:54:00,20149.25,20150.75,20149.25,20150.0,1289
2026-01-27 12:55:00,20150.0,20150.0,20149.5,20149.75,1226
2026-01-27 12:56:00,20149.75,20150.25,20149.75,20150.25,1306
2026-01-27 12:57:00,20150.25,20150.5,20147.25,20148.5,1309
2026-01-27 12:58:00,20148.5,20148.5,20146.5,20148.0,1348
2026-01-27 12:59:00,20148.0,20149.75,20147.75,20148.0,1389
2026-01-27 13:00:00,20148.0,20148.25,20147.75,20148.0,961
2026-01-27 13:01:00,20148.0,20148.25,20147.5,20147.75,1633
2026-01-27 13:02:00,20147.75,20148.0,20147.75,20147.75,1432
2026-01-27 13:03:00,20147.75,20148.25,20146.75,20146.75,1092
2026-01-27 13:04:00,20146.75,20147.75,20145.75,20147.5,1508
2026-01-27 13:05:00,20147.5,20148.75,20147.25,20147.75,1496
2026-01-27 13:06:00,20147.75,20149.0,20146.75,20148.75,826
2026-01-27 13:07:00,20148.75,20148.75,20147.0,20147.25,635
2026-01-27 13:08:00,20147.25,20147.25,20146.5,20147.0,1151
2026-01-27 13:09:00,20147.0,20147.75,20146.0,20147.25,1629
2026-01-27 13:10:00,20147.25,20148.5,20147.25,20148.25,1665
2026-01-27 13:11:00,20148.25,20149.0,20147.5,20149.0,1087
2026-01-27 13:12:00,20149.0,20150.0,20148.75,20149.25,709
2026-01-27 13:13:00,20149.25,20149.75,20148.75,20149.5,862
2026-01-27 13:14:00,20149.5,20149.75,20147.75,20149.0,1662
2026-01-27 13:15:00,20149.0,20152.0,20148.75,20149.25,1616
2026-01-27 13:16:00,20149.25,20149.25,20148.75,20149.0,628
2026-01-27 13:17:00,20149.0,20149.25,20148.25,20148.5,1334
2026-01-27 13:18:00,20148.5,20148.75,20147.75,20148.5,953
2026-01-27 13:19:00,20148.5,20149.25,20148.25,20148.25,1789
2026-01-27 13:20:00,20148.25,20148.5,20147.25,20148.25,609
2026-01-27 13:21:00,20148.25,20148.25,20147.25,20148.0,882
2026-01-27 13:22:00,20148.0,20148.25,20148.0,20148.0,1782
2026-01-27 13:23:00,20148.0,20149.25,20147.75,20148.75,1742
2026-01-27 13:24:00,20148.75,20149.25,20148.5,20149.25,1190
2026-01-27 13:25:00,20149.25,20150.0,20148.5,20150.0,1364
2026-01-27 13:26:00,20150.0,20150.5,20148.0,20149.0,631
2026-01-27 13:27:00,20149.0,20150.0,20149.0,20149.25,1535
2026-01-27 13:28:00,20149.25,20150.25,20148.0,20148.75,1762
2026-01-27 13:29:00,20148.75,20150.75,20148.5,20150.0,1343
2026-01-27 13:30:00,20150.0,20150.25,20149.25,20149.5,2454
2026-01-27 13:31:00,20149.5,20149.5,20146.75,20148.75,3505
2026-01-27 13:32:00,20148.75,20151.25,20148.75,20150.0,2059
2026-01-27 13:33:00,20150.0,20152.0,20148.0,20151.0,2804
2026-01-27 13:34:00,20151.0,20152.25,20149.25,20150.0,3595
2026-01-27 13:35:00,20150.0,20150.25,20146.0,20148.0,2764
2026-01-27 13:36:00,20148.0,20152.25,20147.75,20148.0,3430
2026-01-27 13:37:00,20148.0,20148.0,20146.75,20147.0,2481
2026-01-27 13:38:00,20147.0,20147.5,20143.75,20145.75,3048
2026-01-27 13:39:00,20145.75,20147.25,20145.75,20146.25,2024
2026-01-27 13:40:00,20146.25,20146.75,20145.25,20146.0,2278
2026-01-27 13:41:00,20146.0,20147.0,20142.25,20144.5,3374
2026-01-27 13:42:00,20144.5,20146.0,20144.25,20145.75,1869
2026-01-27 13:43:00,20145.75,20146.5,20144.75,20145.25,2058
2026-01-27 13:44:00,20145.25,20147.0,20144.5,20146.0,1861
2026-01-27 13:45:00,20146.0,20147.75,20145.5,20146.75,2712
2026-01-27 13:46:00,20146.75,20148.0,20145.75,20147.75,3980
2026-01-27 13:47:00,20147.75,20147.75,20147.75,20147.75,2217
2026-01-27 13:48:00,20147.75,20147.75,20147.0,20147.75,1832
2026-01-27 13:49:00,20147.75,20149.75,20146.5,20147.25,2921
2026-01-27 13:50:00,20147.25,20147.5,20146.25,20146.5,3613
2026-01-27 13:51:00,20146.5,20148.5,20146.5,20148.0,3785
2026-01-27 13:52:00,20148.0,20149.25,20147.75,20148.5,2643
2026-01-27 13:53:00,20148.5,20151.0,20148.5,20149.5,3398
2026-01-27 13:54:00,20149.5,20151.25,20149.5,20149.5,3158
2026-01-27 13:55:00,20149.5,20154.0,20149.25,20151.25,3719
2026-01-27 13:56:00,20151.25,20152.0,20150.75,20151.0,1540
2026-01-27 13:57:00,20151.0,20151.25,20150.5,20150.75,1880
2026-01-27 13:58:00,20150.75,20152.5,20150.25,20151.5,1416
2026-01-27 13:59:00,20151.5,20153.75,20149.75,20152.0,2375
2026-01-27 14:00:00,20152.0,20154.0,20152.0,20152.5,2788
2026-01-27 14:01:00,20152.5,20154.25,20152.25,20154.25,3906
2026-01-27 14:02:00,20154.25,20156.0,20152.5,20154.5,2564
2026-01-27 14:03:00,20154.5,20155.5,20152.0,20152.75,2539
2026-01-27 14:04:00,20152.75,20154.5,20152.75,20153.5,2596
2026-01-27 14:05:00,20153.5,20153.5,20150.75,20152.25,3086
2026-01-27 14:06:00,20152.25,20153.75,20150.75,20151.5,2768
2026-01-27 14:07:00,20151.5,20154.25,20151.5,20151.75,2236
2026-01-27 14:08:00,20151.75,20152.5,20151.5,20152.25,2585
2026-01-27 14:09:00,20152.25,20152.75,20152.0,20152.25,2114
2026-01-27 14:10:00,20152.25,20152.75,20151.75,20152.5,3410
2026-01-27 14:11:00,20152.5,20155.25,20150.75,20154.0,3706
2026-01-27 14:12:00,20154.0,20154.5,20152.0,20152.75,2276
2026-01-27 14:13:00,20152.75,20153.5,20152.5,20152.75,3749
2026-01-27 14:14:00,20152.75,20153.0,20150.75,20152.5,3802
2026-01-27 14:15:00,20152.5,20152.5,20151.0,20151.25,1518
2026-01-27 14:16:00,20151.25,20151.5,20149.5,20149.75,3255
2026-01-27 14:17:00,20149.75,20150.5,20149.25,20150.0,2702
2026-01-27 14:18:00,20150.0,20151.5,20148.5,20149.0,3954
2026-01-27 14:19:00,20149.0,20149.0,20148.5,20148.75,3416
2026-01-27 14:20:00,20148.75,20149.75,20147.75,20148.5,2094
2026-01-27 14:21:00,20148.5,20152.0,20148.0,20148.25,2319
2026-01-27 14:22:00,20148.25,20149.75,20147.25,20148.75,3406
2026-01-27 14:23:00,20148.75,20153.75,20148.5,20150.0,2334
2026-01-27 14:24:00,20150.0,20151.0,20149.75,20150.75,3453
2026-01-27 14:25:00,20150.75,20152.75,20148.75,20149.25,1519
2026-01-27 14:26:00,20149.25,20150.5,20147.75,20148.0,3853
2026-01-27 14:27:00,20148.0,20148.5,20142.75,20146.5,3746
2026-01-27 14:28:00,20146.5,20149.25,20145.75,20148.25,3776
2026-01-27 14:29:00,20148.25,20149.75,20147.25,20147.5,2602
2026-01-27 14:30:00,20147.5,20148.75,20147.25,20148.5,3568
2026-01-27 14:31:00,20148.5,20148.75,20145.25,20147.25,1930
2026-01-27 14:32:00,20147.25,20148.0,20146.5,20147.5,2636
2026-01-27 14:33:00,20147.5,20151.25,20147.25,20148.0,3927
2026-01-27 14:34:00,20148.0,20148.75,20147.75,20147.75,1705
2026-01-27 14:35:00,20147.75,20147.75,20146.25,20146.25,1691
2026-01-27 14:36:00,20146.25,20146.25,20144.5,20145.0,2445
2026-01-27 14:37:00,20145.0,20146.0,20145.0,20145.75,2017
2026-01-27 14:38:00,20145.75,20148.75,20145.5,20147.0,3469
2026-01-27 14:39:00,20147.0,20147.75,20145.25,20147.5,2400
2026-01-27 14:40:00,20147.5,20148.0,20146.5,20146.5,1415
2026-01-27 14:41:00,20146.5,20146.5,20145.25,20145.5,3688
2026-01-27 14:42:00,20145.5,20146.0,20144.0,20144.25,2652
2026-01-27 14:43:00,20144.25,20144.75,20143.25,20144.75,1460
2026-01-27 14:44:00,20144.75,20145.75,20143.75,20144.25,2926
2026-01-27 14:45:00,20144.25,20148.0,20143.25,20147.0,3947
2026-01-27 14:46:00,20147.0,20147.5,20147.0,20147.0,2006
2026-01-27 14:47:00,20147.0,20148.5,20146.25,20147.0,3369
2026-01-27 14:48:00,20147.0,20148.75,20144.25,20147.5,2497
2026-01-27 14:49:00,20147.5,20148.0,20146.0,20146.5,3891
2026-01-27 14:50:00,20146.5,20147.5,20144.5,20145.0,3233
2026-01-27 14:51:00,20145.0,20145.5,20143.75,20145.0,3170
2026-01-27 14:52:00,20145.0,20147.0,20144.75,20146.75,1447
2026-01-27 14:53:00,20146.75,20147.5,20145.0,20145.5,3019
2026-01-27 14:54:00,20145.5,20145.75,20144.25,20145.5,1958
2026-01-27 14:55:00,20145.5,20145.5,20145.0,20145.25,3529
2026-01-27 14:56:00,20145.25,20148.0,20142.75,20146.25,3300
2026-01-27 14:57:00,20146.25,20146.75,20144.75,20145.75,1579
2026-01-27 14:58:00,20145.75,20147.5,20145.75,20146.75,2498
2026-01-27 14:59:00,20146.75,20147.0,20146.25,20146.75,1655
2026-01-27 15:00:00,20146.75,20146.75,20144.75,20145.75,1746
2026-01-27 15:01:00,20145.75,20146.0,20143.5,20144.0,1405
2026-01-27 15:02:00,20144.0,20144.75,20143.25,20144.5,1693
2026-01-27 15:03:00,20144.5,20147.25,20143.75,20145.75,3107
2026-01-27 15:04:00,20145.75,20148.75,20145.5,20146.75,1888
2026-01-27 15:05:00,20146.75,20147.75,20145.0,20147.5,3609
2026-01-27 15:06:00,20147.5,20149.0,20146.75,20148.5,1964
2026-01-27 15:07:00,20148.5,20151.0,20147.75,20148.25,1741
2026-01-27 15:08:00,20148.25,20148.5,20146.5,20147.5,1845
2026-01-27 15:09:00,20147.5,20148.25,20147.0,20147.75,3700
2026-01-27 15:10:00,20147.75,20148.0,20146.25,20146.75,1502
2026-01-27 15:11:00,20146.75,20147.5,20145.25,20146.5,3325
2026-01-27 15:12:00,20146.5,20148.5,20146.5,20147.5,2136
2026-01-27 15:13:00,20147.5,20149.0,20146.0,20147.75,1433
2026-01-27 15:14:00,20147.75,20148.25,20147.25,20147.75,1630
2026-01-27 15:15:00,20147.75,20149.5,20147.75,20148.75,2091
2026-01-27 15:16:00,20148.75,20150.0,20147.75,20150.0,2419
2026-01-27 15:17:00,20150.0,20150.5,20149.0,20150.25,3947
2026-01-27 15:18:00,20150.25,20150.25,20149.5,20150.25,3548
2026-01-27 15:19:00,20150.25,20150.75,20149.75,20149.75,1853
2026-01-27 15:20:00,20149.75,20151.0,20147.5,20150.5,2388
2026-01-27 15:21:00,20150.5,20154.0,20149.25,20152.5,1572
2026-01-27 15:22:00,20152.5,20153.25,20151.5,20153.25,3188
2026-01-27 15:23:00,20153.25,20156.0,20151.25,20153.75,3178
2026-01-27 15:24:00,20153.75,20155.25,20152.5,20155.25,2985
2026-01-27 15:25:00,20155.25,20158.0,20153.75,20156.0,2180
2026-01-27 15:26:00,20156.0,20156.75,20155.5,20156.5,3044
2026-01-27 15:27:00,20156.5,20157.25,20156.25,20157.25,3200
2026-01-27 15:28:00,20157.25,20158.0,20156.0,20157.75,3420
2026-01-27 15:29:00,20157.75,20159.0,20157.0,20158.5,2380
2026-01-27 15:30:00,20158.5,20165.75,20158.25,20161.5,6234
2026-01-27 15:31:00,20161.5,20162.0,20160.75,20161.25,5572
2026-01-27 15:32:00,20161.25,20162.5,20161.0,20161.75,5253
2026-01-27 15:33:00,20161.75,20163.75,20160.25,20161.75,7190
2026-01-27 15:34:00,20161.75,20163.0,20160.5,20161.0,4072
2026-01-27 15:35:00,20161.0,20165.5,20157.75,20162.0,4102
2026-01-27 15:36:00,20162.0,20163.5,20159.0,20160.0,5433
2026-01-27 15:37:00,20160.0,20161.75,20158.25,20161.25,5251
2026-01-27 15:38:00,20161.25,20162.75,20159.75,20162.5,7643
2026-01-27 15:39:00,20162.5,20165.0,20160.5,20163.25,4907
2026-01-27 15:40:00,20163.25,20167.5,20162.0,20167.25,5443
2026-01-27 15:41:00,20167.25,20167.5,20165.25,20166.25,4506
2026-01-27 15:42:00,20166.25,20169.0,20165.75,20167.5,4168
2026-01-27 15:43:00,20167.5,20168.5,20166.5,20166.75,7492
2026-01-27 15:44:00,20166.75,20171.25,20165.75,20169.0,4031
2026-01-27 15:45:00,20169.0,20171.25,20167.75,20169.5,4048
2026-01-27 15:46:00,20169.5,20172.25,20166.75,20171.25,6679
2026-01-27 15:47:00,20171.25,20171.5,20168.0,20170.0,5161
2026-01-27 15:48:00,20170.0,20173.5,20169.0,20171.75,6372
2026-01-27 15:49:00,20171.75,20172.25,20169.0,20170.75,5783
2026-01-27 15:50:00,20170.75,20172.0,20170.5,20171.75,5620
2026-01-27 15:51:00,20171.75,20175.75,20170.5,20175.25,6264
2026-01-27 15:52:00,20175.25,20178.25,20174.25,20174.75,6887
2026-01-27 15:53:00,20174.75,20175.25,20173.25,20173.5,4869
2026-01-27 15:54:00,20173.5,20173.5,20172.75,20173.25,6294
2026-01-27 15:55:00,20173.25,20173.75,20169.0,20171.5,3874
2026-01-27 15:56:00,20171.5,20178.25,20169.75,20173.25,3657
2026-01-27 15:57:00,20173.25,20176.5,20173.25,20176.5,3659
2026-01-27 15:58:00,20176.5,20178.5,20176.25,20176.25,5265
2026-01-27 15:59:00,20176.25,20177.5,20173.0,20175.25,7580
2026-01-28 09:30:00,20175.25,20177.0,20175.25,20176.0,5309
2026-01-28 09:31:00,20176.0,20180.0,20175.0,20178.0,3944
2026-01-28 09:32:00,20178.0,20180.5,20178.0,20179.5,5271
2026-01-28 09:33:00,20179.5,20180.0,20172.75,20176.5,5008
2026-01-28 09:34:00,20176.5,20180.25,20176.25,20178.75,4298
2026-01-28 09:35:00,20178.75,20181.75,20173.75,20175.25,3083
2026-01-28 09:36:00,20175.25,20177.25,20172.0,20172.25,7781
2026-01-28 09:37:00,20172.25,20175.5,20171.25,20172.0,7753
2026-01-28 09:38:00,20172.0,20173.25,20170.25,20172.75,7849
2026-01-28 09:39:00,20172.75,20176.75,20171.75,20176.75,5236
2026-01-28 09:40:00,20176.75,20178.25,20173.5,20177.5,3270
2026-01-28 09:41:00,20177.5,20179.5,20177.0,20177.25,5784
2026-01-28 09:42:00,20177.25,20177.5,20169.25,20176.75,7085
2026-01-28 09:43:00,20176.75,20177.0,20175.0,20175.5,6100
2026-01-28 09:44:00,20175.5,20177.25,20174.25,20175.5,7169
2026-01-28 09:45:00,20175.5,20175.5,20172.5,20173.5,4701
2026-01-28 09:46:00,20173.5,20179.5,20170.25,20177.25,7331
2026-01-28 09:47:00,20177.25,20179.0,20174.5,20177.75,5822
2026-01-28 09:48:00,20177.75,20183.75,20177.0,20179.0,6797
2026-01-28 09:49:00,20179.0,20179.5,20176.25,20177.5,6754
2026-01-28 09:50:00,20177.5,20180.5,20176.0,20177.5,6094
2026-01-28 09:51:00,20177.5,20179.25,20177.25,20178.75,6134
2026-01-28 09:52:00,20178.75,20179.0,20173.75,20174.25,4142
2026-01-28 09:53:00,20174.25,20175.75,20172.25,20173.0,8959
2026-01-28 09:54:00,20173.0,20176.75,20172.0,20175.75,3313
2026-01-28 09:55:00,20175.75,20176.25,20173.75,20175.5,6668
2026-01-28 09:56:00,20175.5,20179.25,20174.75,20177.75,7908
2026-01-28 09:57:00,20177.75,20178.0,20175.0,20176.0,5582
2026-01-28 09:58:00,20176.0,20177.25,20175.75,20176.25,3771
2026-01-28 09:59:00,20176.25,20176.5,20175.75,20176.25,4332
2026-01-28 10:00:00,20176.25,20178.25,20175.5,20176.75,3264
2026-01-28 10:01:00,20176.75,20178.75,20174.5,20178.5,4114
2026-01-28 10:02:00,20178.5,20179.0,20178.25,20178.75,3509
2026-01-28 10:03:00,20178.75,20179.25,20177.25,20177.5,2815
2026-01-28 10:04:00,20177.5,20179.25,20175.0,20175.5,4350
2026-01-28 10:05:00,20175.5,20177.75,20174.0,20176.75,2589
2026-01-28 10:06:00,20176.75,20179.25,20176.0,20177.25,4391
2026-01-28 10:07:00,20177.25,20178.0,20176.5,20176.75,3523
2026-01-28 10:08:00,20176.75,20176.75,20174.75,20175.25,2316
2026-01-28 10:09:00,20175.25,20175.25,20174.25,20174.5,3256
2026-01-28 10:10:00,20174.5,20175.25,20174.5,20174.75,2819
2026-01-28 10:11:00,20174.75,20177.75,20173.25,20177.75,3747
2026-01-28 10:12:00,20177.75,20179.0,20176.5,20178.25,3787
2026-01-28 10:13:00,20178.25,20178.75,20176.75,20177.0,3137
2026-01-28 10:14:00,20177.0,20178.5,20174.25,20176.5,2220
2026-01-28 10:15:00,20176.5,20178.5,20175.25,20178.0,2985
2026-01-28 10:16:00,20178.0,20183.5,20177.75,20180.25,2108
2026-01-28 10:17:00,20180.25,20180.75,20177.5,20178.5,3406
2026-01-28 10:18:00,20178.5,20178.5,20178.0,20178.5,3328
2026-01-28 10:19:00,20178.5,20178.5,20177.0,20177.5,1840
2026-01-28 10:20:00,20177.5,20179.5,20175.75,20176.25,3290
2026-01-28 10:21:00,20176.25,20176.75,20175.25,20175.5,2890
2026-01-28 10:22:00,20175.5,20176.0,20172.75,20174.5,3784
2026-01-28 10:23:00,20174.5,20175.0,20174.0,20174.25,3754
2026-01-28 10:24:00,20174.25,20175.75,20172.75,20173.0,3012
2026-01-28 10:25:00,20173.0,20173.5,20171.25,20172.0,2424
2026-01-28 10:26:00,20172.0,20172.75,20171.5,20171.75,4246
2026-01-28 10:27:00,20171.75,20172.0,20169.25,20171.25,2409
2026-01-28 10:28:00,20171.25,20171.75,20171.0,20171.75,3969
2026-01-28 10:29:00,20171.75,20173.0,20170.75,20171.5,2073
2026-01-28 10:30:00,20171.5,20172.5,20169.75,20169.75,3302
2026-01-28 10:31:00,20169.75,20171.75,20169.5,20170.5,3028
2026-01-28 10:32:00,20170.5,20171.0,20169.0,20170.5,1929
2026-01-28 10:33:00,20170.5,20171.0,20170.25,20170.5,2823
2026-01-28 10:34:00,20170.5,20171.25,20170.25,20171.0,2014
2026-01-28 10:35:00,20171.0,20174.25,20169.75,20173.25,1592
2026-01-28 10:36:00,20173.25,20175.0,20170.5,20174.75,2738
2026-01-28 10:37:00,20174.75,20174.75,20173.5,20173.75,2061
2026-01-28 10:38:00,20173.75,20175.0,20172.0,20172.0,2495
2026-01-28 10:39:00,20172.0,20172.5,20170.0,20170.25,2278
2026-01-28 10:40:00,20170.25,20173.0,20170.25,20171.25,1940
2026-01-28 10:41:00,20171.25,20173.0,20171.0,20172.75,1572
2026-01-28 10:42:00,20172.75,20174.25,20170.75,20171.25,2765
2026-01-28 10:43:00,20171.25,20171.5,20170.75,20171.0,3611
2026-01-28 10:44:00,20171.0,20172.0,20169.0,20169.25,3509
2026-01-28 10:45:00,20169.25,20170.25,20168.75,20169.25,2767
2026-01-28 10:46:00,20169.25,20170.25,20168.25,20169.25,3983
2026-01-28 10:47:00,20169.25,20170.0,20168.75,20170.0,2949
2026-01-28 10:48:00,20170.0,20172.0,20168.5,20169.0,2810
2026-01-28 10:49:00,20169.0,20169.25,20167.0,20168.75,3384
2026-01-28 10:50:00,20168.75,20169.25,20167.5,20169.0,3729
2026-01-28 10:51:00,20169.0,20170.5,20167.75,20169.25,3542
2026-01-28 10:52:00,20169.25,20169.5,20167.5,20168.5,1915
2026-01-28 10:53:00,20168.5,20170.5,20167.25,20167.75,4240
2026-01-28 10:54:00,20167.75,20172.25,20167.75,20170.75,2260
2026-01-28 10:55:00,20170.75,20172.0,20169.75,20172.0,2135
2026-01-28 10:56:00,20172.0,20174.0,20172.0,20172.75,2333
2026-01-28 10:57:00,20172.75,20173.75,20169.5,20173.5,1851
2026-01-28 10:58:00,20173.5,20175.0,20172.5,20174.75,1654
2026-01-28 10:59:00,20174.75,20177.25,20174.5,20176.75,2048
2026-01-28 11:00:00,20176.75,20179.25,20174.75,20179.0,1734
2026-01-28 11:01:00,20179.0,20181.75,20178.75,20178.75,1970
2026-01-28 11:02:00,20178.75,20179.25,20177.75,20179.0,2247
2026-01-28 11:03:00,20179.0,20179.5,20173.25,20178.75,3980
2026-01-28 11:04:00,20178.75,20179.75,20178.0,20179.5,3218
2026-01-28 11:05:00,20179.5,20180.75,20178.75,20180.25,4445
2026-01-28 11:06:00,20180.25,20182.5,20179.0,20179.25,2481
2026-01-28 11:07:00,20179.25,20179.75,20176.5,20176.75,2212
2026-01-28 11:08:00,20176.75,20177.25,20171.25,20174.25,3200
2026-01-28 11:09:00,20174.25,20174.5,20173.25,20174.0,1888
2026-01-28 11:10:00,20174.0,20175.75,20173.25,20175.25,3769
2026-01-28 11:11:00,20175.25,20176.75,20174.75,20175.75,1684
2026-01-28 11:12:00,20175.75,20176.25,20175.0,20176.0,4238
2026-01-28 11:13:00,20176.0,20178.5,20175.5,20178.25,3091
2026-01-28 11:14:00,20178.25,20179.0,20178.0,20178.75,4343
2026-01-28 11:15:00,20178.75,20179.25,20177.5,20179.0,2021
2026-01-28 11:16:00,20179.0,20179.25,20176.25,20178.0,3202
2026-01-28 11:17:00,20178.0,20179.5,20177.5,20179.25,3450
2026-01-28 11:18:00,20179.25,20180.5,20178.0,20179.5,2843
2026-01-28 11:19:00,20179.5,20180.0,20178.5,20179.5,2733
2026-01-28 11:20:00,20179.5,20179.75,20176.75,20179.75,2086
2026-01-28 11:21:00,20179.75,20183.0,20179.0,20181.0,3187
2026-01-28 11:22:00,20181.0,20182.75,20178.5,20179.5,3758
2026-01-28 11:23:00,20179.5,20181.5,20176.5,20176.5,2211
2026-01-28 11:24:00,20176.5,20176.5,20174.0,20175.5,3528
2026-01-28 11:25:00,20175.5,20176.75,20175.25,20176.25,2636
2026-01-28 11:26:00,20176.25,20176.5,20175.25,20175.5,4016
2026-01-28 11:27:00,20175.5,20175.75,20173.25,20174.75,4016
2026-01-28 11:28:00,20174.75,20176.5,20174.0,20175.5,2791
2026-01-28 11:29:00,20175.5,20175.75,20173.25,20174.0,1574
2026-01-28 11:30:00,20174.0,20174.75,20173.75,20174.5,752
2026-01-28 11:31:00,20174.5,20175.25,20174.5,20175.0,1707
2026-01-28 11:32:00,20175.0,20175.25,20174.25,20174.75,1435
2026-01-28 11:33:00,20174.75,20175.0,20173.0,20173.75,1136
2026-01-28 11:34:00,20173.75,20173.75,20173.5,20173.75,1240
2026-01-28 11:35:00,20173.75,20174.75,20173.25,20174.25,1482
2026-01-28 11:36:00,20174.25,20174.5,20173.75,20174.25,1081
2026-01-28 11:37:00,20174.25,20175.0,20172.5,20174.0,849
2026-01-28 11:38:00,20174.0,20174.5,20173.5,20174.25,1511
2026-01-28 11:39:00,20174.25,20175.0,20173.25,20173.5,1044
2026-01-28 11:40:00,20173.5,20174.75,20173.5,20174.0,1422
2026-01-28 11:41:00,20174.0,20177.0,20173.25,20174.75,778
2026-01-28 11:42:00,20174.75,20175.5,20173.75,20175.5,1380
2026-01-28 11:43:00,20175.5,20176.0,20175.25,20176.0,895
2026-01-28 11:44:00,20176.0,20177.25,20175.75,20175.75,1078
2026-01-28 11:45:00,20175.75,20175.75,20175.0,20175.25,981
2026-01-28 11:46:00,20175.25,20175.5,20175.0,20175.5,1693
2026-01-28 11:47:00,20175.5,20176.0,20175.0,20175.75,970
2026-01-28 11:48:00,20175.75,20176.25,20175.25,20175.25,879
2026-01-28 11:49:00,20175.25,20175.5,20174.75,20174.75,1400
2026-01-28 11:50:00,20174.75,20175.75,20173.25,20174.5,1147
2026-01-28 11:51:00,20174.5,20176.25,20174.0,20175.75,1680
2026-01-28 11:52:00,20175.75,20176.0,20175.25,20176.0,1082
2026-01-28 11:53:00,20176.0,20176.25,20175.0,20176.0,1704
2026-01-28 11:54:00,20176.0,20176.25,20175.0,20175.75,854
2026-01-28 11:55:00,20175.75,20176.0,20175.5,20175.75,1435
2026-01-28 11:56:00,20175.75,20176.5,20174.75,20175.25,1104
2026-01-28 11:57:00,20175.25,20176.0,20174.0,20175.75,1303
2026-01-28 11:58:00,20175.75,20176.5,20175.25,20176.0,676
2026-01-28 11:59:00,20176.0,20176.5,20174.75,20176.5,746
2026-01-28 12:00:00,20176.5,20176.75,20176.25,20176.5,661
2026-01-28 12:01:00,20176.5,20176.5,20176.0,20176.25,1772
2026-01-28 12:02:00,20176.25,20176.5,20176.25,20176.25,1511
2026-01-28 12:03:00,20176.25,20177.0,20175.5,20177.0,1557
2026-01-28 12:04:00,20177.0,20177.25,20176.0,20177.0,1673
2026-01-28 12:05:00,20177.0,20177.25,20177.0,20177.0,1276
2026-01-28 12:06:00,20177.0,20178.0,20175.75,20177.75,1144
2026-01-28 12:07:00,20177.75,20178.5,20177.75,20178.0,1142
2026-01-28 12:08:00,20178.0,20178.25,20177.75,20178.0,1024
2026-01-28 12:09:00,20178.0,20178.25,20178.0,20178.25,892
2026-01-28 12:10:00,20178.25,20178.5,20178.25,20178.5,1512
2026-01-28 12:11:00,20178.5,20178.75,20177.5,20178.25,752
2026-01-28 12:12:00,20178.25,20179.0,20177.5,20177.5,946
2026-01-28 12:13:00,20177.5,20178.0,20177.5,20178.0,862
2026-01-28 12:14:00,20178.0,20179.25,20178.0,20178.75,794
2026-01-28 12:15:00,20178.75,20178.75,20177.75,20178.75,647
2026-01-28 12:16:00,20178.75,20178.75,20178.0,20178.25,663
2026-01-28 12:17:00,20178.25,20178.75,20177.0,20177.25,1468
2026-01-28 12:18:00,20177.25,20179.75,20176.5,20177.75,1048
2026-01-28 12:19:00,20177.75,20177.75,20176.75,20177.5,961
2026-01-28 12:20:00,20177.5,20177.75,20176.5,20177.25,1216
2026-01-28 12:21:00,20177.25,20178.25,20176.25,20176.75,1357
2026-01-28 12:22:00,20176.75,20177.25,20176.25,20177.0,1663
2026-01-28 12:23:00,20177.0,20177.75,20176.75,20177.25,1672
2026-01-28 12:24:00,20177.25,20177.25,20176.5,20176.75,1200
2026-01-28 12:25:00,20176.75,20177.25,20176.75,20176.75,1105
2026-01-28 12:26:00,20176.75,20177.0,20176.5,20176.75,1483
2026-01-28 12:27:00,20176.75,20177.5,20176.5,20177.5,682
2026-01-28 12:28:00,20177.5,20178.25,20176.75,20177.75,1749
2026-01-28 12:29:00,20177.75,20179.25,20176.75,20178.75,876
2026-01-28 12:30:00,20178.75,20179.0,20178.25,20178.5,1704
2026-01-28 12:31:00,20178.5,20178.5,20178.0,20178.25,1568
2026-01-28 12:32:00,20178.25,20178.25,20176.75,20177.5,623
2026-01-28 12:33:00,20177.5,20179.0,20177.5,20178.25,1614
2026-01-28 12:34:00,20178.25,20178.25,20177.0,20177.75,782
2026-01-28 12:35:00,20177.75,20177.75,20177.25,20177.25,1152
2026-01-28 12:36:00,20177.25,20178.5,20176.75,20177.25,1577
2026-01-28 12:37:00,20177.25,20177.75,20177.0,20177.25,1439
2026-01-28 12:38:00,20177.25,20178.25,20177.25,20178.0,1335
2026-01-28 12:39:00,20178.0,20178.25,20177.5,20177.5,1275
2026-01-28 12:40:00,20177.5,20177.5,20176.25,20177.0,614
2026-01-28 12:41:00,20177.0,20178.0,20176.5,20176.5,973
2026-01-28 12:42:00,20176.5,20177.75,20175.5,20175.75,1723
2026-01-28 12:43:00,20175.75,20176.5,20175.25,20176.0,1336
2026-01-28 12:44:00,20176.0,20176.25,20175.25,20175.75,1196
2026-01-28 12:45:00,20175.75,20176.75,20175.5,20176.0,832
2026-01-28 12:46:00,20176.0,20176.75,20175.75,20175.75,1171
2026-01-28 12:47:00,20175.75,20176.25,20174.25,20175.25,1053
2026-01-28 12:48:00,20175.25,20175.5,20174.0,20175.0,1011
2026-01-28 12:49:00,20175.0,20175.25,20174.25,20174.5,1443
2026-01-28 12:50:00,20174.5,20175.5,20174.0,20174.75,796
2026-01-28 12:51:00,20174.75,20175.5,20174.5,20174.5,748
2026-01-28 12:52:00,20174.5,20175.75,20174.0,20174.25,1483
2026-01-28 12:53:00,20174.25,20175.5,20173.5,20174.0,1230
2026-01-28 12:54:00,20174.0,20175.0,20173.5,20174.25,944
2026-01-28 12:55:00,20174.25,20175.0,20173.25,20173.5,1335
2026-01-28 12:56:00,20173.5,20174.25,20172.75,20174.0,648
2026-01-28 12:57:00,20174.0,20174.5,20173.75,20174.25,1191
2026-01-28 12:58:00,20174.25,20174.25,20173.75,20174.0,1076
2026-01-28 12:59:00,20174.0,20174.0,20173.25,20173.25,1527
2026-01-28 13:00:00,20173.25,20173.25,20172.25,20172.75,1336
2026-01-28 13:01:00,20172.75,20173.0,20171.25,20172.0,723
2026-01-28 13:02:00,20172.0,20172.0,20171.5,20171.75,624
2026-01-28 13:03:00,20171.75,20172.25,20171.5,20172.0,1388
2026-01-28 13:04:00,20172.0,20172.25,20171.5,20171.75,756
2026-01-28 13:05:00,20171.75,20173.0,20171.5,20172.5,611
2026-01-28 13:06:00,20172.5,20172.75,20172.0,20172.0,1152
2026-01-28 13:07:00,20172.0,20172.25,20171.0,20171.25,957
2026-01-28 13:08:00,20171.25,20171.25,20171.0,20171.0,1056
2026-01-28 13:09:00,20171.0,20171.5,20170.25,20170.25,1794
2026-01-28 13:10:00,20170.25,20171.25,20169.5,20170.0,1239
2026-01-28 13:11:00,20170.0,20171.75,20170.0,20170.0,1278
2026-01-28 13:12:00,20170.0,20170.25,20169.75,20170.25,871
2026-01-28 13:13:00,20170.25,20170.25,20169.0,20169.0,1082
2026-01-28 13:14:00,20169.0,20169.25,20169.0,20169.0,1249
2026-01-28 13:15:00,20169.0,20169.5,20168.75,20168.75,1544
2026-01-28 13:16:00,20168.75,20171.0,20168.25,20170.25,1417
2026-01-28 13:17:00,20170.25,20170.5,20169.5,20170.0,942
2026-01-28 13:18:00,20170.0,20170.75,20169.75,20170.25,1175
2026-01-28 13:19:00,20170.25,20171.5,20170.0,20171.5,1080
2026-01-28 13:20:00,20171.5,20171.5,20169.0,20170.75,791
2026-01-28 13:21:00,20170.75,20171.0,20169.5,20170.25,1139
2026-01-28 13:22:00,20170.25,20170.75,20170.25,20170.5,1687
2026-01-28 13:23:00,20170.5,20170.75,20170.0,20170.0,1079
2026-01-28 13:24:00,20170.0,20170.5,20169.5,20170.0,1065
2026-01-28 13:25:00,20170.0,20171.0,20169.25,20170.75,1665
2026-01-28 13:26:00,20170.75,20170.75,20169.25,20170.25,600
2026-01-28 13:27:00,20170.25,20170.25,20167.75,20169.25,1260
2026-01-28 13:28:00,20169.25,20169.75,20169.25,20169.5,1149
2026-01-28 13:29:00,20169.5,20169.75,20169.0,20169.0,1559
2026-01-28 13:30:00,20169.0,20170.0,20168.25,20169.75,2008
2026-01-28 13:31:00,20169.75,20170.0,20168.5,20169.75,3330
2026-01-28 13:32:00,20169.75,20174.25,20169.75,20171.25,2339
2026-01-28 13:33:00,20171.25,20171.5,20169.0,20171.25,3608
2026-01-28 13:34:00,20171.25,20172.25,20167.5,20170.0,2366
2026-01-28 13:35:00,20170.0,20172.75,20169.75,20171.25,1821
2026-01-28 13:36:00,20171.25,20171.5,20171.0,20171.5,3557
2026-01-28 13:37:00,20171.5,20173.0,20169.25,20169.75,2800
2026-01-28 13:38:00,20169.75,20170.5,20169.75,20170.0,3851
2026-01-28 13:39:00,20170.0,20170.75,20168.75,20168.75,1634
2026-01-28 13:40:00,20168.75,20169.0,20168.5,20168.75,1564
2026-01-28 13:41:00,20168.75,20170.0,20168.75,20169.75,3285
2026-01-28 13:42:00,20169.75,20172.0,20169.5,20171.5,3399
2026-01-28 13:43:00,20171.5,20173.75,20170.5,20170.75,2102
2026-01-28 13:44:00,20170.75,20172.25,20169.0,20171.25,2990
2026-01-28 13:45:00,20171.25,20171.75,20168.75,20170.25,3628
2026-01-28 13:46:00,20170.25,20170.75,20170.0,20170.5,3250
2026-01-28 13:47:00,20170.5,20170.75,20169.75,20170.5,3251
2026-01-28 13:48:00,20170.5,20170.75,20167.75,20169.5,2990
2026-01-28 13:49:00,20169.5,20170.5,20167.5,20170.25,3638
2026-01-28 13:50:00,20170.25,20171.75,20169.75,20169.75,2962
2026-01-28 13:51:00,20169.75,20170.25,20169.25,20169.5,2194
2026-01-28 13:52:00,20169.5,20170.0,20168.25,20168.5,2801
2026-01-28 13:53:00,20168.5,20168.5,20165.25,20167.75,1685
2026-01-28 13:54:00,20167.75,20168.25,20167.75,20168.0,3225
2026-01-28 13:55:00,20168.0,20169.5,20166.5,20166.75,2704
2026-01-28 13:56:00,20166.75,20166.75,20166.0,20166.5,2952
2026-01-28 13:57:00,20166.5,20166.5,20165.0,20166.0,1683
2026-01-28 13:58:00,20166.0,20166.5,20163.0,20163.5,3966
2026-01-28 13:59:00,20163.5,20165.5,20163.0,20163.5,1459
2026-01-28 14:00:00,20163.5,20163.5,20162.0,20162.0,2846
2026-01-28 14:01:00,20162.0,20162.75,20161.25,20161.5,1554
2026-01-28 14:02:00,20161.5,20161.75,20160.0,20160.75,2336
2026-01-28 14:03:00,20160.75,20161.5,20159.5,20161.25,1865
2026-01-28 14:04:00,20161.25,20161.5,20158.0,20158.25,3467
2026-01-28 14:05:00,20158.25,20159.25,20157.5,20158.5,2270
2026-01-28 14:06:00,20158.5,20160.0,20158.0,20159.25,2705
2026-01-28 14:07:00,20159.25,20161.25,20159.0,20161.0,3446
2026-01-28 14:08:00,20161.0,20161.0,20160.25,20160.5,2256
2026-01-28 14:09:00,20160.5,20162.75,20160.0,20161.75,2981
2026-01-28 14:10:00,20161.75,20162.75,20161.5,20162.25,1845
2026-01-28 14:11:00,20162.25,20162.5,20161.25,20162.25,1408
2026-01-28 14:12:00,20162.25,20162.5,20161.25,20161.25,3774
2026-01-28 14:13:00,20161.25,20162.5,20160.25,20161.0,1998
2026-01-28 14:14:00,20161.0,20163.75,20159.75,20162.75,2253
2026-01-28 14:15:00,20162.75,20163.25,20162.25,20162.75,2269
2026-01-28 14:16:00,20162.75,20164.75,20162.75,20164.25,2488
2026-01-28 14:17:00,20164.25,20164.75,20163.0,20163.25,2508
2026-01-28 14:18:00,20163.25,20163.25,20162.25,20162.25,3809
2026-01-28 14:19:00,20162.25,20163.5,20161.75,20163.25,3513
2026-01-28 14:20:00,20163.25,20164.0,20162.75,20163.0,3657
2026-01-28 14:21:00,20163.0,20163.75,20161.5,20163.0,2631
2026-01-28 14:22:00,20163.0,20163.0,20161.75,20162.5,1751
2026-01-28 14:23:00,20162.5,20162.75,20158.75,20159.25,1580
2026-01-28 14:24:00,20159.25,20161.0,20158.75,20160.25,2006
2026-01-28 14:25:00,20160.25,20162.0,20160.0,20161.5,3787
2026-01-28 14:26:00,20161.5,20164.25,20161.25,20162.5,3039
2026-01-28 14:27:00,20162.5,20162.75,20161.5,20162.0,2078
2026-01-28 14:28:00,20162.0,20162.75,20159.25,20162.25,2905
2026-01-28 14:29:00,20162.25,20162.25,20160.25,20161.25,2011
2026-01-28 14:30:00,20161.25,20163.75,20161.0,20163.0,3306
2026-01-28 14:31:00,20163.0,20164.75,20162.0,20164.25,3716
2026-01-28 14:32:00,20164.25,20164.5,20163.25,20163.25,3858
2026-01-28 14:33:00,20163.25,20165.0,20162.25,20162.5,3417
2026-01-28 14:34:00,20162.5,20164.5,20162.25,20164.0,3417
2026-01-28 14:35:00,20164.0,20165.25,20163.75,20164.25,1512
2026-01-28 14:36:00,20164.25,20164.75,20161.5,20163.0,2933
2026-01-28 14:37:00,20163.0,20163.25,20162.75,20163.0,1469
2026-01-28 14:38:00,20163.0,20165.0,20161.0,20162.5,2865
2026-01-28 14:39:00,20162.5,20162.75,20162.5,20162.5,3518
2026-01-28 14:40:00,20162.5,20163.75,20162.0,20163.25,3669
2026-01-28 14:41:00,20163.25,20163.5,20161.5,20162.25,2809
2026-01-28 14:42:00,20162.25,20162.25,20160.75,20161.0,3437
2026-01-28 14:43:00,20161.0,20161.25,20160.5,20160.5,1632
2026-01-28 14:44:00,20160.5,20160.5,20158.75,20160.25,1607
2026-01-28 14:45:00,20160.25,20160.5,20158.25,20160.25,3658
2026-01-28 14:46:00,20160.25,20161.75,20160.0,20160.5,1441
2026-01-28 14:47:00,20160.5,20162.25,20160.25,20161.25,2588
2026-01-28 14:48:00,20161.25,20165.5,20160.0,20162.75,1482
2026-01-28 14:49:00,20162.75,20163.0,20162.5,20162.75,3310
2026-01-28 14:50:00,20162.75,20163.75,20160.25,20161.5,3876
2026-01-28 14:51:00,20161.5,20161.5,20159.0,20160.5,1614
2026-01-28 14:52:00,20160.5,20160.5,20158.5,20160.5,3057
2026-01-28 14:53:00,20160.5,20161.0,20160.25,20160.5,2444
2026-01-28 14:54:00,20160.5,20160.75,20159.5,20159.75,3572
2026-01-28 14:55:00,20159.75,20160.0,20157.75,20159.5,1469
2026-01-28 14:56:00,20159.5,20161.0,20159.5,20159.75,3451
2026-01-28 14:57:00,20159.75,20160.25,20156.25,20157.75,1480
2026-01-28 14:58:00,20157.75,20158.75,20157.25,20158.0,3870
2026-01-28 14:59:00,20158.0,20159.0,20156.25,20157.75,2395
2026-01-28 15:00:00,20157.75,20158.25,20156.0,20157.5,2092
2026-01-28 15:01:00,20157.5,20161.5,20157.25,20159.25,2278
2026-01-28 15:02:00,20159.25,20159.25,20157.25,20159.0,2658
2026-01-28 15:03:00,20159.0,20159.5,20157.5,20157.5,3463
2026-01-28 15:04:00,20157.5,20157.75,20156.75,20157.5,3161
2026-01-28 15:05:00,20157.5,20157.75,20155.75,20156.75,1832
2026-01-28 15:06:00,20156.75,20157.5,20154.5,20156.0,2761
2026-01-28 15:07:00,20156.0,20156.25,20154.5,20156.0,3975
2026-01-28 15:08:00,20156.0,20156.25,20155.25,20155.75,1490
2026-01-28 15:09:00,20155.75,20156.25,20154.0,20154.25,3157
2026-01-28 15:10:00,20154.25,20154.25,20152.75,20153.5,1554
2026-01-28 15:11:00,20153.5,20155.5,20153.25,20153.75,3026
2026-01-28 15:12:00,20153.75,20155.5,20153.5,20155.0,3143
2026-01-28 15:13:00,20155.0,20159.0,20154.75,20158.25,3459
2026-01-28 15:14:00,20158.25,20159.0,20156.75,20158.75,1901
2026-01-28 15:15:00,20158.75,20159.75,20158.25,20159.75,1788
2026-01-28 15:16:00,20159.75,20162.0,20159.75,20161.75,3704
2026-01-28 15:17:00,20161.75,20162.0,20161.5,20161.75,2655
2026-01-28 15:18:00,20161.75,20164.75,20161.25,20163.25,2170
2026-01-28 15:19:00,20163.25,20165.5,20163.0,20164.25,2342
2026-01-28 15:20:00,20164.25,20164.75,20162.25,20162.25,3196
2026-01-28 15:21:00,20162.25,20167.0,20161.75,20162.25,2231
2026-01-28 15:22:00,20162.25,20163.0,20161.5,20162.5,2315
2026-01-28 15:23:00,20162.5,20162.75,20161.5,20161.5,3511
2026-01-28 15:24:00,20161.5,20162.0,20161.25,20161.75,3697
2026-01-28 15:25:00,20161.75,20162.5,20160.25,20160.5,3279
2026-01-28 15:26:00,20160.5,20161.5,20160.5,20160.75,3050
2026-01-28 15:27:00,20160.75,20161.25,20158.0,20158.5,2243
2026-01-28 15:28:00,20158.5,20159.0,20158.25,20158.25,2315
2026-01-28 15:29:00,20158.25,20160.5,20156.5,20159.25,3668
2026-01-28 15:30:00,20159.25,20160.25,20159.0,20159.75,6666
2026-01-28 15:31:00,20159.75,20161.75,20159.5,20159.5,7438
2026-01-28 15:32:00,20159.5,20161.25,20155.0,20158.5,6668
2026-01-28 15:33:00,20158.5,20163.0,20158.25,20162.5,5712
2026-01-28 15:34:00,20162.5,20163.75,20162.25,20162.5,6800
2026-01-28 15:35:00,20162.5,20163.75,20156.75,20159.25,7637
2026-01-28 15:36:00,20159.25,20160.75,20157.75,20160.25,5730
2026-01-28 15:37:00,20160.25,20161.5,20158.5,20160.75,7726
2026-01-28 15:38:00,20160.75,20161.5,20159.25,20160.0,6973
2026-01-28 15:39:00,20160.0,20160.75,20156.25,20156.5,6885
2026-01-28 15:40:00,20156.5,20158.5,20156.0,20157.5,4637
2026-01-28 15:41:00,20157.5,20159.75,20157.25,20159.25,4247
2026-01-28 15:42:00,20159.25,20160.75,20158.75,20159.75,5228
2026-01-28 15:43:00,20159.75,20161.5,20157.5,20160.75,5995
2026-01-28 15:44:00,20160.75,20162.0,20158.5,20160.5,6673
2026-01-28 15:45:00,20160.5,20162.0,20159.0,20159.25,7821
2026-01-28 15:46:00,20159.25,20159.5,20157.25,20157.5,5181
2026-01-28 15:47:00,20157.5,20159.5,20157.0,20157.75,5317
2026-01-28 15:48:00,20157.75,20159.5,20157.0,20158.0,8221
2026-01-28 15:49:00,20158.0,20158.0,20156.0,20157.5,4860
2026-01-28 15:50:00,20157.5,20161.0,20156.25,20156.75,7190
2026-01-28 15:51:00,20156.75,20159.25,20156.5,20157.0,3809
2026-01-28 15:52:00,20157.0,20161.0,20156.75,20158.0,3913
2026-01-28 15:53:00,20158.0,20158.0,20156.75,20156.75,7990
2026-01-28 15:54:00,20156.75,20161.75,20156.75,20159.25,6097
2026-01-28 15:55:00,20159.25,20162.25,20159.25,20161.5,5563
2026-01-28 15:56:00,20161.5,20162.5,20160.0,20161.75,7313
2026-01-28 15:57:00,20161.75,20163.25,20161.0,20162.75,5148
2026-01-28 15:58:00,20162.75,20165.5,20158.75,20163.75,5787
2026-01-28 15:59:00,20163.75,20164.25,20163.75,20164.25,7539
2026-01-29 09:30:00,20164.25,20166.0,20162.75,20165.5,4534
2026-01-29 09:31:00,20165.5,20167.5,20165.25,20167.0,7883
2026-01-29 09:32:00,20167.0,20168.75,20162.25,20163.25,5941
2026-01-29 09:33:00,20163.25,20166.75,20161.75,20166.75,3535
2026-01-29 09:34:00,20166.75,20168.5,20166.5,20167.75,6055
2026-01-29 09:35:00,20167.75,20169.25,20165.0,20166.0,7884
2026-01-29 09:36:00,20166.0,20169.25,20163.5,20165.75,7877
2026-01-29 09:37:00,20165.75,20166.25,20162.5,20164.0,3719
2026-01-29 09:38:00,20164.0,20165.0,20161.25,20162.75,8585
2026-01-29 09:39:00,20162.75,20165.5,20162.25,20165.25,5612
2026-01-29 09:40:00,20165.25,20175.25,20160.25,20164.75,7115
2026-01-29 09:41:00,20164.75,20165.25,20161.25,20162.75,8193
2026-01-29 09:42:00,20162.75,20164.0,20158.75,20160.0,6880
2026-01-29 09:43:00,20160.0,20163.75,20159.75,20162.25,7394
2026-01-29 09:44:00,20162.25,20166.0,20158.25,20162.0,8276
2026-01-29 09:45:00,20162.0,20162.25,20157.75,20161.5,5083
2026-01-29 09:46:00,20161.5,20162.75,20159.75,20162.25,6487
2026-01-29 09:47:00,20162.25,20163.0,20162.25,20162.75,8798
2026-01-29 09:48:00,20162.75,20162.75,20161.25,20161.5,5827
2026-01-29 09:49:00,20161.5,20164.75,20157.75,20159.5,3251
2026-01-29 09:50:00,20159.5,20160.75,20157.0,20159.25,5919
2026-01-29 09:51:00,20159.25,20160.75,20153.5,20155.25,5447
2026-01-29 09:52:00,20155.25,20156.5,20154.75,20156.0,7206
2026-01-29 09:53:00,20156.0,20161.75,20151.0,20161.0,4798
2026-01-29 09:54:00,20161.0,20169.5,20160.75,20164.75,7113
2026-01-29 09:55:00,20164.75,20166.75,20163.0,20166.5,8531
2026-01-29 09:56:00,20166.5,20166.5,20161.25,20165.75,3332
2026-01-29 09:57:00,20165.75,20174.0,20165.25,20171.0,7079
2026-01-29 09:58:00,20171.0,20172.0,20170.75,20171.25,7524
2026-01-29 09:59:00,20171.25,20173.0,20170.5,20172.75,6701
2026-01-29 10:00:00,20172.75,20175.25,20171.75,20171.75,2832
2026-01-29 10:01:00,20171.75,20174.25,20170.0,20172.0,3418
2026-01-29 10:02:00,20172.0,20173.75,20169.0,20170.25,3231
2026-01-29 10:03:00,20170.25,20170.5,20170.0,20170.0,3606
2026-01-29 10:04:00,20170.0,20171.5,20169.75,20170.75,2074
2026-01-29 10:05:00,20170.75,20171.25,20167.75,20171.25,3394
2026-01-29 10:06:00,20171.25,20173.0,20169.75,20172.75,3453
2026-01-29 10:07:00,20172.75,20173.75,20170.25,20173.5,4206
2026-01-29 10:08:00,20173.5,20175.0,20171.5,20173.0,4329
2026-01-29 10:09:00,20173.0,20173.75,20170.5,20171.75,1909
2026-01-29 10:10:00,20171.75,20175.75,20171.25,20173.25,3885
2026-01-29 10:11:00,20173.25,20176.25,20173.0,20175.75,3820
2026-01-29 10:12:00,20175.75,20176.0,20173.5,20173.75,4497
2026-01-29 10:13:00,20173.75,20176.0,20172.25,20173.25,1591
2026-01-29 10:14:00,20173.25,20173.5,20168.0,20171.25,3694
2026-01-29 10:15:00,20171.25,20173.75,20171.0,20173.25,3969
2026-01-29 10:16:00,20173.25,20175.0,20173.0,20174.75,4073
2026-01-29 10:17:00,20174.75,20177.5,20174.0,20175.75,3404
2026-01-29 10:18:00,20175.75,20176.0,20174.5,20175.0,3207
2026-01-29 10:19:00,20175.0,20177.75,20175.0,20176.75,3422
2026-01-29 10:20:00,20176.75,20179.25,20176.0,20179.0,4334
2026-01-29 10:21:00,20179.0,20179.75,20177.25,20177.75,1849
2026-01-29 10:22:00,20177.75,20180.25,20177.75,20179.25,1926
2026-01-29 10:23:00,20179.25,20181.75,20179.0,20181.25,2136
2026-01-29 10:24:00,20181.25,20181.75,20178.0,20179.5,2140
2026-01-29 10:25:00,20179.5,20180.5,20177.0,20177.25,3372
2026-01-29 10:26:00,20177.25,20177.5,20174.75,20176.5,4210
2026-01-29 10:27:00,20176.5,20179.75,20176.5,20179.75,2948
2026-01-29 10:28:00,20179.75,20179.75,20178.0,20179.25,4334
2026-01-29 10:29:00,20179.25,20179.5,20176.75,20177.0,2684
2026-01-29 10:30:00,20177.0,20181.5,20175.75,20177.25,2860
2026-01-29 10:31:00,20177.25,20179.0,20176.5,20178.0,4282
2026-01-29 10:32:00,20178.0,20179.0,20176.25,20176.5,2346
2026-01-29 10:33:00,20176.5,20177.75,20176.25,20177.25,4005
2026-01-29 10:34:00,20177.25,20179.75,20177.0,20177.25,4114
2026-01-29 10:35:00,20177.25,20178.25,20176.75,20177.25,3718
2026-01-29 10:36:00,20177.25,20179.0,20176.75,20178.25,2192
2026-01-29 10:37:00,20178.25,20179.5,20176.25,20178.75,1599
2026-01-29 10:38:00,20178.75,20181.75,20178.75,20181.75,1810
2026-01-29 10:39:00,20181.75,20181.75,20179.75,20179.75,4376
2026-01-29 10:40:00,20179.75,20179.75,20175.25,20176.5,2814
2026-01-29 10:41:00,20176.5,20179.0,20176.25,20178.25,3260
2026-01-29 10:42:00,20178.25,20179.5,20177.75,20179.5,2550
2026-01-29 10:43:00,20179.5,20179.5,20177.25,20179.0,3116
2026-01-29 10:44:00,20179.0,20182.0,20174.5,20179.5,3812
2026-01-29 10:45:00,20179.5,20181.0,20177.5,20180.75,3948
2026-01-29 10:46:00,20180.75,20183.0,20179.5,20181.25,2078
2026-01-29 10:47:00,20181.25,20185.0,20179.75,20182.25,1501
2026-01-29 10:48:00,20182.25,20182.75,20181.25,20182.5,3301
2026-01-29 10:49:00,20182.5,20182.75,20181.5,20182.25,2961
2026-01-29 10:50:00,20182.25,20182.5,20182.0,20182.0,3725
2026-01-29 10:51:00,20182.0,20182.25,20182.0,20182.25,1816
2026-01-29 10:52:00,20182.25,20182.25,20179.75,20180.0,2146
2026-01-29 10:53:00,20180.0,20182.25,20178.5,20181.25,2035
2026-01-29 10:54:00,20181.25,20181.25,20181.0,20181.0,1802
2026-01-29 10:55:00,20181.0,20184.75,20180.5,20181.75,4465
2026-01-29 10:56:00,20181.75,20183.75,20179.0,20179.5,3451
2026-01-29 10:57:00,20179.5,20180.0,20179.5,20179.5,3898
2026-01-29 10:58:00,20179.5,20182.25,20178.5,20179.25,2558
2026-01-29 10:59:00,20179.25,20183.25,20179.0,20182.25,3144
2026-01-29 11:00:00,20182.25,20184.25,20179.75,20184.25,4437
2026-01-29 11:01:00,20184.25,20185.75,20184.25,20185.5,2499
2026-01-29 11:02:00,20185.5,20186.5,20183.5,20185.75,2913
2026-01-29 11:03:00,20185.75,20186.5,20184.0,20186.25,1713
2026-01-29 11:04:00,20186.25,20187.25,20185.75,20187.0,3502
2026-01-29 11:05:00,20187.0,20187.25,20183.5,20185.75,3230
2026-01-29 11:06:00,20185.75,20186.5,20185.25,20185.75,1956
2026-01-29 11:07:00,20185.75,20187.75,20185.25,20186.75,2291
2026-01-29 11:08:00,20186.75,20187.25,20186.5,20187.0,3612
2026-01-29 11:09:00,20187.0,20187.25,20186.5,20186.5,3873
2026-01-29 11:10:00,20186.5,20187.25,20186.5,20187.25,4231
2026-01-29 11:11:00,20187.25,20189.5,20186.5,20189.25,1898
2026-01-29 11:12:00,20189.25,20192.25,20189.0,20190.0,2681
2026-01-29 11:13:00,20190.0,20190.25,20187.25,20188.25,3184
2026-01-29 11:14:00,20188.25,20188.5,20186.75,20187.0,2721
2026-01-29 11:15:00,20187.0,20187.5,20186.5,20187.25,2417
2026-01-29 11:16:00,20187.25,20187.75,20186.75,20186.75,2697
2026-01-29 11:17:00,20186.75,20188.25,20186.0,20188.0,2208
2026-01-29 11:18:00,20188.0,20189.0,20184.0,20187.75,3165
2026-01-29 11:19:00,20187.75,20188.0,20184.75,20186.25,3753
2026-01-29 11:20:00,20186.25,20186.75,20185.0,20185.0,3263
2026-01-29 11:21:00,20185.0,20185.25,20185.0,20185.0,1856
2026-01-29 11:22:00,20185.0,20186.75,20183.5,20186.25,2328
2026-01-29 11:23:00,20186.25,20186.5,20186.0,20186.25,4067
2026-01-29 11:24:00,20186.25,20188.25,20184.5,20187.5,3178
2026-01-29 11:25:00,20187.5,20188.0,20186.0,20187.0,4141
2026-01-29 11:26:00,20187.0,20189.0,20185.25,20187.75,2536
2026-01-29 11:27:00,20187.75,20190.25,20187.5,20189.25,2549
2026-01-29 11:28:00,20189.25,20190.0,20187.25,20188.25,3821
2026-01-29 11:29:00,20188.25,20191.25,20185.5,20190.75,2898
2026-01-29 11:30:00,20190.75,20190.75,20189.5,20190.0,1312
2026-01-29 11:31:00,20190.0,20190.25,20188.75,20189.0,1431
2026-01-29 11:32:00,20189.0,20191.0,20189.0,20189.25,926
2026-01-29 11:33:00,20189.25,20189.25,20188.25,20188.75,637
2026-01-29 11:34:00,20188.75,20189.25,20186.75,20188.25,1325
2026-01-29 11:35:00,20188.25,20189.0,20188.25,20188.25,1068
2026-01-29 11:36:00,20188.25,20189.25,20187.75,20188.0,1629
2026-01-29 11:37:00,20188.0,20189.75,20187.5,20188.25,1240
2026-01-29 11:38:00,20188.25,20188.25,20187.5,20187.75,802
2026-01-29 11:39:00,20187.75,20188.25,20187.5,20187.75,1392
2026-01-29 11:40:00,20187.75,20188.75,20187.25,20187.25,1266
2026-01-29 11:41:00,20187.25,20187.25,20186.5,20186.5,911
2026-01-29 11:42:00,20186.5,20187.0,20185.5,20186.75,1668
2026-01-29 11:43:00,20186.75,20188.0,20186.0,20187.25,772
2026-01-29 11:44:00,20187.25,20188.0,20186.25,20186.5,750
2026-01-29 11:45:00,20186.5,20187.5,20186.0,20187.5,1451
2026-01-29 11:46:00,20187.5,20188.0,20185.75,20186.25,699
2026-01-29 11:47:00,20186.25,20187.25,20185.75,20187.0,906
2026-01-29 11:48:00,20187.0,20187.25,20186.25,20186.25,980
2026-01-29 11:49:00,20186.25,20187.0,20185.25,20186.25,639
2026-01-29 11:50:00,20186.25,20186.5,20185.0,20185.5,1066
2026-01-29 11:51:00,20185.5,20187.5,20185.25,20185.75,1116
2026-01-29 11:52:00,20185.75,20187.0,20184.0,20184.75,903
2026-01-29 11:53:00,20184.75,20186.5,20184.75,20186.25,866
2026-01-29 11:54:00,20186.25,20187.0,20186.25,20187.0,1209
2026-01-29 11:55:00,20187.0,20187.5,20186.25,20186.5,1504
2026-01-29 11:56:00,20186.5,20187.25,20186.25,20186.25,1139
2026-01-29 11:57:00,20186.25,20186.5,20185.25,20185.5,742
2026-01-29 11:58:00,20185.5,20185.75,20185.25,20185.5,1644
2026-01-29 11:59:00,20185.5,20185.75,20184.5,20185.25,642
2026-01-29 12:00:00,20185.25,20186.25,20184.25,20185.25,773
2026-01-29 12:01:00,20185.25,20186.5,20185.0,20186.5,690
2026-01-29 12:02:00,20186.5,20187.5,20184.25,20187.25,831
2026-01-29 12:03:00,20187.25,20187.5,20187.0,20187.0,864
2026-01-29 12:04:00,20187.0,20187.0,20185.5,20186.0,1430
2026-01-29 12:05:00,20186.0,20186.5,20184.5,20185.75,612
2026-01-29 12:06:00,20185.75,20186.25,20185.25,20186.0,1599
2026-01-29 12:07:00,20186.0,20186.0,20185.5,20185.75,1606
2026-01-29 12:08:00,20185.75,20187.0,20185.75,20186.25,1046
2026-01-29 12:09:00,20186.25,20187.0,20186.25,20187.0,1106
2026-01-29 12:10:00,20187.0,20187.25,20186.75,20187.0,1593
2026-01-29 12:11:00,20187.0,20187.25,20185.5,20186.5,1072
2026-01-29 12:12:00,20186.5,20186.75,20185.5,20186.0,1166
2026-01-29 12:13:00,20186.0,20187.25,20184.25,20185.25,924
2026-01-29 12:14:00,20185.25,20185.75,20184.5,20185.5,1479
2026-01-29 12:15:00,20185.5,20185.5,20185.25,20185.25,1580
2026-01-29 12:16:00,20185.25,20187.0,20184.5,20186.25,1362
2026-01-29 12:17:00,20186.25,20188.0,20184.5,20186.5,1797
2026-01-29 12:18:00,20186.5,20187.0,20186.5,20186.75,1610
2026-01-29 12:19:00,20186.75,20187.5,20186.5,20186.5,1617
2026-01-29 12:20:00,20186.5,20186.5,20185.5,20186.0,1179
2026-01-29 12:21:00,20186.0,20186.5,20185.0,20186.25,1780
2026-01-29 12:22:00,20186.25,20187.25,20185.75,20186.5,1523
2026-01-29 12:23:00,20186.5,20187.5,20186.5,20187.0,1243
2026-01-29 12:24:00,20187.0,20189.0,20186.75,20188.75,1202
2026-01-29 12:25:00,20188.75,20189.0,20187.5,20188.5,655
2026-01-29 12:26:00,20188.5,20188.75,20187.75,20188.25,1634
2026-01-29 12:27:00,20188.25,20188.25,20187.75,20187.75,730
2026-01-29 12:28:00,20187.75,20189.5,20185.25,20187.25,1308
2026-01-29 12:29:00,20187.25,20188.5,20187.0,20187.5,673
2026-01-29 12:30:00,20187.5,20188.75,20187.0,20187.25,1124
2026-01-29 12:31:00,20187.25,20187.5,20186.75,20187.0,906
2026-01-29 12:32:00,20187.0,20188.75,20187.0,20187.75,1465
2026-01-29 12:33:00,20187.75,20187.75,20187.25,20187.5,1360
2026-01-29 12:34:00,20187.5,20189.75,20187.25,20188.5,845
2026-01-29 12:35:00,20188.5,20189.25,20186.5,20188.25,1567
2026-01-29 12:36:00,20188.25,20189.0,20188.25,20188.5,1470
2026-01-29 12:37:00,20188.5,20189.25,20188.0,20188.25,1205
2026-01-29 12:38:00,20188.25,20189.0,20187.0,20187.25,1799
2026-01-29 12:39:00,20187.25,20188.25,20186.5,20186.75,1454
2026-01-29 12:40:00,20186.75,20188.75,20186.5,20188.25,1677
2026-01-29 12:41:00,20188.25,20188.75,20188.0,20188.25,1094
2026-01-29 12:42:00,20188.25,20188.5,20187.25,20187.75,1029
2026-01-29 12:43:00,20187.75,20188.75,20187.25,20187.75,926
2026-01-29 12:44:00,20187.75,20190.5,20187.75,20189.5,848
2026-01-29 12:45:00,20189.5,20189.75,20188.5,20188.75,652
2026-01-29 12:46:00,20188.75,20189.5,20188.25,20188.5,779
2026-01-29 12:47:00,20188.5,20189.5,20187.75,20189.0,1584
2026-01-29 12:48:00,20189.0,20189.0,20188.5,20189.0,683
2026-01-29 12:49:00,20189.0,20189.0,20188.25,20188.75,989
2026-01-29 12:50:00,20188.75,20189.5,20187.75,20188.0,1087
2026-01-29 12:51:00,20188.0,20189.0,20187.25,20189.0,1170
2026-01-29 12:52:00,20189.0,20189.25,20189.0,20189.25,950
2026-01-29 12:53:00,20189.25,20189.5,20188.5,20189.5,1527
2026-01-29 12:54:00,20189.5,20191.0,20189.25,20190.0,672
2026-01-29 12:55:00,20190.0,20192.0,20189.75,20191.5,915
2026-01-29 12:56:00,20191.5,20192.0,20191.5,20191.75,659
2026-01-29 12:57:00,20191.75,20192.25,20191.5,20192.0,653
2026-01-29 12:58:00,20192.0,20193.25,20191.5,20191.75,636
2026-01-29 12:59:00,20191.75,20192.75,20191.25,20192.0,1126
2026-01-29 13:00:00,20192.0,20192.5,20192.0,20192.0,917
2026-01-29 13:01:00,20192.0,20193.75,20191.75,20193.5,1018
2026-01-29 13:02:00,20193.5,20193.5,20193.25,20193.25,1009
2026-01-29 13:03:00,20193.25,20195.25,20192.75,20193.75,981
2026-01-29 13:04:00,20193.75,20194.75,20193.0,20194.25,1385
2026-01-29 13:05:00,20194.25,20194.25,20193.75,20193.75,981
2026-01-29 13:06:00,20193.75,20194.75,20193.5,20194.25,1235
2026-01-29 13:07:00,20194.25,20195.0,20192.75,20193.75,953
2026-01-29 13:08:00,20193.75,20194.75,20193.5,20194.0,870
2026-01-29 13:09:00,20194.0,20194.25,20193.75,20194.0,1150
2026-01-29 13:10:00,20194.0,20196.25,20193.0,20193.25,1507
2026-01-29 13:11:00,20193.25,20193.75,20192.0,20193.0,728
2026-01-29 13:12:00,20193.0,20193.25,20192.75,20193.25,1104
2026-01-29 13:13:00,20193.25,20194.25,20192.25,20193.75,1329
2026-01-29 13:14:00,20193.75,20195.5,20193.25,20194.75,940
2026-01-29 13:15:00,20194.75,20196.25,20194.5,20195.25,1071
2026-01-29 13:16:00,20195.25,20195.25,20194.0,20195.0,614
2026-01-29 13:17:00,20195.0,20195.75,20194.25,20195.25,615
2026-01-29 13:18:00,20195.25,20196.0,20195.25,20195.25,1698
2026-01-29 13:19:00,20195.25,20196.0,20194.5,20195.75,736
2026-01-29 13:20:00,20195.75,20196.0,20194.75,20196.0,1682
2026-01-29 13:21:00,20196.0,20196.25,20195.25,20195.5,1548
2026-01-29 13:22:00,20195.5,20196.0,20194.75,20194.75,1777
2026-01-29 13:23:00,20194.75,20195.5,20194.75,20195.25,1037
2026-01-29 13:24:00,20195.25,20195.75,20194.75,20195.0,781
2026-01-29 13:25:00,20195.0,20195.5,20195.0,20195.25,1127
2026-01-29 13:26:00,20195.25,20196.5,20194.5,20195.75,1312
2026-01-29 13:27:00,20195.75,20196.75,20195.25,20196.75,1312
2026-01-29 13:28:00,20196.75,20197.5,20196.5,20197.5,1567
2026-01-29 13:29:00,20197.5,20198.75,20197.25,20198.5,989
2026-01-29 13:30:00,20198.5,20200.0,20197.5,20197.75,2768
2026-01-29 13:31:00,20197.75,20200.25,20197.25,20200.0,2804
2026-01-29 13:32:00,20200.0,20201.25,20200.0,20201.0,2132
2026-01-29 13:33:00,20201.0,20201.5,20199.75,20200.75,3311
2026-01-29 13:34:00,20200.75,20202.0,20198.0,20199.5,2295
2026-01-29 13:35:00,20199.5,20200.75,20199.0,20200.5,2637
2026-01-29 13:36:00,20200.5,20200.5,20199.0,20200.0,3530
2026-01-29 13:37:00,20200.0,20202.25,20200.0,20202.0,2297
2026-01-29 13:38:00,20202.0,20202.25,20201.0,20201.5,3543
2026-01-29 13:39:00,20201.5,20204.5,20201.5,20203.25,2858
2026-01-29 13:40:00,20203.25,20204.25,20203.0,20203.5,2069
2026-01-29 13:41:00,20203.5,20205.25,20203.25,20205.0,2017
2026-01-29 13:42:00,20205.0,20207.5,20203.75,20203.75,2383
2026-01-29 13:43:00,20203.75,20204.75,20202.5,20202.75,1918
2026-01-29 13:44:00,20202.75,20205.5,20202.25,20204.0,2298
2026-01-29 13:45:00,20204.0,20205.75,20204.0,20205.5,3415
2026-01-29 13:46:00,20205.5,20206.5,20205.25,20206.0,3976
2026-01-29 13:47:00,20206.0,20206.25,20205.5,20206.0,3674
2026-01-29 13:48:00,20206.0,20210.0,20204.25,20208.0,2432
2026-01-29 13:49:00,20208.0,20210.0,20207.5,20208.75,2980
2026-01-29 13:50:00,20208.75,20210.0,20208.0,20209.5,3679
2026-01-29 13:51:00,20209.5,20214.0,20208.75,20211.75,2212
2026-01-29 13:52:00,20211.75,20212.75,20211.5,20212.5,1916
2026-01-29 13:53:00,20212.5,20213.25,20212.5,20213.0,3829
2026-01-29 13:54:00,20213.0,20215.5,20211.0,20214.25,3972
2026-01-29 13:55:00,20214.25,20214.5,20213.75,20214.5,2536
2026-01-29 13:56:00,20214.5,20214.5,20214.0,20214.0,2644
2026-01-29 13:57:00,20214.0,20214.5,20214.0,20214.0,2834
2026-01-29 13:58:00,20214.0,20216.5,20213.5,20216.25,2956
2026-01-29 13:59:00,20216.25,20218.25,20216.0,20218.0,2448
2026-01-29 14:00:00,20218.0,20218.75,20217.25,20218.0,3501
2026-01-29 14:01:00,20218.0,20218.75,20217.75,20218.75,3441
2026-01-29 14:02:00,20218.75,20220.0,20215.75,20217.25,2745
2026-01-29 14:03:00,20217.25,20217.5,20216.5,20217.0,2393
2026-01-29 14:04:00,20217.0,20218.0,20213.75,20214.0,2145
2026-01-29 14:05:00,20214.0,20215.75,20213.75,20213.75,3315
2026-01-29 14:06:00,20213.75,20214.5,20210.0,20214.0,1908
2026-01-29 14:07:00,20214.0,20214.25,20213.75,20214.0,3560
2026-01-29 14:08:00,20214.0,20214.25,20212.75,20214.25,3676
2026-01-29 14:09:00,20214.25,20216.0,20212.75,20216.0,2042
2026-01-29 14:10:00,20216.0,20217.0,20215.75,20216.25,2449
2026-01-29 14:11:00,20216.25,20217.0,20215.25,20216.5,2577
2026-01-29 14:12:00,20216.5,20218.0,20215.5,20217.75,3013
2026-01-29 14:13:00,20217.75,20219.5,20216.5,20216.75,2081
2026-01-29 14:14:00,20216.75,20217.5,20213.75,20214.5,3850
2026-01-29 14:15:00,20214.5,20217.5,20212.0,20215.25,3494
2026-01-29 14:16:00,20215.25,20215.75,20213.75,20214.75,2007
2026-01-29 14:17:00,20214.75,20215.5,20213.25,20213.5,1739
2026-01-29 14:18:00,20213.5,20214.25,20212.75,20212.75,2662
2026-01-29 14:19:00,20212.75,20214.25,20211.0,20213.75,3808
2026-01-29 14:20:00,20213.75,20215.25,20213.75,20215.25,3134
2026-01-29 14:21:00,20215.25,20215.5,20213.75,20213.75,1819
2026-01-29 14:22:00,20213.75,20214.25,20213.5,20213.75,2159
2026-01-29 14:23:00,20213.75,20214.25,20212.25,20213.5,3920
2026-01-29 14:24:00,20213.5,20214.5,20212.0,20212.75,2539
2026-01-29 14:25:00,20212.75,20212.75,20209.75,20210.75,2642
2026-01-29 14:26:00,20210.75,20212.25,20210.75,20212.25,3298
2026-01-29 14:27:00,20212.25,20212.25,20211.25,20212.25,2710
2026-01-29 14:28:00,20212.25,20212.75,20211.25,20211.25,1826
2026-01-29 14:29:00,20211.25,20212.5,20208.5,20209.75,3454
2026-01-29 14:30:00,20209.75,20210.0,20207.75,20208.5,3096
2026-01-29 14:31:00,20208.5,20212.5,20208.0,20210.25,3091
2026-01-29 14:32:00,20210.25,20212.5,20207.75,20210.75,3173
2026-01-29 14:33:00,20210.75,20214.5,20209.0,20211.75,3574
2026-01-29 14:34:00,20211.75,20212.25,20210.5,20211.5,1792
2026-01-29 14:35:00,20211.5,20213.5,20211.5,20213.0,3758
2026-01-29 14:36:00,20213.0,20214.5,20212.75,20214.5,1726
2026-01-29 14:37:00,20214.5,20216.5,20213.75,20215.75,3527
2026-01-29 14:38:00,20215.75,20216.5,20215.5,20216.25,2994
2026-01-29 14:39:00,20216.25,20218.5,20214.5,20216.5,1901
2026-01-29 14:40:00,20216.5,20217.25,20216.5,20216.75,1632
2026-01-29 14:41:00,20216.75,20216.75,20215.0,20215.0,3777
2026-01-29 14:42:00,20215.0,20216.25,20214.0,20214.5,1984
2026-01-29 14:43:00,20214.5,20215.75,20214.25,20215.75,2972
2026-01-29 14:44:00,20215.75,20218.25,20215.75,20217.0,3838
2026-01-29 14:45:00,20217.0,20222.0,20215.75,20220.0,2351
2026-01-29 14:46:00,20220.0,20221.75,20219.25,20221.5,2172
2026-01-29 14:47:00,20221.5,20221.5,20220.75,20220.75,2003
2026-01-29 14:48:00,20220.75,20221.75,20220.25,20221.5,1913
2026-01-29 14:49:00,20221.5,20223.0,20217.75,20220.5,3452
2026-01-29 14:50:00,20220.5,20221.25,20218.75,20219.5,3389
2026-01-29 14:51:00,20219.5,20220.25,20218.75,20219.5,3845
2026-01-29 14:52:00,20219.5,20220.5,20218.5,20219.25,2729
2026-01-29 14:53:00,20219.25,20220.25,20218.5,20219.25,3489
2026-01-29 14:54:00,20219.25,20219.25,20218.0,20218.0,3021
2026-01-29 14:55:00,20218.0,20218.25,20215.25,20216.75,1894
2026-01-29 14:56:00,20216.75,20217.5,20214.5,20215.25,3503
2026-01-29 14:57:00,20215.25,20217.0,20215.25,20216.75,2341
2026-01-29 14:58:00,20216.75,20217.5,20215.0,20216.0,2793
2026-01-29 14:59:00,20216.0,20216.5,20214.5,20215.0,2642
2026-01-29 15:00:00,20215.0,20216.0,20215.0,20215.0,2698
2026-01-29 15:01:00,20215.0,20215.25,20213.5,20214.25,1463
2026-01-29 15:02:00,20214.25,20217.0,20213.75,20216.0,2688
2026-01-29 15:03:00,20216.0,20216.75,20214.75,20214.75,2216
2026-01-29 15:04:00,20214.75,20216.25,20214.0,20215.75,3148
2026-01-29 15:05:00,20215.75,20219.0,20215.0,20217.25,2341
2026-01-29 15:06:00,20217.25,20218.5,20216.25,20217.25,2329
2026-01-29 15:07:00,20217.25,20218.5,20216.5,20217.5,3869
2026-01-29 15:08:00,20217.5,20218.0,20216.0,20217.25,2779
2026-01-29 15:09:00,20217.25,20217.5,20215.75,20217.25,3418
2026-01-29 15:10:00,20217.25,20217.75,20214.5,20214.75,1718
2026-01-29 15:11:00,20214.75,20216.0,20214.75,20215.75,3423
2026-01-29 15:12:00,20215.75,20217.75,20214.5,20217.0,3770
2026-01-29 15:13:00,20217.0,20217.75,20216.0,20217.25,3707
2026-01-29 15:14:00,20217.25,20220.75,20216.5,20220.5,3242
2026-01-29 15:15:00,20220.5,20221.0,20219.0,20219.25,1519
2026-01-29 15:16:00,20219.25,20220.0,20215.75,20218.5,3682
2026-01-29 15:17:00,20218.5,20219.25,20217.0,20218.25,2407
2026-01-29 15:18:00,20218.25,20219.75,20218.25,20219.0,1734
2026-01-29 15:19:00,20219.0,20222.5,20217.0,20220.5,1470
2026-01-29 15:20:00,20220.5,20221.0,20216.5,20218.0,3962
2026-01-29 15:21:00,20218.0,20219.0,20217.5,20218.25,1625
2026-01-29 15:22:00,20218.25,20219.5,20218.25,20219.0,2508
2026-01-29 15:23:00,20219.0,20219.25,20216.25,20218.25,2797
2026-01-29 15:24:00,20218.25,20221.5,20216.5,20219.0,3123
2026-01-29 15:25:00,20219.0,20219.25,20218.5,20219.0,2785
2026-01-29 15:26:00,20219.0,20219.25,20218.0,20219.0,1818
2026-01-29 15:27:00,20219.0,20219.5,20217.0,20217.25,3375
2026-01-29 15:28:00,20217.25,20218.5,20216.25,20216.5,1871
2026-01-29 15:29:00,20216.5,20217.5,20215.75,20217.0,2355
2026-01-29 15:30:00,20217.0,20220.0,20215.5,20216.25,6094
2026-01-29 15:31:00,20216.25,20216.25,20211.25,20211.75,5849
2026-01-29 15:32:00,20211.75,20212.5,20210.75,20210.75,4395
2026-01-29 15:33:00,20210.75,20211.0,20207.5,20207.75,6937
2026-01-29 15:34:00,20207.75,20209.75,20205.0,20207.0,5371
2026-01-29 15:35:00,20207.0,20208.25,20206.5,20208.0,8250
2026-01-29 15:36:00,20208.0,20212.5,20206.5,20207.75,5879
2026-01-29 15:37:00,20207.75,20209.5,20206.25,20207.25,3662
2026-01-29 15:38:00,20207.25,20207.75,20203.0,20203.5,7433
2026-01-29 15:39:00,20203.5,20204.25,20201.75,20203.25,7321
2026-01-29 15:40:00,20203.25,20204.5,20198.75,20201.0,5530
2026-01-29 15:41:00,20201.0,20204.5,20196.75,20203.25,4476
2026-01-29 15:42:00,20203.25,20204.25,20203.25,20203.75,7718
2026-01-29 15:43:00,20203.75,20205.75,20202.25,20204.75,3695
2026-01-29 15:44:00,20204.75,20208.75,20204.25,20204.5,6812
2026-01-29 15:45:00,20204.5,20205.75,20203.0,20204.25,5214
2026-01-29 15:46:00,20204.25,20207.75,20202.25,20203.5,5662
2026-01-29 15:47:00,20203.5,20205.5,20202.5,20204.25,4686
2026-01-29 15:48:00,20204.25,20206.75,20204.0,20206.25,5320
2026-01-29 15:49:00,20206.25,20207.25,20204.0,20207.25,5029
2026-01-29 15:50:00,20207.25,20209.75,20206.0,20208.75,6435
2026-01-29 15:51:00,20208.75,20210.5,20202.75,20210.0,5730
2026-01-29 15:52:00,20210.0,20210.5,20209.0,20209.75,5360
2026-01-29 15:53:00,20209.75,20212.5,20209.5,20211.5,8357
2026-01-29 15:54:00,20211.5,20211.75,20209.75,20210.5,4000
2026-01-29 15:55:00,20210.5,20211.25,20210.0,20211.25,8388
2026-01-29 15:56:00,20211.25,20211.75,20209.25,20210.0,6751
2026-01-29 15:57:00,20210.0,20211.5,20204.5,20207.75,5189
2026-01-29 15:58:00,20207.75,20211.25,20207.25,20211.0,3613
2026-01-29 15:59:00,20211.0,20214.75,20210.5,20212.75,5993
2026-01-30 09:30:00,20212.75,20213.0,20211.5,20212.5,7316
2026-01-30 09:31:00,20212.5,20215.5,20211.5,20211.75,8349
2026-01-30 09:32:00,20211.75,20216.25,20209.5,20215.75,3596
2026-01-30 09:33:00,20215.75,20215.75,20214.5,20214.5,7035
2026-01-30 09:34:00,20214.5,20216.0,20211.0,20211.5,5833
2026-01-30 09:35:00,20211.5,20214.75,20209.5,20213.0,7710
2026-01-30 09:36:00,20213.0,20214.5,20211.5,20212.25,3040
2026-01-30 09:37:00,20212.25,20216.75,20210.25,20212.5,4025
2026-01-30 09:38:00,20212.5,20215.25,20204.75,20208.0,7281
2026-01-30 09:39:00,20208.0,20211.5,20206.25,20211.25,5367
2026-01-30 09:40:00,20211.25,20212.75,20207.75,20208.0,5095
2026-01-30 09:41:00,20208.0,20210.25,20204.25,20205.5,4552
2026-01-30 09:42:00,20205.5,20207.75,20204.5,20206.0,7137
2026-01-30 09:43:00,20206.0,20207.25,20201.0,20206.75,4330
2026-01-30 09:44:00,20206.75,20207.5,20202.25,20205.25,6402
2026-01-30 09:45:00,20205.25,20209.0,20200.0,20208.0,7681
2026-01-30 09:46:00,20208.0,20209.0,20207.0,20208.5,3558
2026-01-30 09:47:00,20208.5,20212.25,20205.0,20210.75,7004
2026-01-30 09:48:00,20210.75,20212.5,20207.75,20211.0,6598
2026-01-30 09:49:00,20211.0,20214.0,20209.5,20213.0,6183
2026-01-30 09:50:00,20213.0,20215.75,20210.5,20213.5,7581
2026-01-30 09:51:00,20213.5,20218.75,20211.0,20211.5,4916
2026-01-30 09:52:00,20211.5,20213.25,20207.25,20208.75,4112
2026-01-30 09:53:00,20208.75,20213.25,20208.25,20210.25,5022
2026-01-30 09:54:00,20210.25,20211.75,20205.25,20211.5,3973
2026-01-30 09:55:00,20211.5,20215.75,20211.0,20215.25,3793
2026-01-30 09:56:00,20215.25,20218.75,20212.25,20217.5,5562
2026-01-30 09:57:00,20217.5,20217.75,20214.25,20215.25,5624
2026-01-30 09:58:00,20215.25,20216.75,20209.5,20215.5,5900
2026-01-30 09:59:00,20215.5,20222.0,20215.5,20220.25,5009
2026-01-30 10:00:00,20220.25,20221.0,20219.75,20219.75,2412
2026-01-30 10:01:00,20219.75,20221.5,20218.5,20219.25,3121
2026-01-30 10:02:00,20219.25,20222.0,20217.5,20221.25,4282
2026-01-30 10:03:00,20221.25,20223.25,20220.75,20222.25,3545
2026-01-30 10:04:00,20222.25,20225.0,20221.25,20222.5,1867
2026-01-30 10:05:00,20222.5,20226.0,20222.5,20224.0,3912
2026-01-30 10:06:00,20224.0,20225.5,20223.75,20224.5,2419
2026-01-30 10:07:00,20224.5,20225.5,20224.0,20225.0,4164
2026-01-30 10:08:00,20225.0,20226.25,20222.5,20222.75,3304
2026-01-30 10:09:00,20222.75,20224.5,20222.25,20223.75,2579
2026-01-30 10:10:00,20223.75,20225.75,20222.25,20225.25,3488
2026-01-30 10:11:00,20225.25,20225.75,20223.5,20224.0,3671
2026-01-30 10:12:00,20224.0,20224.25,20222.5,20224.0,2806
2026-01-30 10:13:00,20224.0,20224.75,20219.5,20223.0,3939
2026-01-30 10:14:00,20223.0,20226.0,20221.0,20223.25,1703
2026-01-30 10:15:00,20223.25,20224.25,20223.0,20223.75,1700
2026-01-30 10:16:00,20223.75,20228.0,20223.25,20225.25,3976
2026-01-30 10:17:00,20225.25,20226.25,20222.0,20223.25,3934
2026-01-30 10:18:00,20223.25,20224.0,20220.5,20222.25,3232
2026-01-30 10:19:00,20222.25,20224.75,20220.75,20222.0,2015
2026-01-30 10:20:00,20222.0,20222.5,20220.5,20222.25,4236
2026-01-30 10:21:00,20222.25,20224.75,20222.0,20224.25,2391
2026-01-30 10:22:00,20224.25,20225.75,20223.25,20225.5,3928
2026-01-30 10:23:00,20225.5,20228.0,20225.25,20226.25,2312
2026-01-30 10:24:00,20226.25,20226.75,20225.25,20225.5,3360
2026-01-30 10:25:00,20225.5,20227.0,20223.0,20224.75,3579
2026-01-30 10:26:00,20224.75,20225.5,20224.0,20225.0,2403
2026-01-30 10:27:00,20225.0,20226.25,20224.5,20226.25,3150
2026-01-30 10:28:00,20226.25,20226.5,20225.75,20225.75,1599
2026-01-30 10:29:00,20225.75,20226.75,20225.75,20226.0,4492
2026-01-30 10:30:00,20226.0,20226.75,20224.5,20225.0,1631
2026-01-30 10:31:00,20225.0,20226.75,20225.0,20226.0,2869
2026-01-30 10:32:00,20226.0,20226.5,20224.75,20226.25,1632
2026-01-30 10:33:00,20226.25,20229.75,20225.75,20229.5,1567
2026-01-30 10:34:00,20229.5,20230.5,20229.25,20230.0,4426
2026-01-30 10:35:00,20230.0,20231.25,20228.75,20231.25,2206
2026-01-30 10:36:00,20231.25,20231.5,20228.0,20229.0,4207
2026-01-30 10:37:00,20229.0,20229.0,20228.5,20228.5,4296
2026-01-30 10:38:00,20228.5,20229.5,20228.25,20229.0,2200
2026-01-30 10:39:00,20229.0,20231.0,20228.75,20230.75,2384
2026-01-30 10:40:00,20230.75,20231.5,20229.75,20230.25,1840
2026-01-30 10:41:00,20230.25,20231.0,20230.0,20230.75,2764
2026-01-30 10:42:00,20230.75,20230.75,20229.75,20230.0,3505
2026-01-30 10:43:00,20230.0,20230.0,20228.5,20229.25,2527
2026-01-30 10:44:00,20229.25,20231.25,20228.5,20230.25,2924
2026-01-30 10:45:00,20230.25,20232.5,20229.0,20231.25,2153
2026-01-30 10:46:00,20231.25,20231.5,20231.0,20231.25,3954
2026-01-30 10:47:00,20231.25,20235.75,20230.75,20234.0,3179
2026-01-30 10:48:00,20234.0,20236.0,20232.75,20235.0,2548
2026-01-30 10:49:00,20235.0,20235.25,20233.0,20235.25,1970
2026-01-30 10:50:00,20235.25,20235.25,20234.0,20234.25,3011
2026-01-30 10:51:00,20234.25,20237.5,20233.75,20234.5,2488
2026-01-30 10:52:00,20234.5,20235.0,20233.5,20234.0,3947
2026-01-30 10:53:00,20234.0,20236.0,20233.5,20233.75,2244
2026-01-30 10:54:00,20233.75,20234.75,20233.0,20233.75,2539
2026-01-30 10:55:00,20233.75,20234.5,20233.75,20233.75,1711
2026-01-30 10:56:00,20233.75,20234.25,20232.0,20232.25,4068
2026-01-30 10:57:00,20232.25,20232.25,20231.5,20231.5,3780
2026-01-30 10:58:00,20231.5,20231.75,20230.75,20231.0,2319
2026-01-30 10:59:00,20231.0,20234.0,20227.75,20233.25,3694
2026-01-30 11:00:00,20233.25,20236.75,20233.25,20234.25,3528
2026-01-30 11:01:00,20234.25,20234.5,20233.0,20233.75,4147
2026-01-30 11:02:00,20233.75,20236.25,20233.5,20235.5,2638
2026-01-30 11:03:00,20235.5,20237.0,20235.0,20236.75,4462
2026-01-30 11:04:00,20236.75,20238.25,20236.0,20236.75,2808
2026-01-30 11:05:00,20236.75,20239.25,20236.5,20238.25,3258
2026-01-30 11:06:00,20238.25,20241.5,20237.25,20239.5,1889
2026-01-30 11:07:00,20239.5,20241.25,20238.0,20240.75,1850
2026-01-30 11:08:00,20240.75,20241.75,20239.5,20240.0,2558
2026-01-30 11:09:00,20240.0,20242.25,20239.75,20240.0,1964
2026-01-30 11:10:00,20240.0,20240.75,20238.75,20240.75,2523
2026-01-30 11:11:00,20240.75,20242.0,20240.75,20241.0,3306
2026-01-30 11:12:00,20241.0,20242.5,20240.0,20240.25,3761
2026-01-30 11:13:00,20240.25,20241.5,20237.75,20238.25,2535
2026-01-30 11:14:00,20238.25,20242.25,20237.75,20240.75,3006
2026-01-30 11:15:00,20240.75,20241.0,20240.25,20240.25,2544
2026-01-30 11:16:00,20240.25,20242.0,20238.25,20239.5,4394
2026-01-30 11:17:00,20239.5,20240.25,20236.5,20237.75,1500
2026-01-30 11:18:00,20237.75,20240.75,20237.0,20239.25,3975
2026-01-30 11:19:00,20239.25,20241.0,20239.0,20241.0,3532
2026-01-30 11:20:00,20241.0,20243.5,20241.0,20241.75,3228
2026-01-30 11:21:00,20241.75,20245.25,20239.75,20242.5,1973
2026-01-30 11:22:00,20242.5,20243.25,20241.75,20242.5,1521
2026-01-30 11:23:00,20242.5,20245.25,20242.25,20245.25,3094
2026-01-30 11:24:00,20245.25,20245.25,20242.0,20242.75,2664
2026-01-30 11:25:00,20242.75,20243.75,20242.25,20243.25,3472
2026-01-30 11:26:00,20243.25,20243.25,20241.75,20242.25,1720
2026-01-30 11:27:00,20242.25,20243.5,20239.25,20240.0,2379
2026-01-30 11:28:00,20240.0,20242.75,20239.75,20242.75,4397
2026-01-30 11:29:00,20242.75,20244.25,20241.0,20244.25,3286
2026-01-30 11:30:00,20244.25,20246.5,20244.0,20245.0,1102
2026-01-30 11:31:00,20245.0,20245.5,20244.75,20245.5,1554
2026-01-30 11:32:00,20245.5,20245.75,20245.0,20245.25,729
2026-01-30 11:33:00,20245.25,20246.0,20244.0,20245.0,1669
2026-01-30 11:34:00,20245.0,20245.25,20244.5,20245.0,670
2026-01-30 11:35:00,20245.0,20245.25,20242.5,20244.25,1194
2026-01-30 11:36:00,20244.25,20244.5,20243.25,20243.5,918
2026-01-30 11:37:00,20243.5,20245.0,20243.5,20244.5,1745
2026-01-30 11:38:00,20244.5,20245.5,20244.0,20245.25,916
2026-01-30 11:39:00,20245.25,20246.0,20245.0,20245.75,1441
2026-01-30 11:40:00,20245.75,20245.75,20245.0,20245.0,1689
2026-01-30 11:41:00,20245.0,20245.75,20244.25,20244.75,1025
2026-01-30 11:42:00,20244.75,20245.0,20244.5,20245.0,1112
2026-01-30 11:43:00,20245.0,20246.5,20244.5,20245.75,1503
2026-01-30 11:44:00,20245.75,20247.0,20244.75,20246.75,949
2026-01-30 11:45:00,20246.75,20247.5,20245.75,20247.25,1186
2026-01-30 11:46:00,20247.25,20249.0,20247.25,20249.0,606
2026-01-30 11:47:00,20249.0,20249.75,20249.0,20249.5,1221
2026-01-30 11:48:00,20249.5,20250.5,20249.5,20249.75,1011
2026-01-30 11:49:00,20249.75,20250.25,20249.0,20249.75,971
2026-01-30 11:50:00,20249.75,20249.75,20249.0,20249.5,1555
2026-01-30 11:51:00,20249.5,20250.0,20249.0,20249.75,1329
2026-01-30 11:52:00,20249.75,20249.75,20248.75,20248.75,1011
2026-01-30 11:53:00,20248.75,20249.75,20248.5,20249.25,1719
2026-01-30 11:54:00,20249.25,20249.5,20248.25,20248.5,853
2026-01-30 11:55:00,20248.5,20250.0,20248.0,20248.5,1148
2026-01-30 11:56:00,20248.5,20249.0,20248.0,20249.0,654
2026-01-30 11:57:00,20249.0,20249.25,20248.5,20249.0,953
2026-01-30 11:58:00,20249.0,20249.5,20248.0,20248.5,1663
2026-01-30 11:59:00,20248.5,20248.5,20247.75,20248.25,1487
2026-01-30 12:00:00,20248.25,20250.5,20248.0,20249.5,884
2026-01-30 12:01:00,20249.5,20250.5,20249.25,20250.25,1486
2026-01-30 12:02:00,20250.25,20250.5,20250.0,20250.0,1131
2026-01-30 12:03:00,20250.0,20250.75,20249.25,20249.75,1273
2026-01-30 12:04:00,20249.75,20250.0,20249.25,20249.5,860
2026-01-30 12:05:00,20249.5,20251.0,20249.25,20249.75,665
2026-01-30 12:06:00,20249.75,20250.5,20249.25,20249.75,1205
2026-01-30 12:07:00,20249.75,20250.5,20249.25,20249.5,1787
2026-01-30 12:08:00,20249.5,20249.5,20248.25,20248.5,1420
2026-01-30 12:09:00,20248.5,20248.5,20247.75,20248.0,1646
2026-01-30 12:10:00,20248.0,20248.25,20247.25,20247.25,1279
2026-01-30 12:11:00,20247.25,20247.5,20247.0,20247.25,679
2026-01-30 12:12:00,20247.25,20247.5,20247.25,20247.5,673
2026-01-30 12:13:00,20247.5,20249.25,20247.25,20249.0,691
2026-01-30 12:14:00,20249.0,20249.25,20248.75,20249.25,1484
2026-01-30 12:15:00,20249.25,20250.25,20249.0,20249.0,1486
2026-01-30 12:16:00,20249.0,20250.25,20248.75,20249.75,1362
2026-01-30 12:17:00,20249.75,20249.75,20248.0,20249.5,1628
2026-01-30 12:18:00,20249.5,20250.5,20247.0,20250.25,1546
2026-01-30 12:19:00,20250.25,20250.75,20247.75,20249.25,1444
2026-01-30 12:20:00,20249.25,20249.75,20249.0,20249.25,1002
2026-01-30 12:21:00,20249.25,20250.0,20248.5,20248.5,848
2026-01-30 12:22:00,20248.5,20249.25,20248.25,20248.75,1793
2026-01-30 12:23:00,20248.75,20249.5,20248.5,20249.0,788
2026-01-30 12:24:00,20249.0,20249.25,20247.75,20248.0,1616
2026-01-30 12:25:00,20248.0,20248.25,20247.0,20247.75,1472
2026-01-30 12:26:00,20247.75,20249.0,20246.5,20247.5,1243
2026-01-30 12:27:00,20247.5,20247.75,20247.5,20247.75,617
2026-01-30 12:28:00,20247.75,20247.75,20247.25,20247.25,1462
2026-01-30 12:29:00,20247.25,20248.0,20246.75,20247.25,859
2026-01-30 12:30:00,20247.25,20247.5,20247.0,20247.25,1379
2026-01-30 12:31:00,20247.25,20248.5,20246.75,20248.5,1163
2026-01-30 12:32:00,20248.5,20249.0,20248.25,20248.75,657
2026-01-30 12:33:00,20248.75,20249.0,20248.25,20249.0,832
2026-01-30 12:34:00,20249.0,20249.5,20247.75,20248.5,1621
2026-01-30 12:35:00,20248.5,20249.0,20247.75,20247.75,1246
2026-01-30 12:36:00,20247.75,20248.0,20247.25,20247.25,1413
2026-01-30 12:37:00,20247.25,20247.5,20247.0,20247.5,1477
2026-01-30 12:38:00,20247.5,20247.5,20245.75,20246.75,1294
2026-01-30 12:39:00,20246.75,20247.5,20246.75,20247.5,1083
2026-01-30 12:40:00,20247.5,20248.0,20247.5,20247.75,1778
2026-01-30 12:41:00,20247.75,20247.75,20247.25,20247.5,1192
2026-01-30 12:42:00,20247.5,20247.75,20246.25,20247.0,1168
2026-01-30 12:43:00,20247.0,20248.0,20246.75,20247.5,1370
2026-01-30 12:44:00,20247.5,20248.0,20247.5,20247.75,1200
2026-01-30 12:45:00,20247.75,20247.75,20247.5,20247.75,1054
2026-01-30 12:46:00,20247.75,20248.0,20247.0,20247.5,833
2026-01-30 12:47:00,20247.5,20248.0,20246.75,20247.25,1130
2026-01-30 12:48:00,20247.25,20247.75,20246.75,20247.0,872
2026-01-30 12:49:00,20247.0,20247.75,20246.75,20247.5,1146
2026-01-30 12:50:00,20247.5,20248.0,20246.75,20248.0,1716
2026-01-30 12:51:00,20248.0,20248.25,20247.5,20248.0,606
2026-01-30 12:52:00,20248.0,20249.0,20248.0,20248.75,1452
2026-01-30 12:53:00,20248.75,20248.75,20247.75,20248.25,1770
2026-01-30 12:54:00,20248.25,20249.5,20248.0,20249.25,1235
2026-01-30 12:55:00,20249.25,20252.25,20249.0,20250.75,1288
2026-01-30 12:56:00,20250.75,20251.75,20250.0,20250.25,1054
2026-01-30 12:57:00,20250.25,20250.25,20249.25,20249.5,1106
2026-01-30 12:58:00,20249.5,20249.5,20248.75,20249.5,1339
2026-01-30 12:59:00,20249.5,20251.0,20249.0,20250.75,1279
2026-01-30 13:00:00,20250.75,20252.25,20250.25,20251.75,1414
2026-01-30 13:01:00,20251.75,20252.25,20250.75,20251.25,1780
2026-01-30 13:02:00,20251.25,20251.75,20250.75,20251.5,910
2026-01-30 13:03:00,20251.5,20252.0,20250.75,20251.5,780
2026-01-30 13:04:00,20251.5,20252.5,20251.25,20251.5,709
2026-01-30 13:05:00,20251.5,20252.5,20251.0,20252.0,844
2026-01-30 13:06:00,20252.0,20252.0,20250.5,20251.0,816
2026-01-30 13:07:00,20251.0,20251.5,20250.5,20250.5,1296
2026-01-30 13:08:00,20250.5,20251.25,20250.25,20250.25,1647
2026-01-30 13:09:00,20250.25,20251.0,20249.5,20250.75,1275
2026-01-30 13:10:00,20250.75,20252.5,20250.25,20252.25,657
2026-01-30 13:11:00,20252.25,20252.75,20252.0,20252.25,1459
2026-01-30 13:12:00,20252.25,20254.25,20251.0,20251.5,1600
2026-01-30 13:13:00,20251.5,20251.75,20251.5,20251.75,1752
2026-01-30 13:14:00,20251.75,20253.25,20250.75,20252.5,917
2026-01-30 13:15:00,20252.5,20253.75,20252.25,20253.75,1632
2026-01-30 13:16:00,20253.75,20254.0,20253.0,20253.0,1054
2026-01-30 13:17:00,20253.0,20254.0,20252.75,20253.5,1452
2026-01-30 13:18:00,20253.5,20254.5,20253.0,20254.25,1709
2026-01-30 13:19:00,20254.25,20254.75,20253.75,20254.0,960
2026-01-30 13:20:00,20254.0,20254.25,20253.75,20254.0,987
2026-01-30 13:21:00,20254.0,20255.25,20252.75,20253.25,1061
2026-01-30 13:22:00,20253.25,20254.0,20253.25,20253.5,947
2026-01-30 13:23:00,20253.5,20255.0,20253.0,20253.5,956
2026-01-30 13:24:00,20253.5,20253.75,20253.0,20253.0,1173
2026-01-30 13:25:00,20253.0,20253.25,20252.25,20252.5,1292
2026-01-30 13:26:00,20252.5,20254.75,20250.75,20254.0,646
2026-01-30 13:27:00,20254.0,20254.5,20252.75,20253.75,1235
2026-01-30 13:28:00,20253.75,20254.25,20253.0,20254.25,1656
2026-01-30 13:29:00,20254.25,20255.75,20254.0,20254.25,1189
2026-01-30 13:30:00,20254.25,20254.5,20251.75,20253.75,2700
2026-01-30 13:31:00,20253.75,20256.75,20253.25,20255.75,1848
2026-01-30 13:32:00,20255.75,20258.75,20251.75,20258.25,2547
2026-01-30 13:33:00,20258.25,20260.25,20258.25,20259.5,2987
2026-01-30 13:34:00,20259.5,20263.0,20256.5,20256.75,2736
2026-01-30 13:35:00,20256.75,20259.0,20256.5,20257.75,1576
2026-01-30 13:36:00,20257.75,20261.0,20256.75,20260.75,1608
2026-01-30 13:37:00,20260.75,20261.0,20257.5,20259.5,2539
2026-01-30 13:38:00,20259.5,20259.75,20259.25,20259.75,1695
2026-01-30 13:39:00,20259.75,20261.25,20259.5,20260.0,3183
2026-01-30 13:40:00,20260.0,20261.0,20259.5,20259.5,3206
2026-01-30 13:41:00,20259.5,20260.25,20258.75,20259.75,1796
2026-01-30 13:42:00,20259.75,20263.25,20259.25,20261.25,2366
2026-01-30 13:43:00,20261.25,20264.5,20261.25,20263.5,2374
2026-01-30 13:44:00,20263.5,20265.0,20261.5,20264.25,3005
2026-01-30 13:45:00,20264.25,20266.5,20263.0,20265.25,2585
2026-01-30 13:46:00,20265.25,20265.75,20261.5,20265.0,2473
2026-01-30 13:47:00,20265.0,20265.5,20265.0,20265.5,1850
2026-01-30 13:48:00,20265.5,20267.0,20263.25,20265.0,2380
2026-01-30 13:49:00,20265.0,20265.25,20265.0,20265.0,2434
2026-01-30 13:50:00,20265.0,20267.0,20262.25,20262.75,3859
2026-01-30 13:51:00,20262.75,20264.5,20262.25,20264.5,2313
2026-01-30 13:52:00,20264.5,20265.5,20264.5,20264.75,2805
2026-01-30 13:53:00,20264.75,20265.0,20264.5,20264.5,3219
2026-01-30 13:54:00,20264.5,20265.25,20264.25,20265.25,1657
2026-01-30 13:55:00,20265.25,20265.5,20265.0,20265.5,3033
2026-01-30 13:56:00,20265.5,20265.5,20264.0,20264.75,2393
2026-01-30 13:57:00,20264.75,20265.75,20264.5,20265.0,2535
2026-01-30 13:58:00,20265.0,20267.0,20264.75,20266.75,3183
2026-01-30 13:59:00,20266.75,20268.75,20266.25,20268.25,2450
2026-01-30 14:00:00,20268.25,20269.25,20266.75,20267.5,2932
2026-01-30 14:01:00,20267.5,20267.75,20267.25,20267.75,2992
2026-01-30 14:02:00,20267.75,20268.25,20266.5,20267.0,3804
2026-01-30 14:03:00,20267.0,20268.5,20265.5,20268.0,2035
2026-01-30 14:04:00,20268.0,20271.0,20266.25,20267.0,2491
2026-01-30 14:05:00,20267.0,20269.25,20267.0,20268.5,2408
2026-01-30 14:06:00,20268.5,20268.75,20266.5,20267.0,1478
2026-01-30 14:07:00,20267.0,20268.25,20267.0,20268.0,1745
2026-01-30 14:08:00,20268.0,20268.0,20267.5,20267.75,3008
2026-01-30 14:09:00,20267.75,20269.5,20267.0,20268.5,3304
2026-01-30 14:10:00,20268.5,20269.75,20267.5,20268.0,3140
2026-01-30 14:11:00,20268.0,20269.25,20268.0,20269.0,3882
2026-01-30 14:12:00,20269.0,20269.5,20269.0,20269.25,2922
2026-01-30 14:13:00,20269.25,20270.25,20269.0,20270.0,2000
2026-01-30 14:14:00,20270.0,20270.0,20268.5,20269.0,2419
2026-01-30 14:15:00,20269.0,20269.0,20267.75,20268.25,1809
2026-01-30 14:16:00,20268.25,20273.0,20267.25,20267.5,3689
2026-01-30 14:17:00,20267.5,20268.0,20266.5,20266.75,2392
2026-01-30 14:18:00,20266.75,20269.75,20266.0,20269.25,2923
2026-01-30 14:19:00,20269.25,20272.0,20268.5,20271.5,3475
2026-01-30 14:20:00,20271.5,20271.75,20271.0,20271.0,3688
2026-01-30 14:21:00,20271.0,20273.0,20270.0,20271.0,2227
2026-01-30 14:22:00,20271.0,20273.5,20269.0,20269.75,2840
2026-01-30 14:23:00,20269.75,20276.5,20268.75,20269.5,3610
2026-01-30 14:24:00,20269.5,20270.5,20269.25,20269.75,3095
2026-01-30 14:25:00,20269.75,20271.75,20269.25,20271.25,3693
2026-01-30 14:26:00,20271.25,20272.25,20271.0,20271.75,2700
2026-01-30 14:27:00,20271.75,20272.25,20268.25,20271.25,3623
2026-01-30 14:28:00,20271.25,20275.25,20269.75,20273.25,2506
2026-01-30 14:29:00,20273.25,20275.5,20272.75,20275.5,3020
2026-01-30 14:30:00,20275.5,20276.0,20275.0,20275.0,3305
2026-01-30 14:31:00,20275.0,20275.75,20272.0,20275.5,3582
2026-01-30 14:32:00,20275.5,20277.5,20274.75,20276.25,3334
2026-01-30 14:33:00,20276.25,20277.5,20273.5,20274.25,2584
2026-01-30 14:34:00,20274.25,20275.0,20273.0,20274.75,3408
2026-01-30 14:35:00,20274.75,20275.75,20272.0,20275.25,2079
2026-01-30 14:36:00,20275.25,20277.25,20274.0,20277.0,3493
2026-01-30 14:37:00,20277.0,20277.25,20276.75,20277.25,3576
2026-01-30 14:38:00,20277.25,20281.75,20276.0,20279.75,3116
2026-01-30 14:39:00,20279.75,20281.75,20277.75,20280.75,2748
2026-01-30 14:40:00,20280.75,20285.0,20278.5,20280.0,1836
2026-01-30 14:41:00,20280.0,20280.5,20277.25,20280.25,2077
2026-01-30 14:42:00,20280.25,20280.5,20279.25,20280.25,1674
2026-01-30 14:43:00,20280.25,20282.0,20278.75,20279.25,3007
2026-01-30 14:44:00,20279.25,20280.75,20278.0,20278.75,1747
2026-01-30 14:45:00,20278.75,20279.0,20275.5,20277.25,3536
2026-01-30 14:46:00,20277.25,20279.5,20275.75,20278.5,3899
2026-01-30 14:47:00,20278.5,20280.5,20278.0,20280.0,3422
2026-01-30 14:48:00,20280.0,20282.25,20279.5,20281.25,2971
2026-01-30 14:49:00,20281.25,20282.5,20281.25,20282.5,1655
2026-01-30 14:50:00,20282.5,20282.75,20282.5,20282.75,2402
2026-01-30 14:51:00,20282.75,20284.5,20282.5,20283.0,3864
2026-01-30 14:52:00,20283.0,20284.25,20281.25,20281.75,2889
2026-01-30 14:53:00,20281.75,20281.75,20273.0,20280.5,2304
2026-01-30 14:54:00,20280.5,20281.75,20277.0,20281.5,3134
2026-01-30 14:55:00,20281.5,20282.5,20281.25,20282.25,3280
2026-01-30 14:56:00,20282.25,20285.0,20282.0,20284.5,1509
2026-01-30 14:57:00,20284.5,20287.5,20284.5,20286.25,1405
2026-01-30 14:58:00,20286.25,20289.0,20285.0,20288.25,3312
2026-01-30 14:59:00,20288.25,20290.5,20287.5,20289.25,2000
2026-01-30 15:00:00,20289.25,20290.0,20289.0,20289.5,1499
2026-01-30 15:01:00,20289.5,20289.75,20288.75,20289.5,3348
2026-01-30 15:02:00,20289.5,20292.25,20289.5,20289.75,2189
2026-01-30 15:03:00,20289.75,20291.75,20289.5,20290.75,1972
2026-01-30 15:04:00,20290.75,20291.0,20288.25,20289.0,3466
2026-01-30 15:05:00,20289.0,20290.75,20288.25,20288.5,3028
2026-01-30 15:06:00,20288.5,20289.75,20288.25,20289.0,3103
2026-01-30 15:07:00,20289.0,20290.5,20288.25,20289.75,3278
2026-01-30 15:08:00,20289.75,20289.75,20289.0,20289.75,3836
2026-01-30 15:09:00,20289.75,20290.25,20287.0,20288.5,1562
2026-01-30 15:10:00,20288.5,20288.75,20287.0,20287.25,1541
2026-01-30 15:11:00,20287.25,20288.25,20287.25,20287.75,3630
2026-01-30 15:12:00,20287.75,20288.75,20284.75,20287.75,1751
2026-01-30 15:13:00,20287.75,20288.25,20286.5,20286.75,3601
2026-01-30 15:14:00,20286.75,20288.25,20286.75,20288.0,3684
2026-01-30 15:15:00,20288.0,20288.25,20287.0,20287.5,3892
2026-01-30 15:16:00,20287.5,20288.5,20286.5,20287.25,2573
2026-01-30 15:17:00,20287.25,20290.25,20283.25,20284.0,3999
2026-01-30 15:18:00,20284.0,20284.25,20282.0,20282.0,3532
2026-01-30 15:19:00,20282.0,20282.5,20280.5,20281.25,2150
2026-01-30 15:20:00,20281.25,20281.75,20278.75,20280.5,3815
2026-01-30 15:21:00,20280.5,20282.25,20278.5,20279.25,2469
2026-01-30 15:22:00,20279.25,20280.5,20278.5,20280.25,3230
2026-01-30 15:23:00,20280.25,20283.0,20280.25,20281.5,1975
2026-01-30 15:24:00,20281.5,20282.0,20279.75,20281.0,2835
2026-01-30 15:25:00,20281.0,20282.25,20279.75,20281.25,2962
2026-01-30 15:26:00,20281.25,20282.0,20279.25,20280.5,1937
2026-01-30 15:27:00,20280.5,20280.75,20279.25,20280.25,2495
2026-01-30 15:28:00,20280.25,20280.25,20280.0,20280.0,3051
2026-01-30 15:29:00,20280.0,20280.25,20279.25,20279.75,2862
2026-01-30 15:30:00,20279.75,20283.25,20278.25,20281.0,5720
2026-01-30 15:31:00,20281.0,20282.5,20278.0,20281.75,6013
2026-01-30 15:32:00,20281.75,20282.25,20278.0,20280.0,6530
2026-01-30 15:33:00,20280.0,20282.0,20279.75,20281.75,4292
2026-01-30 15:34:00,20281.75,20282.75,20280.25,20280.75,3945
2026-01-30 15:35:00,20280.75,20281.0,20279.25,20279.75,7956
2026-01-30 15:36:00,20279.75,20281.75,20277.5,20280.0,6657
2026-01-30 15:37:00,20280.0,20281.75,20279.25,20279.25,7100
2026-01-30 15:38:00,20279.25,20280.0,20278.25,20279.25,4837
2026-01-30 15:39:00,20279.25,20281.75,20278.75,20281.5,5040
2026-01-30 15:40:00,20281.5,20289.75,20280.25,20286.25,4706
2026-01-30 15:41:00,20286.25,20288.0,20285.5,20287.5,4721
2026-01-30 15:42:00,20287.5,20288.25,20285.0,20288.25,8419
2026-01-30 15:43:00,20288.25,20289.0,20282.0,20285.0,7274
2026-01-30 15:44:00,20285.0,20286.0,20285.0,20285.75,5835
2026-01-30 15:45:00,20285.75,20290.0,20284.5,20285.5,5169
2026-01-30 15:46:00,20285.5,20287.0,20285.0,20285.75,6534
2026-01-30 15:47:00,20285.75,20289.25,20284.5,20287.25,6304
2026-01-30 15:48:00,20287.25,20290.75,20287.25,20290.5,5130
2026-01-30 15:49:00,20290.5,20291.25,20286.0,20289.0,7311
2026-01-30 15:50:00,20289.0,20289.25,20287.5,20287.75,8409
2026-01-30 15:51:00,20287.75,20291.25,20287.0,20290.5,5136
2026-01-30 15:52:00,20290.5,20293.75,20290.0,20291.5,6104
2026-01-30 15:53:00,20291.5,20294.5,20291.0,20292.0,4430
2026-01-30 15:54:00,20292.0,20296.0,20286.5,20293.25,6937
2026-01-30 15:55:00,20293.25,20296.25,20292.0,20294.5,6425
2026-01-30 15:56:00,20294.5,20301.25,20292.0,20292.25,4088
2026-01-30 15:57:00,20292.25,20292.5,20291.0,20291.25,8043
2026-01-30 15:58:00,20291.25,20295.0,20288.5,20290.75,3770
2026-01-30 15:59:00,20290.75,20290.75,20289.75,20290.5,7363
2026-02-02 09:30:00,20290.5,20295.5,20287.75,20292.75,5051
2026-02-02 09:31:00,20292.75,20293.75,20291.25,20293.25,4542
2026-02-02 09:32:00,20293.25,20293.75,20291.5,20292.75,4923
2026-02-02 09:33:00,20292.75,20295.0,20288.0,20293.75,7112
2026-02-02 09:34:00,20293.75,20297.5,20290.5,20292.75,8946
2026-02-02 09:35:00,20292.75,20294.0,20287.75,20294.0,5095
2026-02-02 09:36:00,20294.0,20294.25,20293.75,20294.0,5727
2026-02-02 09:37:00,20294.0,20295.0,20291.0,20291.25,7882
2026-02-02 09:38:00,20291.25,20295.75,20290.25,20291.5,6846
2026-02-02 09:39:00,20291.5,20292.75,20289.5,20291.5,3613
2026-02-02 09:40:00,20291.5,20293.75,20290.0,20290.75,5063
2026-02-02 09:41:00,20290.75,20293.5,20290.5,20291.5,3695
2026-02-02 09:42:00,20291.5,20292.25,20289.75,20291.25,8742
2026-02-02 09:43:00,20291.25,20294.25,20291.0,20292.0,8224
2026-02-02 09:44:00,20292.0,20293.75,20290.5,20290.75,4110
2026-02-02 09:45:00,20290.75,20293.25,20289.75,20292.0,5250
2026-02-02 09:46:00,20292.0,20292.5,20289.25,20290.0,4884
2026-02-02 09:47:00,20290.0,20291.25,20286.5,20289.0,3690
2026-02-02 09:48:00,20289.0,20294.0,20288.25,20290.25,3607
2026-02-02 09:49:00,20290.25,20295.25,20290.0,20292.75,3298
2026-02-02 09:50:00,20292.75,20293.5,20290.25,20290.75,3867
2026-02-02 09:51:00,20290.75,20291.5,20290.25,20291.0,8889
2026-02-02 09:52:00,20291.0,20295.75,20289.0,20294.75,3561
2026-02-02 09:53:00,20294.75,20296.75,20289.75,20293.0,6873
2026-02-02 09:54:00,20293.0,20296.75,20292.0,20295.0,3387
2026-02-02 09:55:00,20295.0,20303.75,20294.5,20298.5,6326
2026-02-02 09:56:00,20298.5,20303.25,20297.25,20302.5,3085
2026-02-02 09:57:00,20302.5,20303.0,20299.25,20299.75,7721
2026-02-02 09:58:00,20299.75,20307.75,20298.25,20302.25,7840
2026-02-02 09:59:00,20302.25,20303.75,20301.0,20302.0,4985
2026-02-02 10:00:00,20302.0,20304.25,20301.75,20303.25,2333
2026-02-02 10:01:00,20303.25,20305.25,20303.0,20304.5,2069
2026-02-02 10:02:00,20304.5,20305.75,20304.0,20305.0,2083
2026-02-02 10:03:00,20305.0,20306.75,20304.25,20306.75,2673
2026-02-02 10:04:00,20306.75,20307.75,20306.25,20307.5,2109
2026-02-02 10:05:00,20307.5,20307.75,20307.5,20307.5,2242
2026-02-02 10:06:00,20307.5,20308.25,20306.75,20308.0,1702
2026-02-02 10:07:00,20308.0,20309.25,20308.0,20308.5,3951
2026-02-02 10:08:00,20308.5,20311.25,20308.0,20310.75,3077
2026-02-02 10:09:00,20310.75,20311.5,20309.5,20311.25,3777
2026-02-02 10:10:00,20311.25,20312.25,20309.0,20311.25,2481
2026-02-02 10:11:00,20311.25,20312.25,20309.5,20312.25,3913
2026-02-02 10:12:00,20312.25,20313.0,20311.5,20312.0,2033
2026-02-02 10:13:00,20312.0,20312.25,20308.75,20310.5,3067
2026-02-02 10:14:00,20310.5,20312.25,20309.75,20311.25,3888
2026-02-02 10:15:00,20311.25,20313.25,20311.0,20312.75,1647
2026-02-02 10:16:00,20312.75,20314.75,20311.75,20312.5,1767
2026-02-02 10:17:00,20312.5,20312.5,20309.0,20311.25,1779
2026-02-02 10:18:00,20311.25,20312.5,20310.75,20312.5,3790
2026-02-02 10:19:00,20312.5,20316.5,20311.75,20314.75,2753
2026-02-02 10:20:00,20314.75,20318.25,20314.0,20314.25,2680
2026-02-02 10:21:00,20314.25,20316.5,20314.0,20314.75,1539
2026-02-02 10:22:00,20314.75,20316.5,20314.0,20314.0,3018
2026-02-02 10:23:00,20314.0,20316.75,20313.75,20316.0,1962
2026-02-02 10:24:00,20316.0,20316.25,20314.75,20315.5,2359
2026-02-02 10:25:00,20315.5,20316.5,20314.5,20315.75,3875
2026-02-02 10:26:00,20315.75,20317.75,20315.25,20316.0,3291
2026-02-02 10:27:00,20316.0,20317.75,20316.0,20317.25,1932
2026-02-02 10:28:00,20317.25,20319.75,20316.0,20316.75,1709
2026-02-02 10:29:00,20316.75,20320.5,20316.5,20319.5,2443
2026-02-02 10:30:00,20319.5,20321.25,20318.25,20319.25,3456
2026-02-02 10:31:00,20319.25,20322.75,20318.75,20321.75,1636
2026-02-02 10:32:00,20321.75,20322.25,20321.25,20321.75,1804
2026-02-02 10:33:00,20321.75,20324.75,20321.5,20322.75,2633
2026-02-02 10:34:00,20322.75,20323.25,20321.75,20322.25,2093
2026-02-02 10:35:00,20322.25,20323.5,20320.0,20322.75,2901
2026-02-02 10:36:00,20322.75,20323.75,20321.75,20322.5,1962
2026-02-02 10:37:00,20322.5,20324.0,20321.75,20322.5,2429
2026-02-02 10:38:00,20322.5,20323.5,20321.75,20322.25,4341
2026-02-02 10:39:00,20322.25,20325.25,20319.25,20319.75,1858
2026-02-02 10:40:00,20319.75,20320.0,20318.0,20319.5,2824
2026-02-02 10:41:00,20319.5,20320.0,20318.25,20319.0,4215
2026-02-02 10:42:00,20319.0,20319.5,20316.75,20317.5,3397
2026-02-02 10:43:00,20317.5,20318.75,20314.25,20318.75,4237
2026-02-02 10:44:00,20318.75,20320.5,20318.5,20320.5,2820
2026-02-02 10:45:00,20320.5,20322.0,20320.25,20321.75,1998
2026-02-02 10:46:00,20321.75,20322.0,20321.5,20321.75,2770
2026-02-02 10:47:00,20321.75,20324.0,20320.75,20323.0,4276
2026-02-02 10:48:00,20323.0,20325.0,20321.75,20321.75,4133
2026-02-02 10:49:00,20321.75,20321.75,20318.0,20318.25,3547
2026-02-02 10:50:00,20318.25,20319.25,20316.75,20319.0,4050
2026-02-02 10:51:00,20319.0,20319.0,20317.75,20317.75,2581
2026-02-02 10:52:00,20317.75,20320.5,20316.75,20318.75,3501
2026-02-02 10:53:00,20318.75,20319.25,20311.5,20318.5,3496
2026-02-02 10:54:00,20318.5,20318.75,20317.5,20317.5,4401
2026-02-02 10:55:00,20317.5,20317.75,20315.0,20316.25,3239
2026-02-02 10:56:00,20316.25,20317.0,20315.75,20316.25,3306
2026-02-02 10:57:00,20316.25,20316.5,20314.5,20315.25,3415
2026-02-02 10:58:00,20315.25,20320.0,20313.0,20316.0,4216
2026-02-02 10:59:00,20316.0,20316.25,20313.75,20315.25,4282
2026-02-02 11:00:00,20315.25,20316.5,20314.0,20315.0,1626
2026-02-02 11:01:00,20315.0,20318.5,20314.75,20315.0,2377
2026-02-02 11:02:00,20315.0,20315.25,20314.75,20315.0,1922
2026-02-02 11:03:00,20315.0,20316.75,20314.25,20314.5,4393
2026-02-02 11:04:00,20314.5,20315.75,20314.5,20314.75,4073
2026-02-02 11:05:00,20314.75,20315.25,20313.0,20314.5,3031
2026-02-02 11:06:00,20314.5,20316.25,20313.75,20316.25,2239
2026-02-02 11:07:00,20316.25,20316.25,20315.25,20316.0,2853
2026-02-02 11:08:00,20316.0,20316.5,20314.0,20314.5,3759
2026-02-02 11:09:00,20314.5,20315.25,20314.5,20314.5,2621
2026-02-02 11:10:00,20314.5,20316.0,20313.0,20315.0,2129
2026-02-02 11:11:00,20315.0,20315.25,20314.25,20314.25,1500
2026-02-02 11:12:00,20314.25,20315.5,20312.25,20314.5,3064
2026-02-02 11:13:00,20314.5,20315.25,20314.25,20314.5,1928
2026-02-02 11:14:00,20314.5,20315.75,20313.5,20315.75,3050
2026-02-02 11:15:00,20315.75,20318.75,20315.25,20317.5,3639
2026-02-02 11:16:00,20317.5,20320.5,20313.75,20315.0,2928
2026-02-02 11:17:00,20315.0,20318.5,20313.75,20317.0,2242
2026-02-02 11:18:00,20317.0,20319.25,20315.25,20318.75,3798
2026-02-02 11:19:00,20318.75,20319.0,20316.75,20317.5,2377
2026-02-02 11:20:00,20317.5,20318.5,20317.0,20318.0,3282
2026-02-02 11:21:00,20318.0,20318.25,20316.25,20317.5,2751
2026-02-02 11:22:00,20317.5,20318.5,20316.5,20316.75,2005
2026-02-02 11:23:00,20316.75,20317.75,20314.25,20317.25,3480
2026-02-02 11:24:00,20317.25,20319.75,20316.25,20317.0,3656
2026-02-02 11:25:00,20317.0,20318.25,20316.5,20317.5,2322
2026-02-02 11:26:00,20317.5,20318.0,20317.25,20317.25,3922
2026-02-02 11:27:00,20317.25,20317.5,20315.25,20316.0,1817
2026-02-02 11:28:00,20316.0,20316.5,20315.75,20316.0,1658
2026-02-02 11:29:00,20316.0,20317.5,20315.75,20316.5,2917
2026-02-02 11:30:00,20316.5,20317.5,20316.5,20316.75,1108
2026-02-02 11:31:00,20316.75,20317.25,20315.25,20316.0,1336
2026-02-02 11:32:00,20316.0,20316.75,20314.75,20316.75,1657
2026-02-02 11:33:00,20316.75,20318.75,20316.0,20316.25,1774
2026-02-02 11:34:00,20316.25,20317.75,20316.0,20316.75,724
2026-02-02 11:35:00,20316.75,20317.75,20316.5,20316.5,1460
2026-02-02 11:36:00,20316.5,20317.75,20316.25,20317.25,1545
2026-02-02 11:37:00,20317.25,20317.5,20317.0,20317.25,932
2026-02-02 11:38:00,20317.25,20319.75,20317.0,20317.25,1379
2026-02-02 11:39:00,20317.25,20317.75,20316.75,20317.75,756
2026-02-02 11:40:00,20317.75,20319.0,20317.0,20318.0,1408
2026-02-02 11:41:00,20318.0,20318.5,20317.5,20317.75,801
2026-02-02 11:42:00,20317.75,20317.75,20317.0,20317.25,1025
2026-02-02 11:43:00,20317.25,20317.75,20315.5,20316.25,1079
2026-02-02 11:44:00,20316.25,20316.25,20314.75,20316.0,1458
2026-02-02 11:45:00,20316.0,20317.0,20315.5,20317.0,1182
2026-02-02 11:46:00,20317.0,20317.25,20316.25,20316.75,1279
2026-02-02 11:47:00,20316.75,20317.25,20316.25,20317.25,1289
2026-02-02 11:48:00,20317.25,20317.25,20317.25,20317.25,1499
2026-02-02 11:49:00,20317.25,20317.5,20316.75,20317.0,1583
2026-02-02 11:50:00,20317.0,20317.25,20316.5,20317.0,897
2026-02-02 11:51:00,20317.0,20317.25,20316.5,20317.25,1402
2026-02-02 11:52:00,20317.25,20317.5,20316.5,20316.75,1341
2026-02-02 11:53:00,20316.75,20318.5,20316.75,20317.75,1497
2026-02-02 11:54:00,20317.75,20318.25,20317.25,20318.0,904
2026-02-02 11:55:00,20318.0,20319.0,20317.25,20318.75,1312
2026-02-02 11:56:00,20318.75,20319.25,20318.5,20319.0,1334
2026-02-02 11:57:00,20319.0,20319.5,20318.75,20319.25,1566
2026-02-02 11:58:00,20319.25,20320.25,20319.25,20319.75,698
2026-02-02 11:59:00,20319.75,20321.25,20319.25,20320.0,1514
2026-02-02 12:00:00,20320.0,20320.5,20319.25,20319.5,1785
2026-02-02 12:01:00,20319.5,20320.75,20319.0,20319.0,990
2026-02-02 12:02:00,20319.0,20320.25,20318.75,20319.75,1481
2026-02-02 12:03:00,20319.75,20320.0,20318.25,20319.75,723
2026-02-02 12:04:00,20319.75,20321.25,20319.25,20320.25,953
2026-02-02 12:05:00,20320.25,20320.75,20319.75,20320.25,1268
2026-02-02 12:06:00,20320.25,20321.0,20319.75,20320.75,1110
2026-02-02 12:07:00,20320.75,20322.5,20320.25,20321.0,823
2026-02-02 12:08:00,20321.0,20321.25,20320.75,20321.25,1323
2026-02-02 12:09:00,20321.25,20323.5,20319.25,20321.0,1400
2026-02-02 12:10:00,20321.0,20322.0,20321.0,20321.75,1578
2026-02-02 12:11:00,20321.75,20323.5,20321.25,20322.0,669
2026-02-02 12:12:00,20322.0,20323.0,20321.5,20322.5,1071
2026-02-02 12:13:00,20322.5,20322.75,20321.25,20321.75,1411
2026-02-02 12:14:00,20321.75,20322.5,20321.5,20322.0,822
2026-02-02 12:15:00,20322.0,20322.5,20321.25,20322.5,829
2026-02-02 12:16:00,20322.5,20323.25,20321.75,20322.25,1655
2026-02-02 12:17:00,20322.25,20324.0,20320.5,20323.75,1637
2026-02-02 12:18:00,20323.75,20324.0,20323.5,20324.0,1637
2026-02-02 12:19:00,20324.0,20325.25,20323.25,20324.0,1099
2026-02-02 12:20:00,20324.0,20324.5,20323.75,20324.0,1202
2026-02-02 12:21:00,20324.0,20325.0,20323.5,20323.75,765
2026-02-02 12:22:00,20323.75,20325.25,20323.5,20325.0,1214
2026-02-02 12:23:00,20325.0,20327.0,20325.0,20326.0,692
2026-02-02 12:24:00,20326.0,20326.25,20322.5,20324.75,1072
2026-02-02 12:25:00,20324.75,20325.25,20324.75,20325.0,668
2026-02-02 12:26:00,20325.0,20325.25,20324.0,20324.25,1162
2026-02-02 12:27:00,20324.25,20324.75,20324.25,20324.25,1245
2026-02-02 12:28:00,20324.25,20324.5,20324.0,20324.25,955
2026-02-02 12:29:00,20324.25,20326.0,20324.0,20324.25,1331
2026-02-02 12:30:00,20324.25,20325.25,20324.25,20324.75,1676
2026-02-02 12:31:00,20324.75,20326.25,20324.75,20325.25,754
2026-02-02 12:32:00,20325.25,20325.5,20324.75,20325.0,1078
2026-02-02 12:33:00,20325.0,20326.5,20324.25,20324.5,939
2026-02-02 12:34:00,20324.5,20325.25,20324.5,20324.5,1411
2026-02-02 12:35:00,20324.5,20325.5,20324.25,20324.5,784
2026-02-02 12:36:00,20324.5,20325.25,20324.5,20324.75,1260
2026-02-02 12:37:00,20324.75,20326.0,20323.5,20324.5,1526
2026-02-02 12:38:00,20324.5,20324.75,20323.75,20324.25,1396
2026-02-02 12:39:00,20324.25,20324.5,20322.75,20323.0,1145
2026-02-02 12:40:00,20323.0,20323.25,20322.25,20322.75,1573
2026-02-02 12:41:00,20322.75,20323.75,20322.75,20323.25,1629
2026-02-02 12:42:00,20323.25,20325.0,20323.25,20325.0,1759
2026-02-02 12:43:00,20325.0,20325.0,20324.75,20324.75,1621
2026-02-02 12:44:00,20324.75,20325.25,20324.5,20325.0,651
2026-02-02 12:45:00,20325.0,20325.25,20324.75,20324.75,1645
2026-02-02 12:46:00,20324.75,20325.5,20323.75,20324.75,1108
2026-02-02 12:47:00,20324.75,20324.75,20324.0,20324.0,1763
2026-02-02 12:48:00,20324.0,20324.75,20323.0,20323.75,660
2026-02-02 12:49:00,20323.75,20324.0,20323.0,20323.75,1516
2026-02-02 12:50:00,20323.75,20324.0,20323.75,20323.75,1490
2026-02-02 12:51:00,20323.75,20325.25,20323.25,20325.0,851
2026-02-02 12:52:00,20325.0,20326.75,20324.75,20326.25,1413
2026-02-02 12:53:00,20326.25,20326.75,20326.0,20326.5,950
2026-02-02 12:54:00,20326.5,20327.5,20326.25,20327.5,1751
2026-02-02 12:55:00,20327.5,20327.75,20327.0,20327.75,1163
2026-02-02 12:56:00,20327.75,20328.0,20327.5,20327.5,1613
2026-02-02 12:57:00,20327.5,20329.5,20327.0,20328.25,1280
2026-02-02 12:58:00,20328.25,20328.75,20328.0,20328.25,1408
2026-02-02 12:59:00,20328.25,20328.75,20328.25,20328.75,1144
2026-02-02 13:00:00,20328.75,20330.25,20327.75,20330.25,1155
2026-02-02 13:01:00,20330.25,20330.75,20330.0,20330.0,864
2026-02-02 13:02:00,20330.0,20331.25,20329.75,20331.25,1124
2026-02-02 13:03:00,20331.25,20332.0,20328.75,20330.75,1005
2026-02-02 13:04:00,20330.75,20330.75,20329.75,20330.0,627
2026-02-02 13:05:00,20330.0,20330.75,20328.5,20329.5,703
2026-02-02 13:06:00,20329.5,20330.25,20329.5,20330.25,1193
2026-02-02 13:07:00,20330.25,20331.0,20330.0,20330.5,875
2026-02-02 13:08:00,20330.5,20331.0,20330.25,20330.75,1701
2026-02-02 13:09:00,20330.75,20331.0,20330.75,20331.0,1691
2026-02-02 13:10:00,20331.0,20331.5,20331.0,20331.0,760
2026-02-02 13:11:00,20331.0,20332.75,20330.75,20331.5,608
2026-02-02 13:12:00,20331.5,20332.25,20331.25,20332.0,1324
2026-02-02 13:13:00,20332.0,20333.25,20331.0,20331.5,876
2026-02-02 13:14:00,20331.5,20333.0,20331.5,20332.0,1007
2026-02-02 13:15:00,20332.0,20332.75,20331.75,20332.25,1188
2026-02-02 13:16:00,20332.25,20333.25,20332.25,20333.25,1654
2026-02-02 13:17:00,20333.25,20333.25,20332.25,20333.25,1764
2026-02-02 13:18:00,20333.25,20333.75,20333.0,20333.25,1521
2026-02-02 13:19:00,20333.25,20333.25,20333.0,20333.0,674
2026-02-02 13:20:00,20333.0,20333.25,20332.25,20332.75,1208
2026-02-02 13:21:00,20332.75,20333.5,20332.5,20332.5,786
2026-02-02 13:22:00,20332.5,20334.25,20331.75,20333.0,1066
2026-02-02 13:23:00,20333.0,20336.0,20332.25,20334.5,1767
2026-02-02 13:24:00,20334.5,20336.0,20334.5,20335.25,1060
2026-02-02 13:25:00,20335.25,20337.75,20335.25,20337.0,856
2026-02-02 13:26:00,20337.0,20338.5,20336.5,20338.5,648
2026-02-02 13:27:00,20338.5,20338.75,20338.0,20338.0,1435
2026-02-02 13:28:00,20338.0,20339.0,20337.0,20337.25,709
2026-02-02 13:29:00,20337.25,20337.75,20336.5,20336.75,881
2026-02-02 13:30:00,20336.75,20336.75,20334.5,20336.25,3221
2026-02-02 13:31:00,20336.25,20338.0,20335.75,20337.25,1464
2026-02-02 13:32:00,20337.25,20339.0,20336.75,20338.5,3803
2026-02-02 13:33:00,20338.5,20338.5,20335.25,20338.25,2327
2026-02-02 13:34:00,20338.25,20341.25,20336.5,20340.0,3072
2026-02-02 13:35:00,20340.0,20340.0,20336.25,20338.75,3720
2026-02-02 13:36:00,20338.75,20340.0,20337.25,20337.25,2497
2026-02-02 13:37:00,20337.25,20337.5,20336.75,20337.5,2397
2026-02-02 13:38:00,20337.5,20338.5,20334.25,20337.75,3910
2026-02-02 13:39:00,20337.75,20339.25,20336.5,20337.0,3578
2026-02-02 13:40:00,20337.0,20338.0,20336.75,20338.0,2546
2026-02-02 13:41:00,20338.0,20340.0,20337.5,20338.25,3133
2026-02-02 13:42:00,20338.25,20339.5,20338.0,20339.25,1638
2026-02-02 13:43:00,20339.25,20341.0,20338.75,20341.0,1508
2026-02-02 13:44:00,20341.0,20341.25,20340.5,20341.0,3344
2026-02-02 13:45:00,20341.0,20341.5,20339.75,20339.75,3140
2026-02-02 13:46:00,20339.75,20340.25,20339.0,20339.0,1552
2026-02-02 13:47:00,20339.0,20339.75,20338.75,20339.5,1973
2026-02-02 13:48:00,20339.5,20339.75,20338.75,20338.75,3367
2026-02-02 13:49:00,20338.75,20339.25,20336.25,20337.25,1730
2026-02-02 13:50:00,20337.25,20338.5,20336.25,20337.0,2176
2026-02-02 13:51:00,20337.0,20340.5,20336.0,20339.5,1568
2026-02-02 13:52:00,20339.5,20340.5,20337.0,20339.75,1543
2026-02-02 13:53:00,20339.75,20342.0,20338.0,20340.5,1592
2026-02-02 13:54:00,20340.5,20340.75,20339.25,20339.75,2664
2026-02-02 13:55:00,20339.75,20340.25,20339.5,20340.25,1591
2026-02-02 13:56:00,20340.25,20340.5,20338.0,20338.25,2847
2026-02-02 13:57:00,20338.25,20339.25,20337.0,20338.25,2420
2026-02-02 13:58:00,20338.25,20338.5,20337.25,20337.5,2349
2026-02-02 13:59:00,20337.5,20337.75,20336.5,20337.75,3178
2026-02-02 14:00:00,20337.75,20340.0,20337.25,20337.75,2339
2026-02-02 14:01:00,20337.75,20338.25,20337.0,20338.0,2690
2026-02-02 14:02:00,20338.0,20338.75,20337.5,20338.0,2140
2026-02-02 14:03:00,20338.0,20338.5,20337.5,20338.25,3221
2026-02-02 14:04:00,20338.25,20338.75,20338.0,20338.5,1599
2026-02-02 14:05:00,20338.5,20343.25,20338.5,20339.5,3844
2026-02-02 14:06:00,20339.5,20340.0,20338.25,20338.5,2415
2026-02-02 14:07:00,20338.5,20339.25,20337.5,20338.5,2248
2026-02-02 14:08:00,20338.5,20339.0,20337.5,20337.5,2014
2026-02-02 14:09:00,20337.5,20338.25,20336.5,20336.5,2740
2026-02-02 14:10:00,20336.5,20337.0,20336.0,20336.75,1721
2026-02-02 14:11:00,20336.75,20338.75,20336.25,20338.0,2581
2026-02-02 14:12:00,20338.0,20340.75,20336.25,20339.75,2832
2026-02-02 14:13:00,20339.75,20340.5,20337.5,20340.0,3508
2026-02-02 14:14:00,20340.0,20340.25,20337.5,20338.0,3628
2026-02-02 14:15:00,20338.0,20338.25,20336.75,20337.5,3696
2026-02-02 14:16:00,20337.5,20339.0,20334.0,20336.75,1440
2026-02-02 14:17:00,20336.75,20337.0,20335.5,20336.25,3511
2026-02-02 14:18:00,20336.25,20338.5,20332.25,20337.5,1880
2026-02-02 14:19:00,20337.5,20340.75,20336.75,20339.25,3145
2026-02-02 14:20:00,20339.25,20340.25,20339.0,20339.25,1593
2026-02-02 14:21:00,20339.25,20340.5,20338.75,20339.25,2340
2026-02-02 14:22:00,20339.25,20340.0,20337.75,20338.25,1668
2026-02-02 14:23:00,20338.25,20338.5,20334.0,20337.0,2978
2026-02-02 14:24:00,20337.0,20337.5,20334.5,20335.25,3331
2026-02-02 14:25:00,20335.25,20337.5,20333.5,20337.0,3219
2026-02-02 14:26:00,20337.0,20338.75,20336.75,20337.5,3081
2026-02-02 14:27:00,20337.5,20338.75,20335.75,20338.0,3507
2026-02-02 14:28:00,20338.0,20338.25,20337.75,20337.75,2241
2026-02-02 14:29:00,20337.75,20339.75,20337.5,20337.5,2450
2026-02-02 14:30:00,20337.5,20339.0,20336.75,20338.75,1827
2026-02-02 14:31:00,20338.75,20341.0,20336.25,20338.0,1577
2026-02-02 14:32:00,20338.0,20340.5,20337.5,20338.75,2465
2026-02-02 14:33:00,20338.75,20341.25,20338.75,20341.0,2156
2026-02-02 14:34:00,20341.0,20341.75,20337.75,20339.25,3702
2026-02-02 14:35:00,20339.25,20340.5,20338.5,20340.5,3359
2026-02-02 14:36:00,20340.5,20341.75,20339.5,20339.5,2590
2026-02-02 14:37:00,20339.5,20339.75,20338.5,20339.25,1783
2026-02-02 14:38:00,20339.25,20340.25,20337.75,20339.75,2012
2026-02-02 14:39:00,20339.75,20341.25,20338.75,20340.75,1780
2026-02-02 14:40:00,20340.75,20342.5,20340.5,20341.5,2217
2026-02-02 14:41:00,20341.5,20343.0,20339.75,20340.25,3913
2026-02-02 14:42:00,20340.25,20341.25,20339.0,20339.0,3707
2026-02-02 14:43:00,20339.0,20344.5,20338.0,20342.25,3263
2026-02-02 14:44:00,20342.25,20343.25,20340.5,20342.75,1402
2026-02-02 14:45:00,20342.75,20343.25,20341.0,20343.25,3655
2026-02-02 14:46:00,20343.25,20343.5,20342.5,20343.25,3513
2026-02-02 14:47:00,20343.25,20343.75,20339.75,20341.75,3739
2026-02-02 14:48:00,20341.75,20342.5,20341.25,20341.5,1421
2026-02-02 14:49:00,20341.5,20341.75,20338.25,20340.5,3673
2026-02-02 14:50:00,20340.5,20342.0,20338.5,20339.25,3307
2026-02-02 14:51:00,20339.25,20341.5,20339.0,20340.5,2115
2026-02-02 14:52:00,20340.5,20341.5,20340.5,20340.75,3259
2026-02-02 14:53:00,20340.75,20343.75,20339.5,20342.5,3034
2026-02-02 14:54:00,20342.5,20344.5,20341.75,20344.5,2592
2026-02-02 14:55:00,20344.5,20345.0,20343.75,20345.0,3291
2026-02-02 14:56:00,20345.0,20346.75,20344.5,20346.25,3731
2026-02-02 14:57:00,20346.25,20346.5,20344.5,20344.5,3750
2026-02-02 14:58:00,20344.5,20346.75,20342.5,20343.0,2556
2026-02-02 14:59:00,20343.0,20345.5,20342.75,20344.5,1836
2026-02-02 15:00:00,20344.5,20345.0,20343.0,20343.25,2692
2026-02-02 15:01:00,20343.25,20344.0,20340.75,20342.0,2642
2026-02-02 15:02:00,20342.0,20343.5,20341.5,20341.5,2170
2026-02-02 15:03:00,20341.5,20343.0,20341.0,20342.25,2726
2026-02-02 15:04:00,20342.25,20342.75,20341.5,20342.5,1735
2026-02-02 15:05:00,20342.5,20343.0,20341.25,20343.0,2561
2026-02-02 15:06:00,20343.0,20345.25,20342.25,20344.5,3486
2026-02-02 15:07:00,20344.5,20346.75,20341.75,20345.25,3330
2026-02-02 15:08:00,20345.25,20346.75,20345.0,20346.25,2331
2026-02-02 15:09:00,20346.25,20347.25,20346.0,20347.25,2635
2026-02-02 15:10:00,20347.25,20348.75,20347.25,20348.5,2899
2026-02-02 15:11:00,20348.5,20350.0,20348.25,20349.75,2284
2026-02-02 15:12:00,20349.75,20351.25,20347.75,20351.0,3820
2026-02-02 15:13:00,20351.0,20351.25,20346.75,20350.5,1650
2026-02-02 15:14:00,20350.5,20352.5,20349.75,20349.75,3333
2026-02-02 15:15:00,20349.75,20352.75,20348.5,20352.25,3590
2026-02-02 15:16:00,20352.25,20352.75,20352.25,20352.5,3588
2026-02-02 15:17:00,20352.5,20354.5,20352.0,20354.25,2961
2026-02-02 15:18:00,20354.25,20354.75,20353.75,20354.5,3796
2026-02-02 15:19:00,20354.5,20356.75,20354.5,20356.75,3591
2026-02-02 15:20:00,20356.75,20358.5,20355.0,20357.0,2181
2026-02-02 15:21:00,20357.0,20357.25,20356.75,20357.25,3511
2026-02-02 15:22:00,20357.25,20358.25,20356.5,20357.25,2122
2026-02-02 15:23:00,20357.25,20358.0,20355.25,20358.0,2651
2026-02-02 15:24:00,20358.0,20358.25,20357.0,20357.5,3031
2026-02-02 15:25:00,20357.5,20360.5,20357.25,20357.5,3826
2026-02-02 15:26:00,20357.5,20358.0,20354.75,20356.25,2231
2026-02-02 15:27:00,20356.25,20356.5,20352.0,20355.5,3399
2026-02-02 15:28:00,20355.5,20356.0,20353.0,20353.5,2188
2026-02-02 15:29:00,20353.5,20354.75,20353.5,20354.25,2046
2026-02-02 15:30:00,20354.25,20355.25,20350.75,20351.25,4720
2026-02-02 15:31:00,20351.25,20358.0,20348.5,20352.75,5297
2026-02-02 15:32:00,20352.75,20354.25,20352.5,20352.75,6400
2026-02-02 15:33:00,20352.75,20353.0,20349.5,20352.75,4706
2026-02-02 15:34:00,20352.75,20355.0,20352.25,20354.25,7016
2026-02-02 15:35:00,20354.25,20354.5,20353.25,20353.25,3658
2026-02-02 15:36:00,20353.25,20353.25,20352.5,20353.25,6350
2026-02-02 15:37:00,20353.25,20353.25,20352.75,20353.0,6515
2026-02-02 15:38:00,20353.0,20353.0,20351.25,20352.25,7067
2026-02-02 15:39:00,20352.25,20355.0,20351.75,20354.0,4287
2026-02-02 15:40:00,20354.0,20358.0,20352.25,20356.5,6941
2026-02-02 15:41:00,20356.5,20358.5,20352.0,20357.75,7582
2026-02-02 15:42:00,20357.75,20360.5,20357.0,20359.0,6954
2026-02-02 15:43:00,20359.0,20360.25,20355.0,20357.75,5670
2026-02-02 15:44:00,20357.75,20358.5,20352.25,20355.25,5705
2026-02-02 15:45:00,20355.25,20358.75,20355.25,20357.5,5985
2026-02-02 15:46:00,20357.5,20360.25,20356.5,20357.0,4154
2026-02-02 15:47:00,20357.0,20358.25,20356.5,20358.0,4104
2026-02-02 15:48:00,20358.0,20359.75,20356.25,20357.5,3874
2026-02-02 15:49:00,20357.5,20361.0,20356.75,20360.75,5906
2026-02-02 15:50:00,20360.75,20361.5,20358.0,20360.75,7348
2026-02-02 15:51:00,20360.75,20365.25,20355.75,20362.75,7973
2026-02-02 15:52:00,20362.75,20365.0,20355.75,20364.75,6296
2026-02-02 15:53:00,20364.75,20367.0,20364.0,20366.5,6824
2026-02-02 15:54:00,20366.5,20366.75,20365.25,20366.0,5171
2026-02-02 15:55:00,20366.0,20368.75,20363.5,20367.0,3973
2026-02-02 15:56:00,20367.0,20368.25,20364.75,20367.5,5062
2026-02-02 15:57:00,20367.5,20369.75,20367.0,20369.0,4751
2026-02-02 15:58:00,20369.0,20371.0,20366.0,20366.5,7205
2026-02-02 15:59:00,20366.5,20367.5,20365.75,20366.5,8112
2026-02-03 09:30:00,20366.5,20371.75,20360.75,20369.5,4020
2026-02-03 09:31:00,20369.5,20371.5,20364.5,20367.0,4115
2026-02-03 09:32:00,20367.0,20367.5,20364.5,20364.75,5251
2026-02-03 09:33:00,20364.75,20367.0,20361.25,20365.0,8398
2026-02-03 09:34:00,20365.0,20367.75,20362.75,20362.75,5464
2026-02-03 09:35:00,20362.75,20366.25,20361.75,20363.75,6113
2026-02-03 09:36:00,20363.75,20365.5,20362.5,20364.5,7426
2026-02-03 09:37:00,20364.5,20371.0,20364.0,20364.5,6814
2026-02-03 09:38:00,20364.5,20365.0,20362.25,20363.25,3657
2026-02-03 09:39:00,20363.25,20365.25,20361.5,20363.75,5365
2026-02-03 09:40:00,20363.75,20364.0,20362.75,20363.25,8434
2026-02-03 09:41:00,20363.25,20365.25,20361.0,20362.5,8725
2026-02-03 09:42:00,20362.5,20364.75,20357.5,20359.75,5308
2026-02-03 09:43:00,20359.75,20361.0,20357.75,20359.0,8973
2026-02-03 09:44:00,20359.0,20359.75,20357.75,20359.5,7413
2026-02-03 09:45:00,20359.5,20361.75,20350.75,20357.5,3976
2026-02-03 09:46:00,20357.5,20359.75,20352.75,20352.75,4183
2026-02-03 09:47:00,20352.75,20356.5,20351.75,20355.5,8745
2026-02-03 09:48:00,20355.5,20359.0,20354.5,20358.0,7050
2026-02-03 09:49:00,20358.0,20360.25,20354.5,20354.75,8706
2026-02-03 09:50:00,20354.75,20355.25,20352.5,20353.5,6076
2026-02-03 09:51:00,20353.5,20354.75,20351.25,20354.5,6304
2026-02-03 09:52:00,20354.5,20355.5,20350.25,20351.75,7311
2026-02-03 09:53:00,20351.75,20351.75,20347.0,20347.0,4288
2026-02-03 09:54:00,20347.0,20347.5,20345.0,20347.5,6139
2026-02-03 09:55:00,20347.5,20354.25,20345.0,20350.0,4161
2026-02-03 09:56:00,20350.0,20351.0,20349.0,20350.75,8423
2026-02-03 09:57:00,20350.75,20353.75,20350.5,20351.75,8502
2026-02-03 09:58:00,20351.75,20352.25,20348.0,20348.25,6045
2026-02-03 09:59:00,20348.25,20352.75,20346.75,20349.25,3827
2026-02-03 10:00:00,20349.25,20350.5,20349.0,20349.75,1927
2026-02-03 10:01:00,20349.75,20350.5,20349.25,20349.25,2806
2026-02-03 10:02:00,20349.25,20350.5,20349.0,20350.0,2283
2026-02-03 10:03:00,20350.0,20350.25,20349.0,20349.25,2004
2026-02-03 10:04:00,20349.25,20352.5,20347.0,20349.25,3581
2026-02-03 10:05:00,20349.25,20350.5,20348.25,20349.5,1547
2026-02-03 10:06:00,20349.5,20353.5,20348.75,20349.0,3687
2026-02-03 10:07:00,20349.0,20350.0,20347.75,20349.5,3140
2026-02-03 10:08:00,20349.5,20350.75,20348.5,20350.5,2934
2026-02-03 10:09:00,20350.5,20352.0,20348.25,20348.25,1750
2026-02-03 10:10:00,20348.25,20349.25,20346.75,20347.25,2091
2026-02-03 10:11:00,20347.25,20348.5,20344.0,20345.75,2102
2026-02-03 10:12:00,20345.75,20347.75,20344.5,20347.25,2363
2026-02-03 10:13:00,20347.25,20348.0,20346.5,20347.5,3304
2026-02-03 10:14:00,20347.5,20348.25,20347.5,20348.0,2224
2026-02-03 10:15:00,20348.0,20349.25,20347.25,20347.5,4041
2026-02-03 10:16:00,20347.5,20349.5,20347.25,20349.0,2261
2026-02-03 10:17:00,20349.0,20349.5,20343.75,20346.75,3298
2026-02-03 10:18:00,20346.75,20349.0,20346.0,20348.5,4374
2026-02-03 10:19:00,20348.5,20348.75,20347.0,20347.5,4100
2026-02-03 10:20:00,20347.5,20350.5,20346.0,20346.0,4045
2026-02-03 10:21:00,20346.0,20346.25,20344.5,20346.0,4466
2026-02-03 10:22:00,20346.0,20346.5,20345.0,20346.0,1931
2026-02-03 10:23:00,20346.0,20346.5,20344.75,20346.0,4337
2026-02-03 10:24:00,20346.0,20347.0,20345.75,20346.5,1500
2026-02-03 10:25:00,20346.5,20346.5,20343.75,20345.0,2410
2026-02-03 10:26:00,20345.0,20345.25,20343.75,20344.75,4258
2026-02-03 10:27:00,20344.75,20344.75,20344.25,20344.25,4352
2026-02-03 10:28:00,20344.25,20345.25,20344.25,20345.0,3039
2026-02-03 10:29:00,20345.0,20345.5,20344.25,20344.75,2502
2026-02-03 10:30:00,20344.75,20346.0,20344.25,20345.75,1919
2026-02-03 10:31:00,20345.75,20346.5,20345.75,20346.0,2206
2026-02-03 10:32:00,20346.0,20346.0,20343.75,20344.25,2071
2026-02-03 10:33:00,20344.25,20346.75,20344.25,20346.75,4041
2026-02-03 10:34:00,20346.75,20348.75,20345.0,20348.25,4141
2026-02-03 10:35:00,20348.25,20350.5,20348.0,20349.75,3856
2026-02-03 10:36:00,20349.75,20351.5,20349.5,20351.0,2467
2026-02-03 10:37:00,20351.0,20352.25,20348.5,20348.5,3519
2026-02-03 10:38:00,20348.5,20349.0,20345.5,20347.0,2568
2026-02-03 10:39:00,20347.0,20348.25,20346.75,20346.75,2448
2026-02-03 10:40:00,20346.75,20349.0,20344.75,20346.75,3688
2026-02-03 10:41:00,20346.75,20348.5,20344.25,20345.5,3781
2026-02-03 10:42:00,20345.5,20346.75,20340.5,20344.25,1704
2026-02-03 10:43:00,20344.25,20345.75,20344.0,20344.5,3717
2026-02-03 10:44:00,20344.5,20348.5,20343.0,20346.75,1771
2026-02-03 10:45:00,20346.75,20349.5,20343.5,20349.0,2263
2026-02-03 10:46:00,20349.0,20350.75,20347.25,20348.25,2359
2026-02-03 10:47:00,20348.25,20349.0,20348.25,20348.5,3112
2026-02-03 10:48:00,20348.5,20348.5,20346.75,20346.75,4052
2026-02-03 10:49:00,20346.75,20347.0,20344.5,20344.75,3446
2026-02-03 10:50:00,20344.75,20345.25,20344.0,20345.0,2585
2026-02-03 10:51:00,20345.0,20347.25,20345.0,20345.5,2770
2026-02-03 10:52:00,20345.5,20345.75,20345.5,20345.75,2286
2026-02-03 10:53:00,20345.75,20346.0,20344.0,20345.25,2356
2026-02-03 10:54:00,20345.25,20346.5,20340.75,20342.5,2366
2026-02-03 10:55:00,20342.5,20343.25,20340.0,20341.25,3048
2026-02-03 10:56:00,20341.25,20342.25,20339.25,20340.25,4270
2026-02-03 10:57:00,20340.25,20344.5,20338.75,20342.5,3176
2026-02-03 10:58:00,20342.5,20343.25,20341.5,20342.25,2231
2026-02-03 10:59:00,20342.25,20343.25,20341.75,20342.0,3876
2026-02-03 11:00:00,20342.0,20343.75,20341.25,20341.5,3585
2026-02-03 11:01:00,20341.5,20342.25,20340.75,20341.0,3534
2026-02-03 11:02:00,20341.0,20341.5,20337.75,20338.5,1541
2026-02-03 11:03:00,20338.5,20339.5,20338.25,20339.0,1858
2026-02-03 11:04:00,20339.0,20339.25,20337.25,20339.25,4226
2026-02-03 11:05:00,20339.25,20340.75,20338.5,20340.0,4221
2026-02-03 11:06:00,20340.0,20342.5,20339.5,20341.25,3296
2026-02-03 11:07:00,20341.25,20342.75,20340.25,20341.0,3457
2026-02-03 11:08:00,20341.0,20342.0,20336.5,20340.0,3204
2026-02-03 11:09:00,20340.0,20340.75,20338.25,20339.0,1884
2026-02-03 11:10:00,20339.0,20340.5,20338.75,20340.25,3425
2026-02-03 11:11:00,20340.25,20345.25,20340.0,20342.5,2441
2026-02-03 11:12:00,20342.5,20343.5,20342.25,20343.5,2162
2026-02-03 11:13:00,20343.5,20346.5,20343.0,20345.25,1863
2026-02-03 11:14:00,20345.25,20347.0,20345.25,20345.5,3373
2026-02-03 11:15:00,20345.5,20346.5,20345.0,20346.0,1840
2026-02-03 11:16:00,20346.0,20346.75,20344.0,20345.5,1702
2026-02-03 11:17:00,20345.5,20346.5,20344.75,20345.25,2942
2026-02-03 11:18:00,20345.25,20346.25,20342.5,20344.5,2571
2026-02-03 11:19:00,20344.5,20345.75,20344.0,20344.0,4080
2026-02-03 11:20:00,20344.0,20344.5,20344.0,20344.0,4146
2026-02-03 11:21:00,20344.0,20344.75,20341.25,20343.25,2750
2026-02-03 11:22:00,20343.25,20343.5,20340.75,20341.5,2928
2026-02-03 11:23:00,20341.5,20343.5,20340.25,20342.5,3626
2026-02-03 11:24:00,20342.5,20343.25,20342.0,20343.25,2457
2026-02-03 11:25:00,20343.25,20344.75,20342.0,20344.5,3518
2026-02-03 11:26:00,20344.5,20346.0,20344.25,20345.0,3170
2026-02-03 11:27:00,20345.0,20346.25,20344.5,20345.25,3416
2026-02-03 11:28:00,20345.25,20345.75,20344.5,20345.75,4368
2026-02-03 11:29:00,20345.75,20348.25,20345.0,20347.0,2200
2026-02-03 11:30:00,20347.0,20348.25,20346.75,20347.75,943
2026-02-03 11:31:00,20347.75,20347.75,20346.5,20347.25,609
2026-02-03 11:32:00,20347.25,20347.75,20346.25,20346.5,1358
2026-02-03 11:33:00,20346.5,20346.5,20344.75,20346.5,874
2026-02-03 11:34:00,20346.5,20347.25,20345.75,20346.25,1593
2026-02-03 11:35:00,20346.25,20346.75,20345.25,20345.5,787
2026-02-03 11:36:00,20345.5,20346.0,20345.5,20346.0,1044
2026-02-03 11:37:00,20346.0,20346.75,20345.75,20346.25,1068
2026-02-03 11:38:00,20346.25,20346.75,20345.5,20345.75,1685
2026-02-03 11:39:00,20345.75,20347.5,20345.0,20345.25,1630
2026-02-03 11:40:00,20345.25,20345.75,20343.5,20344.25,1442
2026-02-03 11:41:00,20344.25,20344.5,20343.25,20344.0,621
2026-02-03 11:42:00,20344.0,20345.5,20343.75,20344.0,723
2026-02-03 11:43:00,20344.0,20345.0,20343.75,20343.75,664
2026-02-03 11:44:00,20343.75,20344.75,20341.75,20343.0,1187
2026-02-03 11:45:00,20343.0,20343.25,20342.5,20342.75,1694
2026-02-03 11:46:00,20342.75,20343.5,20342.5,20343.5,701
2026-02-03 11:47:00,20343.5,20343.75,20343.0,20343.75,606
2026-02-03 11:48:00,20343.75,20344.5,20342.25,20342.25,1570
2026-02-03 11:49:00,20342.25,20343.25,20341.75,20343.0,1511
2026-02-03 11:50:00,20343.0,20343.25,20341.75,20342.75,691
2026-02-03 11:51:00,20342.75,20344.0,20342.5,20342.75,1154
2026-02-03 11:52:00,20342.75,20343.25,20342.0,20343.25,1176
2026-02-03 11:53:00,20343.25,20343.25,20341.5,20341.5,988
2026-02-03 11:54:00,20341.5,20341.5,20340.75,20340.75,878
2026-02-03 11:55:00,20340.75,20341.0,20340.0,20340.0,832
2026-02-03 11:56:00,20340.0,20340.75,20340.0,20340.5,1083
2026-02-03 11:57:00,20340.5,20341.5,20339.75,20341.25,859
2026-02-03 11:58:00,20341.25,20341.25,20338.0,20340.5,1682
2026-02-03 11:59:00,20340.5,20342.75,20340.0,20340.25,1569
2026-02-03 12:00:00,20340.25,20341.0,20339.75,20339.75,675
2026-02-03 12:01:00,20339.75,20340.0,20338.25,20339.0,602
2026-02-03 12:02:00,20339.0,20339.25,20338.5,20338.75,1001
2026-02-03 12:03:00,20338.75,20340.75,20337.25,20339.5,1667
2026-02-03 12:04:00,20339.5,20339.5,20338.5,20339.5,898
2026-02-03 12:05:00,20339.5,20339.5,20339.25,20339.25,1575
2026-02-03 12:06:00,20339.25,20339.75,20339.0,20339.25,628
2026-02-03 12:07:00,20339.25,20339.25,20338.5,20339.0,1572
2026-02-03 12:08:00,20339.0,20339.75,20339.0,20339.5,1191
2026-02-03 12:09:00,20339.5,20340.25,20338.75,20339.5,907
2026-02-03 12:10:00,20339.5,20340.0,20338.5,20338.75,721
2026-02-03 12:11:00,20338.75,20339.5,20338.5,20339.25,1401
2026-02-03 12:12:00,20339.25,20339.5,20338.25,20338.25,989
2026-02-03 12:13:00,20338.25,20338.25,20337.5,20338.0,708
2026-02-03 12:14:00,20338.0,20338.5,20337.5,20338.0,833
2026-02-03 12:15:00,20338.0,20338.5,20337.25,20337.5,1015
2026-02-03 12:16:00,20337.5,20338.25,20337.25,20337.75,1722
2026-02-03 12:17:00,20337.75,20339.0,20337.5,20338.25,1004
2026-02-03 12:18:00,20338.25,20338.5,20337.25,20337.5,1692
2026-02-03 12:19:00,20337.5,20338.0,20336.75,20337.0,1320
2026-02-03 12:20:00,20337.0,20337.0,20336.25,20336.5,1057
2026-02-03 12:21:00,20336.5,20337.0,20335.25,20336.0,733
2026-02-03 12:22:00,20336.0,20336.0,20334.5,20335.0,1242
2026-02-03 12:23:00,20335.0,20335.25,20334.0,20334.0,1164
2026-02-03 12:24:00,20334.0,20334.5,20333.75,20334.0,1360
2026-02-03 12:25:00,20334.0,20335.5,20333.75,20334.5,1242
2026-02-03 12:26:00,20334.5,20335.5,20334.0,20335.25,963
2026-02-03 12:27:00,20335.25,20335.75,20333.25,20333.5,1799
2026-02-03 12:28:00,20333.5,20334.0,20333.0,20334.0,1046
2026-02-03 12:29:00,20334.0,20335.25,20333.25,20335.25,1451
2026-02-03 12:30:00,20335.25,20335.25,20334.75,20335.25,1316
2026-02-03 12:31:00,20335.25,20337.25,20335.25,20336.0,1482
2026-02-03 12:32:00,20336.0,20336.5,20335.0,20335.25,1646
2026-02-03 12:33:00,20335.25,20335.5,20334.5,20335.5,1760
2026-02-03 12:34:00,20335.5,20336.25,20335.0,20335.5,1237
2026-02-03 12:35:00,20335.5,20336.75,20335.25,20336.75,1476
2026-02-03 12:36:00,20336.75,20337.0,20336.25,20337.0,1069
2026-02-03 12:37:00,20337.0,20337.5,20336.0,20337.0,1658
2026-02-03 12:38:00,20337.0,20337.5,20337.0,20337.5,745
2026-02-03 12:39:00,20337.5,20337.75,20337.25,20337.5,781
2026-02-03 12:40:00,20337.5,20339.25,20335.25,20337.0,1341
2026-02-03 12:41:00,20337.0,20337.75,20337.0,20337.5,1680
2026-02-03 12:42:00,20337.5,20337.5,20336.75,20336.75,1258
2026-02-03 12:43:00,20336.75,20337.5,20336.5,20336.5,1547
2026-02-03 12:44:00,20336.5,20338.0,20336.25,20337.0,1260
2026-02-03 12:45:00,20337.0,20338.25,20336.5,20337.75,1243
2026-02-03 12:46:00,20337.75,20338.0,20337.5,20338.0,1500
2026-02-03 12:47:00,20338.0,20340.5,20338.0,20340.0,1162
2026-02-03 12:48:00,20340.0,20340.5,20339.75,20340.0,1513
2026-02-03 12:49:00,20340.0,20340.25,20337.75,20339.5,1650
2026-02-03 12:50:00,20339.5,20340.25,20339.25,20340.25,1231
2026-02-03 12:51:00,20340.25,20340.25,20338.5,20339.0,1196
2026-02-03 12:52:00,20339.0,20340.0,20337.5,20339.25,1021
2026-02-03 12:53:00,20339.25,20339.75,20339.0,20339.0,784
2026-02-03 12:54:00,20339.0,20339.75,20338.5,20339.75,1486
2026-02-03 12:55:00,20339.75,20340.0,20338.75,20339.0,908
2026-02-03 12:56:00,20339.0,20339.25,20337.75,20338.5,1057
2026-02-03 12:57:00,20338.5,20339.25,20338.25,20338.75,1497
2026-02-03 12:58:00,20338.75,20340.0,20337.5,20339.25,803
2026-02-03 12:59:00,20339.25,20340.5,20338.25,20339.75,1149
2026-02-03 13:00:00,20339.75,20340.25,20339.75,20339.75,1240
2026-02-03 13:01:00,20339.75,20340.25,20339.0,20340.25,1325
2026-02-03 13:02:00,20340.25,20340.5,20340.0,20340.0,1291
2026-02-03 13:03:00,20340.0,20340.75,20339.75,20340.0,749
2026-02-03 13:04:00,20340.0,20340.0,20339.75,20339.75,1720
2026-02-03 13:05:00,20339.75,20340.25,20339.75,20340.25,1703
2026-02-03 13:06:00,20340.25,20340.5,20339.75,20340.0,1623
2026-02-03 13:07:00,20340.0,20341.0,20339.25,20339.5,1455
2026-02-03 13:08:00,20339.5,20340.75,20339.5,20340.0,691
2026-02-03 13:09:00,20340.0,20341.25,20339.5,20340.5,951
2026-02-03 13:10:00,20340.5,20340.5,20339.0,20339.25,1032
2026-02-03 13:11:00,20339.25,20339.25,20338.0,20339.0,1311
2026-02-03 13:12:00,20339.0,20339.25,20338.25,20339.25,1040
2026-02-03 13:13:00,20339.25,20339.5,20337.5,20338.25,1755
2026-02-03 13:14:00,20338.25,20338.5,20338.0,20338.0,751
2026-02-03 13:15:00,20338.0,20338.5,20337.75,20338.25,1456
2026-02-03 13:16:00,20338.25,20339.75,20337.75,20339.5,1547
2026-02-03 13:17:00,20339.5,20339.75,20338.25,20338.75,784
2026-02-03 13:18:00,20338.75,20338.75,20337.25,20338.25,1242
2026-02-03 13:19:00,20338.25,20339.25,20337.75,20338.25,1292
2026-02-03 13:20:00,20338.25,20338.5,20337.25,20338.5,847
2026-02-03 13:21:00,20338.5,20339.75,20337.75,20338.0,622
2026-02-03 13:22:00,20338.0,20338.75,20336.75,20337.25,658
2026-02-03 13:23:00,20337.25,20337.75,20337.25,20337.5,1474
2026-02-03 13:24:00,20337.5,20338.25,20336.5,20338.0,1631
2026-02-03 13:25:00,20338.0,20339.25,20337.75,20338.75,1228
2026-02-03 13:26:00,20338.75,20339.5,20338.25,20338.75,1494
2026-02-03 13:27:00,20338.75,20339.0,20338.75,20338.75,610
2026-02-03 13:28:00,20338.75,20339.25,20338.0,20338.75,1235
2026-02-03 13:29:00,20338.75,20339.0,20337.75,20338.25,1202
2026-02-03 13:30:00,20338.25,20339.0,20337.5,20337.5,3476
2026-02-03 13:31:00,20337.5,20338.5,20336.25,20337.0,1481
2026-02-03 13:32:00,20337.0,20337.0,20334.5,20335.75,3086
2026-02-03 13:33:00,20335.75,20338.25,20335.25,20338.0,2644
2026-02-03 13:34:00,20338.0,20340.25,20338.0,20339.75,1735
2026-02-03 13:35:00,20339.75,20340.25,20338.5,20339.5,3262
2026-02-03 13:36:00,20339.5,20342.0,20339.0,20341.0,3798
2026-02-03 13:37:00,20341.0,20341.75,20340.0,20340.25,2861
2026-02-03 13:38:00,20340.25,20340.75,20340.0,20340.5,1554
2026-02-03 13:39:00,20340.5,20341.25,20340.5,20341.25,1529
2026-02-03 13:40:00,20341.25,20342.75,20340.75,20341.0,1899
2026-02-03 13:41:00,20341.0,20342.25,20340.25,20341.75,2134
2026-02-03 13:42:00,20341.75,20343.5,20341.25,20342.75,1477
2026-02-03 13:43:00,20342.75,20343.0,20340.0,20341.25,2058
2026-02-03 13:44:00,20341.25,20342.0,20339.25,20340.75,3884
2026-02-03 13:45:00,20340.75,20341.0,20340.0,20340.75,2342
2026-02-03 13:46:00,20340.75,20342.75,20340.75,20340.75,3726
2026-02-03 13:47:00,20340.75,20341.0,20340.0,20340.25,3384
2026-02-03 13:48:00,20340.25,20341.5,20338.0,20338.75,3714
2026-02-03 13:49:00,20338.75,20340.0,20338.5,20340.0,3862
2026-02-03 13:50:00,20340.0,20340.25,20338.5,20339.0,3825
2026-02-03 13:51:00,20339.0,20339.5,20338.75,20339.25,2087
2026-02-03 13:52:00,20339.25,20339.75,20338.75,20339.5,2698
2026-02-03 13:53:00,20339.5,20339.75,20338.5,20339.0,2431
2026-02-03 13:54:00,20339.0,20341.25,20338.5,20338.75,2531
2026-02-03 13:55:00,20338.75,20340.0,20338.25,20340.0,2910
2026-02-03 13:56:00,20340.0,20343.25,20339.25,20340.75,1414
2026-02-03 13:57:00,20340.75,20343.5,20340.0,20341.75,3456
2026-02-03 13:58:00,20341.75,20344.5,20340.5,20343.75,2958
2026-02-03 13:59:00,20343.75,20344.25,20342.5,20343.25,2213
2026-02-03 14:00:00,20343.25,20344.5,20342.5,20343.0,1402
2026-02-03 14:01:00,20343.0,20344.25,20342.5,20343.0,2122
2026-02-03 14:02:00,20343.0,20344.0,20342.25,20343.0,1947
2026-02-03 14:03:00,20343.0,20343.5,20339.5,20341.0,3338
2026-02-03 14:04:00,20341.0,20341.5,20339.25,20339.75,1646
2026-02-03 14:05:00,20339.75,20343.25,20339.5,20340.75,1817
2026-02-03 14:06:00,20340.75,20341.5,20338.5,20340.75,2407
2026-02-03 14:07:00,20340.75,20341.75,20339.25,20339.5,3638
2026-02-03 14:08:00,20339.5,20340.0,20337.75,20338.0,3159
2026-02-03 14:09:00,20338.0,20338.5,20337.75,20338.0,2605
2026-02-03 14:10:00,20338.0,20339.25,20337.5,20339.25,1620
2026-02-03 14:11:00,20339.25,20339.5,20335.75,20337.75,1628
2026-02-03 14:12:00,20337.75,20341.5,20337.25,20339.5,3877
2026-02-03 14:13:00,20339.5,20341.5,20336.75,20338.75,2452
2026-02-03 14:14:00,20338.75,20340.0,20338.75,20339.5,2494
2026-02-03 14:15:00,20339.5,20341.75,20337.5,20338.0,1854
2026-02-03 14:16:00,20338.0,20338.0,20337.25,20337.75,3339
2026-02-03 14:17:00,20337.75,20339.25,20334.5,20338.5,2816
2026-02-03 14:18:00,20338.5,20339.25,20335.5,20337.5,3709
2026-02-03 14:19:00,20337.5,20339.5,20337.0,20337.25,1816
2026-02-03 14:20:00,20337.25,20339.0,20336.0,20338.0,2860
2026-02-03 14:21:00,20338.0,20339.5,20337.0,20338.75,2935
2026-02-03 14:22:00,20338.75,20339.25,20336.0,20336.75,2528
2026-02-03 14:23:00,20336.75,20337.0,20333.75,20336.25,2107
2026-02-03 14:24:00,20336.25,20338.25,20333.25,20338.25,3885
2026-02-03 14:25:00,20338.25,20341.25,20336.0,20336.25,3769
2026-02-03 14:26:00,20336.25,20338.0,20334.25,20335.0,1956
2026-02-03 14:27:00,20335.0,20335.25,20334.5,20334.75,2045
2026-02-03 14:28:00,20334.75,20335.5,20334.5,20335.5,2006
2026-02-03 14:29:00,20335.5,20336.0,20332.25,20333.25,3364
2026-02-03 14:30:00,20333.25,20333.5,20332.0,20333.0,3824
2026-02-03 14:31:00,20333.0,20336.75,20332.0,20332.25,3559
2026-02-03 14:32:00,20332.25,20333.0,20331.0,20331.0,2413
2026-02-03 14:33:00,20331.0,20331.0,20330.5,20330.5,3443
2026-02-03 14:34:00,20330.5,20332.0,20329.0,20329.5,3955
2026-02-03 14:35:00,20329.5,20333.75,20329.0,20329.5,2105
2026-02-03 14:36:00,20329.5,20333.0,20329.0,20331.25,2313
2026-02-03 14:37:00,20331.25,20333.0,20330.75,20332.75,2622
2026-02-03 14:38:00,20332.75,20334.0,20330.5,20330.5,2082
2026-02-03 14:39:00,20330.5,20331.5,20330.0,20331.25,3104
2026-02-03 14:40:00,20331.25,20333.75,20330.5,20333.25,2234
2026-02-03 14:41:00,20333.25,20335.5,20331.75,20332.5,1577
2026-02-03 14:42:00,20332.5,20333.0,20331.75,20332.5,2081
2026-02-03 14:43:00,20332.5,20332.5,20331.0,20331.25,3712
2026-02-03 14:44:00,20331.25,20334.0,20330.5,20330.75,3679
2026-02-03 14:45:00,20330.75,20330.75,20327.75,20329.75,2708
2026-02-03 14:46:00,20329.75,20330.75,20327.75,20328.25,3476
2026-02-03 14:47:00,20328.25,20330.0,20325.75,20326.25,3282
2026-02-03 14:48:00,20326.25,20326.25,20324.75,20325.0,1528
2026-02-03 14:49:00,20325.0,20326.25,20323.75,20326.0,2995
2026-02-03 14:50:00,20326.0,20328.0,20323.75,20327.75,3394
2026-02-03 14:51:00,20327.75,20328.5,20327.5,20328.25,3087
2026-02-03 14:52:00,20328.25,20329.5,20328.0,20329.0,1746
2026-02-03 14:53:00,20329.0,20330.5,20326.75,20329.75,3068
2026-02-03 14:54:00,20329.75,20331.5,20329.0,20331.5,2804
2026-02-03 14:55:00,20331.5,20332.25,20331.25,20332.25,3604
2026-02-03 14:56:00,20332.25,20332.5,20331.5,20332.25,1553
2026-02-03 14:57:00,20332.25,20332.75,20331.25,20332.25,3252
2026-02-03 14:58:00,20332.25,20334.0,20332.0,20332.75,2053
2026-02-03 14:59:00,20332.75,20337.25,20330.0,20331.75,3387
2026-02-03 15:00:00,20331.75,20332.25,20329.25,20330.5,2904
2026-02-03 15:01:00,20330.5,20330.75,20329.0,20330.25,2093
2026-02-03 15:02:00,20330.25,20333.0,20329.75,20331.5,1953
2026-02-03 15:03:00,20331.5,20333.0,20329.5,20330.0,3997
2026-02-03 15:04:00,20330.0,20330.25,20327.75,20328.25,1987
2026-02-03 15:05:00,20328.25,20329.0,20327.25,20327.75,2310
2026-02-03 15:06:00,20327.75,20328.0,20326.25,20327.0,1626
2026-02-03 15:07:00,20327.0,20327.5,20323.5,20326.0,3148
2026-02-03 15:08:00,20326.0,20326.75,20325.75,20326.25,3162
2026-02-03 15:09:00,20326.25,20326.75,20325.0,20326.25,3014
2026-02-03 15:10:00,20326.25,20326.75,20326.25,20326.5,3403
2026-02-03 15:11:00,20326.5,20327.5,20326.25,20327.25,3788
2026-02-03 15:12:00,20327.25,20328.0,20325.5,20327.5,3309
2026-02-03 15:13:00,20327.5,20328.75,20324.25,20325.5,1877
2026-02-03 15:14:00,20325.5,20326.0,20323.75,20325.5,3798
2026-02-03 15:15:00,20325.5,20327.0,20323.25,20326.0,1706
2026-02-03 15:16:00,20326.0,20327.0,20324.75,20326.75,1448
2026-02-03 15:17:00,20326.75,20327.0,20325.75,20326.75,2353
2026-02-03 15:18:00,20326.75,20330.0,20326.0,20327.5,1980
2026-02-03 15:19:00,20327.5,20329.0,20326.5,20327.5,3812
2026-02-03 15:20:00,20327.5,20327.75,20326.0,20326.5,3217
2026-02-03 15:21:00,20326.5,20326.75,20323.5,20324.5,3034
2026-02-03 15:22:00,20324.5,20327.5,20324.25,20326.5,3499
2026-02-03 15:23:00,20326.5,20328.0,20325.75,20328.0,3087
2026-02-03 15:24:00,20328.0,20328.25,20326.0,20327.75,1582
2026-02-03 15:25:00,20327.75,20328.75,20327.75,20328.75,2029
2026-02-03 15:26:00,20328.75,20329.0,20328.5,20328.75,2665
2026-02-03 15:27:00,20328.75,20329.0,20327.25,20329.0,2915
2026-02-03 15:28:00,20329.0,20330.0,20327.5,20327.75,2900
2026-02-03 15:29:00,20327.75,20328.0,20325.25,20327.0,3548
2026-02-03 15:30:00,20327.0,20327.5,20325.5,20325.75,5904
2026-02-03 15:31:00,20325.75,20327.0,20322.75,20325.75,6414
2026-02-03 15:32:00,20325.75,20327.75,20325.5,20327.0,4294
2026-02-03 15:33:00,20327.0,20327.25,20323.0,20326.5,5771
2026-02-03 15:34:00,20326.5,20328.5,20322.75,20323.0,6501
2026-02-03 15:35:00,20323.0,20323.25,20321.75,20322.25,7540
2026-02-03 15:36:00,20322.25,20323.5,20320.0,20321.75,5735
2026-02-03 15:37:00,20321.75,20322.25,20319.75,20320.0,3929
2026-02-03 15:38:00,20320.0,20321.75,20319.5,20321.25,4782
2026-02-03 15:39:00,20321.25,20322.25,20315.25,20318.0,5181
2026-02-03 15:40:00,20318.0,20319.25,20317.25,20317.5,7556
2026-02-03 15:41:00,20317.5,20324.25,20315.25,20319.25,4047
2026-02-03 15:42:00,20319.25,20320.75,20319.25,20320.0,5513
2026-02-03 15:43:00,20320.0,20322.0,20317.75,20320.0,5907
2026-02-03 15:44:00,20320.0,20320.25,20315.25,20319.0,8103
2026-02-03 15:45:00,20319.0,20323.0,20318.75,20320.25,4012
2026-02-03 15:46:00,20320.25,20321.75,20318.25,20321.75,6836
2026-02-03 15:47:00,20321.75,20322.0,20321.5,20321.75,5224
2026-02-03 15:48:00,20321.75,20326.5,20321.5,20322.75,3506
2026-02-03 15:49:00,20322.75,20323.0,20319.75,20321.25,4963
2026-02-03 15:50:00,20321.25,20321.5,20320.5,20321.0,4017
2026-02-03 15:51:00,20321.0,20323.0,20318.0,20322.5,5830
2026-02-03 15:52:00,20322.5,20323.25,20322.5,20322.75,4157
2026-02-03 15:53:00,20322.75,20323.25,20316.75,20321.75,4616
2026-02-03 15:54:00,20321.75,20321.75,20319.25,20319.5,7092
2026-02-03 15:55:00,20319.5,20320.25,20319.0,20320.0,8167
2026-02-03 15:56:00,20320.0,20320.25,20318.0,20318.25,7618
2026-02-03 15:57:00,20318.25,20318.25,20315.75,20317.25,4938
2026-02-03 15:58:00,20317.25,20318.25,20316.25,20316.5,3840
2026-02-03 15:59:00,20316.5,20317.25,20312.5,20317.0,5831
2026-02-04 09:30:00,20317.0,20320.75,20314.5,20319.75,6200
2026-02-04 09:31:00,20319.75,20321.25,20316.75,20320.0,6760
2026-02-04 09:32:00,20320.0,20322.25,20319.25,20321.5,3720
2026-02-04 09:33:00,20321.5,20325.75,20321.25,20323.5,8255
2026-02-04 09:34:00,20323.5,20324.75,20320.25,20320.75,5561
2026-02-04 09:35:00,20320.75,20324.0,20317.25,20318.25,5871
2026-02-04 09:36:00,20318.25,20319.0,20316.25,20317.0,3186
2026-02-04 09:37:00,20317.0,20318.5,20312.75,20313.5,7750
2026-02-04 09:38:00,20313.5,20314.75,20306.0,20309.5,4001
2026-02-04 09:39:00,20309.5,20309.75,20304.75,20307.0,4977
2026-02-04 09:40:00,20307.0,20307.0,20304.25,20304.5,4002
2026-02-04 09:41:00,20304.5,20307.25,20302.75,20306.25,5080
2026-02-04 09:42:00,20306.25,20308.5,20302.75,20308.5,3220
2026-02-04 09:43:00,20308.5,20314.5,20307.25,20308.75,7211
2026-02-04 09:44:00,20308.75,20311.25,20308.5,20311.0,4826
2026-02-04 09:45:00,20311.0,20314.25,20308.0,20311.0,8772
2026-02-04 09:46:00,20311.0,20312.5,20310.0,20311.25,3960
2026-02-04 09:47:00,20311.25,20311.75,20310.0,20310.5,5123
2026-02-04 09:48:00,20310.5,20313.75,20310.0,20313.75,6940
2026-02-04 09:49:00,20313.75,20316.5,20311.75,20313.0,5310
2026-02-04 09:50:00,20313.0,20314.0,20309.5,20310.5,6910
2026-02-04 09:51:00,20310.5,20313.25,20309.5,20312.5,4402
2026-02-04 09:52:00,20312.5,20313.0,20311.75,20312.5,7804
2026-02-04 09:53:00,20312.5,20314.25,20311.25,20312.75,6345
2026-02-04 09:54:00,20312.75,20316.5,20312.0,20314.5,4747
2026-02-04 09:55:00,20314.5,20315.75,20309.25,20312.5,4206
2026-02-04 09:56:00,20312.5,20313.25,20309.25,20312.25,8594
2026-02-04 09:57:00,20312.25,20313.5,20312.25,20312.75,8497
2026-02-04 09:58:00,20312.75,20313.75,20311.75,20312.25,7502
2026-02-04 09:59:00,20312.25,20312.75,20310.75,20311.25,3086
2026-02-04 10:00:00,20311.25,20314.0,20307.75,20313.25,3979
2026-02-04 10:01:00,20313.25,20313.25,20312.5,20312.75,2777
2026-02-04 10:02:00,20312.75,20313.75,20311.5,20312.25,4264
2026-02-04 10:03:00,20312.25,20312.5,20311.5,20311.5,2260
2026-02-04 10:04:00,20311.5,20314.0,20310.75,20313.75,3851
2026-02-04 10:05:00,20313.75,20315.75,20311.25,20311.5,4484
2026-02-04 10:06:00,20311.5,20312.0,20309.5,20309.5,4219
2026-02-04 10:07:00,20309.5,20310.75,20307.75,20309.25,1678
2026-02-04 10:08:00,20309.25,20313.0,20308.5,20311.75,4381
2026-02-04 10:09:00,20311.75,20312.75,20310.75,20311.25,2910
2026-02-04 10:10:00,20311.25,20313.0,20310.5,20313.0,3948
2026-02-04 10:11:00,20313.0,20314.25,20310.0,20312.0,3188
2026-02-04 10:12:00,20312.0,20312.25,20311.0,20311.25,3057
2026-02-04 10:13:00,20311.25,20311.25,20307.25,20310.0,2555
2026-02-04 10:14:00,20310.0,20310.5,20308.5,20310.25,1775
2026-02-04 10:15:00,20310.25,20310.5,20307.75,20309.75,3079
2026-02-04 10:16:00,20309.75,20311.0,20309.25,20309.25,4478
2026-02-04 10:17:00,20309.25,20310.25,20306.5,20309.5,3112
2026-02-04 10:18:00,20309.5,20310.25,20309.0,20309.0,3097
2026-02-04 10:19:00,20309.0,20309.5,20307.5,20309.0,3952
2026-02-04 10:20:00,20309.0,20311.75,20308.0,20310.5,3894
2026-02-04 10:21:00,20310.5,20311.25,20310.25,20310.5,3514
2026-02-04 10:22:00,20310.5,20310.5,20309.75,20310.0,2644
2026-02-04 10:23:00,20310.0,20310.5,20308.25,20310.25,2999
2026-02-04 10:24:00,20310.25,20311.75,20309.75,20310.25,4295
2026-02-04 10:25:00,20310.25,20312.0,20310.25,20311.75,1748
2026-02-04 10:26:00,20311.75,20311.75,20308.75,20310.0,2519
2026-02-04 10:27:00,20310.0,20310.5,20308.0,20308.75,2959
2026-02-04 10:28:00,20308.75,20310.5,20305.0,20307.0,2629
2026-02-04 10:29:00,20307.0,20307.75,20304.25,20306.0,3846
2026-02-04 10:30:00,20306.0,20308.5,20305.0,20306.0,3435
2026-02-04 10:31:00,20306.0,20307.75,20306.0,20307.0,3974
2026-02-04 10:32:00,20307.0,20307.75,20306.75,20307.75,3977
2026-02-04 10:33:00,20307.75,20312.0,20307.25,20310.75,2046
2026-02-04 10:34:00,20310.75,20312.25,20309.5,20310.25,4377
2026-02-04 10:35:00,20310.25,20311.25,20310.25,20310.25,3224
2026-02-04 10:36:00,20310.25,20312.5,20309.0,20312.0,3308
2026-02-04 10:37:00,20312.0,20314.25,20312.0,20313.75,3086
2026-02-04 10:38:00,20313.75,20314.0,20313.0,20313.25,1605
2026-02-04 10:39:00,20313.25,20314.0,20311.25,20311.25,1609
2026-02-04 10:40:00,20311.25,20312.5,20311.25,20312.25,2162
2026-02-04 10:41:00,20312.25,20317.25,20310.0,20316.0,3910
2026-02-04 10:42:00,20316.0,20320.25,20315.75,20316.25,4118
2026-02-04 10:43:00,20316.25,20316.75,20315.25,20315.5,1604
2026-02-04 10:44:00,20315.5,20317.5,20312.5,20313.75,2489
2026-02-04 10:45:00,20313.75,20316.5,20313.75,20314.75,4204
2026-02-04 10:46:00,20314.75,20319.5,20313.5,20314.25,4216
2026-02-04 10:47:00,20314.25,20315.5,20312.5,20313.75,2208
2026-02-04 10:48:00,20313.75,20314.75,20311.25,20312.75,2192
2026-02-04 10:49:00,20312.75,20314.0,20309.75,20313.75,3497
2026-02-04 10:50:00,20313.75,20315.25,20312.75,20315.0,2560
2026-02-04 10:51:00,20315.0,20315.5,20313.75,20315.25,3574
2026-02-04 10:52:00,20315.25,20316.5,20314.0,20315.75,3225
2026-02-04 10:53:00,20315.75,20318.0,20315.5,20316.0,2683
2026-02-04 10:54:00,20316.0,20319.5,20316.0,20316.25,3942
2026-02-04 10:55:00,20316.25,20318.75,20315.75,20317.5,3525
2026-02-04 10:56:00,20317.5,20318.5,20317.25,20318.25,3169
2026-02-04 10:57:00,20318.25,20318.75,20314.5,20317.5,4472
2026-02-04 10:58:00,20317.5,20318.25,20314.25,20318.25,3146
2026-02-04 10:59:00,20318.25,20321.25,20317.5,20320.5,1647
2026-02-04 11:00:00,20320.5,20322.5,20320.5,20320.75,3841
2026-02-04 11:01:00,20320.75,20322.5,20320.25,20322.0,4228
2026-02-04 11:02:00,20322.0,20322.0,20321.75,20322.0,3182
2026-02-04 11:03:00,20322.0,20322.25,20316.25,20318.75,4443
2026-02-04 11:04:00,20318.75,20318.75,20317.0,20317.0,1525
2026-02-04 11:05:00,20317.0,20318.75,20315.75,20317.5,2066
2026-02-04 11:06:00,20317.5,20318.25,20317.0,20317.25,3567
2026-02-04 11:07:00,20317.25,20317.25,20316.5,20316.5,2380
2026-02-04 11:08:00,20316.5,20316.75,20313.25,20313.5,4338
2026-02-04 11:09:00,20313.5,20313.75,20311.25,20312.5,2010
2026-02-04 11:10:00,20312.5,20313.25,20312.5,20313.0,1872
2026-02-04 11:11:00,20313.0,20313.5,20313.0,20313.25,2784
2026-02-04 11:12:00,20313.25,20314.75,20313.0,20314.25,2496
2026-02-04 11:13:00,20314.25,20316.75,20311.0,20316.25,2683
2026-02-04 11:14:00,20316.25,20316.75,20314.25,20314.5,2581
2026-02-04 11:15:00,20314.5,20318.25,20314.5,20316.0,1661
2026-02-04 11:16:00,20316.0,20318.0,20315.5,20316.0,4334
2026-02-04 11:17:00,20316.0,20318.0,20315.5,20317.75,2282
2026-02-04 11:18:00,20317.75,20319.5,20315.0,20316.5,1976
2026-02-04 11:19:00,20316.5,20318.25,20316.5,20317.5,3167
2026-02-04 11:20:00,20317.5,20321.25,20317.0,20319.75,2099
2026-02-04 11:21:00,20319.75,20321.0,20319.0,20320.25,3134
2026-02-04 11:22:00,20320.25,20321.0,20319.5,20320.75,4148
2026-02-04 11:23:00,20320.75,20322.25,20319.75,20320.5,2487
2026-02-04 11:24:00,20320.5,20321.0,20319.5,20320.0,4017
2026-02-04 11:25:00,20320.0,20320.25,20319.75,20320.0,1866
2026-02-04 11:26:00,20320.0,20321.75,20319.25,20320.5,2690
2026-02-04 11:27:00,20320.5,20320.75,20318.5,20318.75,1810
2026-02-04 11:28:00,20318.75,20320.75,20317.75,20318.75,1819
2026-02-04 11:29:00,20318.75,20319.0,20317.0,20317.5,4142
2026-02-04 11:30:00,20317.5,20317.75,20317.5,20317.75,932
2026-02-04 11:31:00,20317.75,20317.75,20317.5,20317.75,1204
2026-02-04 11:32:00,20317.75,20319.25,20316.75,20317.75,1474
2026-02-04 11:33:00,20317.75,20318.75,20317.25,20318.5,1619
2026-02-04 11:34:00,20318.5,20319.25,20318.25,20318.5,1651
2026-02-04 11:35:00,20318.5,20319.75,20318.5,20319.75,1169
2026-02-04 11:36:00,20319.75,20320.5,20319.5,20320.25,1516
2026-02-04 11:37:00,20320.25,20320.5,20320.25,20320.5,1021
2026-02-04 11:38:00,20320.5,20321.25,20320.5,20321.0,1164
2026-02-04 11:39:00,20321.0,20321.25,20320.5,20321.0,1073
2026-02-04 11:40:00,20321.0,20322.0,20320.75,20321.25,1730
2026-02-04 11:41:00,20321.25,20321.5,20320.75,20321.0,1044
2026-02-04 11:42:00,20321.0,20321.75,20320.5,20320.75,875
2026-02-04 11:43:00,20320.75,20321.75,20320.25,20321.5,1502
2026-02-04 11:44:00,20321.5,20321.75,20320.5,20321.0,729
2026-02-04 11:45:00,20321.0,20322.25,20319.5,20321.5,1736
2026-02-04 11:46:00,20321.5,20322.5,20321.0,20321.5,1783
2026-02-04 11:47:00,20321.5,20321.75,20320.0,20321.25,613
2026-02-04 11:48:00,20321.25,20322.75,20320.75,20320.75,1407
2026-02-04 11:49:00,20320.75,20322.75,20320.25,20321.75,908
2026-02-04 11:50:00,20321.75,20321.75,20321.25,20321.5,1499
2026-02-04 11:51:00,20321.5,20321.5,20320.0,20320.25,1074
2026-02-04 11:52:00,20320.25,20320.5,20318.25,20318.5,1641
2026-02-04 11:53:00,20318.5,20319.5,20318.5,20318.75,706
2026-02-04 11:54:00,20318.75,20319.75,20318.25,20319.5,1729
2026-02-04 11:55:00,20319.5,20320.25,20318.25,20320.0,759
2026-02-04 11:56:00,20320.0,20321.25,20319.75,20320.5,1510
2026-02-04 11:57:00,20320.5,20321.25,20320.25,20321.0,1202
2026-02-04 11:58:00,20321.0,20322.25,20320.75,20321.25,869
2026-02-04 11:59:00,20321.25,20323.75,20320.25,20323.0,1549
2026-02-04 12:00:00,20323.0,20323.25,20321.0,20322.0,1298
2026-02-04 12:01:00,20322.0,20324.5,20321.75,20322.25,1488
2026-02-04 12:02:00,20322.25,20322.25,20321.25,20321.5,1115
2026-02-04 12:03:00,20321.5,20322.25,20320.5,20321.0,1155
2026-02-04 12:04:00,20321.0,20321.5,20321.0,20321.5,1539
2026-02-04 12:05:00,20321.5,20321.5,20321.5,20321.5,1010
2026-02-04 12:06:00,20321.5,20321.75,20319.5,20320.75,1228
2026-02-04 12:07:00,20320.75,20321.0,20319.75,20320.0,1576
2026-02-04 12:08:00,20320.0,20320.0,20319.5,20319.5,914
2026-02-04 12:09:00,20319.5,20320.25,20319.25,20320.25,912
2026-02-04 12:10:00,20320.25,20320.25,20319.25,20319.25,1562
2026-02-04 12:11:00,20319.25,20319.75,20318.75,20319.75,1643
2026-02-04 12:12:00,20319.75,20319.75,20319.25,20319.75,1780
2026-02-04 12:13:00,20319.75,20320.0,20318.25,20318.5,1282
2026-02-04 12:14:00,20318.5,20318.5,20315.5,20318.25,710
2026-02-04 12:15:00,20318.25,20318.75,20317.5,20317.75,1268
2026-02-04 12:16:00,20317.75,20318.25,20317.25,20317.75,1141
2026-02-04 12:17:00,20317.75,20319.25,20317.0,20318.0,1446
2026-02-04 12:18:00,20318.0,20318.25,20318.0,20318.0,1326
2026-02-04 12:19:00,20318.0,20318.25,20317.75,20318.25,1198
2026-02-04 12:20:00,20318.25,20318.75,20317.75,20318.5,675
2026-02-04 12:21:00,20318.5,20319.75,20318.25,20318.75,1066
2026-02-04 12:22:00,20318.75,20319.75,20317.0,20317.25,1062
2026-02-04 12:23:00,20317.25,20317.5,20316.25,20316.5,1182
2026-02-04 12:24:00,20316.5,20316.5,20315.25,20316.0,1786
2026-02-04 12:25:00,20316.0,20316.0,20315.75,20316.0,736
2026-02-04 12:26:00,20316.0,20316.25,20315.5,20316.0,1071
2026-02-04 12:27:00,20316.0,20316.25,20315.5,20315.5,1615
2026-02-04 12:28:00,20315.5,20316.0,20314.0,20314.5,1782
2026-02-04 12:29:00,20314.5,20314.5,20313.75,20313.75,1642
2026-02-04 12:30:00,20313.75,20315.0,20312.5,20314.75,1347
2026-02-04 12:31:00,20314.75,20315.25,20314.25,20315.25,1344
2026-02-04 12:32:00,20315.25,20315.75,20315.0,20315.75,1281
2026-02-04 12:33:00,20315.75,20315.75,20315.25,20315.75,721
2026-02-04 12:34:00,20315.75,20316.0,20315.25,20315.75,788
2026-02-04 12:35:00,20315.75,20318.0,20315.25,20317.0,1421
2026-02-04 12:36:00,20317.0,20318.25,20316.75,20318.25,1727
2026-02-04 12:37:00,20318.25,20318.25,20317.75,20318.25,1742
2026-02-04 12:38:00,20318.25,20319.5,20317.75,20319.0,835
2026-02-04 12:39:00,20319.0,20319.5,20317.5,20318.5,855
2026-02-04 12:40:00,20318.5,20318.5,20317.25,20318.0,1135
2026-02-04 12:41:00,20318.0,20318.25,20317.5,20318.25,734
2026-02-04 12:42:00,20318.25,20318.5,20317.5,20318.25,1455
2026-02-04 12:43:00,20318.25,20319.0,20317.75,20318.75,1485
2026-02-04 12:44:00,20318.75,20319.25,20318.25,20318.5,1358
2026-02-04 12:45:00,20318.5,20319.5,20317.5,20318.25,1695
2026-02-04 12:46:00,20318.25,20319.75,20318.25,20319.25,1740
2026-02-04 12:47:00,20319.25,20320.25,20318.25,20320.0,1628
2026-02-04 12:48:00,20320.0,20321.25,20319.25,20321.0,668
2026-02-04 12:49:00,20321.0,20322.5,20320.75,20321.0,914
2026-02-04 12:50:00,20321.0,20321.5,20320.5,20321.0,1176
2026-02-04 12:51:00,20321.0,20321.5,20320.75,20321.5,1569
2026-02-04 12:52:00,20321.5,20321.75,20321.25,20321.75,1650
2026-02-04 12:53:00,20321.75,20322.5,20321.0,20321.5,1279
2026-02-04 12:54:00,20321.5,20321.75,20320.0,20320.75,1460
2026-02-04 12:55:00,20320.75,20321.5,20320.0,20320.5,1311
2026-02-04 12:56:00,20320.5,20320.75,20318.5,20320.0,837
2026-02-04 12:57:00,20320.0,20321.25,20319.25,20321.0,1044
2026-02-04 12:58:00,20321.0,20321.75,20320.0,20321.5,1321
2026-02-04 12:59:00,20321.5,20322.75,20321.5,20322.75,1455
2026-02-04 13:00:00,20322.75,20323.5,20321.75,20323.0,1111
2026-02-04 13:01:00,20323.0,20323.5,20323.0,20323.5,1342
2026-02-04 13:02:00,20323.5,20324.0,20321.25,20322.25,1415
2026-02-04 13:03:00,20322.25,20322.5,20321.5,20322.0,1112
2026-02-04 13:04:00,20322.0,20323.5,20321.75,20322.5,1410
2026-02-04 13:05:00,20322.5,20322.5,20322.0,20322.25,1215
2026-02-04 13:06:00,20322.25,20323.0,20321.0,20321.0,1733
2026-02-04 13:07:00,20321.0,20321.0,20320.5,20320.5,1595
2026-02-04 13:08:00,20320.5,20321.5,20320.0,20320.0,670
2026-02-04 13:09:00,20320.0,20321.0,20319.75,20319.75,787
2026-02-04 13:10:00,20319.75,20319.75,20318.75,20319.25,960
2026-02-04 13:11:00,20319.25,20319.75,20319.0,20319.75,1637
2026-02-04 13:12:00,20319.75,20320.5,20319.5,20320.5,1437
2026-02-04 13:13:00,20320.5,20320.75,20319.5,20319.75,768
2026-02-04 13:14:00,20319.75,20321.25,20319.5,20321.25,840
2026-02-04 13:15:00,20321.25,20321.5,20320.0,20321.25,953
2026-02-04 13:16:00,20321.25,20321.25,20319.75,20320.25,1129
2026-02-04 13:17:00,20320.25,20320.5,20319.75,20320.5,1293
2026-02-04 13:18:00,20320.5,20322.5,20320.5,20321.0,997
2026-02-04 13:19:00,20321.0,20321.75,20320.5,20321.75,814
2026-02-04 13:20:00,20321.75,20322.5,20321.75,20322.0,994
2026-02-04 13:21:00,20322.0,20322.0,20320.0,20321.25,1269
2026-02-04 13:22:00,20321.25,20321.25,20320.75,20321.0,676
2026-02-04 13:23:00,20321.0,20321.25,20319.75,20320.75,807
2026-02-04 13:24:00,20320.75,20320.75,20320.0,20320.0,1794
2026-02-04 13:25:00,20320.0,20320.5,20319.25,20319.25,1430
2026-02-04 13:26:00,20319.25,20320.75,20319.0,20320.25,1385
2026-02-04 13:27:00,20320.25,20322.75,20319.0,20319.75,700
2026-02-04 13:28:00,20319.75,20321.5,20318.5,20318.5,1748
2026-02-04 13:29:00,20318.5,20319.0,20318.0,20318.75,750
2026-02-04 13:30:00,20318.75,20320.0,20316.5,20317.5,1711
2026-02-04 13:31:00,20317.5,20319.25,20317.5,20318.5,3521
2026-02-04 13:32:00,20318.5,20319.25,20317.0,20319.25,2471
2026-02-04 13:33:00,20319.25,20319.5,20319.0,20319.0,3643
2026-02-04 13:34:00,20319.0,20319.25,20318.25,20318.5,2676
2026-02-04 13:35:00,20318.5,20318.75,20316.5,20316.5,3688
2026-02-04 13:36:00,20316.5,20317.75,20315.25,20316.25,3440
2026-02-04 13:37:00,20316.25,20318.75,20315.5,20315.75,3398
2026-02-04 13:38:00,20315.75,20316.25,20315.0,20315.25,3250
2026-02-04 13:39:00,20315.25,20316.25,20313.5,20313.75,3072
2026-02-04 13:40:00,20313.75,20315.25,20313.25,20314.75,1443
2026-02-04 13:41:00,20314.75,20315.75,20314.5,20315.5,1705
2026-02-04 13:42:00,20315.5,20318.0,20315.25,20316.0,1435
2026-02-04 13:43:00,20316.0,20317.5,20313.5,20317.0,3273
2026-02-04 13:44:00,20317.0,20318.75,20316.75,20318.5,2787
2026-02-04 13:45:00,20318.5,20320.0,20317.75,20318.25,1804
2026-02-04 13:46:00,20318.25,20318.75,20316.25,20318.25,1492
2026-02-04 13:47:00,20318.25,20320.0,20317.75,20319.75,1506
2026-02-04 13:48:00,20319.75,20322.0,20317.75,20318.0,1665
2026-02-04 13:49:00,20318.0,20319.25,20317.0,20319.25,2131
2026-02-04 13:50:00,20319.25,20321.25,20318.5,20318.75,3529
2026-02-04 13:51:00,20318.75,20323.5,20318.25,20318.5,2246
2026-02-04 13:52:00,20318.5,20320.0,20318.25,20318.25,2001
2026-02-04 13:53:00,20318.25,20320.0,20315.75,20319.75,2798
2026-02-04 13:54:00,20319.75,20320.25,20318.5,20320.25,3897
2026-02-04 13:55:00,20320.25,20320.75,20319.5,20320.5,1424
2026-02-04 13:56:00,20320.5,20321.5,20319.0,20319.5,3512
2026-02-04 13:57:00,20319.5,20321.25,20318.5,20320.5,3173
2026-02-04 13:58:00,20320.5,20322.75,20319.25,20320.5,1530
2026-02-04 13:59:00,20320.5,20320.75,20318.75,20320.5,3209
2026-02-04 14:00:00,20320.5,20320.5,20318.5,20319.25,3806
2026-02-04 14:01:00,20319.25,20319.5,20317.75,20318.5,1894
2026-02-04 14:02:00,20318.5,20318.75,20315.25,20317.0,2350
2026-02-04 14:03:00,20317.0,20319.0,20316.0,20317.25,1644
2026-02-04 14:04:00,20317.25,20317.25,20316.5,20316.5,2114
2026-02-04 14:05:00,20316.5,20318.75,20316.0,20318.25,2642
2026-02-04 14:06:00,20318.25,20320.0,20317.0,20319.5,3596
2026-02-04 14:07:00,20319.5,20320.5,20317.0,20318.0,3721
2026-02-04 14:08:00,20318.0,20322.25,20317.75,20320.75,3958
2026-02-04 14:09:00,20320.75,20321.5,20318.75,20319.5,2590
2026-02-04 14:10:00,20319.5,20320.0,20318.5,20318.75,3450
2026-02-04 14:11:00,20318.75,20320.5,20318.0,20320.0,1766
2026-02-04 14:12:00,20320.0,20320.5,20318.75,20319.25,3262
2026-02-04 14:13:00,20319.25,20319.75,20318.5,20319.5,1429
2026-02-04 14:14:00,20319.5,20321.25,20317.5,20319.0,1693
2026-02-04 14:15:00,20319.0,20321.0,20318.0,20319.0,2662
2026-02-04 14:16:00,20319.0,20319.5,20318.25,20319.25,1612
2026-02-04 14:17:00,20319.25,20319.25,20318.25,20318.5,3334
2026-02-04 14:18:00,20318.5,20319.25,20318.5,20318.75,3731
2026-02-04 14:19:00,20318.75,20320.5,20316.0,20316.75,3631
2026-02-04 14:20:00,20316.75,20319.25,20314.5,20319.25,3723
2026-02-04 14:21:00,20319.25,20321.0,20317.25,20320.25,2375
2026-02-04 14:22:00,20320.25,20320.5,20318.0,20318.0,3468
2026-02-04 14:23:00,20318.0,20319.75,20317.5,20318.75,2832
2026-02-04 14:24:00,20318.75,20320.5,20318.0,20320.25,2671
2026-02-04 14:25:00,20320.25,20321.25,20320.25,20321.0,1930
2026-02-04 14:26:00,20321.0,20324.75,20320.0,20321.25,3264
2026-02-04 14:27:00,20321.25,20324.5,20318.25,20323.75,2565
2026-02-04 14:28:00,20323.75,20324.0,20323.5,20324.0,2449
2026-02-04 14:29:00,20324.0,20325.5,20318.25,20325.0,3245
2026-02-04 14:30:00,20325.0,20325.25,20323.25,20323.25,1451
2026-02-04 14:31:00,20323.25,20324.0,20322.75,20323.75,2715
2026-02-04 14:32:00,20323.75,20324.5,20323.0,20323.5,2964
2026-02-04 14:33:00,20323.5,20324.5,20323.25,20324.5,3068
2026-02-04 14:34:00,20324.5,20326.75,20324.0,20325.75,2371
2026-02-04 14:35:00,20325.75,20328.25,20323.5,20327.0,1971
2026-02-04 14:36:00,20327.0,20329.75,20325.75,20328.5,2924
2026-02-04 14:37:00,20328.5,20329.5,20327.0,20327.75,3081
2026-02-04 14:38:00,20327.75,20328.25,20327.0,20327.75,1619
2026-02-04 14:39:00,20327.75,20328.0,20327.75,20327.75,3769
2026-02-04 14:40:00,20327.75,20328.0,20326.0,20326.5,2491
2026-02-04 14:41:00,20326.5,20327.0,20324.5,20326.0,2482
2026-02-04 14:42:00,20326.0,20326.25,20325.5,20325.5,3758
2026-02-04 14:43:00,20325.5,20326.0,20324.0,20324.25,2650
2026-02-04 14:44:00,20324.25,20325.25,20322.25,20324.0,3103
2026-02-04 14:45:00,20324.0,20324.25,20321.75,20322.0,1698
2026-02-04 14:46:00,20322.0,20323.5,20320.5,20321.5,3850
2026-02-04 14:47:00,20321.5,20322.25,20320.0,20320.75,3910
2026-02-04 14:48:00,20320.75,20321.5,20319.75,20320.75,2003
2026-02-04 14:49:00,20320.75,20321.75,20320.5,20320.75,3068
2026-02-04 14:50:00,20320.75,20322.5,20320.0,20320.5,3310
2026-02-04 14:51:00,20320.5,20320.75,20317.75,20319.25,2551
2026-02-04 14:52:00,20319.25,20319.5,20315.5,20317.25,2207
2026-02-04 14:53:00,20317.25,20317.25,20316.0,20316.5,3911
2026-02-04 14:54:00,20316.5,20316.75,20315.0,20316.5,2542
2026-02-04 14:55:00,20316.5,20317.0,20314.5,20315.0,2595
2026-02-04 14:56:00,20315.0,20317.0,20314.25,20314.25,1894
2026-02-04 14:57:00,20314.25,20316.25,20313.5,20315.5,1593
2026-02-04 14:58:00,20315.5,20318.0,20315.0,20316.0,2617
2026-02-04 14:59:00,20316.0,20316.75,20315.5,20315.5,2817
2026-02-04 15:00:00,20315.5,20317.25,20314.25,20314.25,2574
2026-02-04 15:01:00,20314.25,20315.75,20312.0,20312.25,3264
2026-02-04 15:02:00,20312.25,20314.25,20310.75,20311.5,3155
2026-02-04 15:03:00,20311.5,20313.25,20311.5,20312.75,1912
2026-02-04 15:04:00,20312.75,20315.25,20310.75,20315.0,3121
2026-02-04 15:05:00,20315.0,20315.0,20314.0,20314.25,3401
2026-02-04 15:06:00,20314.25,20315.25,20313.75,20315.0,2835
2026-02-04 15:07:00,20315.0,20315.75,20314.0,20315.5,2155
2026-02-04 15:08:00,20315.5,20317.25,20314.75,20316.5,1730
2026-02-04 15:09:00,20316.5,20318.0,20315.0,20317.0,3882
2026-02-04 15:10:00,20317.0,20317.25,20316.75,20317.0,3299
2026-02-04 15:11:00,20317.0,20318.5,20316.0,20316.25,3816
2026-02-04 15:12:00,20316.25,20317.25,20315.5,20316.75,3456
2026-02-04 15:13:00,20316.75,20318.25,20315.5,20316.5,1910
2026-02-04 15:14:00,20316.5,20317.5,20314.0,20315.5,3869
2026-02-04 15:15:00,20315.5,20316.5,20315.5,20316.25,3985
2026-02-04 15:16:00,20316.25,20316.5,20315.0,20315.25,3899
2026-02-04 15:17:00,20315.25,20316.25,20314.0,20314.25,1941
2026-02-04 15:18:00,20314.25,20314.75,20311.75,20312.5,3784
2026-02-04 15:19:00,20312.5,20316.0,20312.0,20314.75,2072
2026-02-04 15:20:00,20314.75,20318.75,20312.25,20316.75,1807
2026-02-04 15:21:00,20316.75,20321.25,20316.75,20317.75,1612
2026-02-04 15:22:00,20317.75,20318.0,20315.5,20317.25,3211
2026-02-04 15:23:00,20317.25,20319.0,20317.0,20318.0,1593
2026-02-04 15:24:00,20318.0,20318.25,20317.75,20318.25,2638
2026-02-04 15:25:00,20318.25,20319.5,20318.0,20319.0,1522
2026-02-04 15:26:00,20319.0,20320.25,20317.5,20317.5,3143
2026-02-04 15:27:00,20317.5,20318.75,20317.0,20317.75,3183
2026-02-04 15:28:00,20317.75,20320.5,20315.0,20318.0,3594
2026-02-04 15:29:00,20318.0,20320.25,20316.5,20320.0,2964
2026-02-04 15:30:00,20320.0,20322.25,20318.5,20319.0,5213
2026-02-04 15:31:00,20319.0,20319.25,20314.25,20316.5,3672
2026-02-04 15:32:00,20316.5,20317.0,20315.25,20316.75,7540
2026-02-04 15:33:00,20316.75,20316.75,20315.75,20316.25,7457
2026-02-04 15:34:00,20316.25,20317.25,20315.0,20316.75,7086
2026-02-04 15:35:00,20316.75,20317.0,20316.0,20316.75,4996
2026-02-04 15:36:00,20316.75,20317.0,20315.75,20316.5,8228
2026-02-04 15:37:00,20316.5,20317.75,20316.25,20317.0,4284
2026-02-04 15:38:00,20317.0,20317.5,20316.75,20317.0,6623
2026-02-04 15:39:00,20317.0,20317.0,20315.25,20315.5,6366
2026-02-04 15:40:00,20315.5,20316.25,20312.75,20315.25,6397
2026-02-04 15:41:00,20315.25,20317.75,20314.5,20316.0,4657
2026-02-04 15:42:00,20316.0,20318.0,20312.5,20317.0,3831
2026-02-04 15:43:00,20317.0,20317.25,20314.5,20315.25,5221
2026-02-04 15:44:00,20315.25,20317.25,20314.25,20316.5,8302
2026-02-04 15:45:00,20316.5,20320.0,20315.75,20319.75,6073
2026-02-04 15:46:00,20319.75,20320.5,20312.5,20316.5,8031
2026-02-04 15:47:00,20316.5,20318.0,20315.25,20317.75,6830
2026-02-04 15:48:00,20317.75,20321.5,20317.5,20319.75,7549
2026-02-04 15:49:00,20319.75,20320.0,20317.75,20318.25,3832
2026-02-04 15:50:00,20318.25,20319.75,20316.25,20316.75,4512
2026-02-04 15:51:00,20316.75,20319.5,20316.5,20318.5,7872
2026-02-04 15:52:00,20318.5,20319.5,20315.75,20316.75,4545
2026-02-04 15:53:00,20316.75,20320.75,20315.5,20316.25,3922
2026-02-04 15:54:00,20316.25,20320.0,20315.25,20318.25,4985
2026-02-04 15:55:00,20318.25,20320.5,20317.25,20318.0,5988
2026-02-04 15:56:00,20318.0,20319.25,20310.0,20318.75,7340
2026-02-04 15:57:00,20318.75,20320.5,20318.75,20320.5,5149
2026-02-04 15:58:00,20320.5,20321.25,20317.75,20320.0,8492
2026-02-04 15:59:00,20320.0,20322.75,20315.0,20318.5,8321
2026-02-05 09:30:00,20318.5,20321.25,20317.75,20320.25,5332
2026-02-05 09:31:00,20320.25,20322.75,20319.25,20319.5,7001
2026-02-05 09:32:00,20319.5,20320.5,20317.5,20320.0,6279
2026-02-05 09:33:00,20320.0,20323.0,20313.5,20321.0,7911
2026-02-05 09:34:00,20321.0,20323.25,20319.75,20322.75,5255
2026-02-05 09:35:00,20322.75,20323.0,20320.0,20320.75,8369
2026-02-05 09:36:00,20320.75,20326.5,20320.0,20323.75,3213
2026-02-05 09:37:00,20323.75,20324.25,20319.75,20322.25,4181
2026-02-05 09:38:00,20322.25,20323.5,20316.0,20321.0,6446
2026-02-05 09:39:00,20321.0,20325.5,20319.0,20323.0,5706
2026-02-05 09:40:00,20323.0,20323.5,20320.0,20320.25,8055
2026-02-05 09:41:00,20320.25,20323.5,20320.25,20320.75,5244
2026-02-05 09:42:00,20320.75,20321.75,20320.0,20320.5,8657
2026-02-05 09:43:00,20320.5,20321.5,20317.75,20319.5,3957
2026-02-05 09:44:00,20319.5,20321.25,20319.5,20321.0,7782
2026-02-05 09:45:00,20321.0,20321.5,20320.5,20321.5,7364
2026-02-05 09:46:00,20321.5,20321.75,20320.0,20320.0,5583
2026-02-05 09:47:00,20320.0,20320.25,20319.75,20320.0,3025
2026-02-05 09:48:00,20320.0,20321.0,20316.75,20318.5,6499
2026-02-05 09:49:00,20318.5,20321.75,20316.75,20321.5,6703
2026-02-05 09:50:00,20321.5,20321.75,20320.5,20321.5,6047
2026-02-05 09:51:00,20321.5,20325.75,20321.5,20323.75,6493
2026-02-05 09:52:00,20323.75,20324.0,20322.25,20322.25,3187
2026-02-05 09:53:00,20322.25,20324.25,20318.0,20323.75,4658
2026-02-05 09:54:00,20323.75,20327.75,20319.5,20321.75,3940
2026-02-05 09:55:00,20321.75,20326.0,20315.25,20319.25,8020
2026-02-05 09:56:00,20319.25,20325.25,20318.5,20323.75,5765
2026-02-05 09:57:00,20323.75,20324.0,20323.0,20323.25,7977
2026-02-05 09:58:00,20323.25,20325.5,20320.75,20324.75,5720
2026-02-05 09:59:00,20324.75,20325.0,20320.75,20323.0,4206
2026-02-05 10:00:00,20323.0,20325.75,20322.25,20325.5,3083
2026-02-05 10:01:00,20325.5,20325.75,20325.25,20325.5,2167
2026-02-05 10:02:00,20325.5,20325.5,20324.5,20325.0,2686
2026-02-05 10:03:00,20325.0,20325.5,20319.75,20323.25,1573
2026-02-05 10:04:00,20323.25,20325.25,20320.0,20321.75,2183
2026-02-05 10:05:00,20321.75,20322.5,20321.25,20322.5,2137
2026-02-05 10:06:00,20322.5,20323.25,20322.25,20323.0,2518
2026-02-05 10:07:00,20323.0,20324.25,20322.75,20323.75,2950
2026-02-05 10:08:00,20323.75,20324.0,20321.25,20321.5,1651
2026-02-05 10:09:00,20321.5,20321.5,20320.75,20321.0,1885
2026-02-05 10:10:00,20321.0,20323.5,20320.5,20323.25,1515
2026-02-05 10:11:00,20323.25,20324.75,20323.0,20324.0,3513
2026-02-05 10:12:00,20324.0,20326.75,20322.25,20326.5,2980
2026-02-05 10:13:00,20326.5,20329.5,20325.5,20326.75,3945
2026-02-05 10:14:00,20326.75,20326.75,20324.5,20325.25,1595
2026-02-05 10:15:00,20325.25,20326.5,20324.25,20324.75,2164
2026-02-05 10:16:00,20324.75,20326.5,20324.0,20325.75,4275
2026-02-05 10:17:00,20325.75,20326.5,20323.25,20324.25,2672
2026-02-05 10:18:00,20324.25,20324.25,20322.75,20323.25,2845
2026-02-05 10:19:00,20323.25,20323.5,20320.5,20321.5,2077
2026-02-05 10:20:00,20321.5,20324.0,20320.25,20323.75,2423
2026-02-05 10:21:00,20323.75,20326.0,20323.75,20323.75,4306
2026-02-05 10:22:00,20323.75,20326.5,20323.75,20326.25,4465
2026-02-05 10:23:00,20326.25,20327.75,20325.5,20327.75,2353
2026-02-05 10:24:00,20327.75,20328.0,20327.5,20328.0,3189
2026-02-05 10:25:00,20328.0,20328.25,20326.0,20326.25,2870
2026-02-05 10:26:00,20326.25,20327.5,20325.25,20326.25,1576
2026-02-05 10:27:00,20326.25,20326.25,20324.75,20325.25,4439
2026-02-05 10:28:00,20325.25,20326.25,20322.0,20324.0,2549
2026-02-05 10:29:00,20324.0,20324.75,20323.0,20323.0,3158
2026-02-05 10:30:00,20323.0,20324.0,20322.0,20323.75,2758
2026-02-05 10:31:00,20323.75,20324.0,20322.75,20323.25,4187
2026-02-05 10:32:00,20323.25,20324.5,20321.5,20323.75,2092
2026-02-05 10:33:00,20323.75,20324.25,20322.75,20323.0,4382
2026-02-05 10:34:00,20323.0,20324.5,20320.25,20324.0,2961
2026-02-05 10:35:00,20324.0,20326.0,20323.75,20325.5,3772
2026-02-05 10:36:00,20325.5,20328.25,20325.5,20325.5,2416
2026-02-05 10:37:00,20325.5,20326.0,20324.75,20326.0,2539
2026-02-05 10:38:00,20326.0,20328.0,20325.0,20325.25,1934
2026-02-05 10:39:00,20325.25,20326.25,20322.0,20322.5,2414
2026-02-05 10:40:00,20322.5,20324.0,20322.5,20323.0,2054
2026-02-05 10:41:00,20323.0,20324.0,20319.75,20321.0,4151
2026-02-05 10:42:00,20321.0,20322.5,20321.0,20322.25,3758
2026-02-05 10:43:00,20322.25,20322.5,20321.25,20322.25,1952
2026-02-05 10:44:00,20322.25,20323.75,20322.0,20322.0,3044
2026-02-05 10:45:00,20322.0,20322.5,20321.75,20322.0,1730
2026-02-05 10:46:00,20322.0,20324.0,20322.0,20323.0,2483
2026-02-05 10:47:00,20323.0,20325.5,20322.5,20324.5,2926
2026-02-05 10:48:00,20324.5,20325.75,20323.75,20325.0,1892
2026-02-05 10:49:00,20325.0,20325.0,20321.5,20324.0,2746
2026-02-05 10:50:00,20324.0,20326.25,20322.0,20322.75,2797
2026-02-05 10:51:00,20322.75,20324.0,20321.5,20322.0,3957
2026-02-05 10:52:00,20322.0,20325.0,20322.0,20324.0,3586
2026-02-05 10:53:00,20324.0,20325.5,20323.75,20324.0,2490
2026-02-05 10:54:00,20324.0,20325.75,20320.25,20324.75,4202
2026-02-05 10:55:00,20324.75,20325.0,20322.0,20323.25,2969
2026-02-05 10:56:00,20323.25,20323.75,20321.75,20323.75,2375
2026-02-05 10:57:00,20323.75,20326.25,20323.75,20325.0,1791
2026-02-05 10:58:00,20325.0,20325.5,20320.25,20323.0,2856
2026-02-05 10:59:00,20323.0,20324.75,20322.5,20324.25,3972
2026-02-05 11:00:00,20324.25,20325.0,20322.5,20323.0,2858
2026-02-05 11:01:00,20323.0,20327.5,20318.0,20324.5,3925
2026-02-05 11:02:00,20324.5,20325.0,20321.0,20324.75,2409
2026-02-05 11:03:00,20324.75,20325.25,20323.25,20323.75,4410
2026-02-05 11:04:00,20323.75,20324.75,20322.0,20322.75,4289
2026-02-05 11:05:00,20322.75,20323.25,20322.5,20322.5,4027
2026-02-05 11:06:00,20322.5,20324.5,20322.5,20324.0,2174
2026-02-05 11:07:00,20324.0,20324.25,20323.25,20323.5,2227
2026-02-05 11:08:00,20323.5,20325.0,20320.5,20322.5,4490
2026-02-05 11:09:00,20322.5,20322.5,20321.25,20322.0,1785
2026-02-05 11:10:00,20322.0,20323.25,20321.75,20322.0,1547
2026-02-05 11:11:00,20322.0,20323.75,20319.25,20320.75,3412
2026-02-05 11:12:00,20320.75,20321.5,20319.5,20319.75,1815
2026-02-05 11:13:00,20319.75,20324.25,20319.25,20319.5,3088
2026-02-05 11:14:00,20319.5,20320.25,20317.25,20317.75,3236
2026-02-05 11:15:00,20317.75,20319.0,20316.0,20316.25,2048
2026-02-05 11:16:00,20316.25,20318.25,20315.25,20317.0,3920
2026-02-05 11:17:00,20317.0,20317.25,20316.0,20316.5,4309
2026-02-05 11:18:00,20316.5,20317.0,20316.25,20316.5,2792
2026-02-05 11:19:00,20316.5,20316.5,20315.25,20315.25,2645
2026-02-05 11:20:00,20315.25,20316.0,20315.0,20315.0,3294
2026-02-05 11:21:00,20315.0,20315.5,20313.25,20313.5,1948
2026-02-05 11:22:00,20313.5,20315.5,20313.5,20315.25,3522
2026-02-05 11:23:00,20315.25,20316.25,20314.75,20314.75,2123
2026-02-05 11:24:00,20314.75,20316.75,20314.25,20316.5,3790
2026-02-05 11:25:00,20316.5,20317.75,20314.75,20317.0,4406
2026-02-05 11:26:00,20317.0,20317.75,20315.75,20317.75,2420
2026-02-05 11:27:00,20317.75,20320.25,20316.75,20318.5,2249
2026-02-05 11:28:00,20318.5,20319.5,20317.5,20317.5,3378
2026-02-05 11:29:00,20317.5,20317.75,20316.5,20317.5,2435
2026-02-05 11:30:00,20317.5,20318.75,20317.5,20318.25,1241
2026-02-05 11:31:00,20318.25,20318.5,20317.75,20317.75,1059
2026-02-05 11:32:00,20317.75,20318.75,20315.75,20318.5,763
2026-02-05 11:33:00,20318.5,20319.5,20318.0,20319.5,816
2026-02-05 11:34:00,20319.5,20319.5,20318.0,20318.25,690
2026-02-05 11:35:00,20318.25,20318.75,20317.0,20318.25,1564
2026-02-05 11:36:00,20318.25,20319.0,20318.25,20318.25,766
2026-02-05 11:37:00,20318.25,20319.25,20318.25,20318.25,1296
2026-02-05 11:38:00,20318.25,20318.5,20317.25,20318.25,680
2026-02-05 11:39:00,20318.25,20318.5,20317.0,20318.0,675
2026-02-05 11:40:00,20318.0,20318.25,20318.0,20318.0,1659
2026-02-05 11:41:00,20318.0,20318.5,20317.5,20318.25,1195
2026-02-05 11:42:00,20318.25,20319.75,20318.25,20319.0,1388
2026-02-05 11:43:00,20319.0,20319.5,20318.25,20319.25,1424
2026-02-05 11:44:00,20319.25,20319.5,20319.0,20319.25,1296
2026-02-05 11:45:00,20319.25,20319.25,20318.0,20318.5,1152
2026-02-05 11:46:00,20318.5,20318.75,20318.5,20318.75,1415
2026-02-05 11:47:00,20318.75,20319.25,20317.25,20317.75,785
2026-02-05 11:48:00,20317.75,20318.5,20317.5,20318.25,921
2026-02-05 11:49:00,20318.25,20319.25,20317.75,20318.25,886
2026-02-05 11:50:00,20318.25,20320.0,20318.0,20318.0,994
2026-02-05 11:51:00,20318.0,20319.0,20317.25,20317.75,1416
2026-02-05 11:52:00,20317.75,20318.5,20317.75,20318.0,1727
2026-02-05 11:53:00,20318.0,20319.25,20317.75,20318.0,1582
2026-02-05 11:54:00,20318.0,20318.75,20317.25,20317.25,847
2026-02-05 11:55:00,20317.25,20318.25,20317.0,20317.25,1430
2026-02-05 11:56:00,20317.25,20318.0,20315.75,20317.75,968
2026-02-05 11:57:00,20317.75,20319.0,20317.25,20318.0,772
2026-02-05 11:58:00,20318.0,20318.5,20317.75,20318.0,1217
2026-02-05 11:59:00,20318.0,20319.0,20316.75,20317.25,1653
2026-02-05 12:00:00,20317.25,20318.25,20317.0,20318.25,1456
2026-02-05 12:01:00,20318.25,20318.5,20316.5,20317.75,901
2026-02-05 12:02:00,20317.75,20318.25,20317.25,20318.25,639
2026-02-05 12:03:00,20318.25,20318.5,20316.75,20317.0,1214
2026-02-05 12:04:00,20317.0,20317.5,20316.0,20317.5,1162
2026-02-05 12:05:00,20317.5,20318.25,20317.25,20318.0,1703
2026-02-05 12:06:00,20318.0,20319.0,20317.5,20318.5,1056
2026-02-05 12:07:00,20318.5,20319.25,20317.75,20319.0,1094
2026-02-05 12:08:00,20319.0,20319.5,20317.5,20319.25,1503
2026-02-05 12:09:00,20319.25,20320.5,20319.0,20320.5,1166
2026-02-05 12:10:00,20320.5,20320.75,20319.5,20319.75,1506
2026-02-05 12:11:00,20319.75,20320.75,20319.25,20320.75,1633
2026-02-05 12:12:00,20320.75,20321.5,20320.25,20321.0,1164
2026-02-05 12:13:00,20321.0,20321.5,20320.5,20321.25,904
2026-02-05 12:14:00,20321.25,20322.25,20320.75,20321.75,1201
2026-02-05 12:15:00,20321.75,20323.0,20321.0,20321.5,1178
2026-02-05 12:16:00,20321.5,20322.0,20320.5,20321.75,619
2026-02-05 12:17:00,20321.75,20322.25,20321.75,20322.0,1356
2026-02-05 12:18:00,20322.0,20322.25,20321.5,20321.5,1435
2026-02-05 12:19:00,20321.5,20321.75,20321.25,20321.75,1202
2026-02-05 12:20:00,20321.75,20322.75,20321.5,20321.75,1034
2026-02-05 12:21:00,20321.75,20322.0,20320.25,20321.0,1527
2026-02-05 12:22:00,20321.0,20321.0,20319.5,20319.75,1058
2026-02-05 12:23:00,20319.75,20321.5,20319.0,20320.0,1124
2026-02-05 12:24:00,20320.0,20320.0,20317.75,20318.5,1295
2026-02-05 12:25:00,20318.5,20319.5,20318.0,20319.25,836
2026-02-05 12:26:00,20319.25,20320.0,20319.0,20319.75,831
2026-02-05 12:27:00,20319.75,20321.25,20319.75,20320.25,1266
2026-02-05 12:28:00,20320.25,20320.25,20318.25,20319.0,894
2026-02-05 12:29:00,20319.0,20321.25,20318.25,20318.5,1240
2026-02-05 12:30:00,20318.5,20319.25,20316.5,20317.25,1643
2026-02-05 12:31:00,20317.25,20317.5,20316.75,20317.0,979
2026-02-05 12:32:00,20317.0,20317.5,20316.25,20316.5,1626
2026-02-05 12:33:00,20316.5,20318.0,20315.75,20317.5,917
2026-02-05 12:34:00,20317.5,20319.0,20317.5,20317.75,1739
2026-02-05 12:35:00,20317.75,20318.75,20317.5,20318.5,1163
2026-02-05 12:36:00,20318.5,20320.0,20318.0,20318.0,1341
2026-02-05 12:37:00,20318.0,20318.75,20316.75,20317.5,1111
2026-02-05 12:38:00,20317.5,20318.0,20317.0,20317.25,1755
2026-02-05 12:39:00,20317.25,20318.75,20317.0,20317.75,1644
2026-02-05 12:40:00,20317.75,20318.0,20317.0,20317.0,1651
2026-02-05 12:41:00,20317.0,20318.75,20316.5,20317.0,1390
2026-02-05 12:42:00,20317.0,20318.0,20316.75,20318.0,1505
2026-02-05 12:43:00,20318.0,20318.75,20316.75,20318.0,1183
2026-02-05 12:44:00,20318.0,20318.5,20317.75,20318.0,1448
2026-02-05 12:45:00,20318.0,20319.0,20317.75,20318.75,1527
2026-02-05 12:46:00,20318.75,20319.0,20318.75,20319.0,622
2026-02-05 12:47:00,20319.0,20319.0,20316.75,20317.75,768
2026-02-05 12:48:00,20317.75,20318.75,20317.0,20317.25,1454
2026-02-05 12:49:00,20317.25,20318.5,20316.5,20318.5,696
2026-02-05 12:50:00,20318.5,20319.0,20316.75,20317.5,1263
2026-02-05 12:51:00,20317.5,20317.75,20316.75,20317.5,776
2026-02-05 12:52:00,20317.5,20318.5,20315.75,20318.25,910
2026-02-05 12:53:00,20318.25,20319.25,20317.25,20319.0,875
2026-02-05 12:54:00,20319.0,20319.5,20319.0,20319.25,830
2026-02-05 12:55:00,20319.25,20319.75,20318.5,20318.75,1791
2026-02-05 12:56:00,20318.75,20319.0,20317.5,20318.0,1029
2026-02-05 12:57:00,20318.0,20319.25,20317.5,20317.75,1275
2026-02-05 12:58:00,20317.75,20318.25,20317.5,20317.75,1605
2026-02-05 12:59:00,20317.75,20318.0,20316.25,20318.0,820
2026-02-05 13:00:00,20318.0,20319.0,20318.0,20318.5,1280
2026-02-05 13:01:00,20318.5,20318.5,20318.0,20318.25,1496
2026-02-05 13:02:00,20318.25,20320.25,20317.75,20320.25,648
2026-02-05 13:03:00,20320.25,20321.0,20319.5,20320.25,1669
2026-02-05 13:04:00,20320.25,20320.5,20320.0,20320.25,1360
2026-02-05 13:05:00,20320.25,20320.5,20318.25,20320.25,1594
2026-02-05 13:06:00,20320.25,20320.75,20319.0,20320.0,1596
2026-02-05 13:07:00,20320.0,20321.0,20320.0,20320.75,745
2026-02-05 13:08:00,20320.75,20321.0,20319.75,20320.0,1652
2026-02-05 13:09:00,20320.0,20320.25,20319.0,20319.5,1090
2026-02-05 13:10:00,20319.5,20321.25,20319.5,20320.5,944
2026-02-05 13:11:00,20320.5,20320.5,20319.75,20320.25,1565
2026-02-05 13:12:00,20320.25,20320.5,20320.25,20320.5,1065
2026-02-05 13:13:00,20320.5,20320.75,20319.75,20320.0,1511
2026-02-05 13:14:00,20320.0,20320.5,20319.75,20320.0,1522
2026-02-05 13:15:00,20320.0,20320.0,20318.75,20319.0,1535
2026-02-05 13:16:00,20319.0,20319.75,20317.75,20318.25,708
2026-02-05 13:17:00,20318.25,20319.0,20318.0,20319.0,1509
2026-02-05 13:18:00,20319.0,20319.5,20318.5,20319.25,958
2026-02-05 13:19:00,20319.25,20320.0,20319.25,20319.5,1790
2026-02-05 13:20:00,20319.5,20319.75,20319.25,20319.25,1348
2026-02-05 13:21:00,20319.25,20319.75,20317.5,20317.75,1649
2026-02-05 13:22:00,20317.75,20318.0,20317.0,20317.25,762
2026-02-05 13:23:00,20317.25,20317.75,20317.0,20317.5,1082
2026-02-05 13:24:00,20317.5,20318.0,20317.0,20317.75,1123
2026-02-05 13:25:00,20317.75,20318.75,20316.5,20318.5,1262
2026-02-05 13:26:00,20318.5,20319.25,20318.5,20319.0,1157
2026-02-05 13:27:00,20319.0,20319.5,20316.5,20318.25,1508
2026-02-05 13:28:00,20318.25,20319.5,20317.5,20317.75,1757
2026-02-05 13:29:00,20317.75,20318.25,20317.25,20317.25,699
2026-02-05 13:30:00,20317.25,20317.5,20316.25,20316.25,2933
2026-02-05 13:31:00,20316.25,20316.25,20314.75,20315.25,2860
2026-02-05 13:32:00,20315.25,20316.25,20314.25,20315.0,1702
2026-02-05 13:33:00,20315.0,20315.75,20314.25,20315.75,2323
2026-02-05 13:34:00,20315.75,20317.0,20315.75,20316.75,1609
2026-02-05 13:35:00,20316.75,20317.0,20314.75,20315.25,1741
2026-02-05 13:36:00,20315.25,20317.0,20315.0,20315.25,2774
2026-02-05 13:37:00,20315.25,20315.5,20313.25,20314.0,2256
2026-02-05 13:38:00,20314.0,20314.25,20314.0,20314.0,3388
2026-02-05 13:39:00,20314.0,20317.0,20312.0,20312.75,1817
2026-02-05 13:40:00,20312.75,20313.25,20310.0,20310.25,1877
2026-02-05 13:41:00,20310.25,20310.75,20310.25,20310.5,3543
2026-02-05 13:42:00,20310.5,20312.0,20309.25,20311.75,3893
2026-02-05 13:43:00,20311.75,20314.25,20310.5,20310.75,2092
2026-02-05 13:44:00,20310.75,20313.25,20310.75,20311.75,2880
2026-02-05 13:45:00,20311.75,20313.0,20310.25,20311.25,1496
2026-02-05 13:46:00,20311.25,20311.5,20309.5,20309.75,1896
2026-02-05 13:47:00,20309.75,20310.5,20308.5,20308.75,3232
2026-02-05 13:48:00,20308.75,20309.5,20305.75,20308.25,1821
2026-02-05 13:49:00,20308.25,20309.75,20305.25,20308.0,3361
2026-02-05 13:50:00,20308.0,20309.5,20306.5,20309.0,1707
2026-02-05 13:51:00,20309.0,20310.0,20307.25,20307.5,3083
2026-02-05 13:52:00,20307.5,20308.5,20307.25,20308.25,2017
2026-02-05 13:53:00,20308.25,20308.5,20308.0,20308.25,3264
2026-02-05 13:54:00,20308.25,20309.25,20307.0,20309.25,2549
2026-02-05 13:55:00,20309.25,20311.5,20307.75,20308.25,3999
2026-02-05 13:56:00,20308.25,20308.5,20306.75,20308.0,3178
2026-02-05 13:57:00,20308.0,20308.5,20306.0,20306.25,3624
2026-02-05 13:58:00,20306.25,20308.5,20306.0,20307.5,3228
2026-02-05 13:59:00,20307.5,20309.0,20307.0,20308.5,2920
2026-02-05 14:00:00,20308.5,20310.0,20308.0,20308.5,1959
2026-02-05 14:01:00,20308.5,20309.0,20305.75,20308.25,2044
2026-02-05 14:02:00,20308.25,20309.25,20307.75,20308.5,3158
2026-02-05 14:03:00,20308.5,20308.5,20306.0,20307.5,1605
2026-02-05 14:04:00,20307.5,20308.0,20306.75,20307.0,2085
2026-02-05 14:05:00,20307.0,20307.75,20306.5,20306.75,2471
2026-02-05 14:06:00,20306.75,20308.25,20306.75,20307.25,2380
2026-02-05 14:07:00,20307.25,20310.75,20307.0,20308.25,2757
2026-02-05 14:08:00,20308.25,20311.0,20308.25,20309.25,3623
2026-02-05 14:09:00,20309.25,20309.75,20309.0,20309.5,2642
2026-02-05 14:10:00,20309.5,20312.5,20309.5,20312.25,2046
2026-02-05 14:11:00,20312.25,20313.75,20311.0,20311.25,1783
2026-02-05 14:12:00,20311.25,20311.5,20308.75,20309.25,3448
2026-02-05 14:13:00,20309.25,20310.0,20305.75,20307.75,2059
2026-02-05 14:14:00,20307.75,20308.0,20306.75,20307.25,2546
2026-02-05 14:15:00,20307.25,20309.0,20306.5,20308.25,2777
2026-02-05 14:16:00,20308.25,20308.5,20306.0,20307.0,2123
2026-02-05 14:17:00,20307.0,20308.25,20307.0,20307.75,3359
2026-02-05 14:18:00,20307.75,20308.75,20307.5,20308.25,2988
2026-02-05 14:19:00,20308.25,20309.75,20307.5,20309.5,2980
2026-02-05 14:20:00,20309.5,20311.5,20307.0,20310.25,1919
2026-02-05 14:21:00,20310.25,20310.5,20308.0,20310.25,3040
2026-02-05 14:22:00,20310.25,20310.25,20309.25,20309.5,1672
2026-02-05 14:23:00,20309.5,20312.25,20308.5,20308.5,3636
2026-02-05 14:24:00,20308.5,20308.5,20305.25,20307.0,2581
2026-02-05 14:25:00,20307.0,20307.25,20304.25,20306.0,2121
2026-02-05 14:26:00,20306.0,20306.5,20304.5,20305.0,2465
2026-02-05 14:27:00,20305.0,20305.75,20303.75,20304.75,2764
2026-02-05 14:28:00,20304.75,20306.5,20304.5,20306.0,3370
2026-02-05 14:29:00,20306.0,20307.75,20305.75,20307.5,1704
2026-02-05 14:30:00,20307.5,20307.5,20306.75,20307.5,2618
2026-02-05 14:31:00,20307.5,20311.25,20307.0,20309.0,3836
2026-02-05 14:32:00,20309.0,20309.25,20308.0,20308.75,2538
2026-02-05 14:33:00,20308.75,20310.0,20306.0,20307.5,1961
2026-02-05 14:34:00,20307.5,20308.75,20305.75,20305.75,2596
2026-02-05 14:35:00,20305.75,20306.5,20305.25,20305.75,2445
2026-02-05 14:36:00,20305.75,20306.5,20304.0,20305.0,1736
2026-02-05 14:37:00,20305.0,20306.5,20304.75,20305.0,2621
2026-02-05 14:38:00,20305.0,20305.25,20303.0,20303.25,3221
2026-02-05 14:39:00,20303.25,20304.75,20302.5,20302.75,2050
2026-02-05 14:40:00,20302.75,20303.25,20301.25,20302.0,3331
2026-02-05 14:41:00,20302.0,20303.25,20301.5,20301.5,2785
2026-02-05 14:42:00,20301.5,20302.5,20301.25,20301.75,2398
2026-02-05 14:43:00,20301.75,20304.5,20301.75,20303.5,2008
2026-02-05 14:44:00,20303.5,20304.5,20300.75,20301.25,3948
2026-02-05 14:45:00,20301.25,20303.0,20298.5,20299.0,3016
2026-02-05 14:46:00,20299.0,20300.5,20296.75,20298.0,2514
2026-02-05 14:47:00,20298.0,20298.75,20297.25,20298.0,3539
2026-02-05 14:48:00,20298.0,20298.25,20294.75,20295.5,3319
2026-02-05 14:49:00,20295.5,20296.5,20294.75,20296.5,1584
2026-02-05 14:50:00,20296.5,20298.25,20295.0,20298.0,2628
2026-02-05 14:51:00,20298.0,20300.0,20297.25,20298.0,3500
2026-02-05 14:52:00,20298.0,20298.5,20296.75,20297.5,3883
2026-02-05 14:53:00,20297.5,20299.0,20296.0,20296.0,2030
2026-02-05 14:54:00,20296.0,20299.75,20295.5,20297.0,2784
2026-02-05 14:55:00,20297.0,20299.5,20296.75,20298.5,1509
2026-02-05 14:56:00,20298.5,20299.0,20297.25,20297.25,3389
2026-02-05 14:57:00,20297.25,20299.25,20296.25,20299.25,1579
2026-02-05 14:58:00,20299.25,20300.5,20298.5,20298.5,2434
2026-02-05 14:59:00,20298.5,20299.5,20298.5,20298.75,3967
2026-02-05 15:00:00,20298.75,20300.25,20298.0,20299.5,1461
2026-02-05 15:01:00,20299.5,20301.0,20298.5,20298.5,1496
2026-02-05 15:02:00,20298.5,20299.25,20296.25,20296.75,3348
2026-02-05 15:03:00,20296.75,20298.0,20295.75,20297.75,2804
2026-02-05 15:04:00,20297.75,20298.75,20297.75,20298.0,3740
2026-02-05 15:05:00,20298.0,20298.0,20297.75,20298.0,2843
2026-02-05 15:06:00,20298.0,20299.0,20295.75,20297.0,3578
2026-02-05 15:07:00,20297.0,20297.5,20295.25,20296.75,2932
2026-02-05 15:08:00,20296.75,20297.0,20296.0,20296.0,2517
2026-02-05 15:09:00,20296.0,20298.5,20294.75,20297.5,2834
2026-02-05 15:10:00,20297.5,20298.0,20297.0,20297.5,2264
2026-02-05 15:11:00,20297.5,20298.0,20297.5,20297.75,1673
2026-02-05 15:12:00,20297.75,20297.75,20297.25,20297.75,1693
2026-02-05 15:13:00,20297.75,20298.75,20296.75,20297.0,3261
2026-02-05 15:14:00,20297.0,20297.25,20295.75,20296.5,3989
2026-02-05 15:15:00,20296.5,20296.75,20295.75,20296.0,2863
2026-02-05 15:16:00,20296.0,20296.0,20294.5,20295.75,3467
2026-02-05 15:17:00,20295.75,20296.0,20293.75,20294.75,2700
2026-02-05 15:18:00,20294.75,20296.5,20294.0,20294.25,2896
2026-02-05 15:19:00,20294.25,20295.5,20292.75,20295.5,1863
2026-02-05 15:20:00,20295.5,20296.25,20294.5,20295.0,2765
2026-02-05 15:21:00,20295.0,20296.75,20294.0,20295.25,2336
2026-02-05 15:22:00,20295.25,20297.75,20294.25,20294.5,2765
2026-02-05 15:23:00,20294.5,20295.5,20294.25,20295.0,2954
2026-02-05 15:24:00,20295.0,20295.25,20293.5,20295.25,2040
2026-02-05 15:25:00,20295.25,20295.75,20294.25,20295.5,2584
2026-02-05 15:26:00,20295.5,20295.75,20293.75,20295.75,3393
2026-02-05 15:27:00,20295.75,20296.0,20295.75,20295.75,1476
2026-02-05 15:28:00,20295.75,20298.0,20294.25,20295.0,1984
2026-02-05 15:29:00,20295.0,20297.25,20293.75,20294.5,2051
2026-02-05 15:30:00,20294.5,20297.25,20294.25,20296.5,5783
2026-02-05 15:31:00,20296.5,20297.75,20296.0,20296.75,5544
2026-02-05 15:32:00,20296.75,20298.75,20294.75,20296.25,7843
2026-02-05 15:33:00,20296.25,20298.75,20295.5,20298.0,4337
2026-02-05 15:34:00,20298.0,20298.75,20296.75,20297.25,6933
2026-02-05 15:35:00,20297.25,20301.75,20297.0,20298.75,4467
2026-02-05 15:36:00,20298.75,20299.5,20297.75,20298.25,3845
2026-02-05 15:37:00,20298.25,20298.25,20297.25,20297.75,3925
2026-02-05 15:38:00,20297.75,20301.75,20297.0,20300.5,4723
2026-02-05 15:39:00,20300.5,20306.0,20298.5,20303.25,7020
2026-02-05 15:40:00,20303.25,20304.0,20299.5,20303.75,3675
2026-02-05 15:41:00,20303.75,20304.0,20301.25,20301.5,5202
2026-02-05 15:42:00,20301.5,20303.25,20300.5,20301.25,4043
2026-02-05 15:43:00,20301.25,20301.75,20299.75,20300.0,5110
2026-02-05 15:44:00,20300.0,20300.75,20299.5,20300.5,6239
2026-02-05 15:45:00,20300.5,20300.75,20299.0,20300.0,6664
2026-02-05 15:46:00,20300.0,20301.0,20297.25,20298.0,6442
2026-02-05 15:47:00,20298.0,20302.0,20298.0,20299.5,4901
2026-02-05 15:48:00,20299.5,20303.0,20297.75,20302.75,4038
2026-02-05 15:49:00,20302.75,20304.0,20302.5,20304.0,7462
2026-02-05 15:50:00,20304.0,20307.25,20303.75,20307.0,4114
2026-02-05 15:51:00,20307.0,20310.75,20306.75,20307.5,4225
2026-02-05 15:52:00,20307.5,20310.0,20306.25,20308.5,5286
2026-02-05 15:53:00,20308.5,20310.75,20306.0,20306.25,8248
2026-02-05 15:54:00,20306.25,20309.25,20305.75,20308.0,7637
2026-02-05 15:55:00,20308.0,20308.0,20305.25,20305.5,7511
2026-02-05 15:56:00,20305.5,20308.0,20305.25,20307.75,8189
2026-02-05 15:57:00,20307.75,20308.0,20306.0,20307.25,6043
2026-02-05 15:58:00,20307.25,20310.0,20306.75,20308.75,5197
2026-02-05 15:59:00,20308.75,20311.75,20308.5,20308.75,7856
2026-02-06 09:30:00,20308.75,20309.75,20303.5,20304.75,8405
2026-02-06 09:31:00,20304.75,20305.0,20301.25,20302.5,4668
2026-02-06 09:32:00,20302.5,20303.25,20301.0,20301.75,3420
2026-02-06 09:33:00,20301.75,20302.0,20296.0,20299.0,4201
2026-02-06 09:34:00,20299.0,20300.75,20297.0,20298.75,6996
2026-02-06 09:35:00,20298.75,20299.25,20296.0,20297.75,3286
2026-02-06 09:36:00,20297.75,20302.0,20296.25,20297.25,4999
2026-02-06 09:37:00,20297.25,20299.25,20295.25,20296.0,5821
2026-02-06 09:38:00,20296.0,20300.75,20295.75,20297.25,6599
2026-02-06 09:39:00,20297.25,20299.25,20295.25,20299.25,8293
2026-02-06 09:40:00,20299.25,20300.25,20298.25,20298.5,8674
2026-02-06 09:41:00,20298.5,20300.5,20297.75,20299.75,8654
2026-02-06 09:42:00,20299.75,20300.5,20297.0,20298.0,4880
2026-02-06 09:43:00,20298.0,20299.75,20292.75,20296.75,3666
2026-02-06 09:44:00,20296.75,20296.75,20293.25,20295.25,7621
2026-02-06 09:45:00,20295.25,20297.25,20293.0,20294.0,8361
2026-02-06 09:46:00,20294.0,20302.0,20293.25,20300.5,5197
2026-02-06 09:47:00,20300.5,20304.75,20299.25,20299.75,3000
2026-02-06 09:48:00,20299.75,20301.25,20293.25,20296.0,3224
2026-02-06 09:49:00,20296.0,20297.75,20294.5,20294.75,5646
2026-02-06 09:50:00,20294.75,20295.0,20293.5,20295.0,7860
2026-02-06 09:51:00,20295.0,20295.5,20294.5,20294.75,8802
2026-02-06 09:52:00,20294.75,20297.25,20293.0,20293.25,7545
2026-02-06 09:53:00,20293.25,20297.5,20293.25,20296.5,7154
2026-02-06 09:54:00,20296.5,20298.75,20293.25,20296.0,4898
2026-02-06 09:55:00,20296.0,20299.25,20295.25,20297.0,7133
2026-02-06 09:56:00,20297.0,20300.0,20296.0,20300.0,7951
2026-02-06 09:57:00,20300.0,20300.5,20296.25,20297.75,3453
2026-02-06 09:58:00,20297.75,20300.25,20296.25,20299.75,5463
2026-02-06 09:59:00,20299.75,20299.75,20296.25,20297.75,6559
2026-02-06 10:00:00,20297.75,20301.75,20294.5,20299.75,2317
2026-02-06 10:01:00,20299.75,20300.0,20297.0,20297.75,3749
2026-02-06 10:02:00,20297.75,20299.25,20297.5,20298.5,4208
2026-02-06 10:03:00,20298.5,20298.75,20297.5,20298.0,3499
2026-02-06 10:04:00,20298.0,20300.25,20296.0,20297.0,3392
2026-02-06 10:05:00,20297.0,20297.5,20296.5,20297.5,3706
2026-02-06 10:06:00,20297.5,20298.25,20295.25,20295.5,3572
2026-02-06 10:07:00,20295.5,20296.25,20294.75,20294.75,2682
2026-02-06 10:08:00,20294.75,20299.25,20291.5,20293.25,2735
2026-02-06 10:09:00,20293.25,20294.0,20292.25,20293.0,3305
2026-02-06 10:10:00,20293.0,20293.5,20292.25,20293.25,2149
2026-02-06 10:11:00,20293.25,20295.25,20292.5,20295.0,2613
2026-02-06 10:12:00,20295.0,20295.75,20294.75,20295.5,2671
2026-02-06 10:13:00,20295.5,20298.0,20295.5,20297.5,4091
2026-02-06 10:14:00,20297.5,20297.75,20294.25,20295.75,3479
2026-02-06 10:15:00,20295.75,20295.75,20295.0,20295.5,3349
2026-02-06 10:16:00,20295.5,20296.25,20292.0,20293.75,4283
2026-02-06 10:17:00,20293.75,20294.25,20293.5,20294.25,2321
2026-02-06 10:18:00,20294.25,20296.5,20293.5,20294.25,3136
2026-02-06 10:19:00,20294.25,20296.25,20293.0,20294.25,1836
2026-02-06 10:20:00,20294.25,20295.0,20291.75,20295.0,2986
2026-02-06 10:21:00,20295.0,20296.25,20291.0,20293.75,2243
2026-02-06 10:22:00,20293.75,20297.5,20293.5,20294.25,2587
2026-02-06 10:23:00,20294.25,20297.25,20292.5,20296.0,3895
2026-02-06 10:24:00,20296.0,20299.0,20295.5,20295.75,3723
2026-02-06 10:25:00,20295.75,20299.75,20294.25,20297.5,4444
2026-02-06 10:26:00,20297.5,20299.5,20297.25,20298.75,3661
2026-02-06 10:27:00,20298.75,20299.25,20297.0,20297.75,3725
2026-02-06 10:28:00,20297.75,20298.0,20297.0,20297.75,3347
2026-02-06 10:29:00,20297.75,20298.75,20296.75,20297.0,3236
2026-02-06 10:30:00,20297.0,20298.0,20295.0,20297.25,1643
2026-02-06 10:31:00,20297.25,20297.25,20295.0,20295.5,1854
2026-02-06 10:32:00,20295.5,20296.75,20295.0,20296.0,3414
2026-02-06 10:33:00,20296.0,20296.5,20294.5,20295.0,2965
2026-02-06 10:34:00,20295.0,20295.5,20292.5,20293.25,3886
2026-02-06 10:35:00,20293.25,20294.5,20291.75,20294.25,3156
2026-02-06 10:36:00,20294.25,20294.5,20291.75,20293.0,3965
2026-02-06 10:37:00,20293.0,20297.0,20291.75,20292.5,3109
2026-02-06 10:38:00,20292.5,20293.5,20287.5,20290.75,3445
2026-02-06 10:39:00,20290.75,20290.75,20289.25,20290.5,3221
2026-02-06 10:40:00,20290.5,20292.25,20290.25,20292.25,3837
2026-02-06 10:41:00,20292.25,20292.75,20291.0,20291.0,2506
2026-02-06 10:42:00,20291.0,20294.0,20291.0,20292.5,4214
2026-02-06 10:43:00,20292.5,20293.0,20291.25,20291.5,2024
2026-02-06 10:44:00,20291.5,20291.75,20290.5,20290.75,2354
2026-02-06 10:45:00,20290.75,20294.5,20290.5,20293.0,2507
2026-02-06 10:46:00,20293.0,20293.25,20290.5,20291.25,3183
2026-02-06 10:47:00,20291.25,20292.5,20289.75,20292.25,2151
2026-02-06 10:48:00,20292.25,20294.0,20291.75,20294.0,2130
2026-02-06 10:49:00,20294.0,20295.75,20293.75,20295.75,1830
2026-02-06 10:50:00,20295.75,20296.75,20294.0,20294.25,1834
2026-02-06 10:51:00,20294.25,20294.75,20293.25,20293.25,3709
2026-02-06 10:52:00,20293.25,20294.25,20293.25,20293.25,3267
2026-02-06 10:53:00,20293.25,20295.0,20292.0,20294.75,2537
2026-02-06 10:54:00,20294.75,20296.5,20294.25,20296.0,3576
2026-02-06 10:55:00,20296.0,20297.25,20295.0,20295.75,3524
2026-02-06 10:56:00,20295.75,20296.0,20295.0,20296.0,4378
2026-02-06 10:57:00,20296.0,20298.25,20295.5,20296.0,3460
2026-02-06 10:58:00,20296.0,20300.5,20295.25,20295.25,3353
2026-02-06 10:59:00,20295.25,20295.5,20294.0,20294.0,3619
2026-02-06 11:00:00,20294.0,20295.5,20291.0,20295.5,2581
2026-02-06 11:01:00,20295.5,20296.25,20293.0,20294.5,3190
2026-02-06 11:02:00,20294.5,20295.25,20293.75,20294.25,4254
2026-02-06 11:03:00,20294.25,20296.25,20293.5,20294.25,3258
2026-02-06 11:04:00,20294.25,20296.0,20293.75,20294.75,4143
2026-02-06 11:05:00,20294.75,20295.5,20291.75,20293.5,3005
2026-02-06 11:06:00,20293.5,20293.75,20291.0,20293.5,2218
2026-02-06 11:07:00,20293.5,20294.0,20292.25,20292.75,3301
2026-02-06 11:08:00,20292.75,20294.25,20292.75,20293.5,3631
2026-02-06 11:09:00,20293.5,20293.5,20291.25,20293.25,3786
2026-02-06 11:10:00,20293.25,20295.5,20290.5,20292.25,4390
2026-02-06 11:11:00,20292.25,20293.5,20290.5,20291.5,3242
2026-02-06 11:12:00,20291.5,20292.75,20291.25,20292.5,4064
2026-02-06 11:13:00,20292.5,20294.25,20292.5,20293.5,3475
2026-02-06 11:14:00,20293.5,20297.0,20293.25,20294.0,2476
2026-02-06 11:15:00,20294.0,20294.5,20289.75,20291.75,3027
2026-02-06 11:16:00,20291.75,20291.75,20290.0,20290.5,1823
2026-02-06 11:17:00,20290.5,20291.5,20289.25,20290.75,3218
2026-02-06 11:18:00,20290.75,20291.25,20289.25,20290.25,2955
2026-02-06 11:19:00,20290.25,20291.5,20289.5,20290.0,4057
2026-02-06 11:20:00,20290.0,20293.25,20288.5,20291.0,3134
2026-02-06 11:21:00,20291.0,20293.0,20288.75,20289.25,1714
2026-02-06 11:22:00,20289.25,20289.75,20288.75,20289.25,2601
2026-02-06 11:23:00,20289.25,20290.25,20286.75,20287.25,3830
2026-02-06 11:24:00,20287.25,20288.0,20284.75,20285.75,3509
2026-02-06 11:25:00,20285.75,20287.5,20285.0,20286.75,3893
2026-02-06 11:26:00,20286.75,20289.5,20284.25,20287.5,3150
2026-02-06 11:27:00,20287.5,20290.75,20286.75,20288.25,3627
2026-02-06 11:28:00,20288.25,20288.75,20284.0,20287.25,3259
2026-02-06 11:29:00,20287.25,20288.0,20286.0,20286.0,3209
2026-02-06 11:30:00,20286.0,20286.75,20286.0,20286.25,1447
2026-02-06 11:31:00,20286.25,20287.25,20286.25,20286.75,975
2026-02-06 11:32:00,20286.75,20288.25,20286.75,20287.25,1384
2026-02-06 11:33:00,20287.25,20287.5,20286.75,20287.25,961
2026-02-06 11:34:00,20287.25,20288.0,20287.25,20287.5,667
2026-02-06 11:35:00,20287.5,20287.5,20287.0,20287.5,1624
2026-02-06 11:36:00,20287.5,20287.75,20287.25,20287.5,784
2026-02-06 11:37:00,20287.5,20287.5,20286.75,20287.5,1705
2026-02-06 11:38:00,20287.5,20288.0,20287.5,20287.75,645
2026-02-06 11:39:00,20287.75,20288.25,20286.75,20288.25,1761
2026-02-06 11:40:00,20288.25,20288.5,20287.5,20287.5,887
2026-02-06 11:41:00,20287.5,20287.5,20287.5,20287.5,1293
2026-02-06 11:42:00,20287.5,20287.5,20287.0,20287.0,946
2026-02-06 11:43:00,20287.0,20287.0,20286.5,20287.0,614
2026-02-06 11:44:00,20287.0,20287.25,20286.75,20286.75,974
2026-02-06 11:45:00,20286.75,20287.0,20285.5,20287.0,1097
2026-02-06 11:46:00,20287.0,20287.0,20286.5,20286.5,611
2026-02-06 11:47:00,20286.5,20287.0,20285.5,20286.75,709
2026-02-06 11:48:00,20286.75,20287.5,20286.5,20286.75,705
2026-02-06 11:49:00,20286.75,20287.0,20286.25,20287.0,1234
2026-02-06 11:50:00,20287.0,20287.5,20286.0,20286.25,846
2026-02-06 11:51:00,20286.25,20286.75,20286.25,20286.5,1011
2026-02-06 11:52:00,20286.5,20287.0,20286.0,20286.5,1652
2026-02-06 11:53:00,20286.5,20286.5,20285.5,20285.75,682
2026-02-06 11:54:00,20285.75,20286.0,20284.5,20285.25,1139
2026-02-06 11:55:00,20285.25,20286.25,20284.75,20285.75,1425
2026-02-06 11:56:00,20285.75,20286.0,20285.25,20285.25,1327
2026-02-06 11:57:00,20285.25,20285.5,20284.5,20284.75,650
2026-02-06 11:58:00,20284.75,20284.75,20284.25,20284.75,1253
2026-02-06 11:59:00,20284.75,20284.75,20284.75,20284.75,1607
2026-02-06 12:00:00,20284.75,20284.75,20284.5,20284.5,861
2026-02-06 12:01:00,20284.5,20284.5,20284.0,20284.25,1366
2026-02-06 12:02:00,20284.25,20285.0,20284.0,20284.75,1572
2026-02-06 12:03:00,20284.75,20285.0,20284.5,20285.0,1186
2026-02-06 12:04:00,20285.0,20285.5,20285.0,20285.0,651
2026-02-06 12:05:00,20285.0,20285.75,20284.75,20285.5,1260
2026-02-06 12:06:00,20285.5,20285.5,20285.0,20285.0,1659
2026-02-06 12:07:00,20285.0,20286.75,20284.75,20286.75,1228
2026-02-06 12:08:00,20286.75,20287.0,20284.5,20286.0,820
2026-02-06 12:09:00,20286.0,20286.25,20285.0,20285.75,827
2026-02-06 12:10:00,20285.75,20286.5,20285.5,20286.25,1454
2026-02-06 12:11:00,20286.25,20286.5,20284.25,20284.5,760
2026-02-06 12:12:00,20284.5,20284.75,20284.25,20284.5,725
2026-02-06 12:13:00,20284.5,20285.25,20284.0,20284.75,1588
2026-02-06 12:14:00,20284.75,20286.0,20284.0,20285.5,1085
2026-02-06 12:15:00,20285.5,20286.0,20284.75,20285.25,1065
2026-02-06 12:16:00,20285.25,20285.25,20285.0,20285.25,637
2026-02-06 12:17:00,20285.25,20287.0,20285.0,20285.75,1544
2026-02-06 12:18:00,20285.75,20286.0,20285.5,20286.0,1579
2026-02-06 12:19:00,20286.0,20287.75,20285.75,20287.25,1711
2026-02-06 12:20:00,20287.25,20287.75,20285.5,20286.75,951
2026-02-06 12:21:00,20286.75,20287.0,20286.25,20286.5,1351
2026-02-06 12:22:00,20286.5,20286.75,20284.75,20285.75,1018
2026-02-06 12:23:00,20285.75,20286.5,20285.0,20286.25,1142
2026-02-06 12:24:00,20286.25,20286.5,20286.0,20286.0,1211
2026-02-06 12:25:00,20286.0,20286.25,20285.25,20285.25,711
2026-02-06 12:26:00,20285.25,20287.25,20285.0,20285.75,802
2026-02-06 12:27:00,20285.75,20286.5,20285.25,20286.5,1063
2026-02-06 12:28:00,20286.5,20288.75,20285.5,20288.75,719
2026-02-06 12:29:00,20288.75,20289.5,20288.0,20288.25,1168
2026-02-06 12:30:00,20288.25,20290.25,20287.5,20287.75,1148
2026-02-06 12:31:00,20287.75,20287.75,20287.25,20287.25,1239
2026-02-06 12:32:00,20287.25,20288.25,20285.75,20286.5,620
2026-02-06 12:33:00,20286.5,20286.5,20286.25,20286.5,1489
2026-02-06 12:34:00,20286.5,20287.0,20286.25,20286.25,928
2026-02-06 12:35:00,20286.25,20286.5,20285.5,20285.75,1476
2026-02-06 12:36:00,20285.75,20285.75,20285.25,20285.5,827
2026-02-06 12:37:00,20285.5,20286.5,20285.25,20285.75,1573
2026-02-06 12:38:00,20285.75,20286.0,20285.5,20286.0,1329
2026-02-06 12:39:00,20286.0,20286.25,20284.5,20284.5,1022
2026-02-06 12:40:00,20284.5,20285.5,20284.25,20285.25,1599
2026-02-06 12:41:00,20285.25,20285.5,20283.25,20284.75,681
2026-02-06 12:42:00,20284.75,20286.0,20283.5,20283.75,1445
2026-02-06 12:43:00,20283.75,20284.5,20282.75,20283.25,791
2026-02-06 12:44:00,20283.25,20284.25,20282.5,20282.75,1280
2026-02-06 12:45:00,20282.75,20284.0,20281.75,20282.25,1530
2026-02-06 12:46:00,20282.25,20282.5,20282.0,20282.25,616
2026-02-06 12:47:00,20282.25,20282.25,20281.25,20282.25,1092
2026-02-06 12:48:00,20282.25,20282.25,20281.25,20281.5,939
2026-02-06 12:49:00,20281.5,20281.75,20280.25,20280.25,1686
2026-02-06 12:50:00,20280.25,20280.5,20280.0,20280.0,979
2026-02-06 12:51:00,20280.0,20281.0,20279.0,20279.0,1351
2026-02-06 12:52:00,20279.0,20279.5,20277.25,20278.5,1730
2026-02-06 12:53:00,20278.5,20279.0,20278.0,20278.5,605
2026-02-06 12:54:00,20278.5,20280.25,20278.5,20279.25,1172
2026-02-06 12:55:00,20279.25,20279.5,20279.25,20279.25,719
2026-02-06 12:56:00,20279.25,20280.25,20277.5,20280.25,1115
2026-02-06 12:57:00,20280.25,20280.75,20280.0,20280.5,835
2026-02-06 12:58:00,20280.5,20280.75,20279.75,20279.75,1734
2026-02-06 12:59:00,20279.75,20282.0,20279.5,20281.0,1552
2026-02-06 13:00:00,20281.0,20281.75,20279.25,20281.25,1217
2026-02-06 13:01:00,20281.25,20281.75,20280.75,20281.5,1500
2026-02-06 13:02:00,20281.5,20281.5,20280.75,20281.0,1217
2026-02-06 13:03:00,20281.0,20281.25,20280.5,20281.0,1637
2026-02-06 13:04:00,20281.0,20281.0,20280.0,20280.0,1255
2026-02-06 13:05:00,20280.0,20281.25,20280.0,20280.25,973
2026-02-06 13:06:00,20280.25,20281.25,20280.25,20280.5,1496
2026-02-06 13:07:00,20280.5,20283.25,20280.25,20281.25,999
2026-02-06 13:08:00,20281.25,20283.25,20280.25,20280.5,1659
2026-02-06 13:09:00,20280.5,20280.5,20279.0,20279.75,780
2026-02-06 13:10:00,20279.75,20280.75,20278.5,20280.25,1190
2026-02-06 13:11:00,20280.25,20280.5,20279.25,20280.0,1354
2026-02-06 13:12:00,20280.0,20280.5,20279.5,20280.25,1721
2026-02-06 13:13:00,20280.25,20281.0,20278.5,20279.5,1249
2026-02-06 13:14:00,20279.5,20279.5,20279.25,20279.25,1730
2026-02-06 13:15:00,20279.25,20279.5,20279.25,20279.25,720
2026-02-06 13:16:00,20279.25,20279.25,20278.75,20279.25,1475
2026-02-06 13:17:00,20279.25,20281.0,20278.5,20280.0,1244
2026-02-06 13:18:00,20280.0,20280.75,20279.25,20280.75,1678
2026-02-06 13:19:00,20280.75,20282.0,20280.75,20281.25,620
2026-02-06 13:20:00,20281.25,20282.25,20281.25,20282.25,1511
2026-02-06 13:21:00,20282.25,20283.5,20281.25,20281.5,1453
2026-02-06 13:22:00,20281.5,20282.25,20280.0,20281.25,879
2026-02-06 13:23:00,20281.25,20281.75,20281.0,20281.75,1441
2026-02-06 13:24:00,20281.75,20283.0,20281.0,20282.75,1175
2026-02-06 13:25:00,20282.75,20283.0,20282.0,20282.5,1572
2026-02-06 13:26:00,20282.5,20282.5,20282.0,20282.25,916
2026-02-06 13:27:00,20282.25,20282.75,20281.25,20281.75,1380
2026-02-06 13:28:00,20281.75,20283.25,20281.75,20282.25,823
2026-02-06 13:29:00,20282.25,20283.0,20281.5,20281.75,923
2026-02-06 13:30:00,20281.75,20282.25,20281.25,20281.25,3541
2026-02-06 13:31:00,20281.25,20281.5,20280.0,20280.25,3726
2026-02-06 13:32:00,20280.25,20280.5,20277.5,20279.0,2422
2026-02-06 13:33:00,20279.0,20280.25,20276.0,20277.75,3073
2026-02-06 13:34:00,20277.75,20279.0,20275.75,20276.25,3369
2026-02-06 13:35:00,20276.25,20276.25,20275.75,20276.0,2376
2026-02-06 13:36:00,20276.0,20276.75,20273.75,20274.0,2313
2026-02-06 13:37:00,20274.0,20275.25,20273.25,20273.75,1794
2026-02-06 13:38:00,20273.75,20275.25,20273.0,20273.25,3761
2026-02-06 13:39:00,20273.25,20273.25,20272.5,20273.0,3857
2026-02-06 13:40:00,20273.0,20273.25,20273.0,20273.0,2178
2026-02-06 13:41:00,20273.0,20274.5,20272.75,20273.5,3895
2026-02-06 13:42:00,20273.5,20275.0,20271.5,20272.25,1524
2026-02-06 13:43:00,20272.25,20273.0,20269.5,20270.25,2644
2026-02-06 13:44:00,20270.25,20272.75,20270.25,20272.25,2837
2026-02-06 13:45:00,20272.25,20273.75,20272.0,20272.0,2910
2026-02-06 13:46:00,20272.0,20272.5,20271.0,20271.75,3075
2026-02-06 13:47:00,20271.75,20275.5,20270.5,20272.25,2230
2026-02-06 13:48:00,20272.25,20272.25,20271.5,20272.0,3747
2026-02-06 13:49:00,20272.0,20274.75,20271.75,20272.25,1679
2026-02-06 13:50:00,20272.25,20272.5,20269.5,20270.0,3790
2026-02-06 13:51:00,20270.0,20270.25,20268.75,20269.25,2139
2026-02-06 13:52:00,20269.25,20270.25,20268.25,20269.5,3470
2026-02-06 13:53:00,20269.5,20270.0,20266.25,20269.75,3901
2026-02-06 13:54:00,20269.75,20269.75,20269.0,20269.75,1871
2026-02-06 13:55:00,20269.75,20269.75,20268.25,20269.0,3131
2026-02-06 13:56:00,20269.0,20269.75,20267.75,20268.75,3956
2026-02-06 13:57:00,20268.75,20270.0,20266.75,20267.75,3403
2026-02-06 13:58:00,20267.75,20268.75,20266.0,20267.5,1406
2026-02-06 13:59:00,20267.5,20268.75,20266.0,20268.25,2195
2026-02-06 14:00:00,20268.25,20269.75,20267.75,20269.75,2064
2026-02-06 14:01:00,20269.75,20270.75,20268.0,20268.25,2980
2026-02-06 14:02:00,20268.25,20268.75,20266.5,20267.5,2665
2026-02-06 14:03:00,20267.5,20269.5,20267.25,20268.25,3469
2026-02-06 14:04:00,20268.25,20269.5,20268.25,20268.25,1476
2026-02-06 14:05:00,20268.25,20268.25,20267.25,20267.75,2964
2026-02-06 14:06:00,20267.75,20269.5,20266.25,20267.0,1961
2026-02-06 14:07:00,20267.0,20267.25,20266.75,20267.25,3987
2026-02-06 14:08:00,20267.25,20268.25,20267.0,20268.0,3680
2026-02-06 14:09:00,20268.0,20268.5,20268.0,20268.5,3728
2026-02-06 14:10:00,20268.5,20269.75,20268.25,20269.5,3214
2026-02-06 14:11:00,20269.5,20269.75,20267.25,20268.75,2415
2026-02-06 14:12:00,20268.75,20269.5,20268.25,20269.0,2594
2026-02-06 14:13:00,20269.0,20270.0,20266.75,20268.0,2137
2026-02-06 14:14:00,20268.0,20268.25,20266.75,20267.75,3843
2026-02-06 14:15:00,20267.75,20268.75,20267.0,20268.0,1853
2026-02-06 14:16:00,20268.0,20269.0,20266.0,20266.25,3293
2026-02-06 14:17:00,20266.25,20267.0,20264.25,20264.5,2135
2026-02-06 14:18:00,20264.5,20265.0,20264.25,20264.75,3748
2026-02-06 14:19:00,20264.75,20265.0,20263.75,20264.0,3902
2026-02-06 14:20:00,20264.0,20265.75,20262.75,20263.5,2721
2026-02-06 14:21:00,20263.5,20264.0,20263.25,20264.0,1628
2026-02-06 14:22:00,20264.0,20265.25,20263.25,20265.0,2937
2026-02-06 14:23:00,20265.0,20266.75,20264.25,20265.0,3953
2026-02-06 14:24:00,20265.0,20266.0,20263.75,20265.5,1752
2026-02-06 14:25:00,20265.5,20266.25,20263.0,20263.5,2233
2026-02-06 14:26:00,20263.5,20265.5,20261.75,20264.5,2632
2026-02-06 14:27:00,20264.5,20264.75,20262.25,20263.0,2022
2026-02-06 14:28:00,20263.0,20264.25,20262.5,20263.25,3456
2026-02-06 14:29:00,20263.25,20264.25,20263.0,20264.0,1897
2026-02-06 14:30:00,20264.0,20265.5,20263.75,20264.25,2784
2026-02-06 14:31:00,20264.25,20266.5,20263.0,20265.75,3323
2026-02-06 14:32:00,20265.75,20267.0,20265.25,20267.0,3390
2026-02-06 14:33:00,20267.0,20267.0,20266.5,20266.75,3837
2026-02-06 14:34:00,20266.75,20269.5,20266.5,20268.25,2100
2026-02-06 14:35:00,20268.25,20268.75,20267.25,20268.25,3755
2026-02-06 14:36:00,20268.25,20268.25,20267.5,20268.25,1846
2026-02-06 14:37:00,20268.25,20270.0,20266.0,20267.0,2446
2026-02-06 14:38:00,20267.0,20267.5,20266.5,20266.5,2105
2026-02-06 14:39:00,20266.5,20270.0,20266.0,20267.0,3436
2026-02-06 14:40:00,20267.0,20268.0,20266.25,20267.5,2011
2026-02-06 14:41:00,20267.5,20268.25,20267.25,20268.25,1425
2026-02-06 14:42:00,20268.25,20268.5,20266.25,20266.75,1997
2026-02-06 14:43:00,20266.75,20268.25,20265.75,20266.25,1752
2026-02-06 14:44:00,20266.25,20266.5,20264.0,20265.5,3607
2026-02-06 14:45:00,20265.5,20268.5,20262.25,20268.0,2123
2026-02-06 14:46:00,20268.0,20269.25,20265.5,20265.5,2341
2026-02-06 14:47:00,20265.5,20266.0,20263.25,20264.0,1481
2026-02-06 14:48:00,20264.0,20265.5,20262.5,20265.25,1503
2026-02-06 14:49:00,20265.25,20267.0,20262.75,20264.25,1412
2026-02-06 14:50:00,20264.25,20266.5,20261.75,20262.5,3103
2026-02-06 14:51:00,20262.5,20264.0,20262.5,20263.5,3475
2026-02-06 14:52:00,20263.5,20264.75,20263.25,20264.5,2248
2026-02-06 14:53:00,20264.5,20266.0,20263.75,20266.0,1873
2026-02-06 14:54:00,20266.0,20266.5,20265.5,20265.75,1590
2026-02-06 14:55:00,20265.75,20266.25,20264.0,20265.75,2019
2026-02-06 14:56:00,20265.75,20266.0,20263.75,20264.25,2941
2026-02-06 14:57:00,20264.25,20265.0,20263.25,20264.0,3682
2026-02-06 14:58:00,20264.0,20265.5,20261.75,20265.0,1952
2026-02-06 14:59:00,20265.0,20265.5,20264.0,20264.25,2539
2026-02-06 15:00:00,20264.25,20267.5,20263.75,20265.5,2684
2026-02-06 15:01:00,20265.5,20266.25,20263.5,20265.25,3427
2026-02-06 15:02:00,20265.25,20266.5,20265.0,20266.0,2422
2026-02-06 15:03:00,20266.0,20267.5,20259.5,20262.25,2123
2026-02-06 15:04:00,20262.25,20262.25,20261.25,20261.75,1691
2026-02-06 15:05:00,20261.75,20263.0,20260.75,20261.0,1471
2026-02-06 15:06:00,20261.0,20262.75,20259.5,20260.75,3799
2026-02-06 15:07:00,20260.75,20262.75,20260.0,20260.25,3220
2026-02-06 15:08:00,20260.25,20260.75,20258.25,20260.25,2909
2026-02-06 15:09:00,20260.25,20260.75,20257.75,20257.75,2439
2026-02-06 15:10:00,20257.75,20258.5,20257.25,20257.5,1518
2026-02-06 15:11:00,20257.5,20259.25,20256.5,20258.75,3255
2026-02-06 15:12:00,20258.75,20259.25,20255.25,20256.75,3191
2026-02-06 15:13:00,20256.75,20257.75,20254.5,20255.0,3856
2026-02-06 15:14:00,20255.0,20255.0,20252.25,20253.75,3881
2026-02-06 15:15:00,20253.75,20255.25,20252.25,20253.75,2766
2026-02-06 15:16:00,20253.75,20254.5,20253.75,20254.0,1740
2026-02-06 15:17:00,20254.0,20254.75,20253.5,20253.75,3435
2026-02-06 15:18:00,20253.75,20254.25,20253.0,20254.0,3518
2026-02-06 15:19:00,20254.0,20254.0,20253.25,20253.5,2198
2026-02-06 15:20:00,20253.5,20254.25,20252.75,20253.25,2102
2026-02-06 15:21:00,20253.25,20256.75,20253.0,20254.75,1622
2026-02-06 15:22:00,20254.75,20256.25,20254.5,20256.25,2524
2026-02-06 15:23:00,20256.25,20258.25,20256.0,20257.75,2884
2026-02-06 15:24:00,20257.75,20258.25,20256.25,20257.25,3097
2026-02-06 15:25:00,20257.25,20259.0,20257.25,20257.5,3685
2026-02-06 15:26:00,20257.5,20257.75,20256.0,20257.0,1548
2026-02-06 15:27:00,20257.0,20258.25,20256.75,20256.75,3538
2026-02-06 15:28:00,20256.75,20257.5,20255.25,20257.5,1658
2026-02-06 15:29:00,20257.5,20259.0,20256.75,20258.75,1955
2026-02-06 15:30:00,20258.75,20259.5,20257.75,20259.25,8069
2026-02-06 15:31:00,20259.25,20260.25,20258.0,20259.75,8380
2026-02-06 15:32:00,20259.75,20262.5,20259.75,20262.0,4128
2026-02-06 15:33:00,20262.0,20262.25,20260.5,20260.5,3727
2026-02-06 15:34:00,20260.5,20261.25,20259.0,20260.5,4281
2026-02-06 15:35:00,20260.5,20262.25,20259.75,20261.0,4508
2026-02-06 15:36:00,20261.0,20262.25,20258.0,20261.5,6776
2026-02-06 15:37:00,20261.5,20263.75,20258.0,20259.5,5748
2026-02-06 15:38:00,20259.5,20262.0,20256.25,20256.5,6972
2026-02-06 15:39:00,20256.5,20258.25,20255.5,20256.75,4421
2026-02-06 15:40:00,20256.75,20257.75,20255.5,20256.0,4832
2026-02-06 15:41:00,20256.0,20257.25,20253.25,20255.25,4055
2026-02-06 15:42:00,20255.25,20259.5,20251.5,20254.75,4369
2026-02-06 15:43:00,20254.75,20255.0,20250.25,20251.25,5753
2026-02-06 15:44:00,20251.25,20252.5,20250.0,20252.0,5912
2026-02-06 15:45:00,20252.0,20254.25,20251.75,20253.5,3820
2026-02-06 15:46:00,20253.5,20258.5,20252.75,20255.75,3705
2026-02-06 15:47:00,20255.75,20256.0,20255.25,20256.0,4669
2026-02-06 15:48:00,20256.0,20257.5,20253.5,20257.5,8259
2026-02-06 15:49:00,20257.5,20258.25,20253.0,20257.75,6412
2026-02-06 15:50:00,20257.75,20262.25,20257.25,20261.0,8416
2026-02-06 15:51:00,20261.0,20263.75,20255.0,20263.5,3923
2026-02-06 15:52:00,20263.5,20263.75,20259.5,20262.75,7757
2026-02-06 15:53:00,20262.75,20262.75,20260.0,20261.75,3644
2026-02-06 15:54:00,20261.75,20264.0,20260.25,20264.0,6195
2026-02-06 15:55:00,20264.0,20265.5,20262.0,20262.5,6237
2026-02-06 15:56:00,20262.5,20264.25,20262.25,20263.75,4347
2026-02-06 15:57:00,20263.75,20265.25,20263.0,20263.75,6516
2026-02-06 15:58:00,20263.75,20264.75,20261.25,20261.5,7625
2026-02-06 15:59:00,20261.5,20261.75,20259.75,20260.5,4360
2026-02-09 09:30:00,20260.5,20260.75,20254.0,20258.0,6485
2026-02-09 09:31:00,20258.0,20265.5,20256.25,20259.5,8791
2026-02-09 09:32:00,20259.5,20261.5,20256.25,20257.5,4270
2026-02-09 09:33:00,20257.5,20257.75,20254.0,20255.25,4223
2026-02-09 09:34:00,20255.25,20255.75,20251.75,20253.25,3723
2026-02-09 09:35:00,20253.25,20256.75,20245.0,20256.5,7580
2026-02-09 09:36:00,20256.5,20261.75,20251.25,20260.5,3659
2026-02-09 09:37:00,20260.5,20263.25,20260.25,20262.75,8687
2026-02-09 09:38:00,20262.75,20263.0,20261.75,20262.25,5620
2026-02-09 09:39:00,20262.25,20268.0,20260.25,20264.75,8972
2026-02-09 09:40:00,20264.75,20265.5,20262.0,20262.5,4205
2026-02-09 09:41:00,20262.5,20263.75,20261.75,20262.75,8142
2026-02-09 09:42:00,20262.75,20265.75,20261.0,20262.5,7902
2026-02-09 09:43:00,20262.5,20263.5,20260.5,20260.75,7599
2026-02-09 09:44:00,20260.75,20260.75,20260.0,20260.25,3825
2026-02-09 09:45:00,20260.25,20265.75,20255.25,20263.25,3430
2026-02-09 09:46:00,20263.25,20270.5,20257.5,20263.75,8961
2026-02-09 09:47:00,20263.75,20265.75,20259.0,20260.5,7687
2026-02-09 09:48:00,20260.5,20268.75,20259.5,20262.25,4846
2026-02-09 09:49:00,20262.25,20265.5,20262.0,20265.5,3647
2026-02-09 09:50:00,20265.5,20267.5,20264.0,20265.75,7578
2026-02-09 09:51:00,20265.75,20269.0,20264.0,20267.25,7825
2026-02-09 09:52:00,20267.25,20269.25,20266.0,20267.25,3319
2026-02-09 09:53:00,20267.25,20270.0,20266.0,20269.5,4556
2026-02-09 09:54:00,20269.5,20277.25,20267.0,20274.5,6776
2026-02-09 09:55:00,20274.5,20274.75,20269.0,20269.25,8753
2026-02-09 09:56:00,20269.25,20269.5,20263.25,20264.0,7588
2026-02-09 09:57:00,20264.0,20265.0,20263.0,20264.0,3437
2026-02-09 09:58:00,20264.0,20265.5,20262.25,20262.5,4564
2026-02-09 09:59:00,20262.5,20264.5,20258.5,20259.0,3764
2026-02-09 10:00:00,20259.0,20260.5,20258.75,20260.25,3336
2026-02-09 10:01:00,20260.25,20260.75,20258.75,20259.25,3668
2026-02-09 10:02:00,20259.25,20262.25,20258.75,20260.25,2259
2026-02-09 10:03:00,20260.25,20262.0,20259.75,20261.75,2629
2026-02-09 10:04:00,20261.75,20262.25,20260.75,20261.0,4283
2026-02-09 10:05:00,20261.0,20263.0,20258.75,20261.75,3788
2026-02-09 10:06:00,20261.75,20262.5,20261.5,20262.25,3508
2026-02-09 10:07:00,20262.25,20263.25,20259.5,20263.25,3976
2026-02-09 10:08:00,20263.25,20264.75,20261.75,20264.5,2563
2026-02-09 10:09:00,20264.5,20266.25,20263.25,20264.25,3240
2026-02-09 10:10:00,20264.25,20266.5,20264.0,20265.25,1915
2026-02-09 10:11:00,20265.25,20266.0,20262.75,20265.5,1695
2026-02-09 10:12:00,20265.5,20267.25,20264.5,20265.75,3200
2026-02-09 10:13:00,20265.75,20268.75,20265.5,20267.5,3880
2026-02-09 10:14:00,20267.5,20267.5,20265.75,20266.75,3211
2026-02-09 10:15:00,20266.75,20269.5,20266.5,20269.25,4487
2026-02-09 10:16:00,20269.25,20269.5,20266.0,20267.0,2502
2026-02-09 10:17:00,20267.0,20268.0,20267.0,20268.0,3863
2026-02-09 10:18:00,20268.0,20271.75,20267.5,20271.0,2327
2026-02-09 10:19:00,20271.0,20273.25,20268.5,20272.75,3908
2026-02-09 10:20:00,20272.75,20273.25,20268.75,20271.25,2596
2026-02-09 10:21:00,20271.25,20272.0,20270.0,20271.75,3325
2026-02-09 10:22:00,20271.75,20275.5,20271.25,20271.75,3262
2026-02-09 10:23:00,20271.75,20273.0,20271.75,20272.0,3896
2026-02-09 10:24:00,20272.0,20273.0,20271.0,20272.75,3033
2026-02-09 10:25:00,20272.75,20272.75,20270.0,20271.25,4122
2026-02-09 10:26:00,20271.25,20272.75,20271.0,20272.0,2967
2026-02-09 10:27:00,20272.0,20272.75,20270.0,20270.75,4408
2026-02-09 10:28:00,20270.75,20271.0,20270.25,20271.0,2942
2026-02-09 10:29:00,20271.0,20273.75,20268.5,20272.75,3881
2026-02-09 10:30:00,20272.75,20274.0,20272.75,20273.5,2036
2026-02-09 10:31:00,20273.5,20275.5,20273.25,20275.5,3965
2026-02-09 10:32:00,20275.5,20277.5,20275.0,20275.0,3239
2026-02-09 10:33:00,20275.0,20277.0,20274.75,20276.0,2265
2026-02-09 10:34:00,20276.0,20276.25,20273.75,20275.5,2249
2026-02-09 10:35:00,20275.5,20276.25,20274.75,20274.75,1880
2026-02-09 10:36:00,20274.75,20277.25,20274.5,20277.25,2076
2026-02-09 10:37:00,20277.25,20278.75,20276.25,20278.5,3055
2026-02-09 10:38:00,20278.5,20280.5,20276.5,20276.5,2547
2026-02-09 10:39:00,20276.5,20277.0,20276.5,20276.75,3695
2026-02-09 10:40:00,20276.75,20278.0,20274.25,20277.0,3013
2026-02-09 10:41:00,20277.0,20277.0,20276.25,20276.75,3643
2026-02-09 10:42:00,20276.75,20278.25,20276.5,20277.25,2864
2026-02-09 10:43:00,20277.25,20278.25,20277.0,20277.25,1581
2026-02-09 10:44:00,20277.25,20277.25,20275.25,20276.75,4103
2026-02-09 10:45:00,20276.75,20277.5,20275.75,20277.5,4484
2026-02-09 10:46:00,20277.5,20278.5,20277.25,20278.0,3115
2026-02-09 10:47:00,20278.0,20279.0,20277.75,20277.75,3226
2026-02-09 10:48:00,20277.75,20279.75,20276.75,20278.75,3885
2026-02-09 10:49:00,20278.75,20279.25,20277.75,20278.0,2723
2026-02-09 10:50:00,20278.0,20278.25,20278.0,20278.0,4305
2026-02-09 10:51:00,20278.0,20279.0,20276.25,20278.75,1962
2026-02-09 10:52:00,20278.75,20279.0,20278.0,20278.25,1885
2026-02-09 10:53:00,20278.25,20281.0,20276.75,20277.0,1704
2026-02-09 10:54:00,20277.0,20277.0,20276.25,20277.0,3754
2026-02-09 10:55:00,20277.0,20277.5,20276.25,20277.25,2435
2026-02-09 10:56:00,20277.25,20278.5,20277.0,20278.0,4437
2026-02-09 10:57:00,20278.0,20279.0,20278.0,20278.0,3530
2026-02-09 10:58:00,20278.0,20278.25,20277.0,20277.25,3173
2026-02-09 10:59:00,20277.25,20277.5,20277.0,20277.25,4033
2026-02-09 11:00:00,20277.25,20278.0,20275.5,20275.75,4271
2026-02-09 11:01:00,20275.75,20278.5,20275.0,20275.75,2480
2026-02-09 11:02:00,20275.75,20281.75,20275.5,20277.25,1548
2026-02-09 11:03:00,20277.25,20279.0,20274.0,20278.25,1690
2026-02-09 11:04:00,20278.25,20280.5,20278.25,20278.5,3491
2026-02-09 11:05:00,20278.5,20280.5,20276.5,20279.75,4233
2026-02-09 11:06:00,20279.75,20280.25,20279.5,20280.0,2611
2026-02-09 11:07:00,20280.0,20280.0,20277.75,20278.5,4107
2026-02-09 11:08:00,20278.5,20278.75,20277.75,20278.5,4487
2026-02-09 11:09:00,20278.5,20279.0,20277.0,20278.25,1847
2026-02-09 11:10:00,20278.25,20278.5,20278.0,20278.25,3127
2026-02-09 11:11:00,20278.25,20280.25,20277.5,20279.25,2502
2026-02-09 11:12:00,20279.25,20281.0,20277.75,20278.25,3827
2026-02-09 11:13:00,20278.25,20280.5,20277.75,20279.75,2688
2026-02-09 11:14:00,20279.75,20282.5,20278.25,20278.75,4356
2026-02-09 11:15:00,20278.75,20280.75,20277.0,20279.5,2262
2026-02-09 11:16:00,20279.5,20279.75,20279.25,20279.5,2368
2026-02-09 11:17:00,20279.5,20282.5,20277.0,20277.0,4450
2026-02-09 11:18:00,20277.0,20278.5,20274.0,20276.5,2141
2026-02-09 11:19:00,20276.5,20276.75,20276.25,20276.5,4078
2026-02-09 11:20:00,20276.5,20276.75,20273.75,20276.25,4311
2026-02-09 11:21:00,20276.25,20277.5,20276.0,20277.25,3106
2026-02-09 11:22:00,20277.25,20277.75,20274.25,20275.0,1518
2026-02-09 11:23:00,20275.0,20277.0,20274.0,20276.0,4203
2026-02-09 11:24:00,20276.0,20277.5,20274.5,20277.25,2881
2026-02-09 11:25:00,20277.25,20279.5,20275.5,20277.5,3208
2026-02-09 11:26:00,20277.5,20278.5,20277.25,20278.25,3481
2026-02-09 11:27:00,20278.25,20280.5,20278.0,20278.75,3521
2026-02-09 11:28:00,20278.75,20279.25,20276.75,20278.25,2674
2026-02-09 11:29:00,20278.25,20280.25,20277.25,20277.5,1563
2026-02-09 11:30:00,20277.5,20277.5,20276.5,20277.25,1548
2026-02-09 11:31:00,20277.25,20277.25,20276.0,20277.0,1145
2026-02-09 11:32:00,20277.0,20277.5,20276.0,20277.25,1007
2026-02-09 11:33:00,20277.25,20277.5,20276.5,20277.5,1558
2026-02-09 11:34:00,20277.5,20277.75,20277.25,20277.75,949
2026-02-09 11:35:00,20277.75,20278.0,20277.5,20278.0,1264
2026-02-09 11:36:00,20278.0,20278.75,20277.5,20277.75,1723
2026-02-09 11:37:00,20277.75,20277.75,20276.75,20277.75,1714
2026-02-09 11:38:00,20277.75,20277.75,20277.25,20277.25,1274
2026-02-09 11:39:00,20277.25,20278.0,20276.75,20277.0,600
2026-02-09 11:40:00,20277.0,20277.25,20276.5,20277.25,747
2026-02-09 11:41:00,20277.25,20278.0,20277.0,20277.5,1040
2026-02-09 11:42:00,20277.5,20277.75,20276.75,20277.25,1747
2026-02-09 11:43:00,20277.25,20278.0,20276.75,20277.75,709
2026-02-09 11:44:00,20277.75,20279.0,20277.5,20279.0,1571
2026-02-09 11:45:00,20279.0,20279.5,20277.75,20277.75,1352
2026-02-09 11:46:00,20277.75,20278.75,20277.25,20277.25,1429
2026-02-09 11:47:00,20277.25,20278.0,20277.0,20277.25,1718
2026-02-09 11:48:00,20277.25,20278.5,20276.0,20276.25,1491
2026-02-09 11:49:00,20276.25,20276.75,20275.25,20276.75,1413
2026-02-09 11:50:00,20276.75,20278.0,20276.25,20277.75,1700
2026-02-09 11:51:00,20277.75,20277.75,20277.0,20277.0,1109
2026-02-09 11:52:00,20277.0,20278.5,20276.5,20278.25,617
2026-02-09 11:53:00,20278.25,20278.75,20277.75,20278.75,1424
2026-02-09 11:54:00,20278.75,20278.75,20277.5,20278.25,972
2026-02-09 11:55:00,20278.25,20278.75,20277.5,20277.5,1283
2026-02-09 11:56:00,20277.5,20278.0,20277.25,20277.75,677
2026-02-09 11:57:00,20277.75,20279.25,20277.5,20278.0,954
2026-02-09 11:58:00,20278.0,20278.25,20276.75,20277.25,1428
2026-02-09 11:59:00,20277.25,20277.25,20276.0,20276.5,1065
2026-02-09 12:00:00,20276.5,20278.0,20276.25,20278.0,1566
2026-02-09 12:01:00,20278.0,20278.25,20277.5,20278.0,1700
2026-02-09 12:02:00,20278.0,20279.75,20276.75,20279.75,948
2026-02-09 12:03:00,20279.75,20280.75,20279.5,20280.5,1550
2026-02-09 12:04:00,20280.5,20280.75,20280.25,20280.5,942
2026-02-09 12:05:00,20280.5,20280.75,20279.75,20280.75,1079
2026-02-09 12:06:00,20280.75,20281.0,20280.25,20280.25,1557
2026-02-09 12:07:00,20280.25,20280.75,20280.0,20280.75,1605
2026-02-09 12:08:00,20280.75,20281.25,20280.0,20281.0,912
2026-02-09 12:09:00,20281.0,20281.5,20280.0,20280.0,1420
2026-02-09 12:10:00,20280.0,20282.75,20279.5,20280.25,1267
2026-02-09 12:11:00,20280.25,20280.75,20280.25,20280.5,1637
2026-02-09 12:12:00,20280.5,20282.0,20279.75,20281.25,1779
2026-02-09 12:13:00,20281.25,20283.25,20280.75,20281.25,713
2026-02-09 12:14:00,20281.25,20283.0,20281.0,20281.25,717
2026-02-09 12:15:00,20281.25,20282.5,20281.0,20281.0,1343
2026-02-09 12:16:00,20281.0,20283.25,20279.75,20282.75,1205
2026-02-09 12:17:00,20282.75,20283.75,20282.75,20283.0,775
2026-02-09 12:18:00,20283.0,20283.75,20282.25,20283.5,1377
2026-02-09 12:19:00,20283.5,20283.75,20283.0,20283.25,1702
2026-02-09 12:20:00,20283.25,20283.25,20281.5,20281.75,1664
2026-02-09 12:21:00,20281.75,20282.75,20281.0,20282.5,730
2026-02-09 12:22:00,20282.5,20283.5,20282.25,20283.0,1501
2026-02-09 12:23:00,20283.0,20283.0,20282.25,20282.25,1650
2026-02-09 12:24:00,20282.25,20283.25,20281.5,20282.5,1330
2026-02-09 12:25:00,20282.5,20283.25,20282.25,20282.75,871
2026-02-09 12:26:00,20282.75,20282.75,20281.75,20282.5,844
2026-02-09 12:27:00,20282.5,20284.0,20281.75,20282.0,986
2026-02-09 12:28:00,20282.0,20282.0,20281.5,20281.5,1682
2026-02-09 12:29:00,20281.5,20282.5,20281.25,20281.5,958
2026-02-09 12:30:00,20281.5,20283.0,20281.25,20282.25,1468
2026-02-09 12:31:00,20282.25,20283.5,20281.75,20283.0,1441
2026-02-09 12:32:00,20283.0,20284.0,20283.0,20283.75,1282
2026-02-09 12:33:00,20283.75,20284.0,20282.5,20282.75,1680
2026-02-09 12:34:00,20282.75,20283.5,20282.25,20283.25,1178
2026-02-09 12:35:00,20283.25,20283.5,20283.0,20283.0,1039
2026-02-09 12:36:00,20283.0,20283.75,20282.5,20283.5,1060
2026-02-09 12:37:00,20283.5,20284.5,20282.75,20283.75,1114
2026-02-09 12:38:00,20283.75,20284.75,20283.5,20283.5,1736
2026-02-09 12:39:00,20283.5,20283.5,20282.5,20283.0,719
2026-02-09 12:40:00,20283.0,20283.0,20282.0,20282.5,949
2026-02-09 12:41:00,20282.5,20283.25,20282.0,20283.25,1734
2026-02-09 12:42:00,20283.25,20283.75,20282.25,20283.5,1505
2026-02-09 12:43:00,20283.5,20285.0,20283.0,20284.75,1766
2026-02-09 12:44:00,20284.75,20284.75,20284.0,20284.5,1623
2026-02-09 12:45:00,20284.5,20286.0,20284.0,20285.25,1549
2026-02-09 12:46:00,20285.25,20285.75,20285.25,20285.5,1578
2026-02-09 12:47:00,20285.5,20287.0,20285.25,20286.0,800
2026-02-09 12:48:00,20286.0,20287.25,20285.25,20286.25,1389
2026-02-09 12:49:00,20286.25,20286.25,20285.5,20285.75,1476
2026-02-09 12:50:00,20285.75,20286.75,20285.75,20286.25,1073
2026-02-09 12:51:00,20286.25,20286.75,20286.0,20286.25,1012
2026-02-09 12:52:00,20286.25,20286.25,20285.75,20285.75,641
2026-02-09 12:53:00,20285.75,20286.75,20285.5,20286.25,1396
2026-02-09 12:54:00,20286.25,20286.5,20285.75,20286.5,1109
2026-02-09 12:55:00,20286.5,20287.25,20286.0,20286.25,1324
2026-02-09 12:56:00,20286.25,20286.75,20286.0,20286.0,1072
2026-02-09 12:57:00,20286.0,20287.0,20284.75,20286.5,1213
2026-02-09 12:58:00,20286.5,20287.0,20286.5,20286.75,1664
2026-02-09 12:59:00,20286.75,20286.75,20285.5,20286.5,1278
2026-02-09 13:00:00,20286.5,20286.75,20286.0,20286.5,1652
2026-02-09 13:01:00,20286.5,20287.25,20286.25,20287.0,767
2026-02-09 13:02:00,20287.0,20287.75,20286.5,20287.75,1278
2026-02-09 13:03:00,20287.75,20288.0,20287.5,20287.5,713
2026-02-09 13:04:00,20287.5,20288.5,20287.25,20288.0,1025
2026-02-09 13:05:00,20288.0,20288.5,20287.5,20288.5,1030
2026-02-09 13:06:00,20288.5,20290.0,20285.75,20289.75,840
2026-02-09 13:07:00,20289.75,20290.0,20288.25,20289.25,1538
2026-02-09 13:08:00,20289.25,20290.25,20289.0,20290.0,649
2026-02-09 13:09:00,20290.0,20291.5,20290.0,20290.75,1496
2026-02-09 13:10:00,20290.75,20291.25,20290.5,20291.25,1518
2026-02-09 13:11:00,20291.25,20291.75,20290.0,20291.0,1330
2026-02-09 13:12:00,20291.0,20291.75,20290.0,20291.5,938
2026-02-09 13:13:00,20291.5,20292.75,20290.75,20292.25,1326
2026-02-09 13:14:00,20292.25,20293.25,20291.75,20291.75,607
2026-02-09 13:15:00,20291.75,20292.5,20291.25,20291.25,1690
2026-02-09 13:16:00,20291.25,20291.5,20290.75,20291.5,1672
2026-02-09 13:17:00,20291.5,20292.5,20290.75,20292.25,793
2026-02-09 13:18:00,20292.25,20293.0,20291.25,20292.75,608
2026-02-09 13:19:00,20292.75,20293.5,20290.75,20291.75,1321
2026-02-09 13:20:00,20291.75,20292.0,20291.25,20292.0,1087
2026-02-09 13:21:00,20292.0,20293.5,20292.0,20293.0,1661
2026-02-09 13:22:00,20293.0,20294.25,20292.75,20293.25,1025
2026-02-09 13:23:00,20293.25,20293.5,20292.5,20292.75,1696
2026-02-09 13:24:00,20292.75,20293.0,20292.0,20292.25,1203
2026-02-09 13:25:00,20292.25,20294.75,20291.75,20292.25,1384
2026-02-09 13:26:00,20292.25,20293.25,20292.0,20293.25,1788
2026-02-09 13:27:00,20293.25,20293.25,20292.75,20292.75,799
2026-02-09 13:28:00,20292.75,20293.25,20292.75,20293.0,1462
2026-02-09 13:29:00,20293.0,20293.25,20291.75,20293.0,1750
2026-02-09 13:30:00,20293.0,20293.25,20291.75,20292.75,3413
2026-02-09 13:31:00,20292.75,20294.5,20291.75,20292.0,2749
2026-02-09 13:32:00,20292.0,20293.0,20290.0,20290.75,3858
2026-02-09 13:33:00,20290.75,20291.75,20289.5,20291.5,2769
2026-02-09 13:34:00,20291.5,20291.75,20291.0,20291.25,2384
2026-02-09 13:35:00,20291.25,20294.5,20290.0,20293.5,3095
2026-02-09 13:36:00,20293.5,20297.0,20293.0,20294.5,2855
2026-02-09 13:37:00,20294.5,20294.5,20293.25,20293.75,3765
2026-02-09 13:38:00,20293.75,20294.25,20293.75,20293.75,2677
2026-02-09 13:39:00,20293.75,20295.75,20293.25,20295.5,2725
2026-02-09 13:40:00,20295.5,20297.25,20293.25,20296.25,3185
2026-02-09 13:41:00,20296.25,20297.5,20295.25,20296.75,1673
2026-02-09 13:42:00,20296.75,20297.25,20295.5,20295.75,2003
2026-02-09 13:43:00,20295.75,20296.25,20295.5,20296.25,1815
2026-02-09 13:44:00,20296.25,20296.75,20294.75,20296.0,1773
2026-02-09 13:45:00,20296.0,20297.75,20295.5,20296.0,2735
2026-02-09 13:46:00,20296.0,20297.25,20295.75,20297.0,2817
2026-02-09 13:47:00,20297.0,20299.25,20293.75,20297.75,2436
2026-02-09 13:48:00,20297.75,20299.5,20296.75,20298.75,2273
2026-02-09 13:49:00,20298.75,20299.25,20297.5,20298.5,1423
2026-02-09 13:50:00,20298.5,20298.5,20296.25,20298.5,3954
2026-02-09 13:51:00,20298.5,20301.0,20298.25,20300.0,3991
2026-02-09 13:52:00,20300.0,20301.0,20296.5,20297.5,2210
2026-02-09 13:53:00,20297.5,20297.75,20296.75,20296.75,3729
2026-02-09 13:54:00,20296.75,20297.0,20294.75,20295.0,1524
2026-02-09 13:55:00,20295.0,20296.75,20294.0,20296.25,3614
2026-02-09 13:56:00,20296.25,20299.75,20292.75,20299.25,3771
2026-02-09 13:57:00,20299.25,20301.25,20299.0,20300.75,3223
2026-02-09 13:58:00,20300.75,20301.0,20300.25,20300.5,1880
2026-02-09 13:59:00,20300.5,20300.5,20299.25,20299.5,3988
2026-02-09 14:00:00,20299.5,20302.0,20299.25,20300.25,1781
2026-02-09 14:01:00,20300.25,20301.0,20299.0,20299.5,1436
2026-02-09 14:02:00,20299.5,20300.5,20299.0,20299.75,2302
2026-02-09 14:03:00,20299.75,20301.75,20297.25,20299.25,2309
2026-02-09 14:04:00,20299.25,20301.0,20298.25,20299.25,2403
2026-02-09 14:05:00,20299.25,20300.0,20298.25,20298.5,3766
2026-02-09 14:06:00,20298.5,20299.0,20297.0,20298.5,3563
2026-02-09 14:07:00,20298.5,20298.5,20298.0,20298.0,3516
2026-02-09 14:08:00,20298.0,20298.5,20296.75,20296.75,2042
2026-02-09 14:09:00,20296.75,20298.25,20296.0,20297.25,2257
2026-02-09 14:10:00,20297.25,20297.75,20293.25,20294.75,3598
2026-02-09 14:11:00,20294.75,20295.0,20293.5,20293.5,2492
2026-02-09 14:12:00,20293.5,20295.0,20293.5,20293.75,1887
2026-02-09 14:13:00,20293.75,20297.25,20292.25,20293.0,2011
2026-02-09 14:14:00,20293.0,20295.25,20291.5,20294.75,2259
2026-02-09 14:15:00,20294.75,20297.0,20293.5,20295.75,2354
2026-02-09 14:16:00,20295.75,20296.5,20294.25,20294.75,3806
2026-02-09 14:17:00,20294.75,20297.25,20294.25,20294.5,1980
2026-02-09 14:18:00,20294.5,20296.0,20293.75,20293.75,3239
2026-02-09 14:19:00,20293.75,20296.0,20293.75,20295.5,3792
2026-02-09 14:20:00,20295.5,20296.25,20293.75,20294.0,3770
2026-02-09 14:21:00,20294.0,20294.75,20294.0,20294.75,2064
2026-02-09 14:22:00,20294.75,20295.5,20292.25,20293.25,3305
2026-02-09 14:23:00,20293.25,20293.5,20291.75,20292.5,3896
2026-02-09 14:24:00,20292.5,20293.5,20292.0,20292.25,2194
2026-02-09 14:25:00,20292.25,20293.5,20290.25,20291.0,3548
2026-02-09 14:26:00,20291.0,20293.25,20289.0,20289.5,2379
2026-02-09 14:27:00,20289.5,20290.25,20289.0,20289.5,2635
2026-02-09 14:28:00,20289.5,20293.0,20289.0,20292.25,2579
2026-02-09 14:29:00,20292.25,20294.75,20291.25,20294.5,2242
2026-02-09 14:30:00,20294.5,20294.75,20292.75,20293.0,3091
2026-02-09 14:31:00,20293.0,20296.5,20291.25,20294.25,2416
2026-02-09 14:32:00,20294.25,20295.25,20293.75,20295.0,1409
2026-02-09 14:33:00,20295.0,20295.5,20293.0,20294.25,1876
2026-02-09 14:34:00,20294.25,20297.75,20292.5,20293.5,1727
2026-02-09 14:35:00,20293.5,20293.75,20293.25,20293.5,1840
2026-02-09 14:36:00,20293.5,20297.75,20293.25,20297.0,3011
2026-02-09 14:37:00,20297.0,20300.75,20296.25,20299.0,2326
2026-02-09 14:38:00,20299.0,20299.0,20298.25,20299.0,1579
2026-02-09 14:39:00,20299.0,20301.75,20298.75,20300.0,2048
2026-02-09 14:40:00,20300.0,20302.0,20299.75,20301.0,1470
2026-02-09 14:41:00,20301.0,20302.75,20300.5,20302.75,2043
2026-02-09 14:42:00,20302.75,20303.25,20302.0,20302.75,3018
2026-02-09 14:43:00,20302.75,20304.5,20301.75,20304.0,2735
2026-02-09 14:44:00,20304.0,20306.0,20303.5,20304.75,1460
2026-02-09 14:45:00,20304.75,20305.5,20304.25,20305.25,1761
2026-02-09 14:46:00,20305.25,20305.5,20305.0,20305.0,2279
2026-02-09 14:47:00,20305.0,20308.0,20305.0,20306.75,1677
2026-02-09 14:48:00,20306.75,20309.25,20306.0,20308.5,2113
2026-02-09 14:49:00,20308.5,20308.75,20308.25,20308.5,2727
2026-02-09 14:50:00,20308.5,20309.5,20308.25,20308.75,2495
2026-02-09 14:51:00,20308.75,20310.5,20308.0,20309.75,3641
2026-02-09 14:52:00,20309.75,20311.75,20307.75,20310.0,2992
2026-02-09 14:53:00,20310.0,20311.25,20309.25,20310.0,2141
2026-02-09 14:54:00,20310.0,20315.25,20309.0,20311.75,2664
2026-02-09 14:55:00,20311.75,20312.0,20310.5,20311.75,3289
2026-02-09 14:56:00,20311.75,20314.0,20311.25,20312.75,1735
2026-02-09 14:57:00,20312.75,20314.0,20311.75,20311.75,2573
2026-02-09 14:58:00,20311.75,20313.5,20310.75,20311.25,1499
2026-02-09 14:59:00,20311.25,20312.0,20309.0,20309.5,3205
2026-02-09 15:00:00,20309.5,20313.0,20309.25,20312.75,2720
2026-02-09 15:01:00,20312.75,20313.0,20311.5,20312.0,2325
2026-02-09 15:02:00,20312.0,20313.75,20311.0,20312.5,3894
2026-02-09 15:03:00,20312.5,20314.0,20312.25,20313.5,3634
2026-02-09 15:04:00,20313.5,20314.0,20310.75,20311.75,3837
2026-02-09 15:05:00,20311.75,20311.75,20310.75,20311.0,3071
2026-02-09 15:06:00,20311.0,20311.5,20309.5,20310.0,2910
2026-02-09 15:07:00,20310.0,20310.75,20305.25,20307.75,1728
2026-02-09 15:08:00,20307.75,20310.5,20307.0,20308.5,2152
2026-02-09 15:09:00,20308.5,20308.5,20307.75,20308.0,3901
2026-02-09 15:10:00,20308.0,20308.5,20305.25,20308.25,1452
2026-02-09 15:11:00,20308.25,20308.5,20308.0,20308.25,3426
2026-02-09 15:12:00,20308.25,20308.5,20305.5,20308.5,1621
2026-02-09 15:13:00,20308.5,20309.25,20307.75,20307.75,1499
2026-02-09 15:14:00,20307.75,20309.0,20307.5,20308.75,2328
2026-02-09 15:15:00,20308.75,20309.25,20307.5,20308.0,3324
2026-02-09 15:16:00,20308.0,20309.75,20307.5,20309.75,2197
2026-02-09 15:17:00,20309.75,20315.0,20308.0,20311.75,2215
2026-02-09 15:18:00,20311.75,20313.5,20311.0,20313.25,2096
2026-02-09 15:19:00,20313.25,20314.0,20312.75,20313.25,3390
2026-02-09 15:20:00,20313.25,20314.25,20311.0,20311.75,3364
2026-02-09 15:21:00,20311.75,20312.0,20310.0,20310.25,3450
2026-02-09 15:22:00,20310.25,20313.25,20309.5,20313.0,3782
2026-02-09 15:23:00,20313.0,20313.25,20311.25,20312.75,2701
2026-02-09 15:24:00,20312.75,20313.75,20311.75,20313.5,3492
2026-02-09 15:25:00,20313.5,20314.25,20313.0,20313.0,2493
2026-02-09 15:26:00,20313.0,20313.25,20311.25,20312.75,2747
2026-02-09 15:27:00,20312.75,20313.0,20311.75,20312.0,3353
2026-02-09 15:28:00,20312.0,20314.0,20311.25,20313.5,1560
2026-02-09 15:29:00,20313.5,20315.25,20312.0,20312.0,2380
2026-02-09 15:30:00,20312.0,20315.0,20310.0,20313.0,7876
2026-02-09 15:31:00,20313.0,20315.0,20310.0,20314.0,7834
2026-02-09 15:32:00,20314.0,20315.0,20314.0,20314.5,7329
2026-02-09 15:33:00,20314.5,20315.0,20314.0,20314.25,8470
2026-02-09 15:34:00,20314.25,20316.75,20310.75,20316.0,4193
2026-02-09 15:35:00,20316.0,20317.25,20316.0,20316.5,8436
2026-02-09 15:36:00,20316.5,20317.0,20313.0,20313.75,4210
2026-02-09 15:37:00,20313.75,20319.0,20312.25,20316.25,5804
2026-02-09 15:38:00,20316.25,20318.5,20313.5,20314.5,3821
2026-02-09 15:39:00,20314.5,20318.25,20314.25,20315.25,4556
2026-02-09 15:40:00,20315.25,20315.5,20311.75,20311.75,6351
2026-02-09 15:41:00,20311.75,20312.5,20311.0,20311.75,4260
2026-02-09 15:42:00,20311.75,20313.0,20310.5,20310.5,5640
2026-02-09 15:43:00,20310.5,20312.25,20308.25,20308.75,7203
2026-02-09 15:44:00,20308.75,20310.0,20304.25,20305.75,5661
2026-02-09 15:45:00,20305.75,20310.5,20305.25,20308.25,4612
2026-02-09 15:46:00,20308.25,20311.5,20308.25,20308.5,7344
2026-02-09 15:47:00,20308.5,20310.25,20301.75,20307.0,6549
2026-02-09 15:48:00,20307.0,20308.5,20306.25,20307.0,7187
2026-02-09 15:49:00,20307.0,20313.5,20306.25,20306.25,4178
2026-02-09 15:50:00,20306.25,20306.75,20303.5,20303.75,8417
2026-02-09 15:51:00,20303.75,20304.25,20300.75,20302.75,7341
2026-02-09 15:52:00,20302.75,20303.0,20301.75,20302.5,6238
2026-02-09 15:53:00,20302.5,20305.0,20300.25,20305.0,3944
2026-02-09 15:54:00,20305.0,20306.25,20300.25,20301.0,5396
2026-02-09 15:55:00,20301.0,20303.25,20300.5,20302.0,5080
2026-02-09 15:56:00,20302.0,20303.25,20301.5,20302.0,3505
2026-02-09 15:57:00,20302.0,20302.5,20300.75,20302.0,4243
2026-02-09 15:58:00,20302.0,20304.0,20302.0,20303.75,5736
2026-02-09 15:59:00,20303.75,20308.0,20301.25,20305.25,6045
2026-02-10 09:30:00,20305.25,20309.25,20305.25,20308.5,7795
2026-02-10 09:31:00,20308.5,20308.75,20307.25,20307.5,5831
2026-02-10 09:32:00,20307.5,20312.75,20301.75,20311.25,3524
2026-02-10 09:33:00,20311.25,20315.25,20308.75,20313.0,7495
2026-02-10 09:34:00,20313.0,20315.25,20306.25,20307.75,4966
2026-02-10 09:35:00,20307.75,20308.25,20302.75,20306.75,5363
2026-02-10 09:36:00,20306.75,20313.5,20306.0,20312.75,8630
2026-02-10 09:37:00,20312.75,20315.75,20307.25,20309.25,7497
2026-02-10 09:38:00,20309.25,20311.0,20308.25,20309.25,7098
2026-02-10 09:39:00,20309.25,20310.25,20307.5,20309.0,3344
2026-02-10 09:40:00,20309.0,20309.75,20307.5,20309.5,3306
2026-02-10 09:41:00,20309.5,20310.25,20305.75,20306.0,8979
2026-02-10 09:42:00,20306.0,20306.5,20305.5,20306.25,6001
2026-02-10 09:43:00,20306.25,20310.5,20304.25,20306.5,6132
2026-02-10 09:44:00,20306.5,20308.25,20306.25,20306.5,8108
2026-02-10 09:45:00,20306.5,20309.5,20305.0,20308.75,3282
2026-02-10 09:46:00,20308.75,20310.0,20305.25,20308.0,7765
2026-02-10 09:47:00,20308.0,20312.75,20306.75,20310.75,8551
2026-02-10 09:48:00,20310.75,20313.75,20307.0,20312.75,3269
2026-02-10 09:49:00,20312.75,20315.75,20312.5,20314.0,8527
2026-02-10 09:50:00,20314.0,20315.25,20313.25,20315.0,5022
2026-02-10 09:51:00,20315.0,20315.25,20312.25,20314.0,4594
2026-02-10 09:52:00,20314.0,20315.0,20313.75,20314.5,8578
2026-02-10 09:53:00,20314.5,20315.0,20311.75,20312.0,8967
2026-02-10 09:54:00,20312.0,20314.75,20310.0,20313.75,4235
2026-02-10 09:55:00,20313.75,20314.0,20312.25,20313.5,4632
2026-02-10 09:56:00,20313.5,20315.75,20308.0,20310.25,8132
2026-02-10 09:57:00,20310.25,20313.0,20309.0,20311.0,5514
2026-02-10 09:58:00,20311.0,20311.75,20310.75,20311.0,6374
2026-02-10 09:59:00,20311.0,20315.75,20309.75,20310.5,6816
2026-02-10 10:00:00,20310.5,20311.75,20310.25,20311.75,2996
2026-02-10 10:01:00,20311.75,20312.5,20311.5,20311.75,1802
2026-02-10 10:02:00,20311.75,20312.75,20311.5,20312.75,3612
2026-02-10 10:03:00,20312.75,20315.25,20312.75,20313.25,4298
2026-02-10 10:04:00,20313.25,20314.5,20313.25,20314.5,4212
2026-02-10 10:05:00,20314.5,20315.5,20313.5,20314.0,3679
2026-02-10 10:06:00,20314.0,20315.25,20313.5,20313.5,2105
2026-02-10 10:07:00,20313.5,20315.25,20309.5,20313.0,1592
2026-02-10 10:08:00,20313.0,20316.75,20311.75,20315.25,2253
2026-02-10 10:09:00,20315.25,20317.0,20313.25,20316.75,2951
2026-02-10 10:10:00,20316.75,20318.0,20314.25,20315.75,2731
2026-02-10 10:11:00,20315.75,20316.0,20314.75,20315.25,4092
2026-02-10 10:12:00,20315.25,20317.0,20314.75,20317.0,2539
2026-02-10 10:13:00,20317.0,20319.5,20316.5,20317.75,2843
2026-02-10 10:14:00,20317.75,20318.5,20316.75,20317.25,3472
2026-02-10 10:15:00,20317.25,20317.75,20316.25,20316.5,2373
2026-02-10 10:16:00,20316.5,20317.5,20315.75,20315.75,4055
2026-02-10 10:17:00,20315.75,20317.75,20313.75,20315.0,1616
2026-02-10 10:18:00,20315.0,20315.75,20312.75,20313.25,3038
2026-02-10 10:19:00,20313.25,20314.75,20310.75,20311.75,2429
2026-02-10 10:20:00,20311.75,20313.25,20310.5,20310.75,2074
2026-02-10 10:21:00,20310.75,20311.75,20310.25,20310.75,3448
2026-02-10 10:22:00,20310.75,20312.75,20310.0,20311.75,3962
2026-02-10 10:23:00,20311.75,20314.75,20311.25,20313.0,2601
2026-02-10 10:24:00,20313.0,20314.0,20310.75,20313.75,1617
2026-02-10 10:25:00,20313.75,20315.25,20313.25,20313.5,3818
2026-02-10 10:26:00,20313.5,20313.75,20310.25,20310.75,1628
2026-02-10 10:27:00,20310.75,20311.5,20310.5,20311.25,1864
2026-02-10 10:28:00,20311.25,20312.75,20310.75,20312.75,1545
2026-02-10 10:29:00,20312.75,20313.75,20312.0,20312.25,3480
2026-02-10 10:30:00,20312.25,20314.0,20309.0,20313.75,2727
2026-02-10 10:31:00,20313.75,20315.0,20312.75,20314.5,3497
2026-02-10 10:32:00,20314.5,20316.75,20314.25,20316.75,3848
2026-02-10 10:33:00,20316.75,20317.75,20315.75,20316.25,2897
2026-02-10 10:34:00,20316.25,20318.0,20314.0,20317.75,1869
2026-02-10 10:35:00,20317.75,20318.75,20315.5,20315.5,2163
2026-02-10 10:36:00,20315.5,20318.5,20313.0,20316.75,3460
2026-02-10 10:37:00,20316.75,20318.5,20316.25,20316.75,3186
2026-02-10 10:38:00,20316.75,20318.0,20316.5,20317.5,4217
2026-02-10 10:39:00,20317.5,20319.25,20317.5,20318.0,4363
2026-02-10 10:40:00,20318.0,20320.0,20316.75,20318.5,4244
2026-02-10 10:41:00,20318.5,20321.75,20318.25,20320.75,1992
2026-02-10 10:42:00,20320.75,20321.0,20318.5,20319.25,4366
2026-02-10 10:43:00,20319.25,20320.25,20316.5,20319.0,2754
2026-02-10 10:44:00,20319.0,20320.75,20317.75,20320.5,3546
2026-02-10 10:45:00,20320.5,20321.25,20320.25,20321.25,4463
2026-02-10 10:46:00,20321.25,20324.0,20320.0,20322.25,1926
2026-02-10 10:47:00,20322.25,20323.5,20321.75,20323.0,3231
2026-02-10 10:48:00,20323.0,20323.5,20321.25,20322.5,3356
2026-02-10 10:49:00,20322.5,20326.25,20321.5,20323.5,1784
2026-02-10 10:50:00,20323.5,20324.0,20321.0,20322.25,2635
2026-02-10 10:51:00,20322.25,20322.25,20320.75,20321.25,3789
2026-02-10 10:52:00,20321.25,20323.0,20321.0,20322.75,4027
2026-02-10 10:53:00,20322.75,20324.5,20322.25,20324.5,4155
2026-02-10 10:54:00,20324.5,20327.75,20323.5,20323.75,3000
2026-02-10 10:55:00,20323.75,20324.75,20323.25,20324.75,2565
2026-02-10 10:56:00,20324.75,20327.75,20324.75,20326.5,3505
2026-02-10 10:57:00,20326.5,20331.0,20325.0,20330.5,3080
2026-02-10 10:58:00,20330.5,20332.0,20330.25,20330.75,1955
2026-02-10 10:59:00,20330.75,20332.25,20329.0,20330.5,3144
2026-02-10 11:00:00,20330.5,20332.75,20330.0,20332.5,4124
2026-02-10 11:01:00,20332.5,20333.75,20332.25,20332.5,2154
2026-02-10 11:02:00,20332.5,20335.25,20331.5,20332.25,1841
2026-02-10 11:03:00,20332.25,20334.75,20332.0,20332.5,2640
2026-02-10 11:04:00,20332.5,20334.75,20330.75,20334.25,3882
2026-02-10 11:05:00,20334.25,20335.5,20333.0,20335.25,2392
2026-02-10 11:06:00,20335.25,20335.25,20333.25,20333.5,3922
2026-02-10 11:07:00,20333.5,20335.0,20332.5,20333.0,3583
2026-02-10 11:08:00,20333.0,20334.0,20332.25,20334.0,3430
2026-02-10 11:09:00,20334.0,20335.25,20332.75,20333.5,4288
2026-02-10 11:10:00,20333.5,20335.5,20332.75,20334.75,3994
2026-02-10 11:11:00,20334.75,20338.0,20334.25,20335.75,3196
2026-02-10 11:12:00,20335.75,20339.5,20335.5,20337.0,3881
2026-02-10 11:13:00,20337.0,20337.25,20335.75,20336.75,2157
2026-02-10 11:14:00,20336.75,20337.0,20333.0,20333.25,4001
2026-02-10 11:15:00,20333.25,20335.0,20330.25,20331.25,2169
2026-02-10 11:16:00,20331.25,20332.5,20329.25,20331.25,2969
2026-02-10 11:17:00,20331.25,20332.75,20330.5,20331.75,3581
2026-02-10 11:18:00,20331.75,20332.5,20331.5,20331.5,1825
2026-02-10 11:19:00,20331.5,20333.75,20331.25,20332.25,1750
2026-02-10 11:20:00,20332.25,20332.25,20329.75,20331.75,3937
2026-02-10 11:21:00,20331.75,20333.25,20331.75,20332.25,3057
2026-02-10 11:22:00,20332.25,20333.25,20330.75,20331.75,1909
2026-02-10 11:23:00,20331.75,20332.25,20329.0,20329.5,1840
2026-02-10 11:24:00,20329.5,20331.0,20329.5,20330.75,2772
2026-02-10 11:25:00,20330.75,20331.25,20330.75,20331.25,2617
2026-02-10 11:26:00,20331.25,20333.75,20330.75,20332.5,2487
2026-02-10 11:27:00,20332.5,20335.0,20332.0,20335.0,1803
2026-02-10 11:28:00,20335.0,20337.0,20333.75,20334.5,2679
2026-02-10 11:29:00,20334.5,20336.5,20332.75,20335.75,2068
2026-02-10 11:30:00,20335.75,20336.0,20334.75,20336.0,1164
2026-02-10 11:31:00,20336.0,20338.0,20335.75,20337.0,1409
2026-02-10 11:32:00,20337.0,20337.75,20336.75,20336.75,1489
2026-02-10 11:33:00,20336.75,20337.0,20336.25,20336.5,1713
2026-02-10 11:34:00,20336.5,20336.75,20336.5,20336.5,1114
2026-02-10 11:35:00,20336.5,20337.75,20336.0,20336.25,1578
2026-02-10 11:36:00,20336.25,20336.5,20335.75,20336.25,935
2026-02-10 11:37:00,20336.25,20337.25,20335.75,20336.75,1627
2026-02-10 11:38:00,20336.75,20336.75,20334.75,20335.75,1470
2026-02-10 11:39:00,20335.75,20336.0,20335.25,20335.75,983
2026-02-10 11:40:00,20335.75,20336.75,20335.75,20335.75,1420
2026-02-10 11:41:00,20335.75,20336.5,20335.75,20336.0,1369
2026-02-10 11:42:00,20336.0,20337.0,20336.0,20336.75,767
2026-02-10 11:43:00,20336.75,20336.75,20335.5,20335.75,1746
2026-02-10 11:44:00,20335.75,20336.25,20334.75,20335.25,1165
2026-02-10 11:45:00,20335.25,20335.5,20335.25,20335.5,1407
2026-02-10 11:46:00,20335.5,20336.25,20334.5,20334.75,1688
2026-02-10 11:47:00,20334.75,20335.25,20334.75,20335.0,1760
2026-02-10 11:48:00,20335.0,20335.25,20334.75,20334.75,1584
2026-02-10 11:49:00,20334.75,20334.75,20334.25,20334.75,1236
2026-02-10 11:50:00,20334.75,20336.0,20334.25,20334.75,1073
2026-02-10 11:51:00,20334.75,20334.75,20334.25,20334.25,1266
2026-02-10 11:52:00,20334.25,20335.25,20334.0,20334.75,1114
2026-02-10 11:53:00,20334.75,20335.25,20333.75,20334.5,1609
2026-02-10 11:54:00,20334.5,20334.75,20334.5,20334.75,782
2026-02-10 11:55:00,20334.75,20336.0,20334.75,20334.75,1206
2026-02-10 11:56:00,20334.75,20335.25,20334.25,20334.75,852
2026-02-10 11:57:00,20334.75,20335.0,20333.5,20334.5,652
2026-02-10 11:58:00,20334.5,20335.25,20334.25,20335.25,1254
2026-02-10 11:59:00,20335.25,20335.75,20334.75,20335.0,1525
2026-02-10 12:00:00,20335.0,20336.75,20334.75,20335.75,1531
2026-02-10 12:01:00,20335.75,20336.75,20335.25,20335.75,1351
2026-02-10 12:02:00,20335.75,20336.0,20335.0,20335.25,1670
2026-02-10 12:03:00,20335.25,20335.25,20335.0,20335.0,663
2026-02-10 12:04:00,20335.0,20336.0,20334.0,20335.25,1375
2026-02-10 12:05:00,20335.25,20335.5,20335.0,20335.0,1449
2026-02-10 12:06:00,20335.0,20335.0,20333.5,20334.75,625
2026-02-10 12:07:00,20334.75,20337.0,20334.0,20334.25,1444
2026-02-10 12:08:00,20334.25,20335.5,20334.25,20335.0,1270
2026-02-10 12:09:00,20335.0,20335.75,20332.25,20335.25,1170
2026-02-10 12:10:00,20335.25,20335.25,20334.75,20334.75,1619
2026-02-10 12:11:00,20334.75,20335.0,20333.5,20333.75,1738
2026-02-10 12:12:00,20333.75,20334.0,20332.25,20332.5,1175
2026-02-10 12:13:00,20332.5,20333.25,20332.5,20332.75,701
2026-02-10 12:14:00,20332.75,20333.0,20332.0,20332.5,1591
2026-02-10 12:15:00,20332.5,20333.25,20332.0,20333.0,611
2026-02-10 12:16:00,20333.0,20335.5,20333.0,20333.5,1000
2026-02-10 12:17:00,20333.5,20334.0,20332.75,20333.25,1354
2026-02-10 12:18:00,20333.25,20333.5,20332.75,20332.75,1773
2026-02-10 12:19:00,20332.75,20333.75,20332.0,20333.5,1427
2026-02-10 12:20:00,20333.5,20333.75,20332.5,20333.25,1582
2026-02-10 12:21:00,20333.25,20334.75,20332.5,20334.25,1132
2026-02-10 12:22:00,20334.25,20334.5,20334.0,20334.25,1353
2026-02-10 12:23:00,20334.25,20336.5,20334.25,20335.5,857
2026-02-10 12:24:00,20335.5,20336.0,20335.25,20335.75,1446
2026-02-10 12:25:00,20335.75,20338.5,20334.0,20335.5,636
2026-02-10 12:26:00,20335.5,20335.75,20334.25,20335.25,1378
2026-02-10 12:27:00,20335.25,20336.0,20333.5,20335.75,1401
2026-02-10 12:28:00,20335.75,20336.5,20335.75,20336.0,1468
2026-02-10 12:29:00,20336.0,20337.75,20336.0,20337.5,1258
2026-02-10 12:30:00,20337.5,20339.25,20337.25,20339.0,1272
2026-02-10 12:31:00,20339.0,20340.75,20338.75,20339.5,674
2026-02-10 12:32:00,20339.5,20340.75,20339.25,20339.75,1452
2026-02-10 12:33:00,20339.75,20340.75,20339.5,20340.75,909
2026-02-10 12:34:00,20340.75,20340.75,20339.5,20339.5,948
2026-02-10 12:35:00,20339.5,20340.0,20338.75,20339.25,864
2026-02-10 12:36:00,20339.25,20339.5,20337.5,20338.5,1123
2026-02-10 12:37:00,20338.5,20339.5,20338.25,20339.5,1536
2026-02-10 12:38:00,20339.5,20339.5,20339.0,20339.0,1747
2026-02-10 12:39:00,20339.0,20340.25,20338.0,20340.0,1173
2026-02-10 12:40:00,20340.0,20340.5,20340.0,20340.0,1432
2026-02-10 12:41:00,20340.0,20341.5,20339.25,20340.25,777
2026-02-10 12:42:00,20340.25,20340.75,20339.25,20340.75,898
2026-02-10 12:43:00,20340.75,20340.75,20339.75,20340.75,838
2026-02-10 12:44:00,20340.75,20340.75,20339.75,20340.5,897
2026-02-10 12:45:00,20340.5,20342.5,20340.0,20340.75,952
2026-02-10 12:46:00,20340.75,20343.0,20340.25,20342.0,1540
2026-02-10 12:47:00,20342.0,20343.0,20341.0,20342.5,1794
2026-02-10 12:48:00,20342.5,20343.75,20341.75,20343.25,1369
2026-02-10 12:49:00,20343.25,20343.5,20343.0,20343.5,1687
2026-02-10 12:50:00,20343.5,20343.75,20342.0,20343.25,1373
2026-02-10 12:51:00,20343.25,20344.25,20341.75,20343.75,1777
2026-02-10 12:52:00,20343.75,20344.25,20343.0,20343.25,724
2026-02-10 12:53:00,20343.25,20343.5,20342.0,20342.0,1751
2026-02-10 12:54:00,20342.0,20342.75,20341.25,20341.5,1069
2026-02-10 12:55:00,20341.5,20342.25,20341.5,20342.0,1602
2026-02-10 12:56:00,20342.0,20342.25,20341.5,20342.0,1787
2026-02-10 12:57:00,20342.0,20343.0,20341.25,20341.75,857
2026-02-10 12:58:00,20341.75,20341.75,20341.0,20341.25,1060
2026-02-10 12:59:00,20341.25,20342.25,20340.75,20341.75,1318
2026-02-10 13:00:00,20341.75,20342.25,20341.25,20341.25,1336
2026-02-10 13:01:00,20341.25,20342.25,20340.0,20340.75,1751
2026-02-10 13:02:00,20340.75,20341.25,20340.0,20341.0,1489
2026-02-10 13:03:00,20341.0,20342.0,20341.0,20341.75,1317
2026-02-10 13:04:00,20341.75,20342.25,20341.25,20342.25,1457
2026-02-10 13:05:00,20342.25,20342.5,20341.75,20342.5,1440
2026-02-10 13:06:00,20342.5,20343.75,20342.5,20343.25,723
2026-02-10 13:07:00,20343.25,20344.75,20342.25,20343.75,916
2026-02-10 13:08:00,20343.75,20343.75,20343.75,20343.75,1646
2026-02-10 13:09:00,20343.75,20344.25,20343.5,20344.0,640
2026-02-10 13:10:00,20344.0,20345.75,20343.5,20345.5,1722
2026-02-10 13:11:00,20345.5,20347.25,20345.0,20345.5,1099
2026-02-10 13:12:00,20345.5,20346.5,20345.0,20346.25,1439
2026-02-10 13:13:00,20346.25,20346.75,20345.25,20345.25,1654
2026-02-10 13:14:00,20345.25,20345.5,20345.0,20345.5,1531
2026-02-10 13:15:00,20345.5,20345.75,20345.5,20345.75,1687
2026-02-10 13:16:00,20345.75,20346.75,20345.25,20345.25,1216
2026-02-10 13:17:00,20345.25,20345.5,20345.0,20345.5,1301
2026-02-10 13:18:00,20345.5,20346.5,20345.25,20345.5,1303
2026-02-10 13:19:00,20345.5,20345.5,20344.0,20344.0,1548
2026-02-10 13:20:00,20344.0,20344.25,20343.25,20343.5,694
2026-02-10 13:21:00,20343.5,20344.25,20342.0,20342.75,1080
2026-02-10 13:22:00,20342.75,20343.75,20342.5,20343.5,994
2026-02-10 13:23:00,20343.5,20343.75,20343.0,20343.25,1433
2026-02-10 13:24:00,20343.25,20343.5,20341.75,20343.5,849
2026-02-10 13:25:00,20343.5,20344.5,20343.25,20344.0,1545
2026-02-10 13:26:00,20344.0,20344.5,20343.75,20344.0,1679
2026-02-10 13:27:00,20344.0,20345.0,20343.75,20344.25,1201
2026-02-10 13:28:00,20344.25,20345.0,20343.5,20344.25,1549
2026-02-10 13:29:00,20344.25,20345.25,20344.0,20344.75,1320
2026-02-10 13:30:00,20344.75,20346.5,20344.75,20345.75,2946
2026-02-10 13:31:00,20345.75,20345.75,20345.25,20345.5,2947
2026-02-10 13:32:00,20345.5,20346.0,20344.5,20345.25,3178
2026-02-10 13:33:00,20345.25,20346.5,20343.75,20344.75,3136
2026-02-10 13:34:00,20344.75,20345.25,20343.0,20343.25,2272
2026-02-10 13:35:00,20343.25,20348.0,20343.0,20345.25,3540
2026-02-10 13:36:00,20345.25,20345.75,20344.75,20345.0,1919
2026-02-10 13:37:00,20345.0,20345.0,20343.75,20345.0,1915
2026-02-10 13:38:00,20345.0,20345.25,20342.25,20342.25,1731
2026-02-10 13:39:00,20342.25,20342.5,20340.5,20342.25,2533
2026-02-10 13:40:00,20342.25,20343.0,20340.0,20342.75,2310
2026-02-10 13:41:00,20342.75,20343.75,20342.0,20343.25,1671
2026-02-10 13:42:00,20343.25,20343.25,20343.25,20343.25,3498
2026-02-10 13:43:00,20343.25,20343.5,20342.5,20342.5,2007
2026-02-10 13:44:00,20342.5,20342.75,20341.75,20342.25,3573
2026-02-10 13:45:00,20342.25,20342.75,20340.75,20340.75,2281
2026-02-10 13:46:00,20340.75,20342.5,20340.5,20341.0,1892
2026-02-10 13:47:00,20341.0,20341.5,20340.5,20341.0,2787
2026-02-10 13:48:00,20341.0,20341.25,20339.0,20339.5,3763
2026-02-10 13:49:00,20339.5,20342.0,20339.25,20340.25,3310
2026-02-10 13:50:00,20340.25,20342.5,20339.0,20341.0,2541
2026-02-10 13:51:00,20341.0,20342.5,20339.75,20340.0,3596
2026-02-10 13:52:00,20340.0,20342.25,20337.5,20340.0,2398
2026-02-10 13:53:00,20340.0,20340.25,20337.75,20339.0,2899
2026-02-10 13:54:00,20339.0,20341.25,20337.75,20338.25,1530
2026-02-10 13:55:00,20338.25,20338.5,20336.25,20336.25,1425
2026-02-10 13:56:00,20336.25,20336.75,20335.75,20336.5,1693
2026-02-10 13:57:00,20336.5,20338.0,20334.0,20337.25,3114
2026-02-10 13:58:00,20337.25,20338.5,20336.25,20337.0,2696
2026-02-10 13:59:00,20337.0,20339.25,20334.5,20337.0,3275
2026-02-10 14:00:00,20337.0,20338.5,20336.5,20337.75,1611
2026-02-10 14:01:00,20337.75,20339.5,20337.5,20339.25,3672
2026-02-10 14:02:00,20339.25,20340.0,20336.5,20337.0,2591
2026-02-10 14:03:00,20337.0,20338.75,20336.5,20338.75,2952
2026-02-10 14:04:00,20338.75,20339.5,20338.25,20339.25,1660
2026-02-10 14:05:00,20339.25,20339.75,20336.25,20339.0,1703
2026-02-10 14:06:00,20339.0,20340.5,20336.75,20339.5,1640
2026-02-10 14:07:00,20339.5,20340.0,20338.0,20338.75,3978
2026-02-10 14:08:00,20338.75,20341.25,20336.75,20338.25,2430
2026-02-10 14:09:00,20338.25,20339.25,20337.0,20337.5,1918
2026-02-10 14:10:00,20337.5,20339.25,20336.5,20339.25,2723
2026-02-10 14:11:00,20339.25,20340.75,20338.25,20340.75,2168
2026-02-10 14:12:00,20340.75,20342.0,20338.0,20340.0,2293
2026-02-10 14:13:00,20340.0,20340.75,20338.0,20339.25,1871
2026-02-10 14:14:00,20339.25,20339.25,20338.0,20338.25,1870
2026-02-10 14:15:00,20338.25,20339.25,20335.5,20336.5,2380
2026-02-10 14:16:00,20336.5,20338.0,20330.75,20336.75,2456
2026-02-10 14:17:00,20336.75,20338.5,20336.75,20337.5,1962
2026-02-10 14:18:00,20337.5,20339.0,20337.25,20337.25,2112
2026-02-10 14:19:00,20337.25,20337.5,20336.25,20337.0,2305
2026-02-10 14:20:00,20337.0,20337.5,20335.0,20335.75,3941
2026-02-10 14:21:00,20335.75,20338.75,20334.5,20337.0,2336
2026-02-10 14:22:00,20337.0,20337.5,20336.5,20336.75,3479
2026-02-10 14:23:00,20336.75,20338.25,20336.0,20338.25,1653
2026-02-10 14:24:00,20338.25,20339.25,20336.75,20338.5,1923
2026-02-10 14:25:00,20338.5,20339.25,20337.0,20338.75,1716
2026-02-10 14:26:00,20338.75,20340.75,20336.75,20337.25,1635
2026-02-10 14:27:00,20337.25,20337.75,20335.5,20335.75,3118
2026-02-10 14:28:00,20335.75,20336.75,20334.0,20335.25,3221
2026-02-10 14:29:00,20335.25,20335.25,20334.25,20334.5,2618
2026-02-10 14:30:00,20334.5,20335.25,20332.5,20335.0,2209
2026-02-10 14:31:00,20335.0,20337.0,20335.0,20336.75,3811
2026-02-10 14:32:00,20336.75,20337.5,20336.25,20336.5,3981
2026-02-10 14:33:00,20336.5,20336.75,20335.25,20336.5,2550
2026-02-10 14:34:00,20336.5,20336.5,20335.5,20336.25,2528
2026-02-10 14:35:00,20336.25,20338.0,20335.5,20336.75,2763
2026-02-10 14:36:00,20336.75,20337.25,20335.0,20337.0,2954
2026-02-10 14:37:00,20337.0,20338.25,20335.25,20337.25,3900
2026-02-10 14:38:00,20337.25,20337.5,20337.0,20337.25,3479
2026-02-10 14:39:00,20337.25,20338.75,20337.0,20338.25,2516
2026-02-10 14:40:00,20338.25,20338.75,20338.0,20338.0,2440
2026-02-10 14:41:00,20338.0,20338.25,20336.75,20336.75,2506
2026-02-10 14:42:00,20336.75,20337.0,20333.5,20334.75,3544
2026-02-10 14:43:00,20334.75,20336.5,20334.5,20335.75,2170
2026-02-10 14:44:00,20335.75,20336.0,20333.0,20335.75,2802
2026-02-10 14:45:00,20335.75,20336.0,20334.25,20334.5,3871
2026-02-10 14:46:00,20334.5,20337.25,20334.25,20337.0,1983
2026-02-10 14:47:00,20337.0,20339.0,20336.5,20337.25,2867
2026-02-10 14:48:00,20337.25,20338.25,20336.5,20338.0,3229
2026-02-10 14:49:00,20338.0,20338.5,20336.25,20336.5,3036
2026-02-10 14:50:00,20336.5,20342.0,20335.25,20336.0,1563
2026-02-10 14:51:00,20336.0,20337.0,20332.75,20334.25,1968
2026-02-10 14:52:00,20334.25,20336.25,20334.0,20335.5,2952
2026-02-10 14:53:00,20335.5,20337.0,20331.25,20333.75,2938
2026-02-10 14:54:00,20333.75,20333.75,20331.0,20332.25,2799
2026-02-10 14:55:00,20332.25,20332.5,20331.25,20331.5,1948
2026-02-10 14:56:00,20331.5,20332.0,20330.5,20330.75,2587
2026-02-10 14:57:00,20330.75,20331.5,20330.25,20331.25,3170
2026-02-10 14:58:00,20331.25,20331.75,20330.25,20330.25,3210
2026-02-10 14:59:00,20330.25,20330.75,20329.5,20330.5,1603
2026-02-10 15:00:00,20330.5,20330.75,20329.75,20330.75,2440
2026-02-10 15:01:00,20330.75,20331.25,20330.0,20330.5,2356
2026-02-10 15:02:00,20330.5,20331.5,20328.0,20328.75,2705
2026-02-10 15:03:00,20328.75,20329.0,20326.5,20326.75,3431
2026-02-10 15:04:00,20326.75,20327.5,20323.0,20325.5,3323
2026-02-10 15:05:00,20325.5,20328.5,20325.5,20327.75,1938
2026-02-10 15:06:00,20327.75,20327.75,20322.25,20326.0,2192
2026-02-10 15:07:00,20326.0,20329.25,20325.5,20326.25,1948
2026-02-10 15:08:00,20326.25,20327.25,20324.75,20325.25,1474
2026-02-10 15:09:00,20325.25,20325.5,20323.25,20323.5,3197
2026-02-10 15:10:00,20323.5,20323.75,20322.5,20323.25,2939
2026-02-10 15:11:00,20323.25,20325.75,20322.25,20324.75,1803
2026-02-10 15:12:00,20324.75,20325.5,20321.75,20323.25,3427
2026-02-10 15:13:00,20323.25,20325.0,20321.25,20321.75,1502
2026-02-10 15:14:00,20321.75,20324.5,20321.0,20321.0,2653
2026-02-10 15:15:00,20321.0,20321.25,20318.5,20319.0,2231
2026-02-10 15:16:00,20319.0,20320.25,20317.0,20318.5,3847
2026-02-10 15:17:00,20318.5,20319.0,20316.75,20317.25,3734
2026-02-10 15:18:00,20317.25,20317.5,20316.75,20317.0,2173
2026-02-10 15:19:00,20317.0,20317.75,20315.75,20316.5,1867
2026-02-10 15:20:00,20316.5,20317.0,20316.5,20317.0,1494
2026-02-10 15:21:00,20317.0,20317.25,20314.0,20315.25,1854
2026-02-10 15:22:00,20315.25,20316.0,20312.75,20314.75,3320
2026-02-10 15:23:00,20314.75,20315.5,20312.75,20314.75,1730
2026-02-10 15:24:00,20314.75,20315.0,20314.0,20315.0,1487
2026-02-10 15:25:00,20315.0,20317.0,20314.5,20315.75,2978
2026-02-10 15:26:00,20315.75,20318.0,20315.0,20317.25,1929
2026-02-10 15:27:00,20317.25,20318.0,20316.0,20317.0,1691
2026-02-10 15:28:00,20317.0,20317.5,20315.25,20315.75,2348
2026-02-10 15:29:00,20315.75,20316.0,20314.5,20315.75,3664
2026-02-10 15:30:00,20315.75,20320.25,20314.0,20318.5,7897
2026-02-10 15:31:00,20318.5,20323.25,20316.75,20321.25,3928
2026-02-10 15:32:00,20321.25,20324.75,20319.75,20322.5,3886
2026-02-10 15:33:00,20322.5,20324.5,20321.25,20322.0,5823
2026-02-10 15:34:00,20322.0,20322.75,20322.0,20322.0,8350
2026-02-10 15:35:00,20322.0,20322.5,20320.5,20322.25,3993
2026-02-10 15:36:00,20322.25,20322.25,20320.25,20322.25,7163
2026-02-10 15:37:00,20322.25,20327.0,20322.25,20325.25,4398
2026-02-10 15:38:00,20325.25,20326.0,20322.5,20323.0,7607
2026-02-10 15:39:00,20323.0,20324.75,20322.5,20323.75,6458
2026-02-10 15:40:00,20323.75,20323.75,20322.5,20323.5,5956
2026-02-10 15:41:00,20323.5,20325.75,20319.5,20321.0,5527
2026-02-10 15:42:00,20321.0,20324.25,20320.5,20321.75,7803
2026-02-10 15:43:00,20321.75,20321.75,20319.75,20321.0,3884
2026-02-10 15:44:00,20321.0,20322.0,20317.75,20319.25,5994
2026-02-10 15:45:00,20319.25,20319.75,20314.75,20316.25,5006
2026-02-10 15:46:00,20316.25,20317.75,20315.5,20316.75,3828
2026-02-10 15:47:00,20316.75,20321.0,20315.5,20315.5,3530
2026-02-10 15:48:00,20315.5,20317.0,20311.5,20315.0,4350
2026-02-10 15:49:00,20315.0,20315.75,20314.75,20315.75,5451
2026-02-10 15:50:00,20315.75,20315.75,20314.75,20315.0,4751
2026-02-10 15:51:00,20315.0,20317.25,20311.25,20312.75,6257
2026-02-10 15:52:00,20312.75,20313.5,20311.5,20312.25,6733
2026-02-10 15:53:00,20312.25,20312.75,20310.0,20310.25,3813
2026-02-10 15:54:00,20310.25,20312.75,20309.0,20311.5,6276
2026-02-10 15:55:00,20311.5,20312.25,20308.75,20309.0,7536
2026-02-10 15:56:00,20309.0,20313.25,20307.0,20307.75,6723
2026-02-10 15:57:00,20307.75,20308.5,20307.0,20308.25,6051
2026-02-10 15:58:00,20308.25,20309.5,20304.25,20306.5,4141
2026-02-10 15:59:00,20306.5,20308.75,20301.5,20305.75,6279
2026-02-11 09:30:00,20305.75,20308.25,20302.75,20305.75,6933
2026-02-11 09:31:00,20305.75,20306.0,20301.0,20301.0,7075
2026-02-11 09:32:00,20301.0,20301.0,20298.0,20298.25,4297
2026-02-11 09:33:00,20298.25,20299.25,20295.5,20297.75,7226
2026-02-11 09:34:00,20297.75,20299.5,20292.75,20293.75,8762
2026-02-11 09:35:00,20293.75,20298.25,20289.0,20297.75,3192
2026-02-11 09:36:00,20297.75,20299.0,20295.0,20295.5,5308
2026-02-11 09:37:00,20295.5,20295.75,20291.25,20292.25,4833
2026-02-11 09:38:00,20292.25,20294.5,20287.5,20291.5,5676
2026-02-11 09:39:00,20291.5,20292.0,20290.0,20290.0,3375
2026-02-11 09:40:00,20290.0,20290.25,20286.5,20286.75,3092
2026-02-11 09:41:00,20286.75,20292.75,20284.5,20288.75,5581
2026-02-11 09:42:00,20288.75,20290.5,20285.25,20290.25,8772
2026-02-11 09:43:00,20290.25,20291.0,20287.5,20289.25,4858
2026-02-11 09:44:00,20289.25,20291.75,20289.0,20291.0,6879
2026-02-11 09:45:00,20291.0,20291.75,20290.25,20291.75,5083
2026-02-11 09:46:00,20291.75,20294.0,20285.25,20289.25,7185
2026-02-11 09:47:00,20289.25,20290.0,20287.25,20289.5,6569
2026-02-11 09:48:00,20289.5,20292.0,20286.75,20290.0,5870
2026-02-11 09:49:00,20290.0,20291.5,20286.5,20286.75,5302
2026-02-11 09:50:00,20286.75,20291.25,20286.25,20287.5,5032
2026-02-11 09:51:00,20287.5,20290.75,20286.25,20287.0,6164
2026-02-11 09:52:00,20287.0,20287.75,20285.25,20285.75,3832
2026-02-11 09:53:00,20285.75,20287.25,20285.0,20285.75,3410
2026-02-11 09:54:00,20285.75,20291.5,20285.5,20291.25,8278
2026-02-11 09:55:00,20291.25,20296.0,20290.25,20291.0,3451
2026-02-11 09:56:00,20291.0,20294.0,20289.75,20293.0,4958
2026-02-11 09:57:00,20293.0,20299.25,20292.0,20295.25,8058
2026-02-11 09:58:00,20295.25,20297.0,20291.5,20296.75,5799
2026-02-11 09:59:00,20296.75,20298.25,20295.0,20297.5,8512
2026-02-11 10:00:00,20297.5,20299.5,20297.25,20298.25,3061
2026-02-11 10:01:00,20298.25,20299.0,20297.25,20297.25,2223
2026-02-11 10:02:00,20297.25,20299.0,20296.5,20298.25,2422
2026-02-11 10:03:00,20298.25,20299.0,20297.25,20297.25,1791
2026-02-11 10:04:00,20297.25,20297.5,20296.25,20296.5,2226
2026-02-11 10:05:00,20296.5,20297.0,20296.5,20296.75,2454
2026-02-11 10:06:00,20296.75,20297.25,20296.5,20296.75,1804
2026-02-11 10:07:00,20296.75,20297.25,20295.25,20295.25,3463
2026-02-11 10:08:00,20295.25,20299.0,20294.25,20296.25,4257
2026-02-11 10:09:00,20296.25,20297.25,20296.25,20296.75,2598
2026-02-11 10:10:00,20296.75,20297.25,20293.5,20295.0,4396
2026-02-11 10:11:00,20295.0,20296.0,20293.25,20293.5,1936
2026-02-11 10:12:00,20293.5,20294.5,20293.25,20294.5,2976
2026-02-11 10:13:00,20294.5,20295.5,20290.5,20294.25,2863
2026-02-11 10:14:00,20294.25,20297.0,20294.0,20294.0,1922
2026-02-11 10:15:00,20294.0,20294.75,20292.75,20293.5,4349
2026-02-11 10:16:00,20293.5,20294.5,20292.75,20293.75,2222
2026-02-11 10:17:00,20293.75,20294.25,20292.25,20294.25,2010
2026-02-11 10:18:00,20294.25,20295.5,20294.25,20295.0,2110
2026-02-11 10:19:00,20295.0,20297.25,20294.25,20294.75,3894
2026-02-11 10:20:00,20294.75,20295.75,20294.25,20295.5,2232
2026-02-11 10:21:00,20295.5,20295.5,20295.25,20295.5,1779
2026-02-11 10:22:00,20295.5,20296.5,20294.75,20296.25,1849
2026-02-11 10:23:00,20296.25,20296.5,20294.25,20295.25,4495
2026-02-11 10:24:00,20295.25,20298.25,20293.0,20296.25,2727
2026-02-11 10:25:00,20296.25,20298.5,20294.75,20297.25,3140
2026-02-11 10:26:00,20297.25,20297.25,20296.25,20296.5,4086
2026-02-11 10:27:00,20296.5,20298.25,20296.25,20298.0,2888
2026-02-11 10:28:00,20298.0,20298.0,20297.25,20297.5,3243
2026-02-11 10:29:00,20297.5,20299.0,20296.5,20297.5,1761
2026-02-11 10:30:00,20297.5,20299.25,20295.75,20296.25,2082
2026-02-11 10:31:00,20296.25,20296.25,20295.0,20296.0,2088
2026-02-11 10:32:00,20296.0,20296.5,20294.0,20294.25,3056
2026-02-11 10:33:00,20294.25,20295.0,20291.75,20293.0,2772
2026-02-11 10:34:00,20293.0,20294.75,20290.75,20291.75,1633
2026-02-11 10:35:00,20291.75,20292.0,20291.0,20292.0,3870
2026-02-11 10:36:00,20292.0,20293.25,20289.25,20292.75,2610
2026-02-11 10:37:00,20292.75,20294.25,20291.5,20292.25,1559
2026-02-11 10:38:00,20292.25,20292.25,20289.25,20290.25,4039
2026-02-11 10:39:00,20290.25,20290.5,20287.75,20289.0,4374
2026-02-11 10:40:00,20289.0,20290.25,20287.75,20288.25,4483
2026-02-11 10:41:00,20288.25,20289.25,20287.75,20289.0,4125
2026-02-11 10:42:00,20289.0,20290.0,20288.5,20289.25,3258
2026-02-11 10:43:00,20289.25,20289.75,20289.0,20289.0,3579
2026-02-11 10:44:00,20289.0,20289.5,20286.25,20288.25,3974
2026-02-11 10:45:00,20288.25,20292.75,20284.75,20291.25,3649
2026-02-11 10:46:00,20291.25,20292.5,20289.25,20292.25,2658
2026-02-11 10:47:00,20292.25,20293.25,20292.25,20293.0,3379
2026-02-11 10:48:00,20293.0,20293.0,20292.75,20293.0,2919
2026-02-11 10:49:00,20293.0,20294.5,20292.0,20294.5,3865
2026-02-11 10:50:00,20294.5,20294.75,20293.75,20294.25,4111
2026-02-11 10:51:00,20294.25,20295.25,20288.75,20292.75,2942
2026-02-11 10:52:00,20292.75,20294.25,20292.25,20293.75,1991
2026-02-11 10:53:00,20293.75,20295.25,20292.5,20293.25,4415
2026-02-11 10:54:00,20293.25,20293.5,20292.5,20293.0,2649
2026-02-11 10:55:00,20293.0,20294.75,20292.0,20292.5,4072
2026-02-11 10:56:00,20292.5,20293.5,20292.25,20293.25,2647
2026-02-11 10:57:00,20293.25,20293.5,20288.75,20293.0,3508
2026-02-11 10:58:00,20293.0,20294.25,20293.0,20293.5,4278
2026-02-11 10:59:00,20293.5,20295.75,20293.0,20295.25,3660
2026-02-11 11:00:00,20295.25,20296.5,20292.75,20293.5,4133
2026-02-11 11:01:00,20293.5,20294.75,20292.25,20292.75,2405
2026-02-11 11:02:00,20292.75,20295.0,20291.5,20295.0,2579
2026-02-11 11:03:00,20295.0,20295.25,20290.5,20294.75,4332
2026-02-11 11:04:00,20294.75,20295.5,20293.75,20295.5,3966
2026-02-11 11:05:00,20295.5,20296.5,20294.0,20295.25,2442
2026-02-11 11:06:00,20295.25,20297.25,20295.0,20296.0,1840
2026-02-11 11:07:00,20296.0,20298.5,20295.25,20296.75,3150
2026-02-11 11:08:00,20296.75,20300.25,20295.75,20299.5,2374
2026-02-11 11:09:00,20299.5,20300.0,20298.25,20300.0,2292
2026-02-11 11:10:00,20300.0,20303.75,20297.5,20300.5,3930
2026-02-11 11:11:00,20300.5,20302.75,20299.5,20300.5,4188
2026-02-11 11:12:00,20300.5,20304.5,20299.25,20302.5,2352
2026-02-11 11:13:00,20302.5,20307.75,20302.0,20304.25,2572
2026-02-11 11:14:00,20304.25,20306.5,20304.25,20305.0,3089
2026-02-11 11:15:00,20305.0,20308.0,20301.25,20304.75,1916
2026-02-11 11:16:00,20304.75,20305.0,20303.5,20305.0,2691
2026-02-11 11:17:00,20305.0,20306.5,20304.25,20304.25,2715
2026-02-11 11:18:00,20304.25,20305.5,20301.75,20302.25,1524
2026-02-11 11:19:00,20302.25,20302.75,20301.25,20302.0,3949
2026-02-11 11:20:00,20302.0,20304.0,20300.5,20300.5,4170
2026-02-11 11:21:00,20300.5,20300.75,20300.0,20300.25,3627
2026-02-11 11:22:00,20300.25,20301.25,20299.25,20300.75,3919
2026-02-11 11:23:00,20300.75,20304.0,20296.75,20299.5,2601
2026-02-11 11:24:00,20299.5,20301.0,20299.5,20301.0,2578
2026-02-11 11:25:00,20301.0,20301.25,20297.25,20300.0,3074
2026-02-11 11:26:00,20300.0,20301.0,20299.0,20301.0,1837
2026-02-11 11:27:00,20301.0,20301.5,20300.0,20300.0,4169
2026-02-11 11:28:00,20300.0,20301.5,20299.75,20300.75,2993
2026-02-11 11:29:00,20300.75,20301.25,20298.0,20299.75,1925
2026-02-11 11:30:00,20299.75,20300.0,20299.5,20299.5,1792
2026-02-11 11:31:00,20299.5,20300.0,20298.25,20300.0,783
2026-02-11 11:32:00,20300.0,20300.75,20298.5,20298.75,1336
2026-02-11 11:33:00,20298.75,20299.5,20298.5,20298.75,1227
2026-02-11 11:34:00,20298.75,20299.0,20298.25,20298.75,1383
2026-02-11 11:35:00,20298.75,20299.25,20298.75,20299.25,1612
2026-02-11 11:36:00,20299.25,20300.0,20299.0,20299.75,1261
2026-02-11 11:37:00,20299.75,20300.5,20298.75,20299.0,941
2026-02-11 11:38:00,20299.0,20299.75,20298.75,20299.75,1750
2026-02-11 11:39:00,20299.75,20300.0,20299.0,20299.75,788
2026-02-11 11:40:00,20299.75,20300.25,20299.25,20300.0,1375
2026-02-11 11:41:00,20300.0,20300.0,20298.75,20299.5,1208
2026-02-11 11:42:00,20299.5,20301.75,20299.0,20300.25,1361
2026-02-11 11:43:00,20300.25,20300.75,20299.25,20300.0,1068
2026-02-11 11:44:00,20300.0,20302.25,20300.0,20301.5,1409
2026-02-11 11:45:00,20301.5,20302.0,20300.75,20301.75,1798
2026-02-11 11:46:00,20301.75,20302.25,20301.5,20302.25,1578
2026-02-11 11:47:00,20302.25,20302.5,20301.75,20301.75,792
2026-02-11 11:48:00,20301.75,20302.5,20301.25,20302.25,777
2026-02-11 11:49:00,20302.25,20303.25,20302.0,20302.75,1624
2026-02-11 11:50:00,20302.75,20303.25,20301.75,20302.5,901
2026-02-11 11:51:00,20302.5,20303.5,20302.5,20302.5,1024
2026-02-11 11:52:00,20302.5,20302.75,20302.25,20302.75,630
2026-02-11 11:53:00,20302.75,20303.5,20301.5,20302.5,1439
2026-02-11 11:54:00,20302.5,20303.25,20302.0,20302.25,1063
2026-02-11 11:55:00,20302.25,20303.5,20301.75,20302.0,1656
2026-02-11 11:56:00,20302.0,20302.5,20302.0,20302.0,964
2026-02-11 11:57:00,20302.0,20302.25,20302.0,20302.0,1521
2026-02-11 11:58:00,20302.0,20302.75,20301.75,20302.0,912
2026-02-11 11:59:00,20302.0,20302.75,20300.75,20302.25,1209
2026-02-11 12:00:00,20302.25,20303.25,20301.0,20301.75,976
2026-02-11 12:01:00,20301.75,20302.25,20301.5,20302.0,660
2026-02-11 12:02:00,20302.0,20302.0,20300.5,20301.0,1599
2026-02-11 12:03:00,20301.0,20301.5,20299.75,20301.0,933
2026-02-11 12:04:00,20301.0,20301.0,20299.75,20300.25,1224
2026-02-11 12:05:00,20300.25,20300.25,20299.5,20300.0,749
2026-02-11 12:06:00,20300.0,20300.25,20300.0,20300.25,1597
2026-02-11 12:07:00,20300.25,20300.5,20299.0,20299.5,1258
2026-02-11 12:08:00,20299.5,20300.0,20299.0,20299.25,740
2026-02-11 12:09:00,20299.25,20299.25,20298.5,20298.5,618
2026-02-11 12:10:00,20298.5,20299.5,20298.25,20298.5,986
2026-02-11 12:11:00,20298.5,20300.5,20298.0,20299.75,1305
2026-02-11 12:12:00,20299.75,20301.25,20299.25,20299.75,823
2026-02-11 12:13:00,20299.75,20300.25,20299.75,20300.25,1527
2026-02-11 12:14:00,20300.25,20301.5,20300.25,20301.0,1348
2026-02-11 12:15:00,20301.0,20301.75,20300.75,20301.0,1049
2026-02-11 12:16:00,20301.0,20301.25,20301.0,20301.0,787
2026-02-11 12:17:00,20301.0,20302.0,20300.5,20300.5,1364
2026-02-11 12:18:00,20300.5,20300.75,20299.5,20299.75,1142
2026-02-11 12:19:00,20299.75,20300.0,20298.25,20299.0,1740
2026-02-11 12:20:00,20299.0,20299.75,20297.5,20299.25,1346
2026-02-11 12:21:00,20299.25,20299.5,20298.75,20299.0,605
2026-02-11 12:22:00,20299.0,20299.25,20299.0,20299.0,623
2026-02-11 12:23:00,20299.0,20299.75,20298.25,20299.25,1501
2026-02-11 12:24:00,20299.25,20300.25,20298.5,20300.25,1563
2026-02-11 12:25:00,20300.25,20300.75,20300.0,20300.25,749
2026-02-11 12:26:00,20300.25,20300.75,20299.0,20299.5,1693
2026-02-11 12:27:00,20299.5,20300.5,20299.5,20299.75,740
2026-02-11 12:28:00,20299.75,20300.0,20298.5,20299.0,1086
2026-02-11 12:29:00,20299.0,20299.75,20298.5,20299.0,854
2026-02-11 12:30:00,20299.0,20300.0,20298.75,20300.0,1292
2026-02-11 12:31:00,20300.0,20300.75,20299.25,20300.75,903
2026-02-11 12:32:00,20300.75,20301.5,20299.75,20300.5,1181
2026-02-11 12:33:00,20300.5,20301.75,20300.5,20301.25,968
2026-02-11 12:34:00,20301.25,20302.0,20301.0,20301.75,905
2026-02-11 12:35:00,20301.75,20303.5,20301.75,20302.25,1468
2026-02-11 12:36:00,20302.25,20302.75,20301.25,20301.75,1492
2026-02-11 12:37:00,20301.75,20301.75,20300.5,20301.25,1103
2026-02-11 12:38:00,20301.25,20301.25,20300.75,20300.75,1361
2026-02-11 12:39:00,20300.75,20301.5,20300.5,20301.25,1613
2026-02-11 12:40:00,20301.25,20301.75,20300.75,20301.5,1306
2026-02-11 12:41:00,20301.5,20302.0,20301.5,20302.0,1532
2026-02-11 12:42:00,20302.0,20303.25,20301.5,20303.0,1306
2026-02-11 12:43:00,20303.0,20303.25,20302.5,20302.75,1262
2026-02-11 12:44:00,20302.75,20303.25,20302.5,20302.75,1107
2026-02-11 12:45:00,20302.75,20304.0,20302.5,20302.5,955
2026-02-11 12:46:00,20302.5,20302.75,20301.0,20301.25,1679
2026-02-11 12:47:00,20301.25,20301.5,20300.5,20301.25,862
2026-02-11 12:48:00,20301.25,20301.75,20301.25,20301.5,665
2026-02-11 12:49:00,20301.5,20303.25,20300.0,20302.5,1663
2026-02-11 12:50:00,20302.5,20303.75,20301.75,20303.25,1776
2026-02-11 12:51:00,20303.25,20303.75,20303.25,20303.5,1353
2026-02-11 12:52:00,20303.5,20305.5,20303.0,20304.25,935
2026-02-11 12:53:00,20304.25,20304.75,20304.25,20304.25,741
2026-02-11 12:54:00,20304.25,20305.25,20303.5,20305.25,1278
2026-02-11 12:55:00,20305.25,20306.5,20303.5,20305.0,747
2026-02-11 12:56:00,20305.0,20305.5,20304.25,20304.5,1214
2026-02-11 12:57:00,20304.5,20304.75,20304.0,20304.25,805
2026-02-11 12:58:00,20304.25,20305.0,20303.75,20304.0,1538
2026-02-11 12:59:00,20304.0,20304.25,20302.75,20303.5,1492
2026-02-11 13:00:00,20303.5,20305.5,20303.0,20303.5,1162
2026-02-11 13:01:00,20303.5,20304.25,20302.25,20302.75,758
2026-02-11 13:02:00,20302.75,20304.0,20302.25,20302.25,1368
2026-02-11 13:03:00,20302.25,20304.75,20301.0,20302.5,761
2026-02-11 13:04:00,20302.5,20302.75,20302.0,20302.0,1222
2026-02-11 13:05:00,20302.0,20302.5,20301.75,20301.75,1432
2026-02-11 13:06:00,20301.75,20301.75,20300.25,20300.5,1231
2026-02-11 13:07:00,20300.5,20300.75,20300.5,20300.75,996
2026-02-11 13:08:00,20300.75,20302.75,20300.25,20302.0,636
2026-02-11 13:09:00,20302.0,20302.5,20301.5,20302.0,1300
2026-02-11 13:10:00,20302.0,20302.5,20301.5,20301.75,1757
2026-02-11 13:11:00,20301.75,20302.5,20301.0,20301.25,1534
2026-02-11 13:12:00,20301.25,20301.5,20300.25,20300.5,1000
2026-02-11 13:13:00,20300.5,20301.75,20300.0,20300.0,866
2026-02-11 13:14:00,20300.0,20300.75,20299.5,20300.25,1431
2026-02-11 13:15:00,20300.25,20300.5,20300.0,20300.0,1762
2026-02-11 13:16:00,20300.0,20300.5,20300.0,20300.0,825
2026-02-11 13:17:00,20300.0,20300.0,20298.25,20299.0,1301
2026-02-11 13:18:00,20299.0,20299.75,20297.0,20298.5,644
2026-02-11 13:19:00,20298.5,20299.75,20298.5,20298.75,887
2026-02-11 13:20:00,20298.75,20299.25,20298.0,20298.5,1616
2026-02-11 13:21:00,20298.5,20298.5,20297.25,20298.5,701
2026-02-11 13:22:00,20298.5,20298.75,20297.5,20297.75,1071
2026-02-11 13:23:00,20297.75,20298.75,20295.5,20298.25,1669
2026-02-11 13:24:00,20298.25,20299.25,20298.0,20298.5,1639
2026-02-11 13:25:00,20298.5,20299.0,20297.75,20298.5,914
2026-02-11 13:26:00,20298.5,20299.5,20298.5,20299.5,1195
2026-02-11 13:27:00,20299.5,20300.5,20298.75,20300.0,893
2026-02-11 13:28:00,20300.0,20301.75,20299.25,20301.5,881
2026-02-11 13:29:00,20301.5,20302.5,20301.25,20302.25,677
2026-02-11 13:30:00,20302.25,20304.0,20302.0,20302.75,2683
2026-02-11 13:31:00,20302.75,20303.25,20302.25,20302.75,3828
2026-02-11 13:32:00,20302.75,20304.25,20302.0,20303.5,3261
2026-02-11 13:33:00,20303.5,20304.0,20300.75,20303.75,3425
2026-02-11 13:34:00,20303.75,20303.75,20302.5,20303.0,3895
2026-02-11 13:35:00,20303.0,20307.75,20302.5,20305.5,1876
2026-02-11 13:36:00,20305.5,20306.5,20304.5,20304.5,2078
2026-02-11 13:37:00,20304.5,20304.75,20302.0,20302.25,3289
2026-02-11 13:38:00,20302.25,20302.5,20301.0,20302.0,2165
2026-02-11 13:39:00,20302.0,20302.5,20301.5,20302.5,3582
2026-02-11 13:40:00,20302.5,20303.75,20301.5,20303.5,1493
2026-02-11 13:41:00,20303.5,20305.0,20300.25,20304.0,1804
2026-02-11 13:42:00,20304.0,20305.25,20303.0,20303.0,3019
2026-02-11 13:43:00,20303.0,20303.5,20302.5,20303.5,1697
2026-02-11 13:44:00,20303.5,20304.5,20301.5,20304.0,3465
2026-02-11 13:45:00,20304.0,20306.25,20303.5,20303.5,2913
2026-02-11 13:46:00,20303.5,20306.0,20303.0,20304.25,3333
2026-02-11 13:47:00,20304.25,20304.5,20302.5,20302.75,3995
2026-02-11 13:48:00,20302.75,20303.75,20299.5,20303.25,1578
2026-02-11 13:49:00,20303.25,20303.75,20303.0,20303.25,1614
2026-02-11 13:50:00,20303.25,20306.25,20303.0,20305.75,2022
2026-02-11 13:51:00,20305.75,20306.0,20305.0,20305.0,2208
2026-02-11 13:52:00,20305.0,20306.75,20304.75,20306.25,3842
2026-02-11 13:53:00,20306.25,20306.25,20305.5,20305.5,2182
2026-02-11 13:54:00,20305.5,20306.5,20305.25,20305.75,1582
2026-02-11 13:55:00,20305.75,20306.75,20302.5,20306.5,2325
2026-02-11 13:56:00,20306.5,20307.0,20304.0,20304.75,3577
2026-02-11 13:57:00,20304.75,20305.0,20303.5,20304.5,2932
2026-02-11 13:58:00,20304.5,20305.25,20303.25,20304.5,2334
2026-02-11 13:59:00,20304.5,20305.75,20304.0,20304.75,2554
2026-02-11 14:00:00,20304.75,20305.0,20303.0,20303.25,3050
2026-02-11 14:01:00,20303.25,20303.25,20302.5,20302.5,1452
2026-02-11 14:02:00,20302.5,20303.0,20302.0,20302.5,3089
2026-02-11 14:03:00,20302.5,20303.75,20301.0,20303.5,1526
2026-02-11 14:04:00,20303.5,20304.5,20302.75,20304.25,3590
2026-02-11 14:05:00,20304.25,20304.75,20303.5,20304.5,1720
2026-02-11 14:06:00,20304.5,20307.25,20304.0,20304.5,2110
2026-02-11 14:07:00,20304.5,20305.75,20299.75,20303.0,1693
2026-02-11 14:08:00,20303.0,20304.75,20301.75,20302.25,3436
2026-02-11 14:09:00,20302.25,20302.25,20298.25,20301.5,1732
2026-02-11 14:10:00,20301.5,20301.75,20300.5,20301.5,3217
2026-02-11 14:11:00,20301.5,20301.75,20299.75,20299.75,3914
2026-02-11 14:12:00,20299.75,20302.0,20298.0,20301.0,3936
2026-02-11 14:13:00,20301.0,20301.25,20297.75,20298.0,1893
2026-02-11 14:14:00,20298.0,20300.25,20296.0,20296.25,1663
2026-02-11 14:15:00,20296.25,20297.5,20294.75,20297.0,2829
2026-02-11 14:16:00,20297.0,20299.75,20296.25,20299.25,2205
2026-02-11 14:17:00,20299.25,20300.5,20298.5,20300.5,3461
2026-02-11 14:18:00,20300.5,20303.5,20299.5,20302.75,1653
2026-02-11 14:19:00,20302.75,20304.0,20302.75,20302.75,2444
2026-02-11 14:20:00,20302.75,20303.75,20301.75,20303.0,3706
2026-02-11 14:21:00,20303.0,20303.0,20302.25,20302.5,2853
2026-02-11 14:22:00,20302.5,20305.0,20302.5,20304.25,3867
2026-02-11 14:23:00,20304.25,20304.75,20303.0,20304.25,2672
2026-02-11 14:24:00,20304.25,20305.75,20303.5,20305.25,2076
2026-02-11 14:25:00,20305.25,20310.25,20302.5,20304.25,2518
2026-02-11 14:26:00,20304.25,20305.5,20302.5,20305.25,2520
2026-02-11 14:27:00,20305.25,20306.0,20304.5,20305.5,3592
2026-02-11 14:28:00,20305.5,20306.5,20305.25,20305.5,2315
2026-02-11 14:29:00,20305.5,20306.5,20303.5,20304.75,2415
2026-02-11 14:30:00,20304.75,20307.0,20301.75,20305.75,3309
2026-02-11 14:31:00,20305.75,20308.0,20305.5,20307.25,2413
2026-02-11 14:32:00,20307.25,20307.5,20306.5,20307.25,2557
2026-02-11 14:33:00,20307.25,20308.0,20306.25,20308.0,2694
2026-02-11 14:34:00,20308.0,20308.5,20305.5,20307.0,3429
2026-02-11 14:35:00,20307.0,20308.0,20307.0,20307.5,3443
2026-02-11 14:36:00,20307.5,20308.25,20304.0,20306.75,3905
2026-02-11 14:37:00,20306.75,20307.5,20306.5,20306.5,1586
2026-02-11 14:38:00,20306.5,20309.0,20306.0,20306.25,2477
2026-02-11 14:39:00,20306.25,20308.25,20306.0,20307.5,3724
2026-02-11 14:40:00,20307.5,20308.5,20307.0,20308.0,2353
2026-02-11 14:41:00,20308.0,20309.5,20306.5,20308.25,1652
2026-02-11 14:42:00,20308.25,20309.0,20306.75,20307.25,2090
2026-02-11 14:43:00,20307.25,20307.75,20306.75,20307.75,3432
2026-02-11 14:44:00,20307.75,20308.75,20307.0,20308.75,1557
2026-02-11 14:45:00,20308.75,20313.0,20308.75,20310.5,3846
2026-02-11 14:46:00,20310.5,20311.0,20310.25,20311.0,1824
2026-02-11 14:47:00,20311.0,20312.75,20309.5,20310.5,2917
2026-02-11 14:48:00,20310.5,20311.25,20309.5,20309.5,2683
2026-02-11 14:49:00,20309.5,20310.75,20308.25,20308.75,3753
2026-02-11 14:50:00,20308.75,20311.5,20308.5,20309.75,1634
2026-02-11 14:51:00,20309.75,20313.5,20308.75,20310.75,2309
2026-02-11 14:52:00,20310.75,20310.75,20309.75,20310.5,3173
2026-02-11 14:53:00,20310.5,20312.5,20310.5,20311.5,2577
2026-02-11 14:54:00,20311.5,20313.75,20310.75,20312.75,2856
2026-02-11 14:55:00,20312.75,20312.75,20311.25,20312.0,1754
2026-02-11 14:56:00,20312.0,20314.0,20309.25,20310.25,1861
2026-02-11 14:57:00,20310.25,20310.25,20307.5,20308.75,2846
2026-02-11 14:58:00,20308.75,20309.5,20307.75,20307.75,2365
2026-02-11 14:59:00,20307.75,20312.0,20306.75,20309.25,2828
2026-02-11 15:00:00,20309.25,20311.0,20308.0,20308.5,1901
2026-02-11 15:01:00,20308.5,20308.75,20307.0,20308.5,2257
2026-02-11 15:02:00,20308.5,20309.0,20307.75,20308.75,3485
2026-02-11 15:03:00,20308.75,20309.5,20306.75,20308.0,1689
2026-02-11 15:04:00,20308.0,20308.75,20306.0,20307.25,1965
2026-02-11 15:05:00,20307.25,20307.75,20304.75,20307.25,2082
2026-02-11 15:06:00,20307.25,20307.5,20305.75,20306.75,1639
2026-02-11 15:07:00,20306.75,20307.25,20305.0,20306.75,3172
2026-02-11 15:08:00,20306.75,20307.5,20306.25,20306.25,1481
2026-02-11 15:09:00,20306.25,20306.5,20304.0,20304.75,3070
2026-02-11 15:10:00,20304.75,20307.5,20303.25,20306.0,3313
2026-02-11 15:11:00,20306.0,20306.25,20305.5,20305.5,3061
2026-02-11 15:12:00,20305.5,20306.5,20305.0,20306.25,3119
2026-02-11 15:13:00,20306.25,20306.25,20302.75,20304.25,3159
2026-02-11 15:14:00,20304.25,20304.75,20302.75,20303.0,1584
2026-02-11 15:15:00,20303.0,20304.0,20302.25,20303.5,3833
2026-02-11 15:16:00,20303.5,20304.75,20303.0,20303.75,2206
2026-02-11 15:17:00,20303.75,20305.0,20303.75,20304.75,2949
2026-02-11 15:18:00,20304.75,20305.0,20303.0,20303.0,3788
2026-02-11 15:19:00,20303.0,20303.0,20302.0,20302.5,3489
2026-02-11 15:20:00,20302.5,20302.75,20301.25,20301.5,2156
2026-02-11 15:21:00,20301.5,20302.25,20300.75,20301.0,1989
2026-02-11 15:22:00,20301.0,20303.0,20300.75,20302.5,2883
2026-02-11 15:23:00,20302.5,20304.0,20299.75,20303.25,1601
2026-02-11 15:24:00,20303.25,20305.5,20302.5,20303.25,3561
2026-02-11 15:25:00,20303.25,20304.75,20300.25,20300.5,1975
2026-02-11 15:26:00,20300.5,20302.75,20300.25,20301.25,3759
2026-02-11 15:27:00,20301.25,20302.5,20299.5,20301.75,3895
2026-02-11 15:28:00,20301.75,20305.25,20301.5,20303.5,1477
2026-02-11 15:29:00,20303.5,20304.25,20301.5,20301.5,1506
2026-02-11 15:30:00,20301.5,20304.75,20300.5,20302.25,3773
2026-02-11 15:31:00,20302.25,20305.0,20298.5,20303.5,6022
2026-02-11 15:32:00,20303.5,20307.5,20303.0,20306.0,3814
2026-02-11 15:33:00,20306.0,20311.25,20305.75,20309.75,7188
2026-02-11 15:34:00,20309.75,20310.25,20309.75,20310.25,5281
2026-02-11 15:35:00,20310.25,20312.5,20307.5,20310.75,3539
2026-02-11 15:36:00,20310.75,20311.0,20309.75,20310.0,7285
2026-02-11 15:37:00,20310.0,20311.75,20310.0,20311.25,3927
2026-02-11 15:38:00,20311.25,20314.0,20311.0,20311.75,6972
2026-02-11 15:39:00,20311.75,20312.75,20310.25,20310.75,3869
2026-02-11 15:40:00,20310.75,20311.0,20307.5,20307.75,3905
2026-02-11 15:41:00,20307.75,20310.75,20307.0,20310.25,7127
2026-02-11 15:42:00,20310.25,20311.75,20306.75,20310.0,6788
2026-02-11 15:43:00,20310.0,20312.5,20309.25,20311.75,3643
2026-02-11 15:44:00,20311.75,20312.25,20308.75,20310.75,4946
2026-02-11 15:45:00,20310.75,20311.0,20310.0,20310.5,6811
2026-02-11 15:46:00,20310.5,20312.75,20309.25,20311.0,3676
2026-02-11 15:47:00,20311.0,20312.5,20305.0,20310.0,8470
2026-02-11 15:48:00,20310.0,20310.75,20309.25,20309.5,3916
2026-02-11 15:49:00,20309.5,20310.25,20307.75,20309.0,4250
2026-02-11 15:50:00,20309.0,20310.25,20300.5,20304.75,4664
2026-02-11 15:51:00,20304.75,20307.0,20304.25,20306.25,6771
2026-02-11 15:52:00,20306.25,20308.75,20305.75,20307.25,7922
2026-02-11 15:53:00,20307.25,20310.5,20302.75,20309.5,5649
2026-02-11 15:54:00,20309.5,20310.0,20309.5,20309.75,5434
2026-02-11 15:55:00,20309.75,20310.5,20309.5,20310.5,5658
2026-02-11 15:56:00,20310.5,20312.0,20309.5,20310.0,5516
2026-02-11 15:57:00,20310.0,20312.75,20307.5,20310.0,7260
2026-02-11 15:58:00,20310.0,20310.5,20306.75,20308.5,6556
2026-02-11 15:59:00,20308.5,20310.5,20308.5,20310.25,7639
2026-02-12 09:30:00,20310.25,20310.5,20309.25,20310.25,8335
2026-02-12 09:31:00,20310.25,20312.25,20308.5,20309.5,4444
2026-02-12 09:32:00,20309.5,20311.75,20309.25,20311.25,5353
2026-02-12 09:33:00,20311.25,20313.5,20305.0,20311.0,6164
2026-02-12 09:34:00,20311.0,20313.25,20309.5,20311.5,4522
2026-02-12 09:35:00,20311.5,20314.0,20311.5,20312.75,8864
2026-02-12 09:36:00,20312.75,20317.0,20311.75,20311.75,4755
2026-02-12 09:37:00,20311.75,20312.5,20310.5,20311.25,5205
2026-02-12 09:38:00,20311.25,20311.5,20304.25,20309.0,5753
2026-02-12 09:39:00,20309.0,20311.25,20308.0,20309.5,3689
2026-02-12 09:40:00,20309.5,20311.25,20307.0,20310.25,5872
2026-02-12 09:41:00,20310.25,20313.5,20309.25,20312.5,5165
2026-02-12 09:42:00,20312.5,20315.0,20311.5,20311.5,4516
2026-02-12 09:43:00,20311.5,20312.25,20309.5,20311.0,7977
2026-02-12 09:44:00,20311.0,20317.25,20310.75,20316.5,6140
2026-02-12 09:45:00,20316.5,20317.0,20312.75,20313.0,6588
2026-02-12 09:46:00,20313.0,20318.75,20312.5,20318.0,7464
2026-02-12 09:47:00,20318.0,20320.25,20317.5,20319.0,5225
2026-02-12 09:48:00,20319.0,20326.0,20318.25,20324.5,6972
2026-02-12 09:49:00,20324.5,20328.0,20316.25,20320.75,5690
2026-02-12 09:50:00,20320.75,20326.0,20314.25,20323.5,6596
2026-02-12 09:51:00,20323.5,20324.75,20322.0,20322.5,3681
2026-02-12 09:52:00,20322.5,20327.0,20319.5,20325.5,7709
2026-02-12 09:53:00,20325.5,20330.25,20320.25,20326.5,7208
2026-02-12 09:54:00,20326.5,20329.25,20326.5,20327.5,4834
2026-02-12 09:55:00,20327.5,20328.0,20326.75,20326.75,4166
2026-02-12 09:56:00,20326.75,20327.0,20323.75,20326.5,8401
2026-02-12 09:57:00,20326.5,20331.0,20326.25,20329.25,8941
2026-02-12 09:58:00,20329.25,20332.25,20325.5,20327.25,4788
2026-02-12 09:59:00,20327.25,20332.0,20324.75,20327.25,3833
2026-02-12 10:00:00,20327.25,20330.25,20325.5,20330.25,2212
2026-02-12 10:01:00,20330.25,20331.25,20327.75,20328.25,4164
2026-02-12 10:02:00,20328.25,20330.75,20327.25,20329.75,1794
2026-02-12 10:03:00,20329.75,20331.25,20327.25,20329.25,3488
2026-02-12 10:04:00,20329.25,20330.5,20327.5,20330.25,4095
2026-02-12 10:05:00,20330.25,20330.25,20329.0,20329.5,3347
2026-02-12 10:06:00,20329.5,20330.0,20329.0,20329.75,3484
2026-02-12 10:07:00,20329.75,20330.5,20328.75,20329.25,3284
2026-02-12 10:08:00,20329.25,20332.25,20328.75,20329.75,2482
2026-02-12 10:09:00,20329.75,20330.25,20329.25,20330.0,3563
2026-02-12 10:10:00,20330.0,20330.75,20327.75,20328.0,1874
2026-02-12 10:11:00,20328.0,20328.25,20326.75,20327.25,4385
2026-02-12 10:12:00,20327.25,20327.5,20323.75,20324.5,3098
2026-02-12 10:13:00,20324.5,20326.0,20324.0,20324.5,3619
2026-02-12 10:14:00,20324.5,20324.5,20323.0,20323.25,2706
2026-02-12 10:15:00,20323.25,20325.75,20322.75,20325.25,2064
2026-02-12 10:16:00,20325.25,20328.0,20324.25,20327.75,4068
2026-02-12 10:17:00,20327.75,20328.0,20327.25,20327.75,1833
2026-02-12 10:18:00,20327.75,20329.5,20327.0,20329.25,3127
2026-02-12 10:19:00,20329.25,20330.0,20327.5,20328.75,3639
2026-02-12 10:20:00,20328.75,20330.75,20328.5,20329.0,2664
2026-02-12 10:21:00,20329.0,20331.25,20328.75,20330.75,1932
2026-02-12 10:22:00,20330.75,20332.25,20330.75,20332.0,1895
2026-02-12 10:23:00,20332.0,20335.0,20331.75,20333.5,3873
2026-02-12 10:24:00,20333.5,20335.75,20332.5,20334.0,1945
2026-02-12 10:25:00,20334.0,20335.0,20333.0,20333.25,4390
2026-02-12 10:26:00,20333.25,20335.0,20333.0,20334.5,4129
2026-02-12 10:27:00,20334.5,20334.75,20331.75,20331.75,3425
2026-02-12 10:28:00,20331.75,20332.75,20331.5,20332.0,2599
2026-02-12 10:29:00,20332.0,20334.0,20330.75,20333.75,3086
2026-02-12 10:30:00,20333.75,20335.5,20333.25,20335.25,3065
2026-02-12 10:31:00,20335.25,20338.5,20335.0,20338.0,2004
2026-02-12 10:32:00,20338.0,20339.75,20337.0,20337.25,2052
2026-02-12 10:33:00,20337.25,20338.5,20335.25,20335.25,2840
2026-02-12 10:34:00,20335.25,20337.5,20333.25,20334.75,3409
2026-02-12 10:35:00,20334.75,20335.0,20333.5,20334.5,2816
2026-02-12 10:36:00,20334.5,20334.75,20333.0,20334.5,1922
2026-02-12 10:37:00,20334.5,20335.25,20333.75,20334.25,3032
2026-02-12 10:38:00,20334.25,20334.5,20333.75,20333.75,4068
2026-02-12 10:39:00,20333.75,20336.25,20331.25,20336.25,2834
2026-02-12 10:40:00,20336.25,20337.25,20335.75,20336.0,1518
2026-02-12 10:41:00,20336.0,20339.5,20335.5,20336.0,3593
2026-02-12 10:42:00,20336.0,20336.0,20333.75,20334.0,3955
2026-02-12 10:43:00,20334.0,20335.75,20333.25,20334.5,3407
2026-02-12 10:44:00,20334.5,20334.5,20330.5,20332.25,3918
2026-02-12 10:45:00,20332.25,20332.25,20331.25,20332.0,1515
2026-02-12 10:46:00,20332.0,20336.0,20331.5,20333.0,3772
2026-02-12 10:47:00,20333.0,20336.25,20332.5,20334.75,3981
2026-02-12 10:48:00,20334.75,20335.25,20332.5,20332.75,2986
2026-02-12 10:49:00,20332.75,20334.0,20332.0,20334.0,2324
2026-02-12 10:50:00,20334.0,20334.5,20333.75,20334.0,3761
2026-02-12 10:51:00,20334.0,20334.25,20332.0,20333.0,2339
2026-02-12 10:52:00,20333.0,20333.5,20332.5,20333.0,2910
2026-02-12 10:53:00,20333.0,20334.25,20331.75,20332.5,2310
2026-02-12 10:54:00,20332.5,20334.0,20330.25,20331.0,3702
2026-02-12 10:55:00,20331.0,20333.5,20328.25,20330.0,1869
2026-02-12 10:56:00,20330.0,20332.0,20329.75,20330.75,2727
2026-02-12 10:57:00,20330.75,20332.0,20330.75,20331.75,4243
2026-02-12 10:58:00,20331.75,20332.5,20331.75,20332.5,3376
2026-02-12 10:59:00,20332.5,20334.75,20331.0,20334.5,2492
2026-02-12 11:00:00,20334.5,20334.5,20331.75,20332.0,3368
2026-02-12 11:01:00,20332.0,20332.5,20328.5,20329.25,3133
2026-02-12 11:02:00,20329.25,20329.5,20328.5,20329.0,4259
2026-02-12 11:03:00,20329.0,20329.25,20325.75,20327.25,2601
2026-02-12 11:04:00,20327.25,20329.5,20323.25,20325.5,3219
2026-02-12 11:05:00,20325.5,20325.75,20324.0,20324.5,4422
2026-02-12 11:06:00,20324.5,20326.0,20323.5,20325.0,1672
2026-02-12 11:07:00,20325.0,20325.5,20324.5,20324.75,3356
2026-02-12 11:08:00,20324.75,20325.75,20324.75,20325.25,2287
2026-02-12 11:09:00,20325.25,20325.75,20323.5,20325.25,3827
2026-02-12 11:10:00,20325.25,20325.5,20322.0,20324.25,4187
2026-02-12 11:11:00,20324.25,20325.5,20322.25,20322.25,2649
2026-02-12 11:12:00,20322.25,20325.75,20320.75,20322.5,2117
2026-02-12 11:13:00,20322.5,20323.75,20320.25,20320.75,3954
2026-02-12 11:14:00,20320.75,20323.5,20318.75,20319.75,3610
2026-02-12 11:15:00,20319.75,20320.0,20318.5,20319.75,3562
2026-02-12 11:16:00,20319.75,20320.75,20319.0,20319.25,2064
2026-02-12 11:17:00,20319.25,20322.25,20318.5,20320.5,3703
2026-02-12 11:18:00,20320.5,20322.25,20317.25,20319.75,2257
2026-02-12 11:19:00,20319.75,20322.5,20317.25,20318.5,2044
2026-02-12 11:20:00,20318.5,20318.5,20315.75,20317.5,2404
2026-02-12 11:21:00,20317.5,20318.25,20315.25,20318.25,3762
2026-02-12 11:22:00,20318.25,20318.25,20315.75,20316.75,3498
2026-02-12 11:23:00,20316.75,20317.0,20314.0,20315.75,4144
2026-02-12 11:24:00,20315.75,20316.5,20314.5,20316.0,3318
2026-02-12 11:25:00,20316.0,20318.0,20316.0,20317.0,3949
2026-02-12 11:26:00,20317.0,20317.0,20315.0,20315.25,2083
2026-02-12 11:27:00,20315.25,20315.25,20311.5,20312.75,2819
2026-02-12 11:28:00,20312.75,20316.5,20312.5,20314.25,3935
2026-02-12 11:29:00,20314.25,20315.25,20313.25,20314.75,2211
2026-02-12 11:30:00,20314.75,20314.75,20313.75,20314.0,1246
2026-02-12 11:31:00,20314.0,20314.75,20313.75,20314.75,1455
2026-02-12 11:32:00,20314.75,20315.25,20312.25,20314.5,1310
2026-02-12 11:33:00,20314.5,20315.0,20313.75,20314.25,1199
2026-02-12 11:34:00,20314.25,20314.75,20313.0,20313.25,1651
2026-02-12 11:35:00,20313.25,20313.5,20311.75,20312.0,1482
2026-02-12 11:36:00,20312.0,20312.0,20311.25,20311.5,1663
2026-02-12 11:37:00,20311.5,20311.5,20309.5,20310.25,1610
2026-02-12 11:38:00,20310.25,20311.75,20310.0,20310.0,1669
2026-02-12 11:39:00,20310.0,20310.75,20309.75,20309.75,950
2026-02-12 11:40:00,20309.75,20310.75,20308.25,20310.75,769
2026-02-12 11:41:00,20310.75,20311.0,20309.75,20310.0,1767
2026-02-12 11:42:00,20310.0,20313.0,20309.75,20311.75,1167
2026-02-12 11:43:00,20311.75,20312.75,20311.0,20312.25,1497
2026-02-12 11:44:00,20312.25,20312.75,20311.0,20311.25,1131
2026-02-12 11:45:00,20311.25,20311.75,20311.0,20311.5,1795
2026-02-12 11:46:00,20311.5,20312.25,20310.5,20311.0,868
2026-02-12 11:47:00,20311.0,20311.5,20310.75,20311.25,946
2026-02-12 11:48:00,20311.25,20312.25,20311.0,20311.5,1524
2026-02-12 11:49:00,20311.5,20312.0,20311.5,20312.0,679
2026-02-12 11:50:00,20312.0,20313.0,20311.75,20312.75,1439
2026-02-12 11:51:00,20312.75,20313.0,20311.25,20312.0,734
2026-02-12 11:52:00,20312.0,20312.5,20311.75,20311.75,874
2026-02-12 11:53:00,20311.75,20313.0,20310.5,20312.25,921
2026-02-12 11:54:00,20312.25,20312.5,20311.75,20311.75,694
2026-02-12 11:55:00,20311.75,20312.25,20311.0,20312.0,1636
2026-02-12 11:56:00,20312.0,20313.0,20310.25,20311.25,928
2026-02-12 11:57:00,20311.25,20311.5,20311.0,20311.25,735
2026-02-12 11:58:00,20311.25,20312.0,20310.75,20312.0,1725
2026-02-12 11:59:00,20312.0,20313.0,20312.0,20312.75,1695
2026-02-12 12:00:00,20312.75,20313.5,20311.0,20312.0,1062
2026-02-12 12:01:00,20312.0,20312.75,20311.5,20312.5,1384
2026-02-12 12:02:00,20312.5,20312.5,20312.0,20312.5,1261
2026-02-12 12:03:00,20312.5,20312.5,20310.75,20311.75,1760
2026-02-12 12:04:00,20311.75,20313.5,20311.25,20312.75,1110
2026-02-12 12:05:00,20312.75,20314.0,20312.75,20313.75,1723
2026-02-12 12:06:00,20313.75,20314.25,20313.5,20314.25,1575
2026-02-12 12:07:00,20314.25,20314.75,20314.25,20314.25,923
2026-02-12 12:08:00,20314.25,20315.25,20314.0,20314.5,620
2026-02-12 12:09:00,20314.5,20315.5,20314.25,20315.25,1419
2026-02-12 12:10:00,20315.25,20316.0,20314.5,20315.0,1323
2026-02-12 12:11:00,20315.0,20315.75,20314.0,20314.25,829
2026-02-12 12:12:00,20314.25,20314.25,20313.75,20314.0,1392
2026-02-12 12:13:00,20314.0,20314.5,20313.75,20314.0,1179
2026-02-12 12:14:00,20314.0,20314.25,20312.5,20313.5,1664
2026-02-12 12:15:00,20313.5,20313.75,20312.25,20313.0,1573
2026-02-12 12:16:00,20313.0,20314.0,20312.25,20313.75,919
2026-02-12 12:17:00,20313.75,20314.0,20313.75,20314.0,1497
2026-02-12 12:18:00,20314.0,20314.5,20313.5,20314.5,1285
2026-02-12 12:19:00,20314.5,20315.25,20314.5,20315.25,1493
2026-02-12 12:20:00,20315.25,20316.0,20314.75,20315.0,1267
2026-02-12 12:21:00,20315.0,20315.75,20315.0,20315.0,698
2026-02-12 12:22:00,20315.0,20315.5,20315.0,20315.0,1276
2026-02-12 12:23:00,20315.0,20315.5,20314.5,20315.0,1600
2026-02-12 12:24:00,20315.0,20315.25,20314.5,20314.5,1444
2026-02-12 12:25:00,20314.5,20315.75,20314.25,20315.75,1324
2026-02-12 12:26:00,20315.75,20316.75,20315.25,20316.75,1292
2026-02-12 12:27:00,20316.75,20317.75,20315.75,20317.0,1658
2026-02-12 12:28:00,20317.0,20317.75,20316.5,20317.5,973
2026-02-12 12:29:00,20317.5,20317.75,20317.25,20317.75,758
2026-02-12 12:30:00,20317.75,20318.75,20316.75,20318.5,769
2026-02-12 12:31:00,20318.5,20318.75,20318.0,20318.25,787
2026-02-12 12:32:00,20318.25,20318.5,20318.0,20318.25,948
2026-02-12 12:33:00,20318.25,20318.5,20317.75,20318.5,636
2026-02-12 12:34:00,20318.5,20319.0,20317.25,20317.75,1425
2026-02-12 12:35:00,20317.75,20318.0,20316.0,20317.75,1291
2026-02-12 12:36:00,20317.75,20317.75,20316.75,20316.75,1235
2026-02-12 12:37:00,20316.75,20316.75,20316.25,20316.5,1645
2026-02-12 12:38:00,20316.5,20317.0,20316.0,20316.0,1655
2026-02-12 12:39:00,20316.0,20319.0,20315.25,20315.5,1346
2026-02-12 12:40:00,20315.5,20315.5,20313.25,20314.75,944
2026-02-12 12:41:00,20314.75,20315.0,20314.25,20315.0,1537
2026-02-12 12:42:00,20315.0,20315.5,20314.75,20314.75,1288
2026-02-12 12:43:00,20314.75,20315.75,20314.75,20315.5,1310
2026-02-12 12:44:00,20315.5,20316.25,20313.5,20314.5,1218
2026-02-12 12:45:00,20314.5,20314.5,20313.75,20314.5,1250
2026-02-12 12:46:00,20314.5,20314.75,20314.0,20314.75,907
2026-02-12 12:47:00,20314.75,20315.0,20314.75,20314.75,779
2026-02-12 12:48:00,20314.75,20315.5,20314.0,20314.5,1371
2026-02-12 12:49:00,20314.5,20316.25,20314.25,20316.0,1561
2026-02-12 12:50:00,20316.0,20316.0,20315.5,20315.75,1335
2026-02-12 12:51:00,20315.75,20317.0,20315.5,20316.0,814
2026-02-12 12:52:00,20316.0,20316.75,20315.75,20316.75,769
2026-02-12 12:53:00,20316.75,20317.75,20316.5,20317.5,1173
2026-02-12 12:54:00,20317.5,20318.0,20317.0,20318.0,1550
2026-02-12 12:55:00,20318.0,20318.75,20317.75,20318.25,1376
2026-02-12 12:56:00,20318.25,20319.0,20318.0,20318.75,915
2026-02-12 12:57:00,20318.75,20319.25,20317.5,20318.5,1377
2026-02-12 12:58:00,20318.5,20318.75,20317.0,20317.0,1069
2026-02-12 12:59:00,20317.0,20319.0,20316.5,20317.25,764
2026-02-12 13:00:00,20317.25,20318.5,20316.5,20318.25,1081
2026-02-12 13:01:00,20318.25,20318.5,20317.5,20317.5,1450
2026-02-12 13:02:00,20317.5,20317.5,20317.0,20317.25,1760
2026-02-12 13:03:00,20317.25,20318.0,20315.75,20317.5,1518
2026-02-12 13:04:00,20317.5,20318.5,20316.5,20318.25,1643
2026-02-12 13:05:00,20318.25,20319.25,20318.0,20318.25,803
2026-02-12 13:06:00,20318.25,20318.75,20317.75,20317.75,1676
2026-02-12 13:07:00,20317.75,20318.25,20316.75,20317.25,1601
2026-02-12 13:08:00,20317.25,20317.5,20315.0,20317.5,808
2026-02-12 13:09:00,20317.5,20318.5,20317.5,20318.0,1473
2026-02-12 13:10:00,20318.0,20318.5,20316.75,20317.0,1485
2026-02-12 13:11:00,20317.0,20317.25,20315.0,20315.5,839
2026-02-12 13:12:00,20315.5,20315.75,20314.5,20315.5,1359
2026-02-12 13:13:00,20315.5,20315.5,20315.25,20315.25,652
2026-02-12 13:14:00,20315.25,20315.5,20314.25,20314.25,1609
2026-02-12 13:15:00,20314.25,20315.5,20313.25,20314.5,779
2026-02-12 13:16:00,20314.5,20317.25,20314.5,20315.25,635
2026-02-12 13:17:00,20315.25,20315.25,20313.75,20314.0,1491
2026-02-12 13:18:00,20314.0,20314.75,20313.0,20313.5,705
2026-02-12 13:19:00,20313.5,20313.5,20312.5,20313.0,1486
2026-02-12 13:20:00,20313.0,20313.5,20311.75,20312.0,1594
2026-02-12 13:21:00,20312.0,20313.0,20311.75,20312.25,669
2026-02-12 13:22:00,20312.25,20313.0,20312.0,20312.0,1647
2026-02-12 13:23:00,20312.0,20312.25,20311.0,20312.0,1672
2026-02-12 13:24:00,20312.0,20313.5,20310.75,20312.75,1146
2026-02-12 13:25:00,20312.75,20313.0,20312.25,20312.25,1088
2026-02-12 13:26:00,20312.25,20312.75,20311.75,20312.5,693
2026-02-12 13:27:00,20312.5,20313.5,20311.0,20312.75,828
2026-02-12 13:28:00,20312.75,20313.5,20312.0,20312.0,939
2026-02-12 13:29:00,20312.0,20312.0,20310.25,20310.25,1559
2026-02-12 13:30:00,20310.25,20311.25,20307.5,20309.75,2410
2026-02-12 13:31:00,20309.75,20310.25,20307.0,20307.5,3943
2026-02-12 13:32:00,20307.5,20308.5,20305.75,20308.5,1555
2026-02-12 13:33:00,20308.5,20310.0,20308.0,20309.25,2822
2026-02-12 13:34:00,20309.25,20310.0,20305.25,20307.5,3178
2026-02-12 13:35:00,20307.5,20309.25,20306.5,20309.0,2829
2026-02-12 13:36:00,20309.0,20309.25,20308.25,20308.5,2127
2026-02-12 13:37:00,20308.5,20310.0,20308.25,20309.75,1871
2026-02-12 13:38:00,20309.75,20310.75,20309.5,20309.75,3653
2026-02-12 13:39:00,20309.75,20310.75,20308.75,20310.25,3098
2026-02-12 13:40:00,20310.25,20311.0,20308.5,20309.75,2128
2026-02-12 13:41:00,20309.75,20310.5,20309.5,20309.5,3848
2026-02-12 13:42:00,20309.5,20311.25,20309.0,20310.0,2187
2026-02-12 13:43:00,20310.0,20310.25,20306.75,20309.25,3578
2026-02-12 13:44:00,20309.25,20310.5,20307.5,20307.75,2969
2026-02-12 13:45:00,20307.75,20307.75,20306.75,20307.25,3494
2026-02-12 13:46:00,20307.25,20307.75,20305.5,20306.5,1690
2026-02-12 13:47:00,20306.5,20307.0,20306.25,20306.5,3799
2026-02-12 13:48:00,20306.5,20307.25,20305.5,20306.0,1860
2026-02-12 13:49:00,20306.0,20306.75,20306.0,20306.5,1722
2026-02-12 13:50:00,20306.5,20306.5,20306.25,20306.5,1974
2026-02-12 13:51:00,20306.5,20306.75,20306.0,20306.25,1541
2026-02-12 13:52:00,20306.25,20306.5,20304.75,20306.0,2871
2026-02-12 13:53:00,20306.0,20306.5,20305.5,20306.25,2105
2026-02-12 13:54:00,20306.25,20308.75,20306.0,20308.0,2180
2026-02-12 13:55:00,20308.0,20310.0,20307.5,20308.0,1848
2026-02-12 13:56:00,20308.0,20308.75,20307.0,20308.25,3852
2026-02-12 13:57:00,20308.25,20308.75,20308.0,20308.75,2691
2026-02-12 13:58:00,20308.75,20310.5,20308.25,20309.5,2504
2026-02-12 13:59:00,20309.5,20310.0,20305.75,20309.25,1545
2026-02-12 14:00:00,20309.25,20311.5,20307.75,20308.25,2866
2026-02-12 14:01:00,20308.25,20308.75,20306.5,20308.5,3063
2026-02-12 14:02:00,20308.5,20309.75,20307.75,20307.75,2493
2026-02-12 14:03:00,20307.75,20309.5,20306.75,20307.75,2701
2026-02-12 14:04:00,20307.75,20309.75,20306.75,20307.25,3535
2026-02-12 14:05:00,20307.25,20307.25,20306.5,20306.5,3603
2026-02-12 14:06:00,20306.5,20307.0,20304.75,20306.0,3882
2026-02-12 14:07:00,20306.0,20306.0,20303.5,20305.25,3568
2026-02-12 14:08:00,20305.25,20308.0,20304.75,20306.75,2834
2026-02-12 14:09:00,20306.75,20306.75,20306.25,20306.75,3622
2026-02-12 14:10:00,20306.75,20307.0,20306.5,20306.5,1951
2026-02-12 14:11:00,20306.5,20307.0,20304.0,20305.25,3284
2026-02-12 14:12:00,20305.25,20305.75,20305.25,20305.25,2895
2026-02-12 14:13:00,20305.25,20306.25,20304.25,20305.25,1976
2026-02-12 14:14:00,20305.25,20306.25,20303.75,20304.5,1836
2026-02-12 14:15:00,20304.5,20304.75,20302.25,20303.75,3924
2026-02-12 14:16:00,20303.75,20304.0,20303.75,20303.75,2682
2026-02-12 14:17:00,20303.75,20305.0,20303.5,20304.25,3909
2026-02-12 14:18:00,20304.25,20304.5,20300.75,20303.0,1676
2026-02-12 14:19:00,20303.0,20304.0,20302.75,20303.5,2639
2026-02-12 14:20:00,20303.5,20303.75,20301.75,20301.75,3041
2026-02-12 14:21:00,20301.75,20302.0,20300.5,20301.5,3834
2026-02-12 14:22:00,20301.5,20302.5,20300.0,20300.75,2674
2026-02-12 14:23:00,20300.75,20301.5,20300.0,20301.5,3199
2026-02-12 14:24:00,20301.5,20301.75,20300.0,20300.5,3089
2026-02-12 14:25:00,20300.5,20300.75,20299.0,20299.0,1721
2026-02-12 14:26:00,20299.0,20300.25,20296.5,20300.0,2389
2026-02-12 14:27:00,20300.0,20300.5,20297.75,20299.25,2543
2026-02-12 14:28:00,20299.25,20301.75,20297.75,20301.5,2038
2026-02-12 14:29:00,20301.5,20301.5,20299.0,20300.25,2186
2026-02-12 14:30:00,20300.25,20301.0,20299.75,20299.75,3631
2026-02-12 14:31:00,20299.75,20300.75,20298.5,20298.75,3383
2026-02-12 14:32:00,20298.75,20299.25,20296.5,20298.5,2092
2026-02-12 14:33:00,20298.5,20299.0,20293.75,20298.0,3810
2026-02-12 14:34:00,20298.0,20298.75,20295.75,20298.0,3504
2026-02-12 14:35:00,20298.0,20299.25,20296.5,20297.25,3689
2026-02-12 14:36:00,20297.25,20297.5,20296.75,20296.75,2601
2026-02-12 14:37:00,20296.75,20299.5,20295.75,20298.75,3132
2026-02-12 14:38:00,20298.75,20299.25,20296.0,20298.0,2767
2026-02-12 14:39:00,20298.0,20299.75,20296.5,20296.75,1574
2026-02-12 14:40:00,20296.75,20298.25,20292.5,20297.0,1746
2026-02-12 14:41:00,20297.0,20297.25,20295.0,20296.5,3395
2026-02-12 14:42:00,20296.5,20300.0,20296.25,20298.25,1477
2026-02-12 14:43:00,20298.25,20298.25,20298.0,20298.25,3623
2026-02-12 14:44:00,20298.25,20299.0,20297.5,20299.0,1636
2026-02-12 14:45:00,20299.0,20301.0,20297.75,20298.25,3114
2026-02-12 14:46:00,20298.25,20299.75,20298.25,20298.75,2379
2026-02-12 14:47:00,20298.75,20300.25,20298.75,20300.0,3051
2026-02-12 14:48:00,20300.0,20300.25,20298.0,20298.5,3845
2026-02-12 14:49:00,20298.5,20300.0,20298.5,20299.0,2945
2026-02-12 14:50:00,20299.0,20299.75,20298.5,20298.75,3131
2026-02-12 14:51:00,20298.75,20301.75,20298.5,20301.75,3082
2026-02-12 14:52:00,20301.75,20304.5,20301.75,20302.0,2968
2026-02-12 14:53:00,20302.0,20302.0,20296.5,20299.25,2023
2026-02-12 14:54:00,20299.25,20300.0,20298.0,20299.25,2526
2026-02-12 14:55:00,20299.25,20301.5,20299.0,20300.75,1690
2026-02-12 14:56:00,20300.75,20301.5,20299.75,20301.25,2586
2026-02-12 14:57:00,20301.25,20301.25,20300.5,20300.5,3717
2026-02-12 14:58:00,20300.5,20301.25,20297.75,20300.75,2952
2026-02-12 14:59:00,20300.75,20301.25,20299.75,20300.5,3161
2026-02-12 15:00:00,20300.5,20302.75,20300.0,20301.75,3318
2026-02-12 15:01:00,20301.75,20304.0,20300.5,20302.0,1917
2026-02-12 15:02:00,20302.0,20302.0,20300.0,20301.5,2395
2026-02-12 15:03:00,20301.5,20301.5,20301.25,20301.5,3224
2026-02-12 15:04:00,20301.5,20302.5,20301.0,20301.0,3924
2026-02-12 15:05:00,20301.0,20301.75,20300.0,20301.25,1989
2026-02-12 15:06:00,20301.25,20302.75,20300.5,20302.75,3438
2026-02-12 15:07:00,20302.75,20303.5,20301.5,20303.0,2147
2026-02-12 15:08:00,20303.0,20304.25,20302.25,20303.75,2694
2026-02-12 15:09:00,20303.75,20306.0,20303.5,20304.25,3965
2026-02-12 15:10:00,20304.25,20305.0,20302.0,20303.25,2861
2026-02-12 15:11:00,20303.25,20305.0,20302.5,20302.75,1766
2026-02-12 15:12:00,20302.75,20303.5,20301.25,20302.0,3399
2026-02-12 15:13:00,20302.0,20303.75,20301.5,20303.75,3767
2026-02-12 15:14:00,20303.75,20304.25,20302.25,20302.5,3722
2026-02-12 15:15:00,20302.5,20303.5,20301.75,20303.25,1434
2026-02-12 15:16:00,20303.25,20303.25,20301.0,20302.5,3302
2026-02-12 15:17:00,20302.5,20303.25,20302.25,20302.25,2367
2026-02-12 15:18:00,20302.25,20303.25,20301.5,20303.0,3921
2026-02-12 15:19:00,20303.0,20304.5,20301.75,20303.0,2472
2026-02-12 15:20:00,20303.0,20304.75,20302.0,20304.75,1824
2026-02-12 15:21:00,20304.75,20307.25,20301.75,20303.25,1431
2026-02-12 15:22:00,20303.25,20304.25,20302.0,20302.25,1626
2026-02-12 15:23:00,20302.25,20302.5,20299.25,20300.75,3609
2026-02-12 15:24:00,20300.75,20301.0,20298.5,20300.5,3715
2026-02-12 15:25:00,20300.5,20300.5,20299.75,20300.5,2242
2026-02-12 15:26:00,20300.5,20301.0,20297.75,20298.5,3754
2026-02-12 15:27:00,20298.5,20300.75,20296.5,20296.75,2207
2026-02-12 15:28:00,20296.75,20297.5,20296.5,20297.25,2745
2026-02-12 15:29:00,20297.25,20298.25,20295.25,20297.75,3421
2026-02-12 15:30:00,20297.75,20299.75,20297.5,20299.0,5023
2026-02-12 15:31:00,20299.0,20299.25,20296.25,20296.5,6542
2026-02-12 15:32:00,20296.5,20296.5,20291.0,20294.5,7255
2026-02-12 15:33:00,20294.5,20295.0,20293.25,20293.5,3855
2026-02-12 15:34:00,20293.5,20294.75,20292.25,20293.75,7297
2026-02-12 15:35:00,20293.75,20294.0,20292.5,20293.0,5431
2026-02-12 15:36:00,20293.0,20294.75,20290.0,20291.5,6022
2026-02-12 15:37:00,20291.5,20292.75,20288.25,20290.0,4147
2026-02-12 15:38:00,20290.0,20290.0,20288.25,20288.75,4512
2026-02-12 15:39:00,20288.75,20293.0,20286.25,20288.25,5594
2026-02-12 15:40:00,20288.25,20288.5,20287.25,20287.5,5487
2026-02-12 15:41:00,20287.5,20288.75,20286.0,20287.5,6587
2026-02-12 15:42:00,20287.5,20290.25,20286.5,20289.25,7661
2026-02-12 15:43:00,20289.25,20296.0,20288.75,20291.0,4439
2026-02-12 15:44:00,20291.0,20295.0,20289.75,20290.25,4213
2026-02-12 15:45:00,20290.25,20290.5,20287.5,20288.75,5632
2026-02-12 15:46:00,20288.75,20289.5,20288.25,20288.25,6280
2026-02-12 15:47:00,20288.25,20291.5,20286.25,20289.0,7162
2026-02-12 15:48:00,20289.0,20294.0,20288.25,20293.25,5259
2026-02-12 15:49:00,20293.25,20293.5,20289.75,20291.75,6930
2026-02-12 15:50:00,20291.75,20293.5,20290.0,20293.25,6705
2026-02-12 15:51:00,20293.25,20293.5,20292.0,20292.5,4480
2026-02-12 15:52:00,20292.5,20292.75,20290.5,20291.75,3592
2026-02-12 15:53:00,20291.75,20293.5,20288.75,20290.25,3640
2026-02-12 15:54:00,20290.25,20292.5,20287.75,20288.5,3816
2026-02-12 15:55:00,20288.5,20290.0,20287.75,20289.75,7636
2026-02-12 15:56:00,20289.75,20290.0,20283.5,20287.25,8473
2026-02-12 15:57:00,20287.25,20291.25,20283.5,20288.75,6490
2026-02-12 15:58:00,20288.75,20291.75,20287.25,20287.75,5336
2026-02-12 15:59:00,20287.75,20288.5,20285.75,20286.75,6809
2026-02-13 09:30:00,20286.75,20293.5,20284.5,20288.0,5297
2026-02-13 09:31:00,20288.0,20288.5,20283.75,20288.25,6986
2026-02-13 09:32:00,20288.25,20293.5,20288.0,20293.25,3329
2026-02-13 09:33:00,20293.25,20294.5,20293.0,20294.0,7339
2026-02-13 09:34:00,20294.0,20296.25,20293.5,20294.5,6329
2026-02-13 09:35:00,20294.5,20295.0,20294.25,20294.25,5481
2026-02-13 09:36:00,20294.25,20294.25,20291.0,20293.75,4163
2026-02-13 09:37:00,20293.75,20294.0,20292.5,20292.75,5586
2026-02-13 09:38:00,20292.75,20296.5,20292.5,20295.0,7663
2026-02-13 09:39:00,20295.0,20297.0,20293.0,20293.25,6794
2026-02-13 09:40:00,20293.25,20295.25,20291.25,20292.25,3695
2026-02-13 09:41:00,20292.25,20293.5,20290.5,20290.75,7226
2026-02-13 09:42:00,20290.75,20291.75,20283.0,20289.75,7418
2026-02-13 09:43:00,20289.75,20293.75,20281.5,20288.75,7543
2026-02-13 09:44:00,20288.75,20292.25,20285.0,20286.0,5734
2026-02-13 09:45:00,20286.0,20287.25,20284.75,20287.25,7869
2026-02-13 09:46:00,20287.25,20290.0,20286.75,20287.0,5916
2026-02-13 09:47:00,20287.0,20291.75,20284.0,20291.25,7356
2026-02-13 09:48:00,20291.25,20292.0,20287.25,20290.25,3556
2026-02-13 09:49:00,20290.25,20291.75,20284.5,20285.5,6476
2026-02-13 09:50:00,20285.5,20288.5,20283.75,20283.75,5720
2026-02-13 09:51:00,20283.75,20284.75,20281.75,20282.0,8948
2026-02-13 09:52:00,20282.0,20283.25,20280.75,20281.25,3322
2026-02-13 09:53:00,20281.25,20284.25,20279.75,20280.25,7225
2026-02-13 09:54:00,20280.25,20281.5,20275.75,20277.0,5966
2026-02-13 09:55:00,20277.0,20282.0,20273.25,20274.25,5449
2026-02-13 09:56:00,20274.25,20277.75,20270.0,20275.25,7639
2026-02-13 09:57:00,20275.25,20275.25,20272.5,20272.75,6268
2026-02-13 09:58:00,20272.75,20274.0,20269.75,20269.75,8853
2026-02-13 09:59:00,20269.75,20275.75,20266.5,20272.75,8306
2026-02-13 10:00:00,20272.75,20273.75,20270.75,20271.25,2381
2026-02-13 10:01:00,20271.25,20271.25,20270.0,20271.25,2252
2026-02-13 10:02:00,20271.25,20271.5,20269.0,20270.0,2226
2026-02-13 10:03:00,20270.0,20271.5,20270.0,20270.75,4380
2026-02-13 10:04:00,20270.75,20272.25,20270.5,20272.0,4451
2026-02-13 10:05:00,20272.0,20273.5,20270.5,20271.0,4302
2026-02-13 10:06:00,20271.0,20272.0,20270.75,20272.0,4131
2026-02-13 10:07:00,20272.0,20274.0,20270.75,20273.5,3595
2026-02-13 10:08:00,20273.5,20273.75,20273.0,20273.25,3316
2026-02-13 10:09:00,20273.25,20273.25,20271.25,20272.5,2445
2026-02-13 10:10:00,20272.5,20273.75,20271.75,20272.75,3693
2026-02-13 10:11:00,20272.75,20273.75,20269.25,20271.25,2382
2026-02-13 10:12:00,20271.25,20273.5,20270.25,20273.5,1500
2026-02-13 10:13:00,20273.5,20275.25,20272.0,20274.5,2588
2026-02-13 10:14:00,20274.5,20276.25,20271.0,20272.25,4210
2026-02-13 10:15:00,20272.25,20274.25,20270.75,20273.0,3674
2026-02-13 10:16:00,20273.0,20276.0,20272.25,20272.5,2920
2026-02-13 10:17:00,20272.5,20272.75,20270.75,20271.5,1750
2026-02-13 10:18:00,20271.5,20273.5,20270.25,20271.25,3318
2026-02-13 10:19:00,20271.25,20273.5,20270.5,20272.5,2688
2026-02-13 10:20:00,20272.5,20273.5,20270.5,20271.25,2692
2026-02-13 10:21:00,20271.25,20274.25,20267.75,20271.0,3385
2026-02-13 10:22:00,20271.0,20274.75,20270.25,20273.0,2916
2026-02-13 10:23:00,20273.0,20273.25,20269.75,20272.25,3713
2026-02-13 10:24:00,20272.25,20273.0,20270.5,20271.0,4344
2026-02-13 10:25:00,20271.0,20274.0,20271.0,20271.75,3369
2026-02-13 10:26:00,20271.75,20272.0,20269.75,20269.75,2389
2026-02-13 10:27:00,20269.75,20272.75,20269.25,20272.5,3508
2026-02-13 10:28:00,20272.5,20273.75,20270.0,20272.0,1678
2026-02-13 10:29:00,20272.0,20274.5,20270.75,20272.5,3137
2026-02-13 10:30:00,20272.5,20272.5,20269.75,20271.75,3985
2026-02-13 10:31:00,20271.75,20271.75,20269.75,20270.5,2746
2026-02-13 10:32:00,20270.5,20271.75,20270.25,20271.25,3641
2026-02-13 10:33:00,20271.25,20272.5,20270.5,20272.0,3043
2026-02-13 10:34:00,20272.0,20272.75,20269.5,20271.75,1603
2026-02-13 10:35:00,20271.75,20274.25,20271.75,20274.25,2328
2026-02-13 10:36:00,20274.25,20277.5,20272.5,20276.5,1647
2026-02-13 10:37:00,20276.5,20277.75,20276.0,20277.5,4271
2026-02-13 10:38:00,20277.5,20279.75,20277.0,20277.25,3000
2026-02-13 10:39:00,20277.25,20278.25,20276.5,20278.0,2786
2026-02-13 10:40:00,20278.0,20280.25,20275.0,20276.25,3633
2026-02-13 10:41:00,20276.25,20280.75,20274.0,20278.5,2760
2026-02-13 10:42:00,20278.5,20279.0,20277.5,20277.75,4146
2026-02-13 10:43:00,20277.75,20279.25,20277.75,20278.25,3574
2026-02-13 10:44:00,20278.25,20278.5,20274.5,20277.5,1956
2026-02-13 10:45:00,20277.5,20277.75,20275.25,20275.75,2229
2026-02-13 10:46:00,20275.75,20276.5,20275.75,20276.0,3071
2026-02-13 10:47:00,20276.0,20276.75,20273.75,20275.75,2386
2026-02-13 10:48:00,20275.75,20276.25,20275.0,20275.25,2631
2026-02-13 10:49:00,20275.25,20277.75,20271.75,20275.25,1659
2026-02-13 10:50:00,20275.25,20275.75,20272.75,20275.5,1990
2026-02-13 10:51:00,20275.5,20275.75,20273.75,20274.5,1899
2026-02-13 10:52:00,20274.5,20277.75,20273.0,20273.0,2484
2026-02-13 10:53:00,20273.0,20275.0,20269.75,20270.5,2521
2026-02-13 10:54:00,20270.5,20270.75,20266.0,20269.25,2512
2026-02-13 10:55:00,20269.25,20270.5,20268.75,20270.5,3273
2026-02-13 10:56:00,20270.5,20271.5,20270.0,20271.0,1852
2026-02-13 10:57:00,20271.0,20273.0,20269.75,20271.5,2481
2026-02-13 10:58:00,20271.5,20271.75,20270.5,20271.0,4268
2026-02-13 10:59:00,20271.0,20271.25,20269.0,20271.25,4207
2026-02-13 11:00:00,20271.25,20271.5,20269.5,20271.25,2480
2026-02-13 11:01:00,20271.25,20273.0,20268.5,20270.5,3072
2026-02-13 11:02:00,20270.5,20274.25,20268.25,20271.5,2690
2026-02-13 11:03:00,20271.5,20272.25,20270.5,20271.5,2848
2026-02-13 11:04:00,20271.5,20271.5,20270.75,20271.0,2804
2026-02-13 11:05:00,20271.0,20272.5,20268.75,20269.0,3412
2026-02-13 11:06:00,20269.0,20269.25,20267.0,20269.0,1727
2026-02-13 11:07:00,20269.0,20270.5,20267.75,20270.25,1537
2026-02-13 11:08:00,20270.25,20273.5,20270.0,20272.25,2091
2026-02-13 11:09:00,20272.25,20272.5,20271.25,20271.25,3233
2026-02-13 11:10:00,20271.25,20271.25,20268.75,20268.75,2111
2026-02-13 11:11:00,20268.75,20268.75,20268.25,20268.75,3465
2026-02-13 11:12:00,20268.75,20269.0,20264.5,20268.0,3829
2026-02-13 11:13:00,20268.0,20269.0,20265.0,20268.5,2968
2026-02-13 11:14:00,20268.5,20270.25,20266.0,20266.25,2396
2026-02-13 11:15:00,20266.25,20266.5,20266.0,20266.25,1860
2026-02-13 11:16:00,20266.25,20267.25,20265.75,20266.75,2707
2026-02-13 11:17:00,20266.75,20270.25,20263.0,20264.0,4421
2026-02-13 11:18:00,20264.0,20264.0,20263.0,20263.75,2016
2026-02-13 11:19:00,20263.75,20265.0,20263.25,20263.5,3215
2026-02-13 11:20:00,20263.5,20264.25,20259.25,20261.75,4146
2026-02-13 11:21:00,20261.75,20262.0,20260.0,20260.25,4021
2026-02-13 11:22:00,20260.25,20262.0,20260.0,20261.25,2264
2026-02-13 11:23:00,20261.25,20263.0,20261.0,20262.5,4405
2026-02-13 11:24:00,20262.5,20263.0,20259.0,20260.0,2044
2026-02-13 11:25:00,20260.0,20260.75,20255.0,20260.25,3182
2026-02-13 11:26:00,20260.25,20263.75,20260.25,20262.5,2561
2026-02-13 11:27:00,20262.5,20263.25,20261.25,20263.25,2601
2026-02-13 11:28:00,20263.25,20264.75,20261.0,20262.5,3046
2026-02-13 11:29:00,20262.5,20264.0,20262.0,20262.25,2568
2026-02-13 11:30:00,20262.25,20263.25,20261.75,20262.75,1681
2026-02-13 11:31:00,20262.75,20263.0,20261.5,20261.75,1058
2026-02-13 11:32:00,20261.75,20262.0,20261.5,20261.5,1632
2026-02-13 11:33:00,20261.5,20262.75,20259.5,20260.25,1422
2026-02-13 11:34:00,20260.25,20260.5,20259.0,20259.75,1557
2026-02-13 11:35:00,20259.75,20261.5,20258.5,20259.5,754
2026-02-13 11:36:00,20259.5,20259.75,20259.0,20259.75,1570
2026-02-13 11:37:00,20259.75,20261.25,20259.5,20260.0,1536
2026-02-13 11:38:00,20260.0,20261.25,20260.0,20261.0,1195
2026-02-13 11:39:00,20261.0,20262.25,20259.75,20260.0,820
2026-02-13 11:40:00,20260.0,20261.0,20260.0,20261.0,692
2026-02-13 11:41:00,20261.0,20262.25,20260.5,20261.0,1009
2026-02-13 11:42:00,20261.0,20261.5,20259.75,20259.75,764
2026-02-13 11:43:00,20259.75,20260.75,20259.75,20260.25,760
2026-02-13 11:44:00,20260.25,20260.5,20259.5,20259.75,1682
2026-02-13 11:45:00,20259.75,20259.75,20258.5,20258.75,1186
2026-02-13 11:46:00,20258.75,20259.5,20258.5,20259.25,1579
2026-02-13 11:47:00,20259.25,20259.75,20258.75,20258.75,1491
2026-02-13 11:48:00,20258.75,20259.25,20258.25,20258.5,1406
2026-02-13 11:49:00,20258.5,20259.5,20258.0,20259.25,835
2026-02-13 11:50:00,20259.25,20259.5,20259.25,20259.5,1240
2026-02-13 11:51:00,20259.5,20260.0,20258.25,20260.0,1637
2026-02-13 11:52:00,20260.0,20260.75,20259.5,20260.75,859
2026-02-13 11:53:00,20260.75,20261.0,20259.5,20260.25,728
2026-02-13 11:54:00,20260.25,20260.5,20259.75,20259.75,1461
2026-02-13 11:55:00,20259.75,20261.0,20259.75,20260.75,1358
2026-02-13 11:56:00,20260.75,20261.5,20260.25,20260.75,1095
2026-02-13 11:57:00,20260.75,20261.75,20260.25,20261.5,1018
2026-02-13 11:58:00,20261.5,20261.75,20261.0,20261.75,1477
2026-02-13 11:59:00,20261.75,20262.75,20261.25,20262.5,1667
2026-02-13 12:00:00,20262.5,20262.5,20262.25,20262.5,1046
2026-02-13 12:01:00,20262.5,20263.25,20262.25,20263.0,1453
2026-02-13 12:02:00,20263.0,20263.0,20262.75,20263.0,1002
2026-02-13 12:03:00,20263.0,20263.75,20263.0,20263.5,1333
2026-02-13 12:04:00,20263.5,20264.0,20262.5,20264.0,700
2026-02-13 12:05:00,20264.0,20264.25,20262.75,20262.75,1731
2026-02-13 12:06:00,20262.75,20263.75,20262.5,20263.25,1463
2026-02-13 12:07:00,20263.25,20263.5,20263.25,20263.25,1144
2026-02-13 12:08:00,20263.25,20264.25,20263.0,20263.75,1711
2026-02-13 12:09:00,20263.75,20264.75,20263.5,20263.5,1615
2026-02-13 12:10:00,20263.5,20264.75,20263.25,20264.25,1770
2026-02-13 12:11:00,20264.25,20265.0,20264.25,20264.75,1325
2026-02-13 12:12:00,20264.75,20264.75,20263.0,20263.75,1179
2026-02-13 12:13:00,20263.75,20264.5,20263.75,20264.25,886
2026-02-13 12:14:00,20264.25,20265.25,20264.25,20265.25,890
2026-02-13 12:15:00,20265.25,20265.5,20264.5,20264.75,778
2026-02-13 12:16:00,20264.75,20265.0,20263.5,20264.5,1255
2026-02-13 12:17:00,20264.5,20265.25,20263.75,20265.25,1549
2026-02-13 12:18:00,20265.25,20265.5,20264.25,20264.5,705
2026-02-13 12:19:00,20264.5,20265.5,20264.5,20264.75,1388
2026-02-13 12:20:00,20264.75,20265.75,20263.25,20265.25,1137
2026-02-13 12:21:00,20265.25,20266.0,20264.75,20265.5,1388
2026-02-13 12:22:00,20265.5,20265.5,20265.0,20265.25,953
2026-02-13 12:23:00,20265.25,20266.75,20264.5,20266.0,663
2026-02-13 12:24:00,20266.0,20267.25,20266.0,20267.0,1019
2026-02-13 12:25:00,20267.0,20267.25,20266.5,20267.0,604
2026-02-13 12:26:00,20267.0,20268.75,20266.75,20267.5,1202
2026-02-13 12:27:00,20267.5,20268.25,20267.0,20267.5,1443
2026-02-13 12:28:00,20267.5,20267.5,20267.25,20267.5,890
2026-02-13 12:29:00,20267.5,20267.5,20267.5,20267.5,746
2026-02-13 12:30:00,20267.5,20267.75,20267.0,20267.25,1614
2026-02-13 12:31:00,20267.25,20268.0,20267.0,20267.75,662
2026-02-13 12:32:00,20267.75,20268.0,20267.25,20267.25,1715
2026-02-13 12:33:00,20267.25,20268.0,20267.25,20267.75,1582
2026-02-13 12:34:00,20267.75,20270.5,20267.75,20269.25,1472
2026-02-13 12:35:00,20269.25,20270.0,20269.0,20269.25,1417
2026-02-13 12:36:00,20269.25,20270.5,20268.25,20270.25,896
2026-02-13 12:37:00,20270.25,20270.25,20269.0,20269.5,746
2026-02-13 12:38:00,20269.5,20270.75,20269.5,20269.75,1748
2026-02-13 12:39:00,20269.75,20271.5,20269.0,20271.25,1015
2026-02-13 12:40:00,20271.25,20271.5,20269.5,20271.0,1357
2026-02-13 12:41:00,20271.0,20273.25,20271.0,20271.5,967
2026-02-13 12:42:00,20271.5,20271.5,20271.0,20271.25,1283
2026-02-13 12:43:00,20271.25,20271.5,20270.75,20271.0,650
2026-02-13 12:44:00,20271.0,20271.25,20270.0,20270.5,1399
2026-02-13 12:45:00,20270.5,20270.5,20270.0,20270.0,758
2026-02-13 12:46:00,20270.0,20270.0,20268.75,20269.5,1326
2026-02-13 12:47:00,20269.5,20271.5,20269.5,20270.25,881
2026-02-13 12:48:00,20270.25,20272.0,20269.5,20270.5,955
2026-02-13 12:49:00,20270.5,20271.0,20270.0,20270.5,1613
2026-02-13 12:50:00,20270.5,20271.0,20269.75,20270.25,604
2026-02-13 12:51:00,20270.25,20270.5,20270.25,20270.25,750
2026-02-13 12:52:00,20270.25,20270.25,20268.75,20269.25,903
2026-02-13 12:53:00,20269.25,20270.0,20269.0,20270.0,1176
2026-02-13 12:54:00,20270.0,20271.5,20269.5,20271.0,1765
2026-02-13 12:55:00,20271.0,20271.25,20270.75,20271.0,923
2026-02-13 12:56:00,20271.0,20271.0,20269.75,20269.75,635
2026-02-13 12:57:00,20269.75,20270.0,20268.75,20269.0,1260
2026-02-13 12:58:00,20269.0,20269.0,20268.0,20268.75,1623
2026-02-13 12:59:00,20268.75,20270.75,20268.75,20269.5,1594
2026-02-13 13:00:00,20269.5,20269.5,20268.0,20269.0,700
2026-02-13 13:01:00,20269.0,20270.0,20268.5,20270.0,1429
2026-02-13 13:02:00,20270.0,20270.75,20270.0,20270.5,1472
2026-02-13 13:03:00,20270.5,20272.25,20269.75,20270.75,1707
2026-02-13 13:04:00,20270.75,20271.25,20270.0,20270.0,1475
2026-02-13 13:05:00,20270.0,20270.0,20269.5,20270.0,1040
2026-02-13 13:06:00,20270.0,20270.5,20269.25,20269.5,1052
2026-02-13 13:07:00,20269.5,20270.25,20269.25,20270.0,831
2026-02-13 13:08:00,20270.0,20270.75,20269.5,20270.25,1037
2026-02-13 13:09:00,20270.25,20270.5,20269.5,20269.5,1606
2026-02-13 13:10:00,20269.5,20270.5,20268.75,20270.25,1634
2026-02-13 13:11:00,20270.25,20271.75,20270.25,20271.25,895
2026-02-13 13:12:00,20271.25,20271.5,20270.75,20271.25,1377
2026-02-13 13:13:00,20271.25,20272.25,20270.75,20272.0,938
2026-02-13 13:14:00,20272.0,20272.25,20271.5,20272.0,1267
2026-02-13 13:15:00,20272.0,20273.0,20272.0,20273.0,1727
2026-02-13 13:16:00,20273.0,20273.0,20272.75,20272.75,1069
2026-02-13 13:17:00,20272.75,20273.25,20271.5,20272.0,1085
2026-02-13 13:18:00,20272.0,20273.5,20271.25,20273.25,897
2026-02-13 13:19:00,20273.25,20275.5,20273.0,20274.0,1516
2026-02-13 13:20:00,20274.0,20274.0,20273.5,20273.75,800
2026-02-13 13:21:00,20273.75,20273.75,20273.0,20273.5,1538
2026-02-13 13:22:00,20273.5,20275.25,20273.25,20274.0,1203
2026-02-13 13:23:00,20274.0,20274.75,20273.25,20274.5,840
2026-02-13 13:24:00,20274.5,20274.5,20274.25,20274.25,1591
2026-02-13 13:25:00,20274.25,20275.0,20273.0,20274.75,1132
2026-02-13 13:26:00,20274.75,20276.75,20273.25,20275.25,1213
2026-02-13 13:27:00,20275.25,20276.75,20275.0,20275.25,889
2026-02-13 13:28:00,20275.25,20275.75,20273.75,20274.5,1149
2026-02-13 13:29:00,20274.5,20275.5,20273.25,20273.25,1174
2026-02-13 13:30:00,20273.25,20273.5,20272.25,20272.75,3378
2026-02-13 13:31:00,20272.75,20274.0,20272.0,20272.0,3770
2026-02-13 13:32:00,20272.0,20273.25,20271.25,20271.5,3001
2026-02-13 13:33:00,20271.5,20273.5,20270.75,20272.75,3801
2026-02-13 13:34:00,20272.75,20273.0,20272.25,20273.0,2557
2026-02-13 13:35:00,20273.0,20273.75,20270.5,20271.25,3474
2026-02-13 13:36:00,20271.25,20274.25,20270.75,20272.75,2455
2026-02-13 13:37:00,20272.75,20273.25,20271.75,20272.5,2654
2026-02-13 13:38:00,20272.5,20273.0,20272.0,20272.25,3252
2026-02-13 13:39:00,20272.25,20276.25,20271.75,20273.0,3495
2026-02-13 13:40:00,20273.0,20275.0,20270.25,20270.75,1480
2026-02-13 13:41:00,20270.75,20271.25,20268.5,20270.25,2567
2026-02-13 13:42:00,20270.25,20272.5,20270.25,20271.25,2482
2026-02-13 13:43:00,20271.25,20274.5,20268.5,20270.5,3512
2026-02-13 13:44:00,20270.5,20274.0,20269.75,20272.25,3266
2026-02-13 13:45:00,20272.25,20272.75,20271.0,20271.75,3794
2026-02-13 13:46:00,20271.75,20273.75,20268.0,20271.5,2171
2026-02-13 13:47:00,20271.5,20275.0,20271.0,20273.75,2673
2026-02-13 13:48:00,20273.75,20277.25,20272.0,20274.5,1762
2026-02-13 13:49:00,20274.5,20275.5,20274.5,20275.0,2321
2026-02-13 13:50:00,20275.0,20276.5,20274.75,20275.75,3393
2026-02-13 13:51:00,20275.75,20277.25,20274.75,20276.75,3368
2026-02-13 13:52:00,20276.75,20279.5,20276.75,20278.5,1921
2026-02-13 13:53:00,20278.5,20279.25,20276.75,20277.0,2006
2026-02-13 13:54:00,20277.0,20278.5,20276.75,20277.25,1440
2026-02-13 13:55:00,20277.25,20279.25,20277.0,20279.0,1521
2026-02-13 13:56:00,20279.0,20279.0,20278.0,20279.0,3134
2026-02-13 13:57:00,20279.0,20280.25,20277.25,20280.0,2416
2026-02-13 13:58:00,20280.0,20280.0,20278.5,20279.5,3673
2026-02-13 13:59:00,20279.5,20279.75,20276.5,20277.25,3400
2026-02-13 14:00:00,20277.25,20277.25,20275.5,20276.5,3311
2026-02-13 14:01:00,20276.5,20276.75,20275.5,20275.75,2827
2026-02-13 14:02:00,20275.75,20276.75,20275.25,20275.75,2585
2026-02-13 14:03:00,20275.75,20278.0,20275.5,20277.25,1531
2026-02-13 14:04:00,20277.25,20277.5,20277.0,20277.5,1402
2026-02-13 14:05:00,20277.5,20278.75,20276.75,20277.0,2188
2026-02-13 14:06:00,20277.0,20277.0,20273.75,20274.5,3742
2026-02-13 14:07:00,20274.5,20276.5,20274.0,20275.75,1732
2026-02-13 14:08:00,20275.75,20276.75,20274.75,20276.5,2607
2026-02-13 14:09:00,20276.5,20276.5,20276.0,20276.0,2928
2026-02-13 14:10:00,20276.0,20281.5,20275.25,20277.0,2458
2026-02-13 14:11:00,20277.0,20277.75,20276.5,20276.75,2757
2026-02-13 14:12:00,20276.75,20277.25,20275.75,20275.75,2704
2026-02-13 14:13:00,20275.75,20275.75,20273.5,20274.0,3928
2026-02-13 14:14:00,20274.0,20276.0,20271.25,20275.25,1908
2026-02-13 14:15:00,20275.25,20275.25,20275.0,20275.0,3378
2026-02-13 14:16:00,20275.0,20276.0,20274.75,20275.75,2936
2026-02-13 14:17:00,20275.75,20277.5,20275.5,20277.0,3479
2026-02-13 14:18:00,20277.0,20278.0,20276.25,20276.5,2215
2026-02-13 14:19:00,20276.5,20278.25,20275.5,20278.0,1543
2026-02-13 14:20:00,20278.0,20278.25,20277.5,20278.0,2112
2026-02-13 14:21:00,20278.0,20278.0,20277.25,20278.0,3202
2026-02-13 14:22:00,20278.0,20279.0,20276.75,20278.25,1650
2026-02-13 14:23:00,20278.25,20281.25,20278.0,20279.5,3562
2026-02-13 14:24:00,20279.5,20284.0,20278.5,20281.25,2563
2026-02-13 14:25:00,20281.25,20282.0,20280.75,20281.25,3121
2026-02-13 14:26:00,20281.25,20281.5,20281.25,20281.25,1527
2026-02-13 14:27:00,20281.25,20282.0,20281.0,20281.5,2313
2026-02-13 14:28:00,20281.5,20286.25,20281.5,20282.0,2179
2026-02-13 14:29:00,20282.0,20283.25,20281.5,20283.0,2815
2026-02-13 14:30:00,20283.0,20285.25,20282.25,20284.0,3310
2026-02-13 14:31:00,20284.0,20284.5,20281.5,20282.25,2454
2026-02-13 14:32:00,20282.25,20282.5,20280.25,20280.25,2575
2026-02-13 14:33:00,20280.25,20280.5,20278.5,20279.0,2342
2026-02-13 14:34:00,20279.0,20280.5,20276.5,20277.5,1541
2026-02-13 14:35:00,20277.5,20280.0,20277.25,20279.5,1959
2026-02-13 14:36:00,20279.5,20281.0,20279.25,20280.75,1958
2026-02-13 14:37:00,20280.75,20282.25,20280.5,20282.25,2306
2026-02-13 14:38:00,20282.25,20284.75,20282.25,20283.0,1873
2026-02-13 14:39:00,20283.0,20284.5,20281.5,20284.0,3698
2026-02-13 14:40:00,20284.0,20284.25,20282.75,20283.0,3760
2026-02-13 14:41:00,20283.0,20284.0,20282.5,20283.25,3510
2026-02-13 14:42:00,20283.25,20286.0,20283.0,20283.0,2108
2026-02-13 14:43:00,20283.0,20283.5,20282.0,20282.0,1806
2026-02-13 14:44:00,20282.0,20284.25,20281.5,20281.75,3940
2026-02-13 14:45:00,20281.75,20285.75,20280.75,20283.0,2605
2026-02-13 14:46:00,20283.0,20283.5,20281.5,20282.25,1428
2026-02-13 14:47:00,20282.25,20283.75,20281.0,20282.25,2407
2026-02-13 14:48:00,20282.25,20284.5,20281.75,20284.0,2032
2026-02-13 14:49:00,20284.0,20284.75,20284.0,20284.75,3034
2026-02-13 14:50:00,20284.75,20284.75,20282.75,20283.5,3215
2026-02-13 14:51:00,20283.5,20284.0,20282.5,20283.25,3832
2026-02-13 14:52:00,20283.25,20284.25,20281.0,20282.75,2816
2026-02-13 14:53:00,20282.75,20283.25,20282.5,20283.0,2054
2026-02-13 14:54:00,20283.0,20284.5,20282.0,20282.25,2500
2026-02-13 14:55:00,20282.25,20282.75,20281.0,20282.5,3982
2026-02-13 14:56:00,20282.5,20282.75,20281.75,20282.0,3604
2026-02-13 14:57:00,20282.0,20284.75,20281.75,20282.5,3378
2026-02-13 14:58:00,20282.5,20283.0,20281.0,20281.75,2405
2026-02-13 14:59:00,20281.75,20281.75,20279.5,20281.0,1798
2026-02-13 15:00:00,20281.0,20281.75,20280.0,20281.25,1524
2026-02-13 15:01:00,20281.25,20282.25,20281.0,20281.0,2386
2026-02-13 15:02:00,20281.0,20281.5,20279.0,20280.0,1473
2026-02-13 15:03:00,20280.0,20283.75,20280.0,20282.75,3655
2026-02-13 15:04:00,20282.75,20283.0,20281.25,20281.5,1954
2026-02-13 15:05:00,20281.5,20284.75,20280.5,20281.0,3929
2026-02-13 15:06:00,20281.0,20281.0,20280.0,20280.5,1504
2026-02-13 15:07:00,20280.5,20282.25,20279.75,20282.25,2701
2026-02-13 15:08:00,20282.25,20284.5,20281.25,20283.5,2085
2026-02-13 15:09:00,20283.5,20283.75,20282.5,20283.0,2091
2026-02-13 15:10:00,20283.0,20285.0,20282.5,20284.0,3873
2026-02-13 15:11:00,20284.0,20285.0,20282.0,20283.0,3145
2026-02-13 15:12:00,20283.0,20283.5,20280.75,20281.0,3394
2026-02-13 15:13:00,20281.0,20282.25,20281.0,20281.75,2054
2026-02-13 15:14:00,20281.75,20283.75,20281.25,20281.25,2346
2026-02-13 15:15:00,20281.25,20282.75,20280.75,20281.5,2567
2026-02-13 15:16:00,20281.5,20281.75,20281.0,20281.5,1708
2026-02-13 15:17:00,20281.5,20281.75,20281.25,20281.75,3421
2026-02-13 15:18:00,20281.75,20282.75,20280.75,20281.5,2431
2026-02-13 15:19:00,20281.5,20284.25,20281.0,20283.5,2851
2026-02-13 15:20:00,20283.5,20285.75,20282.75,20284.25,2916
2026-02-13 15:21:00,20284.25,20285.5,20281.5,20282.5,1608
2026-02-13 15:22:00,20282.5,20282.75,20281.0,20282.25,3113
2026-02-13 15:23:00,20282.25,20282.75,20281.5,20281.5,3005
2026-02-13 15:24:00,20281.5,20282.0,20280.0,20280.0,3618
2026-02-13 15:25:00,20280.0,20282.0,20280.0,20281.5,2368
2026-02-13 15:26:00,20281.5,20281.75,20280.5,20281.0,1791
2026-02-13 15:27:00,20281.0,20281.75,20280.25,20281.5,1655
2026-02-13 15:28:00,20281.5,20283.5,20281.25,20281.5,3379
2026-02-13 15:29:00,20281.5,20283.5,20280.25,20282.25,1831
2026-02-13 15:30:00,20282.25,20282.5,20281.0,20281.25,5004
2026-02-13 15:31:00,20281.25,20286.25,20280.5,20281.0,6418
2026-02-13 15:32:00,20281.0,20283.75,20280.0,20280.0,3556
2026-02-13 15:33:00,20280.0,20281.0,20275.0,20276.5,5567
2026-02-13 15:34:00,20276.5,20281.0,20275.75,20277.25,7848
2026-02-13 15:35:00,20277.25,20281.25,20277.0,20278.5,4419
2026-02-13 15:36:00,20278.5,20280.75,20276.75,20279.25,5105
2026-02-13 15:37:00,20279.25,20279.75,20279.0,20279.0,8291
2026-02-13 15:38:00,20279.0,20279.25,20275.75,20278.5,3551
2026-02-13 15:39:00,20278.5,20283.25,20276.0,20282.25,5269
2026-02-13 15:40:00,20282.25,20282.5,20278.0,20278.5,6573
2026-02-13 15:41:00,20278.5,20278.5,20276.75,20277.75,6154
2026-02-13 15:42:00,20277.75,20280.75,20277.0,20279.75,7076
2026-02-13 15:43:00,20279.75,20280.0,20278.0,20279.0,7514
2026-02-13 15:44:00,20279.0,20279.0,20278.0,20278.75,3756
2026-02-13 15:45:00,20278.75,20279.0,20274.25,20276.25,6889
2026-02-13 15:46:00,20276.25,20277.0,20273.25,20274.25,6407
2026-02-13 15:47:00,20274.25,20276.0,20273.75,20274.0,8432
2026-02-13 15:48:00,20274.0,20275.75,20273.5,20274.5,6328
2026-02-13 15:49:00,20274.5,20276.5,20271.25,20271.5,6949
2026-02-13 15:50:00,20271.5,20271.5,20270.25,20271.0,6849
2026-02-13 15:51:00,20271.0,20272.75,20267.25,20271.75,4425
2026-02-13 15:52:00,20271.75,20272.25,20269.25,20270.0,7708
2026-02-13 15:53:00,20270.0,20275.0,20266.0,20271.0,5647
2026-02-13 15:54:00,20271.0,20272.75,20269.75,20272.25,6713
2026-02-13 15:55:00,20272.25,20273.75,20270.75,20271.25,4158
2026-02-13 15:56:00,20271.25,20271.5,20268.0,20270.75,3801
2026-02-13 15:57:00,20270.75,20272.25,20267.75,20271.25,5700
2026-02-13 15:58:00,20271.25,20272.25,20271.0,20271.5,5928
2026-02-13 15:59:00,20271.5,20271.75,20271.25,20271.5,6018
